🔌 بدون پروکسی
✅ یوزر کلاینت متصل شد
✅ ربات متصل شد
👤 Owner: 𝙼𝚘𝚛𝚝𝚎𝚣𝚊 (8007222105)
🤖 Bot: @musictak_bot
⚡ اکشن شروع شد: -1002629648248 → بازی
⚡ 1 اکشن از تنظیمات قبلی شروع شد
⏰ ساعت از تنظیمات قبلی روشن شد

==================================================
🚀 سلف‌بات آماده به کار است!
📝 برای پنل: 'پنل' بنویسید
📖 برای راهنما: 'راهنما' بنویسید
🤖 Bot: @musictak_bot
==================================================

🕐 ساعت روشن شد
⏰ Last Name: ⌥ 𝟭𝟳:𝟯𝟲
⏰ Last Name: ⌥ 𝟭𝟳:𝟯𝟳
⏰ Last Name: ⌥ 𝟭𝟳:𝟯𝟴
⏰ Last Name: ⌥ 𝟭𝟳:𝟯𝟵
⏰ Last Name: ⌥ 𝟭𝟳:𝟰𝟬
⏰ Last Name: ⌥ 𝟭𝟳:𝟰𝟭
⏰ Last Name: ⌥ 𝟭𝟳:𝟰𝟮
⏰ Last Name: ⌥ 𝟭𝟳:𝟰𝟯
⏰ Last Name: ⌥ 𝟭𝟳:𝟰𝟰
⏰ Last Name: ⌥ 𝟭𝟳:𝟰𝟱
⏰ Last Name: ⌥ 𝟭𝟳:𝟰𝟲
⏰ Last Name: ⌥ 𝟭𝟳:𝟰𝟳
⏰ Last Name: ⌥ 𝟭𝟳:𝟰𝟴
⏰ Last Name: ⌥ 𝟭𝟳:𝟰𝟵
⏰ Last Name: ⌥ 𝟭𝟳:𝟱𝟬
⏰ Last Name: ⌥ 𝟭𝟳:𝟱𝟭
⏰ Last Name: ⌥ 𝟭𝟳:𝟱𝟮
⏰ Last Name: ⌥ 𝟭𝟳:𝟱𝟯
⏰ Last Name: ⌥ 𝟭𝟳:𝟱𝟰
⏰ Last Name: ⌥ 𝟭𝟳:𝟱𝟱
⏰ Last Name: ⌥ 𝟭𝟳:𝟱𝟲
⏰ Last Name: ⌥ 𝟭𝟳:𝟱𝟳
⏰ Last Name: ⌥ 𝟭𝟳:𝟱𝟴
⏰ Last Name: ⌥ 𝟭𝟳:𝟱𝟵
⏰ Last Name: ⌥ 𝟭𝟴:𝟬𝟬
⏰ Last Name: ⌥ 𝟭𝟴:𝟬𝟭
⏰ Last Name: ⌥ 𝟭𝟴:𝟬𝟮
⏰ Last Name: ⌥ 𝟭𝟴:𝟬𝟯
⏰ Last Name: ⌥ 𝟭𝟴:𝟬𝟰
⏰ Last Name: ⌥ 𝟭𝟴:𝟬𝟱
⏰ Last Name: ⌥ 𝟭𝟴:𝟬𝟲
⏰ Last Name: ⌥ 𝟭𝟴:𝟬𝟳
⏰ Last Name: ⌥ 𝟭𝟴:𝟬𝟴
⏰ Last Name: ⌥ 𝟭𝟴:𝟬𝟵
⏰ Last Name: ⌥ 𝟭𝟴:𝟭𝟬
⏰ Last Name: ⌥ 𝟭𝟴:𝟭𝟭
⏰ Last Name: ⌥ 𝟭𝟴:𝟭𝟮
⏰ Last Name: ⌥ 𝟭𝟴:𝟭𝟯
⏰ Last Name: ⌥ 𝟭𝟴:𝟭𝟰
⏰ Last Name: ⌥ 𝟭𝟴:𝟭𝟱
⏰ Last Name: ⌥ 𝟭𝟴:𝟭𝟲
⏰ Last Name: ⌥ 𝟭𝟴:𝟭𝟳
⏰ Last Name: ⌥ 𝟭𝟴:𝟭𝟴
⏰ Last Name: ⌥ 𝟭𝟴:𝟭𝟵
⏰ Last Name: ⌥ 𝟭𝟴:𝟮𝟬
⏰ Last Name: ⌥ 𝟭𝟴:𝟮𝟭
⏰ Last Name: ⌥ 𝟭𝟴:𝟮𝟮
⏰ Last Name: ⌥ 𝟭𝟴:𝟮𝟯
⏰ Last Name: ⌥ 𝟭𝟴:𝟮𝟰
⏰ Last Name: ⌥ 𝟭𝟴:𝟮𝟱
⏰ Last Name: ⌥ 𝟭𝟴:𝟮𝟲
⏰ Last Name: ⌥ 𝟭𝟴:𝟮𝟳
⏰ Last Name: ⌥ 𝟭𝟴:𝟮𝟴
⏰ Last Name: ⌥ 𝟭𝟴:𝟮𝟵
⏰ Last Name: ⌥ 𝟭𝟴:𝟯𝟬
⏰ Last Name: ⌥ 𝟭𝟴:𝟯𝟭
⏰ Last Name: ⌥ 𝟭𝟴:𝟯𝟮
⚡ اکشن متوقف شد: -1002629648248
⚡ اکشن شروع شد: -1002629648248 → ویس
⏰ Last Name: ⌥ 𝟭𝟴:𝟯𝟯
💜 Auto React [user:8944291576]: 🍌
⏰ Last Name: ⌥ 𝟭𝟴:𝟯𝟰
💜 Auto React [user:8944291576]: 🍌
⏰ Last Name: ⌥ 𝟭𝟴:𝟯𝟱
🎨 اعمال افکت‌های ['bold_italic', 'strike', 'underline'] روی: امتحان میکنیم
✅ افکت اعمال شد
💜 Auto React [user:8944291576]: 🍌
🎨 اعمال افکت‌های ['bold_italic', 'strike', 'underline'] روی: 🛡 پنل مدیریت پیشرفته

بخش مورد نظر را انتخاب کنید:
⚠️ خطا در ویرایش: The action must be performed through an inline bot callback (caused by EditMessageRequest)
⏰ Last Name: ⌥ 𝟭𝟴:𝟯𝟲
🎨 اعمال افکت‌های ['bold_italic', 'spoiler'] روی: جیکتیر
✅ افکت اعمال شد
⏰ Last Name: ⌥ 𝟭𝟴:𝟯𝟳
⏰ Last Name: ⌥ 𝟭𝟴:𝟯𝟴
⏰ Last Name: ⌥ 𝟭𝟴:𝟯𝟵
⏰ Last Name: ⌥ 𝟭𝟴:𝟰𝟬
🎨 اعمال افکت‌های ['bold_italic'] روی: دقیق تر بگو
✅ افکت اعمال شد
🎨 اعمال افکت‌های ['bold_italic'] روی: نه نیست
✅ افکت اعمال شد
⏰ Last Name: ⌥ 𝟭𝟴:𝟰𝟭
⏰ Last Name: ⌥ 𝟭𝟴:𝟰𝟮
⏰ Last Name: ⌥ 𝟭𝟴:𝟰𝟯
⏰ Last Name: ⌥ 𝟭𝟴:𝟰𝟰
⏰ Last Name: ⌥ 𝟭𝟴:𝟰𝟱
💜 Auto React [user:6958501715]: ❤️
💜 Auto React [user:6958501715]: ❤️
💜 Auto React [user:6958501715]: ❤️
💜 Auto React [user:6958501715]: ❤️
⏰ Last Name: ⌥ 𝟭𝟴:𝟰𝟲
⏰ Last Name: ⌥ 𝟭𝟴:𝟰𝟳
🎨 اعمال افکت‌های ['bold_italic'] روی: ایتا چه خبره
✅ افکت اعمال شد
⏰ Last Name: ⌥ 𝟭𝟴:𝟰𝟴
🎨 اعمال افکت‌های ['bold_italic'] روی: نه والا
✅ افکت اعمال شد
🎨 اعمال افکت‌های ['bold_italic'] روی: عکسی که فرستادی ایتا توش دیدم از تو میپرسم
✅ افکت اعمال شد
⏰ Last Name: ⌥ 𝟭𝟴:𝟰𝟵
🎨 اعمال افکت‌های ['bold_italic'] روی: میگم ایتا چیکار میکنی خب
✅ افکت اعمال شد
🎨 اعمال افکت‌های ['bold_italic'] روی: ای آدم زرنگ
✅ افکت اعمال شد
⏰ Last Name: ⌥ 𝟭𝟴:𝟱𝟬
🎨 اعمال افکت‌های ['bold_italic'] روی: کلاس زبان چه کصشریه
✅ افکت اعمال شد
⏰ Last Name: ⌥ 𝟭𝟴:𝟱𝟭
🎨 اعمال افکت‌های ['bold_italic'] روی: فقط گوگل ترنسلیت
✅ افکت اعمال شد
🎨 اعمال افکت‌های ['bold_italic'] روی: بیکار
✅ افکت اعمال شد
🎨 اعمال افکت‌های ['bold_italic'] روی: #ch
✅ افکت اعمال شد
🎨 اعمال افکت‌های ['bold_italic'] روی: رای اول بهار
✅ افکت اعمال شد
⏰ Last Name: ⌥ 𝟭𝟴:𝟱𝟮
🎨 اعمال افکت‌های ['bold_italic'] روی: بیاید پیوی مکمل ها
✅ افکت اعمال شد
⏰ Last Name: ⌥ 𝟭𝟴:𝟱𝟯
🎨 اعمال افکت‌های ['bold_italic'] روی: ناظر
پیشگو
✅ افکت اعمال شد
🎨 اعمال افکت‌های ['bold_italic'] روی: بگو کیو گور دادی یه لیست داشته باش
✅ افکت اعمال شد
🎨 اعمال افکت‌های ['bold_italic'] روی: دیدی
✅ افکت اعمال شد
⏰ Last Name: ⌥ 𝟭𝟴:𝟱𝟰
🎨 اعمال افکت‌های ['bold_italic'] روی: نقشه
✅ افکت اعمال شد
🎨 اعمال افکت‌های ['bold_italic'] روی: رای اول ابول
✅ افکت اعمال شد
🎨 اعمال افکت‌های ['bold_italic'] روی: /ski abolfzl🎩
✅ افکت اعمال شد
⏰ Last Name: ⌥ 𝟭𝟴:𝟱𝟱
🎨 اعمال افکت‌های ['bold_italic'] روی: شب بعد بزن
✅ افکت اعمال شد
🎨 اعمال افکت‌های ['bold_italic'] روی: نقشه
✅ افکت اعمال شد
⏰ Last Name: ⌥ 𝟭𝟴:𝟱𝟲
⏰ Last Name: ⌥ 𝟭𝟴:𝟱𝟳
🎨 اعمال افکت‌های ['bold_italic'] روی: خواب کی بودی
✅ افکت اعمال شد
🎨 اعمال افکت‌های ['bold_italic'] روی: آها ، پس آهن بزن
✅ افکت اعمال شد
⏰ Last Name: ⌥ 𝟭𝟴:𝟱𝟴
🎨 اعمال افکت‌های ['bold_italic'] روی: عه قاتل داشتیم
✅ افکت اعمال شد
🎨 اعمال افکت‌های ['bold_italic'] روی: نمیدونستم قاتل داشتیم
✅ افکت اعمال شد
⏰ Last Name: ⌥ 𝟭𝟴:𝟱𝟵
⏰ Last Name: ⌥ 𝟭𝟵:𝟬𝟬
⏰ Last Name: ⌥ 𝟭𝟵:𝟬𝟭
🎨 اعمال افکت‌های ['bold_italic'] روی: قاتله
✅ افکت اعمال شد
⏰ Last Name: ⌥ 𝟭𝟵:𝟬𝟮
⏰ Last Name: ⌥ 𝟭𝟵:𝟬𝟯
🎨 اعمال افکت‌های ['bold_italic'] روی: نگفتم بهتون علی بلک آهن نزد اعدامش کنید
✅ افکت اعمال شد
⏰ Last Name: ⌥ 𝟭𝟵:𝟬𝟰
⏰ Last Name: ⌥ 𝟭𝟵:𝟬𝟱
⏰ Last Name: ⌥ 𝟭𝟵:𝟬𝟲
⏰ Last Name: ⌥ 𝟭𝟵:𝟬𝟳
🎨 اعمال افکت‌های ['bold_italic'] روی: چه بازی
✅ افکت اعمال شد
🎨 اعمال افکت‌های ['bold_italic'] روی: آها بای
✅ افکت اعمال شد
⏰ Last Name: ⌥ 𝟭𝟵:𝟬𝟴
⏰ Last Name: ⌥ 𝟭𝟵:𝟬𝟵
🎨 اعمال افکت‌های ['bold_italic'] روی: هشتگ بزن هستم
✅ افکت اعمال شد
🎨 اعمال افکت‌های ['bold_italic'] روی: همون میگم هشتگ بزنه اگه شکاره ، رای ها رو موافقم
✅ افکت اعمال شد
⏰ Last Name: ⌥ 𝟭𝟵:𝟭𝟬
🎨 اعمال افکت‌های ['bold_italic'] روی: عالیه
✅ افکت اعمال شد
⏰ Last Name: ⌥ 𝟭𝟵:𝟭𝟭
🎨 اعمال افکت‌های ['bold_italic'] روی: رای ابول یا علیرزضا یا ومپ
✅ افکت اعمال شد
🎨 اعمال افکت‌های ['bold_italic'] روی: آف شدی
✅ افکت اعمال شد
🎨 اعمال افکت‌های ['bold_italic'] روی: زدنت
✅ افکت اعمال شد
⏰ Last Name: ⌥ 𝟭𝟵:𝟭𝟮
🎨 اعمال افکت‌های ['bold_italic'] روی: کار کیاست دد کن
✅ افکت اعمال شد
🎨 اعمال افکت‌های ['bold_italic'] روی: فاح؟
✅ افکت اعمال شد
⏰ Last Name: ⌥ 𝟭𝟵:𝟭𝟯
🎨 اعمال افکت‌های ['bold_italic'] روی: نه نیستم پرسیم ، چیستی میخوایی بیایی من
✅ افکت اعمال شد
🎨 اعمال افکت‌های ['bold_italic'] روی: من ساده ام
✅ افکت اعمال شد
🎨 اعمال افکت‌های ['bold_italic'] روی: شیمی هستی بیا
✅ افکت اعمال شد
⏰ Last Name: ⌥ 𝟭𝟵:𝟭𝟰
⏰ Last Name: ⌥ 𝟭𝟵:𝟭𝟱
⏰ Last Name: ⌥ 𝟭𝟵:𝟭𝟲
⏰ Last Name: ⌥ 𝟭𝟵:𝟭𝟳
⏰ Last Name: ⌥ 𝟭𝟵:𝟭𝟴
🎨 اعمال افکت‌های ['bold_italic'] روی: ساده ام
✅ افکت اعمال شد
⏰ Last Name: ⌥ 𝟭𝟵:𝟭𝟵
⏰ Last Name: ⌥ 𝟭𝟵:𝟮𝟬
🎨 اعمال افکت‌های ['bold_italic'] روی: گرگ و جادو هستن انگار ولی خب
✅ افکت اعمال شد
⏰ Last Name: ⌥ 𝟭𝟵:𝟮𝟭
🎨 اعمال افکت‌های ['bold_italic'] روی: عه خدا کنه بلوف نباشه😂
✅ افکت اعمال شد
⏰ Last Name: ⌥ 𝟭𝟵:𝟮𝟮
🎨 اعمال افکت‌های ['bold_italic'] روی: یا علی گرگه یا علیرضا
✅ افکت اعمال شد
⏰ Last Name: ⌥ 𝟭𝟵:𝟮𝟯
🎨 اعمال افکت‌های ['bold_italic'] روی: اره
✅ افکت اعمال شد
⏰ Last Name: ⌥ 𝟭𝟵:𝟮𝟰
🎨 اعمال افکت‌های ['bold_italic'] روی: برو موز بخور پر قدرت برگرد
✅ افکت اعمال شد
🎨 اعمال افکت‌های ['bold_italic'] روی: کلانتر بنازم
✅ افکت اعمال شد
🎨 اعمال افکت‌های ['bold_italic'] روی: با بنازم عجب بازی
✅ افکت اعمال شد
⏰ Last Name: ⌥ 𝟭𝟵:𝟮𝟱
🎨 اعمال افکت‌های ['bold_italic'] روی: به اونجا نمیرسه
✅ افکت اعمال شد
🎨 اعمال افکت‌های ['bold_italic'] روی: شب دوم شل میکنه
✅ افکت اعمال شد
🎨 اعمال افکت‌های ['bold_italic'] روی: خواب زد
✅ افکت اعمال شد
⏰ Last Name: ⌥ 𝟭𝟵:𝟮𝟲
🎨 اعمال افکت‌های ['bold_italic'] روی: آخرش کی دول شد😎🚀
✅ افکت اعمال شد
⏰ Last Name: ⌥ 𝟭𝟵:𝟮𝟳
🎨 اعمال افکت‌های ['bold_italic'] روی: همون اول شل کرده بودی زودتر تموم میشد
✅ افکت اعمال شد
⏰ Last Name: ⌥ 𝟭𝟵:𝟮𝟴
🎨 اعمال افکت‌های ['bold_italic'] روی: داستان این تاجو هنوز نمیدونم چیه
✅ افکت اعمال شد
⏰ Last Name: ⌥ 𝟭𝟵:𝟮𝟵
🎨 اعمال افکت‌های ['bold_italic'] روی: تاج بده
✅ افکت اعمال شد
🎨 اعمال افکت‌های ['bold_italic'] روی: خدا رو شکر 😂
✅ افکت اعمال شد
⏰ Last Name: ⌥ 𝟭𝟵:𝟯𝟬
⏰ Last Name: ⌥ 𝟭𝟵:𝟯𝟭
🎨 اعمال افکت‌های ['bold_italic'] روی: یه شکار یه هشتگ بزنه میخواییم از روش اسکی بریم
✅ افکت اعمال شد
🎨 اعمال افکت‌های ['bold_italic'] روی: اوکیه
✅ افکت اعمال شد
⏰ Last Name: ⌥ 𝟭𝟵:𝟯𝟮
🎨 اعمال افکت‌های ['bold_italic'] روی: @bahharie 
شکاری؟
✅ افکت اعمال شد
🎨 اعمال افکت‌های ['bold_italic'] روی: شکاااااااااااار
✅ افکت اعمال شد
🎨 اعمال افکت‌های ['bold_italic'] روی: مرد
✅ افکت اعمال شد
⏰ Last Name: ⌥ 𝟭𝟵:𝟯𝟯
⏰ Last Name: ⌥ 𝟭𝟵:𝟯𝟰
⏰ Last Name: ⌥ 𝟭𝟵:𝟯𝟱
🎨 اعمال افکت‌های ['bold_italic'] روی: هرچی بودی ، صلح نداریم
✅ افکت اعمال شد
⏰ Last Name: ⌥ 𝟭𝟵:𝟯𝟲
🎨 اعمال افکت‌های ['bold_italic'] روی: بنازم فرقه
✅ افکت اعمال شد
🎨 اعمال افکت‌های ['bold_italic'] روی: رای ابول
✅ افکت اعمال شد
⏰ Last Name: ⌥ 𝟭𝟵:𝟯𝟳
🎨 اعمال افکت‌های ['bold_italic'] روی: ابل
✅ افکت اعمال شد
⏰ Last Name: ⌥ 𝟭𝟵:𝟯𝟴
🎨 اعمال افکت‌های ['bold_italic'] روی: دونه دونه اعدام کنید
✅ افکت اعمال شد
⏰ Last Name: ⌥ 𝟭𝟵:𝟯𝟵
🎨 اعمال افکت‌های ['bold_italic'] روی: تو خودت شب بعد اعدامی
✅ افکت اعمال شد
🎨 اعمال افکت‌های ['bold_italic'] روی: با نقاب
✅ افکت اعمال شد
⏰ Last Name: ⌥ 𝟭𝟵:𝟰𝟬
🎨 اعمال افکت‌های ['bold_italic'] روی: امین 
علیرضا رو بزن
⏰ Last Name: ⌥ 𝟭𝟵:𝟰𝟭
✅ افکت اعمال شد
🎨 اعمال افکت‌های ['bold_italic'] روی: چی شل
✅ افکت اعمال شد
🎨 اعمال افکت‌های ['bold_italic'] روی: هرچقد دوست داری بگو 
همه میدونن گرگی
✅ افکت اعمال شد
⏰ Last Name: ⌥ 𝟭𝟵:𝟰𝟮
🎨 اعمال افکت‌های ['bold_italic'] روی: اره اره
✅ افکت اعمال شد
🎨 اعمال افکت‌های ['bold_italic'] روی: بیشتر تلاش کن
✅ افکت اعمال شد
⏰ Last Name: ⌥ 𝟭𝟵:𝟰𝟯
🎨 اعمال افکت‌های ['bold_italic'] روی: علیرضا رو با تیر بزنید خیلی تقلا میکنه منو با رای 
✅ افکت اعمال شد
⏰ Last Name: ⌥ 𝟭𝟵:𝟰𝟰
⏰ Last Name: ⌥ 𝟭𝟵:𝟰𝟱
🎨 اعمال افکت‌های ['bold_italic'] روی: یه تیر زدی
✅ افکت اعمال شد
⏰ Last Name: ⌥ 𝟭𝟵:𝟰𝟲
⏰ Last Name: ⌥ 𝟭𝟵:𝟰𝟳
⏰ Last Name: ⌥ 𝟭𝟵:𝟰𝟴
⏰ Last Name: ⌥ 𝟭𝟵:𝟰𝟵
⏰ Last Name: ⌥ 𝟭𝟵:𝟱𝟬
⏰ Last Name: ⌥ 𝟭𝟵:𝟱𝟭
⏰ Last Name: ⌥ 𝟭𝟵:𝟱𝟮
🎨 اعمال افکت‌های ['bold_italic'] روی: ساده
✅ افکت اعمال شد
⏰ Last Name: ⌥ 𝟭𝟵:𝟱𝟯
🎨 اعمال افکت‌های ['bold_italic'] روی: فک کنم احمقم 
بریز بهار مشخص شه
✅ افکت اعمال شد
⏰ Last Name: ⌥ 𝟭𝟵:𝟱𝟰
⏰ Last Name: ⌥ 𝟭𝟵:𝟱𝟱
⏰ Last Name: ⌥ 𝟭𝟵:𝟱𝟲
⏰ Last Name: ⌥ 𝟭𝟵:𝟱𝟳
⏰ Last Name: ⌥ 𝟭𝟵:𝟱𝟴
⏰ Last Name: ⌥ 𝟭𝟵:𝟱𝟵
🎨 اعمال افکت‌های ['bold_italic'] روی: لنا رو گرگ دیدم
✅ افکت اعمال شد
⏰ Last Name: ⌥ 𝟮𝟬:𝟬𝟬
🎨 اعمال افکت‌های ['bold_italic'] روی: نقشم احمقه ، استعلام میدم
✅ افکت اعمال شد
⏰ Last Name: ⌥ 𝟮𝟬:𝟬𝟭
⏰ Last Name: ⌥ 𝟮𝟬:𝟬𝟮
⏰ Last Name: ⌥ 𝟮𝟬:𝟬𝟯
⏰ Last Name: ⌥ 𝟮𝟬:𝟬𝟰
🎨 اعمال افکت‌های ['bold_italic'] روی: شیمی هرکی هست صیف یه نفرو شیمی دیدم
✅ افکت اعمال شد
⏰ Last Name: ⌥ 𝟮𝟬:𝟬𝟱
⏰ Last Name: ⌥ 𝟮𝟬:𝟬𝟲
⏰ Last Name: ⌥ 𝟮𝟬:𝟬𝟳
⏰ Last Name: ⌥ 𝟮𝟬:𝟬𝟴
🎨 اعمال افکت‌های ['bold_italic'] روی: او چسی چسی چسی
✅ افکت اعمال شد
⏰ Last Name: ⌥ 𝟮𝟬:𝟬𝟵
⏰ Last Name: ⌥ 𝟮𝟬:𝟭𝟬
🎨 اعمال افکت‌های ['bold_italic'] روی: احمقم 
رای هادی
✅ افکت اعمال شد
🎨 اعمال افکت‌های ['bold_italic'] روی: قاتله
✅ افکت اعمال شد
⏰ Last Name: ⌥ 𝟮𝟬:𝟭𝟭
🎨 اعمال افکت‌های ['bold_italic'] روی: هارلی هم گرگه
✅ افکت اعمال شد
🎨 اعمال افکت‌های ['bold_italic'] روی: هارلی گرگه
هادی هم قاتله احتمالا
✅ افکت اعمال شد
⏰ Last Name: ⌥ 𝟮𝟬:𝟭𝟮
🎨 اعمال افکت‌های ['bold_italic'] روی: هارلی و اول بندازید بیرون گرگه
✅ افکت اعمال شد
⏰ Last Name: ⌥ 𝟮𝟬:𝟭𝟯
🎨 اعمال افکت‌های ['bold_italic'] روی: هادیم منفیه
✅ افکت اعمال شد
🎨 اعمال افکت‌های ['bold_italic'] روی: قاتلیه
✅ افکت اعمال شد
🎨 اعمال افکت‌های ['bold_italic'] روی: هارلی هم که گرگه
✅ افکت اعمال شد
🎨 اعمال افکت‌های ['bold_italic'] روی: بازیو یه احمق در اورد
تاج بدین
✅ افکت اعمال شد
⏰ Last Name: ⌥ 𝟮𝟬:𝟭𝟰
🎨 اعمال افکت‌های ['bold_italic'] روی: روستا نوبه
✅ افکت اعمال شد
🎨 اعمال افکت‌های ['bold_italic'] روی: وصعیت شکار هارلی بود
✅ افکت اعمال شد
⏰ Last Name: ⌥ 𝟮𝟬:𝟭𝟱
🎨 اعمال افکت‌های ['bold_italic'] روی: نوبید دیگه
✅ افکت اعمال شد
🎨 اعمال افکت‌های ['bold_italic'] روی: من تاج بدین اینا نوب بودن
✅ افکت اعمال شد
⏰ Last Name: ⌥ 𝟮𝟬:𝟭𝟲
⏰ Last Name: ⌥ 𝟮𝟬:𝟭𝟳
⏰ Last Name: ⌥ 𝟮𝟬:𝟭𝟴
⏰ Last Name: ⌥ 𝟮𝟬:𝟭𝟵
🎨 اعمال افکت‌های ['bold_italic'] روی: چقد منفی
✅ افکت اعمال شد
⏰ Last Name: ⌥ 𝟮𝟬:𝟮𝟬
⏰ Last Name: ⌥ 𝟮𝟬:𝟮𝟭
⏰ Last Name: ⌥ 𝟮𝟬:𝟮𝟮
⏰ Last Name: ⌥ 𝟮𝟬:𝟮𝟯
⏰ Last Name: ⌥ 𝟮𝟬:𝟮𝟰
⏰ Last Name: ⌥ 𝟮𝟬:𝟮𝟱
⏰ Last Name: ⌥ 𝟮𝟬:𝟮𝟲
⏰ Last Name: ⌥ 𝟮𝟬:𝟮𝟳
⏰ Last Name: ⌥ 𝟮𝟬:𝟮𝟴
⏰ Last Name: ⌥ 𝟮𝟬:𝟮𝟵
⏰ Last Name: ⌥ 𝟮𝟬:𝟯𝟬
⏰ Last Name: ⌥ 𝟮𝟬:𝟯𝟭
⏰ Last Name: ⌥ 𝟮𝟬:𝟯𝟮
⏰ Last Name: ⌥ 𝟮𝟬:𝟯𝟯
⏰ Last Name: ⌥ 𝟮𝟬:𝟯𝟰
⏰ Last Name: ⌥ 𝟮𝟬:𝟯𝟱
⏰ Last Name: ⌥ 𝟮𝟬:𝟯𝟲
⏰ Last Name: ⌥ 𝟮𝟬:𝟯𝟳
⏰ Last Name: ⌥ 𝟮𝟬:𝟯𝟴
⏰ Last Name: ⌥ 𝟮𝟬:𝟯𝟵
⏰ Last Name: ⌥ 𝟮𝟬:𝟰𝟬
⏰ Last Name: ⌥ 𝟮𝟬:𝟰𝟭
⏰ Last Name: ⌥ 𝟮𝟬:𝟰𝟮
⏰ Last Name: ⌥ 𝟮𝟬:𝟰𝟯
⏰ Last Name: ⌥ 𝟮𝟬:𝟰𝟰
⏰ Last Name: ⌥ 𝟮𝟬:𝟰𝟱
🎨 اعمال افکت‌های ['bold_italic'] روی: @bslifes 
@M_zwz
✅ افکت اعمال شد
⏰ Last Name: ⌥ 𝟮𝟬:𝟰𝟲
🎨 اعمال افکت‌های ['bold_italic'] روی: 👤Terrible :
💰s333: 👑g x1 -> 20k 
🌎THE LIFE CITY
⚠️ خطا در ویرایش: The specified message ID is invalid or you can't do that operation on such message (caused by EditMe
⏰ Last Name: ⌥ 𝟮𝟬:𝟰𝟳
🎨 اعمال افکت‌های ['bold_italic'] روی: برو پیوی 
@bslifes
✅ افکت اعمال شد
🎨 اعمال افکت‌های ['bold_italic'] روی: سه ساعت چی میگی پس
✅ افکت اعمال شد
⏰ Last Name: ⌥ 𝟮𝟬:𝟰𝟴
⏰ Last Name: ⌥ 𝟮𝟬:𝟰𝟵
⏰ Last Name: ⌥ 𝟮𝟬:𝟱𝟬
🎨 اعمال افکت‌های ['bold_italic'] روی: فمبوی باشد برادر
✅ افکت اعمال شد
⏰ Last Name: ⌥ 𝟮𝟬:𝟱𝟭
🎨 اعمال افکت‌های ['bold_italic'] روی: تو چالش دیده
✅ افکت اعمال شد
⏰ Last Name: ⌥ 𝟮𝟬:𝟱𝟮
🎨 اعمال افکت‌های ['bold_italic'] روی: نه سلیقه سایتت و نگفتتم
✅ افکت اعمال شد
⏰ Last Name: ⌥ 𝟮𝟬:𝟱𝟯
⏰ Last Name: ⌥ 𝟮𝟬:𝟱𝟰
⏰ Last Name: ⌥ 𝟮𝟬:𝟱𝟱
⏰ Last Name: ⌥ 𝟮𝟬:𝟱𝟲
⏰ Last Name: ⌥ 𝟮𝟬:𝟱𝟳
⏰ Last Name: ⌥ 𝟮𝟬:𝟱𝟴
⏰ Last Name: ⌥ 𝟮𝟬:𝟱𝟵
⏰ Last Name: ⌥ 𝟮𝟭:𝟬𝟬
⏰ Last Name: ⌥ 𝟮𝟭:𝟬𝟭
⏰ Last Name: ⌥ 𝟮𝟭:𝟬𝟮
⏰ Last Name: ⌥ 𝟮𝟭:𝟬𝟯
⏰ Last Name: ⌥ 𝟮𝟭:𝟬𝟰
⏰ Last Name: ⌥ 𝟮𝟭:𝟬𝟱
⏰ Last Name: ⌥ 𝟮𝟭:𝟬𝟲
⏰ Last Name: ⌥ 𝟮𝟭:𝟬𝟳
💜 Auto React [user:8944291576]: 🍌
💜 Auto React [user:8944291576]: 🍌
⏰ Last Name: ⌥ 𝟮𝟭:𝟬𝟴
⏰ Last Name: ⌥ 𝟮𝟭:𝟬𝟵
⏰ Last Name: ⌥ 𝟮𝟭:𝟭𝟬
⏰ Last Name: ⌥ 𝟮𝟭:𝟭𝟭
⏰ Last Name: ⌥ 𝟮𝟭:𝟭𝟮
⏰ Last Name: ⌥ 𝟮𝟭:𝟭𝟯
⏰ Last Name: ⌥ 𝟮𝟭:𝟭𝟰
⏰ Last Name: ⌥ 𝟮𝟭:𝟭𝟱
⏰ Last Name: ⌥ 𝟮𝟭:𝟭𝟲
⏰ Last Name: ⌥ 𝟮𝟭:𝟭𝟳
⏰ Last Name: ⌥ 𝟮𝟭:𝟭𝟴
⏰ Last Name: ⌥ 𝟮𝟭:𝟭𝟵
💜 Auto React [user:8944291576]: 🍌
💜 Auto React [user:8944291576]: 🍌
💜 Auto React [user:8944291576]: 🍌
⏰ Last Name: ⌥ 𝟮𝟭:𝟮𝟬
💜 Auto React [user:8944291576]: 🍌
💜 Auto React [user:8944291576]: 🍌
💜 Auto React [user:8944291576]: 🍌
💜 Auto React [user:8944291576]: 🍌
⏰ Last Name: ⌥ 𝟮𝟭:𝟮𝟭
⏰ Last Name: ⌥ 𝟮𝟭:𝟮𝟮
⏰ Last Name: ⌥ 𝟮𝟭:𝟮𝟯
⏰ Last Name: ⌥ 𝟮𝟭:𝟮𝟰
⏰ Last Name: ⌥ 𝟮𝟭:𝟮𝟱
⏰ Last Name: ⌥ 𝟮𝟭:𝟮𝟲
⏰ Last Name: ⌥ 𝟮𝟭:𝟮𝟳
⏰ Last Name: ⌥ 𝟮𝟭:𝟮𝟴
⏰ Last Name: ⌥ 𝟮𝟭:𝟮𝟵
⏰ Last Name: ⌥ 𝟮𝟭:𝟯𝟬
⏰ Last Name: ⌥ 𝟮𝟭:𝟯𝟭
⏰ Last Name: ⌥ 𝟮𝟭:𝟯𝟮
⏰ Last Name: ⌥ 𝟮𝟭:𝟯𝟯
⏰ Last Name: ⌥ 𝟮𝟭:𝟯𝟰
⏰ Last Name: ⌥ 𝟮𝟭:𝟯𝟱
⏰ Last Name: ⌥ 𝟮𝟭:𝟯𝟲
⏰ Last Name: ⌥ 𝟮𝟭:𝟯𝟳
⏰ Last Name: ⌥ 𝟮𝟭:𝟯𝟴
⏰ Last Name: ⌥ 𝟮𝟭:𝟯𝟵
⏰ Last Name: ⌥ 𝟮𝟭:𝟰𝟬
⏰ Last Name: ⌥ 𝟮𝟭:𝟰𝟭
🎨 اعمال افکت‌های ['bold_italic'] روی: کیک و سی بی بی به قیمت 50 سکه خریدارم
✅ افکت اعمال شد
⏰ Last Name: ⌥ 𝟮𝟭:𝟰𝟮
⏰ Last Name: ⌥ 𝟮𝟭:𝟰𝟯
⏰ Last Name: ⌥ 𝟮𝟭:𝟰𝟰
⏰ Last Name: ⌥ 𝟮𝟭:𝟰𝟱
⏰ Last Name: ⌥ 𝟮𝟭:𝟰𝟲
⏰ Last Name: ⌥ 𝟮𝟭:𝟰𝟳
⏰ Last Name: ⌥ 𝟮𝟭:𝟰𝟴
⏰ Last Name: ⌥ 𝟮𝟭:𝟰𝟵
⏰ Last Name: ⌥ 𝟮𝟭:𝟱𝟬
⏰ Last Name: ⌥ 𝟮𝟭:𝟱𝟭
⏰ Last Name: ⌥ 𝟮𝟭:𝟱𝟮
⏰ Last Name: ⌥ 𝟮𝟭:𝟱𝟯
⏰ Last Name: ⌥ 𝟮𝟭:𝟱𝟰
⏰ Last Name: ⌥ 𝟮𝟭:𝟱𝟱
⏰ Last Name: ⌥ 𝟮𝟭:𝟱𝟲
⏰ Last Name: ⌥ 𝟮𝟭:𝟱𝟳
⏰ Last Name: ⌥ 𝟮𝟭:𝟱𝟴
⏰ Last Name: ⌥ 𝟮𝟭:𝟱𝟵
⏰ Last Name: ⌥ 𝟮𝟮:𝟬𝟬
⏰ Last Name: ⌥ 𝟮𝟮:𝟬𝟭
⏰ Last Name: ⌥ 𝟮𝟮:𝟬𝟮
⏰ Last Name: ⌥ 𝟮𝟮:𝟬𝟯
⏰ Last Name: ⌥ 𝟮𝟮:𝟬𝟰
⏰ Last Name: ⌥ 𝟮𝟮:𝟬𝟱
⏰ Last Name: ⌥ 𝟮𝟮:𝟬𝟲
⏰ Last Name: ⌥ 𝟮𝟮:𝟬𝟳
⏰ Last Name: ⌥ 𝟮𝟮:𝟬𝟴
⏰ Last Name: ⌥ 𝟮𝟮:𝟬𝟵
⏰ Last Name: ⌥ 𝟮𝟮:𝟭𝟬
⏰ Last Name: ⌥ 𝟮𝟮:𝟭𝟭
⏰ Last Name: ⌥ 𝟮𝟮:𝟭𝟮
⏰ Last Name: ⌥ 𝟮𝟮:𝟭𝟯
⏰ Last Name: ⌥ 𝟮𝟮:𝟭𝟰
⏰ Last Name: ⌥ 𝟮𝟮:𝟭𝟱
⏰ Last Name: ⌥ 𝟮𝟮:𝟭𝟲
⏰ Last Name: ⌥ 𝟮𝟮:𝟭𝟳
⏰ Last Name: ⌥ 𝟮𝟮:𝟭𝟴
⏰ Last Name: ⌥ 𝟮𝟮:𝟭𝟵
⏰ Last Name: ⌥ 𝟮𝟮:𝟮𝟬
⏰ Last Name: ⌥ 𝟮𝟮:𝟮𝟭
⏰ Last Name: ⌥ 𝟮𝟮:𝟮𝟮
⏰ Last Name: ⌥ 𝟮𝟮:𝟮𝟯
⏰ Last Name: ⌥ 𝟮𝟮:𝟮𝟰
⏰ Last Name: ⌥ 𝟮𝟮:𝟮𝟱
⏰ Last Name: ⌥ 𝟮𝟮:𝟮𝟲
⏰ Last Name: ⌥ 𝟮𝟮:𝟮𝟳
⏰ Last Name: ⌥ 𝟮𝟮:𝟮𝟴
⏰ Last Name: ⌥ 𝟮𝟮:𝟮𝟵
⏰ Last Name: ⌥ 𝟮𝟮:𝟯𝟬
⏰ Last Name: ⌥ 𝟮𝟮:𝟯𝟭
⏰ Last Name: ⌥ 𝟮𝟮:𝟯𝟮
⏰ Last Name: ⌥ 𝟮𝟮:𝟯𝟯
⏰ Last Name: ⌥ 𝟮𝟮:𝟯𝟰
⏰ Last Name: ⌥ 𝟮𝟮:𝟯𝟱
⏰ Last Name: ⌥ 𝟮𝟮:𝟯𝟲
⏰ Last Name: ⌥ 𝟮𝟮:𝟯𝟳
⏰ Last Name: ⌥ 𝟮𝟮:𝟯𝟴
⏰ Last Name: ⌥ 𝟮𝟮:𝟯𝟵
⏰ Last Name: ⌥ 𝟮𝟮:𝟰𝟬
⏰ Last Name: ⌥ 𝟮𝟮:𝟰𝟭
⏰ Last Name: ⌥ 𝟮𝟮:𝟰𝟮
⏰ Last Name: ⌥ 𝟮𝟮:𝟰𝟯
⏰ Last Name: ⌥ 𝟮𝟮:𝟰𝟰
⏰ Last Name: ⌥ 𝟮𝟮:𝟰𝟱
⏰ Last Name: ⌥ 𝟮𝟮:𝟰𝟲
⏰ Last Name: ⌥ 𝟮𝟮:𝟰𝟳
⏰ Last Name: ⌥ 𝟮𝟮:𝟰𝟴
⏰ Last Name: ⌥ 𝟮𝟮:𝟰𝟵
⏰ Last Name: ⌥ 𝟮𝟮:𝟱𝟬
⏰ Last Name: ⌥ 𝟮𝟮:𝟱𝟭
⏰ Last Name: ⌥ 𝟮𝟮:𝟱𝟮
⏰ Last Name: ⌥ 𝟮𝟮:𝟱𝟯
⏰ Last Name: ⌥ 𝟮𝟮:𝟱𝟰
⏰ Last Name: ⌥ 𝟮𝟮:𝟱𝟱
⏰ Last Name: ⌥ 𝟮𝟮:𝟱𝟲
⏰ Last Name: ⌥ 𝟮𝟮:𝟱𝟳
⏰ Last Name: ⌥ 𝟮𝟮:𝟱𝟴
⏰ Last Name: ⌥ 𝟮𝟮:𝟱𝟵
⏰ Last Name: ⌥ 𝟮𝟯:𝟬𝟬
⏰ Last Name: ⌥ 𝟮𝟯:𝟬𝟭
⏰ Last Name: ⌥ 𝟮𝟯:𝟬𝟮
⏰ Last Name: ⌥ 𝟮𝟯:𝟬𝟯
⏰ Last Name: ⌥ 𝟮𝟯:𝟬𝟰
⏰ Last Name: ⌥ 𝟮𝟯:𝟬𝟱
⏰ Last Name: ⌥ 𝟮𝟯:𝟬𝟲
⏰ Last Name: ⌥ 𝟮𝟯:𝟬𝟳
💜 Auto React [user:8944291576]: 🍌
⏰ Last Name: ⌥ 𝟮𝟯:𝟬𝟴
⏰ Last Name: ⌥ 𝟮𝟯:𝟬𝟵
⏰ Last Name: ⌥ 𝟮𝟯:𝟭𝟬
💜 Auto React [user:8944291576]: 🍌
💜 Auto React [user:6990187779]: ❤️
⏰ Last Name: ⌥ 𝟮𝟯:𝟭𝟭
💜 Auto React [user:6990187779]: ❤️
⏰ Last Name: ⌥ 𝟮𝟯:𝟭𝟮
💜 Auto React [user:6990187779]: ❤️
💜 Auto React [user:6990187779]: ❤️
💜 Auto React [user:6990187779]: ❤️
💜 Auto React [user:6990187779]: ❤️
⏰ Last Name: ⌥ 𝟮𝟯:𝟭𝟯
💜 Auto React [user:6990187779]: ❤️
💜 Auto React [user:6990187779]: ❤️
💜 Auto React [user:6990187779]: ❤️
⏰ Last Name: ⌥ 𝟮𝟯:𝟭𝟰
💜 Auto React [user:6990187779]: ❤️
💜 Auto React [user:6990187779]: ❤️
💜 Auto React [user:8944291576]: 🍌
💜 Auto React [user:6990187779]: ❤️
💜 Auto React [user:8944291576]: 🍌
💜 Auto React [user:6990187779]: ❤️
💜 Auto React [user:8944291576]: 🍌
💜 Auto React [user:6990187779]: ❤️
⏰ Last Name: ⌥ 𝟮𝟯:𝟭𝟱
⏰ Last Name: ⌥ 𝟮𝟯:𝟭𝟲
⏰ Last Name: ⌥ 𝟮𝟯:𝟭𝟳
⏰ Last Name: ⌥ 𝟮𝟯:𝟭𝟴
⏰ Last Name: ⌥ 𝟮𝟯:𝟭𝟵
⏰ Last Name: ⌥ 𝟮𝟯:𝟮𝟬
⏰ Last Name: ⌥ 𝟮𝟯:𝟮𝟭
⏰ Last Name: ⌥ 𝟮𝟯:𝟮𝟮
⏰ Last Name: ⌥ 𝟮𝟯:𝟮𝟯
⏰ Last Name: ⌥ 𝟮𝟯:𝟮𝟰
⏰ Last Name: ⌥ 𝟮𝟯:𝟮𝟱
⏰ Last Name: ⌥ 𝟮𝟯:𝟮𝟲
⏰ Last Name: ⌥ 𝟮𝟯:𝟮𝟳
⏰ Last Name: ⌥ 𝟮𝟯:𝟮𝟴
⏰ Last Name: ⌥ 𝟮𝟯:𝟮𝟵
⏰ Last Name: ⌥ 𝟮𝟯:𝟯𝟬
⏰ Last Name: ⌥ 𝟮𝟯:𝟯𝟭
⏰ Last Name: ⌥ 𝟮𝟯:𝟯𝟮
⏰ Last Name: ⌥ 𝟮𝟯:𝟯𝟯
⏰ Last Name: ⌥ 𝟮𝟯:𝟯𝟰
⏰ Last Name: ⌥ 𝟮𝟯:𝟯𝟱
⏰ Last Name: ⌥ 𝟮𝟯:𝟯𝟲
⏰ Last Name: ⌥ 𝟮𝟯:𝟯𝟳
⏰ Last Name: ⌥ 𝟮𝟯:𝟯𝟴
⏰ Last Name: ⌥ 𝟮𝟯:𝟯𝟵
⏰ Last Name: ⌥ 𝟮𝟯:𝟰𝟬
🎨 اعمال افکت‌های ['bold_italic'] روی: خب
✅ افکت اعمال شد
🎨 اعمال افکت‌های ['bold_italic'] روی: درود
✅ افکت اعمال شد
🎨 اعمال افکت‌های ['bold_italic'] روی: آماده اید؟
✅ افکت اعمال شد
🎨 اعمال افکت‌های ['bold_italic'] روی: کد جدید و میفروستم تست کنید ببنید باگی چیزی نداره
✅ افکت اعمال شد
⏰ Last Name: ⌥ 𝟮𝟯:𝟰𝟭
🎨 اعمال افکت‌های ['bold_italic'] روی: کسی هم بتونه دیکدش کنه جایزه بهش میدیم
✅ افکت اعمال شد
⏰ Last Name: ⌥ 𝟮𝟯:𝟰𝟮
🎨 اعمال افکت‌های ['bold_italic'] روی: لایف مود (مود مرتضی) ❤️‍🔥
نسخه : 1.7.37+ به بالا ❇
⚠️ خطا در ویرایش: The specified message ID is invalid or you can't do that operation on such message (caused by EditMe
🎨 اعمال افکت‌های ['bold_italic'] روی: کسی هم بتونه دیکدش کنه جایزه بهش میدیم
⚠️ خطا در ویرایش: Content of the message was not modified (caused by EditMessageRequest)
🎨 اعمال افکت‌های ['bold_italic'] روی: حدودا 8
✅ افکت اعمال شد
🎨 اعمال افکت‌های ['bold_italic'] روی: تلگرامه ها میشه ویرایش کرد و دوباره آپلود کرد
✅ افکت اعمال شد
🎨 اعمال افکت‌های ['bold_italic'] روی: فک کردی روبیکاست؟
✅ افکت اعمال شد
⏰ Last Name: ⌥ 𝟮𝟯:𝟰𝟯
🎨 اعمال افکت‌های ['bold_italic'] روی: برو تست کن
✅ افکت اعمال شد
🎨 اعمال افکت‌های ['bold_italic'] روی: 2 مگ چیزی نیست
✅ افکت اعمال شد
⏰ Last Name: ⌥ 𝟮𝟯:𝟰𝟰
⏰ Last Name: ⌥ 𝟮𝟯:𝟰𝟱
⏰ Last Name: ⌥ 𝟮𝟯:𝟰𝟲
⏰ Last Name: ⌥ 𝟮𝟯:𝟰𝟳
⏰ Last Name: ⌥ 𝟮𝟯:𝟰𝟴
⏰ Last Name: ⌥ 𝟮𝟯:𝟰𝟵
⏰ Last Name: ⌥ 𝟮𝟯:𝟱𝟬
⏰ Last Name: ⌥ 𝟮𝟯:𝟱𝟭
⏰ Last Name: ⌥ 𝟮𝟯:𝟱𝟮
🎨 اعمال افکت‌های ['bold_italic'] روی: مود وی ای پی نیست که
دنبال چی هستی

همون مود قبلیه
✅ افکت اعمال شد
⏰ Last Name: ⌥ 𝟮𝟯:𝟱𝟯
⏰ Last Name: ⌥ 𝟮𝟯:𝟱𝟰
⏰ Last Name: ⌥ 𝟮𝟯:𝟱𝟱
⏰ Last Name: ⌥ 𝟮𝟯:𝟱𝟲
⏰ Last Name: ⌥ 𝟮𝟯:𝟱𝟳
⏰ Last Name: ⌥ 𝟮𝟯:𝟱𝟴
⏰ Last Name: ⌥ 𝟮𝟯:𝟱𝟵
⏰ Last Name: ⌥ 𝟬𝟬:𝟬𝟬
🎨 اعمال افکت‌های ['bold_italic'] روی: شما یک بار بازی رو کامل ببند،  دوباره باز کن
✅ افکت اعمال شد
⏰ Last Name: ⌥ 𝟬𝟬:𝟬𝟭
🎨 اعمال افکت‌های ['bold_italic'] روی: باید دوبار بازو بسته کنی ، چت و
✅ افکت اعمال شد
🎨 اعمال افکت‌های ['bold_italic'] روی: جقی
✅ افکت اعمال شد
⏰ Last Name: ⌥ 𝟬𝟬:𝟬𝟮
🎨 اعمال افکت‌های ['bold_italic'] روی: چقد مود
✅ افکت اعمال شد
⏰ Last Name: ⌥ 𝟬𝟬:𝟬𝟯
⏰ Last Name: ⌥ 𝟬𝟬:𝟬𝟰
⏰ Last Name: ⌥ 𝟬𝟬:𝟬𝟱
🎨 اعمال افکت‌های ['bold_italic'] روی: درسته
✅ افکت اعمال شد
⏰ Last Name: ⌥ 𝟬𝟬:𝟬𝟲
🎨 اعمال افکت‌های ['bold_italic'] روی: عکس بده
✅ افکت اعمال شد
⏰ Last Name: ⌥ 𝟬𝟬:𝟬𝟳
🎨 اعمال افکت‌های ['bold_italic'] روی: دوتا احتمال داره ، حال ندارم بگم
✅ افکت اعمال شد
⏰ Last Name: ⌥ 𝟬𝟬:𝟬𝟴
🎨 اعمال افکت‌های ['bold_italic'] روی: نپرس ، سیگاری شدم
✅ افکت اعمال شد
⏰ Last Name: ⌥ 𝟬𝟬:𝟬𝟵
🎨 اعمال افکت‌های ['bold_italic'] روی: یا اسم فایلت bslifemod.py نبوده 
یا اینکه چون ۲ مگ
✅ افکت اعمال شد
⏰ Last Name: ⌥ 𝟬𝟬:𝟭𝟬
🎨 اعمال افکت‌های ['bold_italic'] روی: و اینکه چندتا فایل bslifemod.py داشته باشی کار نمی
✅ افکت اعمال شد
⏰ Last Name: ⌥ 𝟬𝟬:𝟭𝟭
⏰ Last Name: ⌥ 𝟬𝟬:𝟭𝟮
🎨 اعمال افکت‌های ['bold_italic'] روی: پس یکم طول کشیده تا دیکد بشه توسط بمب و خونده شه
✅ افکت اعمال شد
💜 Auto React [user:6958501715]: ❤️
💜 Auto React [user:6958501715]: ❤️
⏰ Last Name: ⌥ 𝟬𝟬:𝟭𝟯
🎨 اعمال افکت‌های ['bold_italic'] روی: من خاص اینا زیاد نمیفروشم ، باید همش تو گپ بی اسلا
✅ افکت اعمال شد
🎨 اعمال افکت‌های ['bold_italic'] روی: خب کد علی رو ویرایش کردم دیگه ، دکمشو بردم بالا تر
✅ افکت اعمال شد
⏰ Last Name: ⌥ 𝟬𝟬:𝟭𝟰
💜 Auto React [user:6958501715]: ❤️
🎨 اعمال افکت‌های ['bold_italic'] روی: چرا ، مگه چیز عجیبیه
✅ افکت اعمال شد
⏰ Last Name: ⌥ 𝟬𝟬:𝟭𝟱
⏰ Last Name: ⌥ 𝟬𝟬:𝟭𝟲
🎨 اعمال افکت‌های ['bold_italic'] روی: جای دکمشو عوض نکرده 
مثلا اگه کسی مود منو نداشته ب
✅ افکت اعمال شد
🎨 اعمال افکت‌های ['bold_italic'] روی: واقعا چیز عجیبی نیست
✅ افکت اعمال شد
⏰ Last Name: ⌥ 𝟬𝟬:𝟭𝟳
🎨 اعمال افکت‌های ['bold_italic'] روی: کانال نه ، تبلیغات داخلش نمیزارم
✅ افکت اعمال شد
⏰ Last Name: ⌥ 𝟬𝟬:𝟭𝟴
⏰ Last Name: ⌥ 𝟬𝟬:𝟭𝟵
⏰ Last Name: ⌥ 𝟬𝟬:𝟮𝟬
💜 Auto React [user:6958501715]: ❤️
⏰ Last Name: ⌥ 𝟬𝟬:𝟮𝟭
⏰ Last Name: ⌥ 𝟬𝟬:𝟮𝟮
⏰ Last Name: ⌥ 𝟬𝟬:𝟮𝟯
⏰ Last Name: ⌥ 𝟬𝟬:𝟮𝟰
⏰ Last Name: ⌥ 𝟬𝟬:𝟮𝟱
⏰ Last Name: ⌥ 𝟬𝟬:𝟮𝟲
🎨 اعمال افکت‌های ['bold_italic'] روی: منم خوبم ، تو چطوری
✅ افکت اعمال شد
⏰ Last Name: ⌥ 𝟬𝟬:𝟮𝟳
🎨 اعمال افکت‌های ['bold_italic'] روی: چند بار گفتم خب
✅ افکت اعمال شد
🎨 اعمال افکت‌های ['bold_italic'] روی: طاها قبول نکرد 
من قبول کردم
✅ افکت اعمال شد
🎨 اعمال افکت‌های ['bold_italic'] روی: نمال
✅ افکت اعمال شد
⏰ Last Name: ⌥ 𝟬𝟬:𝟮𝟴
🎨 اعمال افکت‌های ['bold_italic'] روی: مود جدیدو بده حسین دیکد کنه 
۲ مگه 😂
✅ افکت اعمال شد
⏰ Last Name: ⌥ 𝟬𝟬:𝟮𝟵
🎨 اعمال افکت‌های ['bold_italic'] روی: کنار سنجاقه
✅ افکت اعمال شد
⏰ Last Name: ⌥ 𝟬𝟬:𝟯𝟬
🎨 اعمال افکت‌های ['bold_italic'] روی: با جقی
✅ افکت اعمال شد
🎨 اعمال افکت‌های ['bold_italic'] روی: .
🎨 اعمال افکت‌های ['bold_italic'] روی: میگم کنار سنجاقه😐😂
✅ افکت اعمال شد
⏰ Last Name: ⌥ 𝟬𝟬:𝟯𝟭
🎨 اعمال افکت‌های ['bold_italic'] روی: گفتی میدی حسین
✅ افکت اعمال شد
⏰ Last Name: ⌥ 𝟬𝟬:𝟯𝟮
🎨 اعمال افکت‌های ['bold_italic'] روی: ۸ لایه بیشتر نی
✅ افکت اعمال شد
⏰ Last Name: ⌥ 𝟬𝟬:𝟯𝟯
⏰ Last Name: ⌥ 𝟬𝟬:𝟯𝟰
⏰ Last Name: ⌥ 𝟬𝟬:𝟯𝟱
🎨 اعمال افکت‌های ['bold_italic'] روی: اکشن ویس روشن
✅ افکت اعمال شد
🎨 اعمال افکت‌های ['bold_italic'] روی: 🛡 پنل مدیریت پیشرفته

بخش مورد نظر را انتخاب کنید:
⚠️ خطا در ویرایش: The action must be performed through an inline bot callback (caused by EditMessageRequest)
⚡ اکشن شروع شد: -1001497808404 → ویس
⏰ Last Name: ⌥ 𝟬𝟬:𝟯𝟲
⏰ Last Name: ⌥ 𝟬𝟬:𝟯𝟳
⏰ Last Name: ⌥ 𝟬𝟬:𝟯𝟴
💜 Auto React [user:6958501715]: ❤️
💜 Auto React [user:6958501715]: ❤️
💜 Auto React [user:6958501715]: ❤️
💜 Auto React [user:6958501715]: ❤️
💜 Auto React [user:6958501715]: ❤️
💜 Auto React [user:6958501715]: ❤️
⏰ Last Name: ⌥ 𝟬𝟬:𝟯𝟵
💜 Auto React [user:6958501715]: ❤️
⏰ Last Name: ⌥ 𝟬𝟬:𝟰𝟬
⏰ Last Name: ⌥ 𝟬𝟬:𝟰𝟭
⏰ Last Name: ⌥ 𝟬𝟬:𝟰𝟮
⏰ Last Name: ⌥ 𝟬𝟬:𝟰𝟯
⏰ Last Name: ⌥ 𝟬𝟬:𝟰𝟰
⏰ Last Name: ⌥ 𝟬𝟬:𝟰𝟱
⏰ Last Name: ⌥ 𝟬𝟬:𝟰𝟲
⏰ Last Name: ⌥ 𝟬𝟬:𝟰𝟳
⏰ Last Name: ⌥ 𝟬𝟬:𝟰𝟴
⏰ Last Name: ⌥ 𝟬𝟬:𝟰𝟵
⏰ Last Name: ⌥ 𝟬𝟬:𝟱𝟬
⏰ Last Name: ⌥ 𝟬𝟬:𝟱𝟭
⏰ Last Name: ⌥ 𝟬𝟬:𝟱𝟮
⏰ Last Name: ⌥ 𝟬𝟬:𝟱𝟯
⏰ Last Name: ⌥ 𝟬𝟬:𝟱𝟰
⏰ Last Name: ⌥ 𝟬𝟬:𝟱𝟱
⏰ Last Name: ⌥ 𝟬𝟬:𝟱𝟲
⏰ Last Name: ⌥ 𝟬𝟬:𝟱𝟳
⏰ Last Name: ⌥ 𝟬𝟬:𝟱𝟴
⏰ Last Name: ⌥ 𝟬𝟬:𝟱𝟵
⏰ Last Name: ⌥ 𝟬𝟭:𝟬𝟬
⏰ Last Name: ⌥ 𝟬𝟭:𝟬𝟭
⏰ Last Name: ⌥ 𝟬𝟭:𝟬𝟮
⏰ Last Name: ⌥ 𝟬𝟭:𝟬𝟯
⏰ Last Name: ⌥ 𝟬𝟭:𝟬𝟰
⏰ Last Name: ⌥ 𝟬𝟭:𝟬𝟱
⏰ Last Name: ⌥ 𝟬𝟭:𝟬𝟲
⏰ Last Name: ⌥ 𝟬𝟭:𝟬𝟳
⏰ Last Name: ⌥ 𝟬𝟭:𝟬𝟴
⏰ Last Name: ⌥ 𝟬𝟭:𝟬𝟵
⏰ Last Name: ⌥ 𝟬𝟭:𝟭𝟬
⏰ Last Name: ⌥ 𝟬𝟭:𝟭𝟭
⏰ Last Name: ⌥ 𝟬𝟭:𝟭𝟮
⏰ Last Name: ⌥ 𝟬𝟭:𝟭𝟯
⏰ Last Name: ⌥ 𝟬𝟭:𝟭𝟰
⏰ Last Name: ⌥ 𝟬𝟭:𝟭𝟱
⏰ Last Name: ⌥ 𝟬𝟭:𝟭𝟲
⏰ Last Name: ⌥ 𝟬𝟭:𝟭𝟳
⏰ Last Name: ⌥ 𝟬𝟭:𝟭𝟴
⏰ Last Name: ⌥ 𝟬𝟭:𝟭𝟵
⏰ Last Name: ⌥ 𝟬𝟭:𝟮𝟬
⏰ Last Name: ⌥ 𝟬𝟭:𝟮𝟭
⏰ Last Name: ⌥ 𝟬𝟭:𝟮𝟮
⏰ Last Name: ⌥ 𝟬𝟭:𝟮𝟯
⏰ Last Name: ⌥ 𝟬𝟭:𝟮𝟰
⏰ Last Name: ⌥ 𝟬𝟭:𝟮𝟱
⏰ Last Name: ⌥ 𝟬𝟭:𝟮𝟲
⏰ Last Name: ⌥ 𝟬𝟭:𝟮𝟳
⏰ Last Name: ⌥ 𝟬𝟭:𝟮𝟴
⏰ Last Name: ⌥ 𝟬𝟭:𝟮𝟵
⏰ Last Name: ⌥ 𝟬𝟭:𝟯𝟬
⏰ Last Name: ⌥ 𝟬𝟭:𝟯𝟭
⏰ Last Name: ⌥ 𝟬𝟭:𝟯𝟮
⏰ Last Name: ⌥ 𝟬𝟭:𝟯𝟯
⏰ Last Name: ⌥ 𝟬𝟭:𝟯𝟰
⏰ Last Name: ⌥ 𝟬𝟭:𝟯𝟱
⏰ Last Name: ⌥ 𝟬𝟭:𝟯𝟲
⏰ Last Name: ⌥ 𝟬𝟭:𝟯𝟳
⏰ Last Name: ⌥ 𝟬𝟭:𝟯𝟴
⏰ Last Name: ⌥ 𝟬𝟭:𝟯𝟵
⏰ Last Name: ⌥ 𝟬𝟭:𝟰𝟬
⏰ Last Name: ⌥ 𝟬𝟭:𝟰𝟭
⏰ Last Name: ⌥ 𝟬𝟭:𝟰𝟮
⏰ Last Name: ⌥ 𝟬𝟭:𝟰𝟯
⏰ Last Name: ⌥ 𝟬𝟭:𝟰𝟰
⏰ Last Name: ⌥ 𝟬𝟭:𝟰𝟱
⏰ Last Name: ⌥ 𝟬𝟭:𝟰𝟲
⏰ Last Name: ⌥ 𝟬𝟭:𝟰𝟳
⏰ Last Name: ⌥ 𝟬𝟭:𝟰𝟴
⏰ Last Name: ⌥ 𝟬𝟭:𝟰𝟵
⏰ Last Name: ⌥ 𝟬𝟭:𝟱𝟬
⏰ Last Name: ⌥ 𝟬𝟭:𝟱𝟭
⏰ Last Name: ⌥ 𝟬𝟭:𝟱𝟮
⏰ Last Name: ⌥ 𝟬𝟭:𝟱𝟯
⏰ Last Name: ⌥ 𝟬𝟭:𝟱𝟰
⏰ Last Name: ⌥ 𝟬𝟭:𝟱𝟱
⏰ Last Name: ⌥ 𝟬𝟭:𝟱𝟲
⏰ Last Name: ⌥ 𝟬𝟭:𝟱𝟳
⏰ Last Name: ⌥ 𝟬𝟭:𝟱𝟴
⏰ Last Name: ⌥ 𝟬𝟭:𝟱𝟵
⏰ Last Name: ⌥ 𝟬𝟮:𝟬𝟬
⏰ Last Name: ⌥ 𝟬𝟮:𝟬𝟭
⏰ Last Name: ⌥ 𝟬𝟮:𝟬𝟮
⏰ Last Name: ⌥ 𝟬𝟮:𝟬𝟯
⏰ Last Name: ⌥ 𝟬𝟮:𝟬𝟰
⏰ Last Name: ⌥ 𝟬𝟮:𝟬𝟱
⏰ Last Name: ⌥ 𝟬𝟮:𝟬𝟲
⏰ Last Name: ⌥ 𝟬𝟮:𝟬𝟳
⏰ Last Name: ⌥ 𝟬𝟮:𝟬𝟴
⏰ Last Name: ⌥ 𝟬𝟮:𝟬𝟵
⏰ Last Name: ⌥ 𝟬𝟮:𝟭𝟬
⏰ Last Name: ⌥ 𝟬𝟮:𝟭𝟭
⏰ Last Name: ⌥ 𝟬𝟮:𝟭𝟮
⏰ Last Name: ⌥ 𝟬𝟮:𝟭𝟯
⏰ Last Name: ⌥ 𝟬𝟮:𝟭𝟰
⏰ Last Name: ⌥ 𝟬𝟮:𝟭𝟱
⏰ Last Name: ⌥ 𝟬𝟮:𝟭𝟲
⏰ Last Name: ⌥ 𝟬𝟮:𝟭𝟳
⏰ Last Name: ⌥ 𝟬𝟮:𝟭𝟴
⏰ Last Name: ⌥ 𝟬𝟮:𝟭𝟵
⏰ Last Name: ⌥ 𝟬𝟮:𝟮𝟬
⏰ Last Name: ⌥ 𝟬𝟮:𝟮𝟭
⏰ Last Name: ⌥ 𝟬𝟮:𝟮𝟮
⏰ Last Name: ⌥ 𝟬𝟮:𝟮𝟯
⏰ Last Name: ⌥ 𝟬𝟮:𝟮𝟰
⏰ Last Name: ⌥ 𝟬𝟮:𝟮𝟱
⏰ Last Name: ⌥ 𝟬𝟮:𝟮𝟲
⏰ Last Name: ⌥ 𝟬𝟮:𝟮𝟳
⏰ Last Name: ⌥ 𝟬𝟮:𝟮𝟴
⏰ Last Name: ⌥ 𝟬𝟮:𝟮𝟵
⏰ Last Name: ⌥ 𝟬𝟮:𝟯𝟬
⏰ Last Name: ⌥ 𝟬𝟮:𝟯𝟭
⏰ Last Name: ⌥ 𝟬𝟮:𝟯𝟮
⏰ Last Name: ⌥ 𝟬𝟮:𝟯𝟯
⏰ Last Name: ⌥ 𝟬𝟮:𝟯𝟰
⏰ Last Name: ⌥ 𝟬𝟮:𝟯𝟱
⏰ Last Name: ⌥ 𝟬𝟮:𝟯𝟲
⏰ Last Name: ⌥ 𝟬𝟮:𝟯𝟳
⏰ Last Name: ⌥ 𝟬𝟮:𝟯𝟴
⏰ Last Name: ⌥ 𝟬𝟮:𝟯𝟵
⏰ Last Name: ⌥ 𝟬𝟮:𝟰𝟬
⏰ Last Name: ⌥ 𝟬𝟮:𝟰𝟭
⏰ Last Name: ⌥ 𝟬𝟮:𝟰𝟮
⏰ Last Name: ⌥ 𝟬𝟮:𝟰𝟯
⏰ Last Name: ⌥ 𝟬𝟮:𝟰𝟰
⏰ Last Name: ⌥ 𝟬𝟮:𝟰𝟱
⏰ Last Name: ⌥ 𝟬𝟮:𝟰𝟲
⏰ Last Name: ⌥ 𝟬𝟮:𝟰𝟳
⏰ Last Name: ⌥ 𝟬𝟮:𝟰𝟴
⏰ Last Name: ⌥ 𝟬𝟮:𝟰𝟵
⏰ Last Name: ⌥ 𝟬𝟮:𝟱𝟬
⏰ Last Name: ⌥ 𝟬𝟮:𝟱𝟭
⏰ Last Name: ⌥ 𝟬𝟮:𝟱𝟮
⏰ Last Name: ⌥ 𝟬𝟮:𝟱𝟯
⏰ Last Name: ⌥ 𝟬𝟮:𝟱𝟰
⏰ Last Name: ⌥ 𝟬𝟮:𝟱𝟱
⏰ Last Name: ⌥ 𝟬𝟮:𝟱𝟲
⏰ Last Name: ⌥ 𝟬𝟮:𝟱𝟳
⏰ Last Name: ⌥ 𝟬𝟮:𝟱𝟴
⏰ Last Name: ⌥ 𝟬𝟮:𝟱𝟵
⏰ Last Name: ⌥ 𝟬𝟯:𝟬𝟬
⏰ Last Name: ⌥ 𝟬𝟯:𝟬𝟭
⏰ Last Name: ⌥ 𝟬𝟯:𝟬𝟮
⏰ Last Name: ⌥ 𝟬𝟯:𝟬𝟯
⏰ Last Name: ⌥ 𝟬𝟯:𝟬𝟰
⏰ Last Name: ⌥ 𝟬𝟯:𝟬𝟱
⏰ Last Name: ⌥ 𝟬𝟯:𝟬𝟲
⏰ Last Name: ⌥ 𝟬𝟯:𝟬𝟳
⏰ Last Name: ⌥ 𝟬𝟯:𝟬𝟴
⏰ Last Name: ⌥ 𝟬𝟯:𝟬𝟵
⏰ Last Name: ⌥ 𝟬𝟯:𝟭𝟬
⏰ Last Name: ⌥ 𝟬𝟯:𝟭𝟭
⏰ Last Name: ⌥ 𝟬𝟯:𝟭𝟮
⏰ Last Name: ⌥ 𝟬𝟯:𝟭𝟯
⏰ Last Name: ⌥ 𝟬𝟯:𝟭𝟰
⏰ Last Name: ⌥ 𝟬𝟯:𝟭𝟱
⏰ Last Name: ⌥ 𝟬𝟯:𝟭𝟲
⏰ Last Name: ⌥ 𝟬𝟯:𝟭𝟳
⏰ Last Name: ⌥ 𝟬𝟯:𝟭𝟴
⏰ Last Name: ⌥ 𝟬𝟯:𝟭𝟵
⏰ Last Name: ⌥ 𝟬𝟯:𝟮𝟬
⏰ Last Name: ⌥ 𝟬𝟯:𝟮𝟭
⏰ Last Name: ⌥ 𝟬𝟯:𝟮𝟮
⏰ Last Name: ⌥ 𝟬𝟯:𝟮𝟯
⏰ Last Name: ⌥ 𝟬𝟯:𝟮𝟰
⏰ Last Name: ⌥ 𝟬𝟯:𝟮𝟱
⏰ Last Name: ⌥ 𝟬𝟯:𝟮𝟲
⏰ Last Name: ⌥ 𝟬𝟯:𝟮𝟳
⏰ Last Name: ⌥ 𝟬𝟯:𝟮𝟴
⏰ Last Name: ⌥ 𝟬𝟯:𝟮𝟵
⏰ Last Name: ⌥ 𝟬𝟯:𝟯𝟬
⏰ Last Name: ⌥ 𝟬𝟯:𝟯𝟭
⏰ Last Name: ⌥ 𝟬𝟯:𝟯𝟮
⏰ Last Name: ⌥ 𝟬𝟯:𝟯𝟯
⏰ Last Name: ⌥ 𝟬𝟯:𝟯𝟰
⏰ Last Name: ⌥ 𝟬𝟯:𝟯𝟱
⏰ Last Name: ⌥ 𝟬𝟯:𝟯𝟲
⏰ Last Name: ⌥ 𝟬𝟯:𝟯𝟳
⏰ Last Name: ⌥ 𝟬𝟯:𝟯𝟴
⏰ Last Name: ⌥ 𝟬𝟯:𝟯𝟵
⏰ Last Name: ⌥ 𝟬𝟯:𝟰𝟬
⏰ Last Name: ⌥ 𝟬𝟯:𝟰𝟭
⏰ Last Name: ⌥ 𝟬𝟯:𝟰𝟮
⏰ Last Name: ⌥ 𝟬𝟯:𝟰𝟯
⏰ Last Name: ⌥ 𝟬𝟯:𝟰𝟰
⏰ Last Name: ⌥ 𝟬𝟯:𝟰𝟱
⏰ Last Name: ⌥ 𝟬𝟯:𝟰𝟲
⏰ Last Name: ⌥ 𝟬𝟯:𝟰𝟳
⏰ Last Name: ⌥ 𝟬𝟯:𝟰𝟴
⏰ Last Name: ⌥ 𝟬𝟯:𝟰𝟵
⏰ Last Name: ⌥ 𝟬𝟯:𝟱𝟬
⏰ Last Name: ⌥ 𝟬𝟯:𝟱𝟭
⏰ Last Name: ⌥ 𝟬𝟯:𝟱𝟮
⏰ Last Name: ⌥ 𝟬𝟯:𝟱𝟯
⏰ Last Name: ⌥ 𝟬𝟯:𝟱𝟰
⏰ Last Name: ⌥ 𝟬𝟯:𝟱𝟱
⏰ Last Name: ⌥ 𝟬𝟯:𝟱𝟲
⏰ Last Name: ⌥ 𝟬𝟯:𝟱𝟳
⏰ Last Name: ⌥ 𝟬𝟯:𝟱𝟴
⏰ Last Name: ⌥ 𝟬𝟯:𝟱𝟵
⏰ Last Name: ⌥ 𝟬𝟰:𝟬𝟬
⏰ Last Name: ⌥ 𝟬𝟰:𝟬𝟭
⏰ Last Name: ⌥ 𝟬𝟰:𝟬𝟮
⏰ Last Name: ⌥ 𝟬𝟰:𝟬𝟯
⏰ Last Name: ⌥ 𝟬𝟰:𝟬𝟰
⏰ Last Name: ⌥ 𝟬𝟰:𝟬𝟱
⏰ Last Name: ⌥ 𝟬𝟰:𝟬𝟲
⏰ Last Name: ⌥ 𝟬𝟰:𝟬𝟳
⏰ Last Name: ⌥ 𝟬𝟰:𝟬𝟴
⏰ Last Name: ⌥ 𝟬𝟰:𝟬𝟵
⏰ Last Name: ⌥ 𝟬𝟰:𝟭𝟬
⏰ Last Name: ⌥ 𝟬𝟰:𝟭𝟭
⏰ Last Name: ⌥ 𝟬𝟰:𝟭𝟮
⏰ Last Name: ⌥ 𝟬𝟰:𝟭𝟯
⏰ Last Name: ⌥ 𝟬𝟰:𝟭𝟰
⏰ Last Name: ⌥ 𝟬𝟰:𝟭𝟱
⏰ Last Name: ⌥ 𝟬𝟰:𝟭𝟲
⏰ Last Name: ⌥ 𝟬𝟰:𝟭𝟳
⏰ Last Name: ⌥ 𝟬𝟰:𝟭𝟴
⏰ Last Name: ⌥ 𝟬𝟰:𝟭𝟵
⏰ Last Name: ⌥ 𝟬𝟰:𝟮𝟬
⏰ Last Name: ⌥ 𝟬𝟰:𝟮𝟭
⏰ Last Name: ⌥ 𝟬𝟰:𝟮𝟮
⏰ Last Name: ⌥ 𝟬𝟰:𝟮𝟯
⏰ Last Name: ⌥ 𝟬𝟰:𝟮𝟰
⏰ Last Name: ⌥ 𝟬𝟰:𝟮𝟱
⏰ Last Name: ⌥ 𝟬𝟰:𝟮𝟲
⏰ Last Name: ⌥ 𝟬𝟰:𝟮𝟳
⏰ Last Name: ⌥ 𝟬𝟰:𝟮𝟴
⏰ Last Name: ⌥ 𝟬𝟰:𝟮𝟵
⏰ Last Name: ⌥ 𝟬𝟰:𝟯𝟬
⏰ Last Name: ⌥ 𝟬𝟰:𝟯𝟭
⏰ Last Name: ⌥ 𝟬𝟰:𝟯𝟮
⏰ Last Name: ⌥ 𝟬𝟰:𝟯𝟯
⏰ Last Name: ⌥ 𝟬𝟰:𝟯𝟰
⏰ Last Name: ⌥ 𝟬𝟰:𝟯𝟱
⏰ Last Name: ⌥ 𝟬𝟰:𝟯𝟲
⏰ Last Name: ⌥ 𝟬𝟰:𝟯𝟳
⏰ Last Name: ⌥ 𝟬𝟰:𝟯𝟴
⏰ Last Name: ⌥ 𝟬𝟰:𝟯𝟵
⏰ Last Name: ⌥ 𝟬𝟰:𝟰𝟬
⏰ Last Name: ⌥ 𝟬𝟰:𝟰𝟭
⏰ Last Name: ⌥ 𝟬𝟰:𝟰𝟮
⏰ Last Name: ⌥ 𝟬𝟰:𝟰𝟯
⏰ Last Name: ⌥ 𝟬𝟰:𝟰𝟰
⏰ Last Name: ⌥ 𝟬𝟰:𝟰𝟱
⏰ Last Name: ⌥ 𝟬𝟰:𝟰𝟲
⏰ Last Name: ⌥ 𝟬𝟰:𝟰𝟳
⏰ Last Name: ⌥ 𝟬𝟰:𝟰𝟴
⏰ Last Name: ⌥ 𝟬𝟰:𝟰𝟵
⏰ Last Name: ⌥ 𝟬𝟰:𝟱𝟬
⏰ Last Name: ⌥ 𝟬𝟰:𝟱𝟭
⏰ Last Name: ⌥ 𝟬𝟰:𝟱𝟮
⏰ Last Name: ⌥ 𝟬𝟰:𝟱𝟯
⏰ Last Name: ⌥ 𝟬𝟰:𝟱𝟰
⏰ Last Name: ⌥ 𝟬𝟰:𝟱𝟱
⏰ Last Name: ⌥ 𝟬𝟰:𝟱𝟲
⏰ Last Name: ⌥ 𝟬𝟰:𝟱𝟳
⏰ Last Name: ⌥ 𝟬𝟰:𝟱𝟴
⏰ Last Name: ⌥ 𝟬𝟰:𝟱𝟵
⏰ Last Name: ⌥ 𝟬𝟱:𝟬𝟬
⏰ Last Name: ⌥ 𝟬𝟱:𝟬𝟭
⏰ Last Name: ⌥ 𝟬𝟱:𝟬𝟮
💜 Auto React [user:6990187779]: ❤️
⏰ Last Name: ⌥ 𝟬𝟱:𝟬𝟯
⏰ Last Name: ⌥ 𝟬𝟱:𝟬𝟰
⏰ Last Name: ⌥ 𝟬𝟱:𝟬𝟱
⏰ Last Name: ⌥ 𝟬𝟱:𝟬𝟲
⏰ Last Name: ⌥ 𝟬𝟱:𝟬𝟳
⏰ Last Name: ⌥ 𝟬𝟱:𝟬𝟴
⏰ Last Name: ⌥ 𝟬𝟱:𝟬𝟵
⏰ Last Name: ⌥ 𝟬𝟱:𝟭𝟬
⏰ Last Name: ⌥ 𝟬𝟱:𝟭𝟭
⏰ Last Name: ⌥ 𝟬𝟱:𝟭𝟮
⏰ Last Name: ⌥ 𝟬𝟱:𝟭𝟯
⏰ Last Name: ⌥ 𝟬𝟱:𝟭𝟰
⏰ Last Name: ⌥ 𝟬𝟱:𝟭𝟱
⏰ Last Name: ⌥ 𝟬𝟱:𝟭𝟲
⏰ Last Name: ⌥ 𝟬𝟱:𝟭𝟳
⏰ Last Name: ⌥ 𝟬𝟱:𝟭𝟴
⏰ Last Name: ⌥ 𝟬𝟱:𝟭𝟵
⏰ Last Name: ⌥ 𝟬𝟱:𝟮𝟬
⏰ Last Name: ⌥ 𝟬𝟱:𝟮𝟭
⏰ Last Name: ⌥ 𝟬𝟱:𝟮𝟮
⏰ Last Name: ⌥ 𝟬𝟱:𝟮𝟯
⏰ Last Name: ⌥ 𝟬𝟱:𝟮𝟰
⏰ Last Name: ⌥ 𝟬𝟱:𝟮𝟱
⏰ Last Name: ⌥ 𝟬𝟱:𝟮𝟲
⏰ Last Name: ⌥ 𝟬𝟱:𝟮𝟳
⏰ Last Name: ⌥ 𝟬𝟱:𝟮𝟴
⏰ Last Name: ⌥ 𝟬𝟱:𝟮𝟵
⏰ Last Name: ⌥ 𝟬𝟱:𝟯𝟬
⏰ Last Name: ⌥ 𝟬𝟱:𝟯𝟭
⏰ Last Name: ⌥ 𝟬𝟱:𝟯𝟮
⏰ Last Name: ⌥ 𝟬𝟱:𝟯𝟯
⏰ Last Name: ⌥ 𝟬𝟱:𝟯𝟰
⏰ Last Name: ⌥ 𝟬𝟱:𝟯𝟱
⏰ Last Name: ⌥ 𝟬𝟱:𝟯𝟲
⏰ Last Name: ⌥ 𝟬𝟱:𝟯𝟳
⏰ Last Name: ⌥ 𝟬𝟱:𝟯𝟴
⏰ Last Name: ⌥ 𝟬𝟱:𝟯𝟵
⏰ Last Name: ⌥ 𝟬𝟱:𝟰𝟬
⏰ Last Name: ⌥ 𝟬𝟱:𝟰𝟭
⏰ Last Name: ⌥ 𝟬𝟱:𝟰𝟮
⏰ Last Name: ⌥ 𝟬𝟱:𝟰𝟯
⏰ Last Name: ⌥ 𝟬𝟱:𝟰𝟰
⏰ Last Name: ⌥ 𝟬𝟱:𝟰𝟱
⏰ Last Name: ⌥ 𝟬𝟱:𝟰𝟲
⏰ Last Name: ⌥ 𝟬𝟱:𝟰𝟳
⏰ Last Name: ⌥ 𝟬𝟱:𝟰𝟴
⏰ Last Name: ⌥ 𝟬𝟱:𝟰𝟵
⏰ Last Name: ⌥ 𝟬𝟱:𝟱𝟬
⏰ Last Name: ⌥ 𝟬𝟱:𝟱𝟭
⏰ Last Name: ⌥ 𝟬𝟱:𝟱𝟮
⏰ Last Name: ⌥ 𝟬𝟱:𝟱𝟯
⏰ Last Name: ⌥ 𝟬𝟱:𝟱𝟰
⏰ Last Name: ⌥ 𝟬𝟱:𝟱𝟱
⏰ Last Name: ⌥ 𝟬𝟱:𝟱𝟲
⏰ Last Name: ⌥ 𝟬𝟱:𝟱𝟳
⏰ Last Name: ⌥ 𝟬𝟱:𝟱𝟴
⏰ Last Name: ⌥ 𝟬𝟱:𝟱𝟵
⏰ Last Name: ⌥ 𝟬𝟲:𝟬𝟬
⏰ Last Name: ⌥ 𝟬𝟲:𝟬𝟭
⏰ Last Name: ⌥ 𝟬𝟲:𝟬𝟮
⏰ Last Name: ⌥ 𝟬𝟲:𝟬𝟯
⏰ Last Name: ⌥ 𝟬𝟲:𝟬𝟰
⏰ Last Name: ⌥ 𝟬𝟲:𝟬𝟱
⏰ Last Name: ⌥ 𝟬𝟲:𝟬𝟲
⏰ Last Name: ⌥ 𝟬𝟲:𝟬𝟳
⏰ Last Name: ⌥ 𝟬𝟲:𝟬𝟴
⏰ Last Name: ⌥ 𝟬𝟲:𝟬𝟵
⏰ Last Name: ⌥ 𝟬𝟲:𝟭𝟬
⏰ Last Name: ⌥ 𝟬𝟲:𝟭𝟭
⏰ Last Name: ⌥ 𝟬𝟲:𝟭𝟮
⏰ Last Name: ⌥ 𝟬𝟲:𝟭𝟯
⏰ Last Name: ⌥ 𝟬𝟲:𝟭𝟰
⏰ Last Name: ⌥ 𝟬𝟲:𝟭𝟱
⏰ Last Name: ⌥ 𝟬𝟲:𝟭𝟲
⏰ Last Name: ⌥ 𝟬𝟲:𝟭𝟳
⏰ Last Name: ⌥ 𝟬𝟲:𝟭𝟴
⏰ Last Name: ⌥ 𝟬𝟲:𝟭𝟵
⏰ Last Name: ⌥ 𝟬𝟲:𝟮𝟬
⏰ Last Name: ⌥ 𝟬𝟲:𝟮𝟭
⏰ Last Name: ⌥ 𝟬𝟲:𝟮𝟮
⏰ Last Name: ⌥ 𝟬𝟲:𝟮𝟯
⏰ Last Name: ⌥ 𝟬𝟲:𝟮𝟰
⏰ Last Name: ⌥ 𝟬𝟲:𝟮𝟱
⏰ Last Name: ⌥ 𝟬𝟲:𝟮𝟲
⏰ Last Name: ⌥ 𝟬𝟲:𝟮𝟳
⏰ Last Name: ⌥ 𝟬𝟲:𝟮𝟴
⏰ Last Name: ⌥ 𝟬𝟲:𝟮𝟵
⏰ Last Name: ⌥ 𝟬𝟲:𝟯𝟬
⏰ Last Name: ⌥ 𝟬𝟲:𝟯𝟭
⏰ Last Name: ⌥ 𝟬𝟲:𝟯𝟮
⏰ Last Name: ⌥ 𝟬𝟲:𝟯𝟯
⏰ Last Name: ⌥ 𝟬𝟲:𝟯𝟰
⏰ Last Name: ⌥ 𝟬𝟲:𝟯𝟱
⏰ Last Name: ⌥ 𝟬𝟲:𝟯𝟲
⏰ Last Name: ⌥ 𝟬𝟲:𝟯𝟳
⏰ Last Name: ⌥ 𝟬𝟲:𝟯𝟴
⏰ Last Name: ⌥ 𝟬𝟲:𝟯𝟵
⏰ Last Name: ⌥ 𝟬𝟲:𝟰𝟬
⏰ Last Name: ⌥ 𝟬𝟲:𝟰𝟭
⏰ Last Name: ⌥ 𝟬𝟲:𝟰𝟮
⏰ Last Name: ⌥ 𝟬𝟲:𝟰𝟯
⏰ Last Name: ⌥ 𝟬𝟲:𝟰𝟰
⏰ Last Name: ⌥ 𝟬𝟲:𝟰𝟱
⏰ Last Name: ⌥ 𝟬𝟲:𝟰𝟲
⏰ Last Name: ⌥ 𝟬𝟲:𝟰𝟳
⏰ Last Name: ⌥ 𝟬𝟲:𝟰𝟴
⏰ Last Name: ⌥ 𝟬𝟲:𝟰𝟵
⏰ Last Name: ⌥ 𝟬𝟲:𝟱𝟬
⏰ Last Name: ⌥ 𝟬𝟲:𝟱𝟭
⏰ Last Name: ⌥ 𝟬𝟲:𝟱𝟮
⏰ Last Name: ⌥ 𝟬𝟲:𝟱𝟯
⏰ Last Name: ⌥ 𝟬𝟲:𝟱𝟰
⏰ Last Name: ⌥ 𝟬𝟲:𝟱𝟱
⏰ Last Name: ⌥ 𝟬𝟲:𝟱𝟲
⏰ Last Name: ⌥ 𝟬𝟲:𝟱𝟳
⏰ Last Name: ⌥ 𝟬𝟲:𝟱𝟴
⏰ Last Name: ⌥ 𝟬𝟲:𝟱𝟵
⏰ Last Name: ⌥ 𝟬𝟳:𝟬𝟬
⏰ Last Name: ⌥ 𝟬𝟳:𝟬𝟭
⏰ Last Name: ⌥ 𝟬𝟳:𝟬𝟮
⏰ Last Name: ⌥ 𝟬𝟳:𝟬𝟯
⏰ Last Name: ⌥ 𝟬𝟳:𝟬𝟰
⏰ Last Name: ⌥ 𝟬𝟳:𝟬𝟱
⏰ Last Name: ⌥ 𝟬𝟳:𝟬𝟲
⏰ Last Name: ⌥ 𝟬𝟳:𝟬𝟳
⏰ Last Name: ⌥ 𝟬𝟳:𝟬𝟴
⏰ Last Name: ⌥ 𝟬𝟳:𝟬𝟵
⏰ Last Name: ⌥ 𝟬𝟳:𝟭𝟬
⏰ Last Name: ⌥ 𝟬𝟳:𝟭𝟭
⏰ Last Name: ⌥ 𝟬𝟳:𝟭𝟮
⏰ Last Name: ⌥ 𝟬𝟳:𝟭𝟯
⏰ Last Name: ⌥ 𝟬𝟳:𝟭𝟰
⏰ Last Name: ⌥ 𝟬𝟳:𝟭𝟱
⏰ Last Name: ⌥ 𝟬𝟳:𝟭𝟲
⏰ Last Name: ⌥ 𝟬𝟳:𝟭𝟳
⏰ Last Name: ⌥ 𝟬𝟳:𝟭𝟴
⏰ Last Name: ⌥ 𝟬𝟳:𝟭𝟵
⏰ Last Name: ⌥ 𝟬𝟳:𝟮𝟬
⏰ Last Name: ⌥ 𝟬𝟳:𝟮𝟭
⏰ Last Name: ⌥ 𝟬𝟳:𝟮𝟮
⏰ Last Name: ⌥ 𝟬𝟳:𝟮𝟯
⏰ Last Name: ⌥ 𝟬𝟳:𝟮𝟰
⏰ Last Name: ⌥ 𝟬𝟳:𝟮𝟱
⏰ Last Name: ⌥ 𝟬𝟳:𝟮𝟲
⏰ Last Name: ⌥ 𝟬𝟳:𝟮𝟳
⏰ Last Name: ⌥ 𝟬𝟳:𝟮𝟴
⏰ Last Name: ⌥ 𝟬𝟳:𝟮𝟵
⏰ Last Name: ⌥ 𝟬𝟳:𝟯𝟬
⏰ Last Name: ⌥ 𝟬𝟳:𝟯𝟭
⏰ Last Name: ⌥ 𝟬𝟳:𝟯𝟮
⏰ Last Name: ⌥ 𝟬𝟳:𝟯𝟯
⏰ Last Name: ⌥ 𝟬𝟳:𝟯𝟰
⏰ Last Name: ⌥ 𝟬𝟳:𝟯𝟱
⏰ Last Name: ⌥ 𝟬𝟳:𝟯𝟲
⏰ Last Name: ⌥ 𝟬𝟳:𝟯𝟳
⏰ Last Name: ⌥ 𝟬𝟳:𝟯𝟴
⏰ Last Name: ⌥ 𝟬𝟳:𝟯𝟵
⏰ Last Name: ⌥ 𝟬𝟳:𝟰𝟬
⏰ Last Name: ⌥ 𝟬𝟳:𝟰𝟭
⏰ Last Name: ⌥ 𝟬𝟳:𝟰𝟮
⏰ Last Name: ⌥ 𝟬𝟳:𝟰𝟯
⏰ Last Name: ⌥ 𝟬𝟳:𝟰𝟰
⏰ Last Name: ⌥ 𝟬𝟳:𝟰𝟱
⏰ Last Name: ⌥ 𝟬𝟳:𝟰𝟲
⏰ Last Name: ⌥ 𝟬𝟳:𝟰𝟳
⏰ Last Name: ⌥ 𝟬𝟳:𝟰𝟴
⏰ Last Name: ⌥ 𝟬𝟳:𝟰𝟵
⏰ Last Name: ⌥ 𝟬𝟳:𝟱𝟬
⏰ Last Name: ⌥ 𝟬𝟳:𝟱𝟭
⏰ Last Name: ⌥ 𝟬𝟳:𝟱𝟮
⏰ Last Name: ⌥ 𝟬𝟳:𝟱𝟯
⏰ Last Name: ⌥ 𝟬𝟳:𝟱𝟰
⏰ Last Name: ⌥ 𝟬𝟳:𝟱𝟱
⏰ Last Name: ⌥ 𝟬𝟳:𝟱𝟲
⏰ Last Name: ⌥ 𝟬𝟳:𝟱𝟳
⏰ Last Name: ⌥ 𝟬𝟳:𝟱𝟴
⏰ Last Name: ⌥ 𝟬𝟳:𝟱𝟵
⏰ Last Name: ⌥ 𝟬𝟴:𝟬𝟬
⏰ Last Name: ⌥ 𝟬𝟴:𝟬𝟭
⏰ Last Name: ⌥ 𝟬𝟴:𝟬𝟮
⏰ Last Name: ⌥ 𝟬𝟴:𝟬𝟯
⏰ Last Name: ⌥ 𝟬𝟴:𝟬𝟰
⏰ Last Name: ⌥ 𝟬𝟴:𝟬𝟱
⏰ Last Name: ⌥ 𝟬𝟴:𝟬𝟲
⏰ Last Name: ⌥ 𝟬𝟴:𝟬𝟳
⏰ Last Name: ⌥ 𝟬𝟴:𝟬𝟴
⏰ Last Name: ⌥ 𝟬𝟴:𝟬𝟵
⏰ Last Name: ⌥ 𝟬𝟴:𝟭𝟬
⏰ Last Name: ⌥ 𝟬𝟴:𝟭𝟭
⏰ Last Name: ⌥ 𝟬𝟴:𝟭𝟮
⏰ Last Name: ⌥ 𝟬𝟴:𝟭𝟯
⏰ Last Name: ⌥ 𝟬𝟴:𝟭𝟰
⏰ Last Name: ⌥ 𝟬𝟴:𝟭𝟱
⏰ Last Name: ⌥ 𝟬𝟴:𝟭𝟲
⏰ Last Name: ⌥ 𝟬𝟴:𝟭𝟳
⏰ Last Name: ⌥ 𝟬𝟴:𝟭𝟴
⏰ Last Name: ⌥ 𝟬𝟴:𝟭𝟵
⏰ Last Name: ⌥ 𝟬𝟴:𝟮𝟬
⏰ Last Name: ⌥ 𝟬𝟴:𝟮𝟭
⏰ Last Name: ⌥ 𝟬𝟴:𝟮𝟮
⏰ Last Name: ⌥ 𝟬𝟴:𝟮𝟯
⏰ Last Name: ⌥ 𝟬𝟴:𝟮𝟰
⏰ Last Name: ⌥ 𝟬𝟴:𝟮𝟱
⏰ Last Name: ⌥ 𝟬𝟴:𝟮𝟲
⏰ Last Name: ⌥ 𝟬𝟴:𝟮𝟳
⏰ Last Name: ⌥ 𝟬𝟴:𝟮𝟴
⏰ Last Name: ⌥ 𝟬𝟴:𝟮𝟵
⏰ Last Name: ⌥ 𝟬𝟴:𝟯𝟬
⏰ Last Name: ⌥ 𝟬𝟴:𝟯𝟭
⏰ Last Name: ⌥ 𝟬𝟴:𝟯𝟮
⏰ Last Name: ⌥ 𝟬𝟴:𝟯𝟯
⏰ Last Name: ⌥ 𝟬𝟴:𝟯𝟰
⏰ Last Name: ⌥ 𝟬𝟴:𝟯𝟱
⏰ Last Name: ⌥ 𝟬𝟴:𝟯𝟲
⏰ Last Name: ⌥ 𝟬𝟴:𝟯𝟳
⏰ Last Name: ⌥ 𝟬𝟴:𝟯𝟴
⏰ Last Name: ⌥ 𝟬𝟴:𝟯𝟵
⏰ Last Name: ⌥ 𝟬𝟴:𝟰𝟬
⏰ Last Name: ⌥ 𝟬𝟴:𝟰𝟭
⏰ Last Name: ⌥ 𝟬𝟴:𝟰𝟮
⏰ Last Name: ⌥ 𝟬𝟴:𝟰𝟯
⏰ Last Name: ⌥ 𝟬𝟴:𝟰𝟰
⏰ Last Name: ⌥ 𝟬𝟴:𝟰𝟱
⏰ Last Name: ⌥ 𝟬𝟴:𝟰𝟲
⏰ Last Name: ⌥ 𝟬𝟴:𝟰𝟳
⏰ Last Name: ⌥ 𝟬𝟴:𝟰𝟴
⏰ Last Name: ⌥ 𝟬𝟴:𝟰𝟵
⏰ Last Name: ⌥ 𝟬𝟴:𝟱𝟬
⏰ Last Name: ⌥ 𝟬𝟴:𝟱𝟭
⏰ Last Name: ⌥ 𝟬𝟴:𝟱𝟮
⏰ Last Name: ⌥ 𝟬𝟴:𝟱𝟯
⏰ Last Name: ⌥ 𝟬𝟴:𝟱𝟰
⏰ Last Name: ⌥ 𝟬𝟴:𝟱𝟱
⏰ Last Name: ⌥ 𝟬𝟴:𝟱𝟲
⏰ Last Name: ⌥ 𝟬𝟴:𝟱𝟳
⏰ Last Name: ⌥ 𝟬𝟴:𝟱𝟴
⏰ Last Name: ⌥ 𝟬𝟴:𝟱𝟵
⏰ Last Name: ⌥ 𝟬𝟵:𝟬𝟬
⏰ Last Name: ⌥ 𝟬𝟵:𝟬𝟭
⏰ Last Name: ⌥ 𝟬𝟵:𝟬𝟮
⏰ Last Name: ⌥ 𝟬𝟵:𝟬𝟯
⏰ Last Name: ⌥ 𝟬𝟵:𝟬𝟰
⏰ Last Name: ⌥ 𝟬𝟵:𝟬𝟱
⏰ Last Name: ⌥ 𝟬𝟵:𝟬𝟲
⏰ Last Name: ⌥ 𝟬𝟵:𝟬𝟳
⏰ Last Name: ⌥ 𝟬𝟵:𝟬𝟴
⏰ Last Name: ⌥ 𝟬𝟵:𝟬𝟵
⏰ Last Name: ⌥ 𝟬𝟵:𝟭𝟬
⏰ Last Name: ⌥ 𝟬𝟵:𝟭𝟭
⏰ Last Name: ⌥ 𝟬𝟵:𝟭𝟮
⏰ Last Name: ⌥ 𝟬𝟵:𝟭𝟯
⏰ Last Name: ⌥ 𝟬𝟵:𝟭𝟰
⏰ Last Name: ⌥ 𝟬𝟵:𝟭𝟱
⏰ Last Name: ⌥ 𝟬𝟵:𝟭𝟲
⏰ Last Name: ⌥ 𝟬𝟵:𝟭𝟳
⏰ Last Name: ⌥ 𝟬𝟵:𝟭𝟴
⏰ Last Name: ⌥ 𝟬𝟵:𝟭𝟵
⏰ Last Name: ⌥ 𝟬𝟵:𝟮𝟬
⏰ Last Name: ⌥ 𝟬𝟵:𝟮𝟭
⏰ Last Name: ⌥ 𝟬𝟵:𝟮𝟮
⏰ Last Name: ⌥ 𝟬𝟵:𝟮𝟯
🎨 اعمال افکت‌های ['bold_italic'] روی: نسخه ۱‌.۷.۳۷ به بالا
✅ افکت اعمال شد
🎨 اعمال افکت‌های ['bold_italic'] روی: فیلتر شکن بزن
✅ افکت اعمال شد
🎨 اعمال افکت‌های ['bold_italic'] روی: سلام ، خیر
✅ افکت اعمال شد
⏰ Last Name: ⌥ 𝟬𝟵:𝟮𝟰
🎨 اعمال افکت‌های ['bold_italic'] روی: تو دیکد کن
✅ افکت اعمال شد
🎨 اعمال افکت‌های ['bold_italic'] روی: آپدیت شده دیگه
✅ افکت اعمال شد
⏰ Last Name: ⌥ 𝟬𝟵:𝟮𝟱
⏰ Last Name: ⌥ 𝟬𝟵:𝟮𝟲
⏰ Last Name: ⌥ 𝟬𝟵:𝟮𝟳
⏰ Last Name: ⌥ 𝟬𝟵:𝟮𝟴
⏰ Last Name: ⌥ 𝟬𝟵:𝟮𝟵
⏰ Last Name: ⌥ 𝟬𝟵:𝟯𝟬
⏰ Last Name: ⌥ 𝟬𝟵:𝟯𝟭
⏰ Last Name: ⌥ 𝟬𝟵:𝟯𝟮
⏰ Last Name: ⌥ 𝟬𝟵:𝟯𝟯
⏰ Last Name: ⌥ 𝟬𝟵:𝟯𝟰
⏰ Last Name: ⌥ 𝟬𝟵:𝟯𝟱
⏰ Last Name: ⌥ 𝟬𝟵:𝟯𝟲
⏰ Last Name: ⌥ 𝟬𝟵:𝟯𝟳
⏰ Last Name: ⌥ 𝟬𝟵:𝟯𝟴
⏰ Last Name: ⌥ 𝟬𝟵:𝟯𝟵
⏰ Last Name: ⌥ 𝟬𝟵:𝟰𝟬
⏰ Last Name: ⌥ 𝟬𝟵:𝟰𝟭
⏰ Last Name: ⌥ 𝟬𝟵:𝟰𝟮
⏰ Last Name: ⌥ 𝟬𝟵:𝟰𝟯
⏰ Last Name: ⌥ 𝟬𝟵:𝟰𝟰
⏰ Last Name: ⌥ 𝟬𝟵:𝟰𝟱
⏰ Last Name: ⌥ 𝟬𝟵:𝟰𝟲
⏰ Last Name: ⌥ 𝟬𝟵:𝟰𝟳
⏰ Last Name: ⌥ 𝟬𝟵:𝟰𝟴
⏰ Last Name: ⌥ 𝟬𝟵:𝟰𝟵
⏰ Last Name: ⌥ 𝟬𝟵:𝟱𝟬
⏰ Last Name: ⌥ 𝟬𝟵:𝟱𝟭
⏰ Last Name: ⌥ 𝟬𝟵:𝟱𝟮
⏰ Last Name: ⌥ 𝟬𝟵:𝟱𝟯
⏰ Last Name: ⌥ 𝟬𝟵:𝟱𝟰
⏰ Last Name: ⌥ 𝟬𝟵:𝟱𝟱
⏰ Last Name: ⌥ 𝟬𝟵:𝟱𝟲
⏰ Last Name: ⌥ 𝟬𝟵:𝟱𝟳
⏰ Last Name: ⌥ 𝟬𝟵:𝟱𝟴
⏰ Last Name: ⌥ 𝟬𝟵:𝟱𝟵
⏰ Last Name: ⌥ 𝟭𝟬:𝟬𝟬
⏰ Last Name: ⌥ 𝟭𝟬:𝟬𝟭
⏰ Last Name: ⌥ 𝟭𝟬:𝟬𝟮
⏰ Last Name: ⌥ 𝟭𝟬:𝟬𝟯
⏰ Last Name: ⌥ 𝟭𝟬:𝟬𝟰
⏰ Last Name: ⌥ 𝟭𝟬:𝟬𝟱
⏰ Last Name: ⌥ 𝟭𝟬:𝟬𝟲
⏰ Last Name: ⌥ 𝟭𝟬:𝟬𝟳
⏰ Last Name: ⌥ 𝟭𝟬:𝟬𝟴
⏰ Last Name: ⌥ 𝟭𝟬:𝟬𝟵
⏰ Last Name: ⌥ 𝟭𝟬:𝟭𝟬
⏰ Last Name: ⌥ 𝟭𝟬:𝟭𝟭
⏰ Last Name: ⌥ 𝟭𝟬:𝟭𝟮
⏰ Last Name: ⌥ 𝟭𝟬:𝟭𝟯
⏰ Last Name: ⌥ 𝟭𝟬:𝟭𝟰
⏰ Last Name: ⌥ 𝟭𝟬:𝟭𝟱
⏰ Last Name: ⌥ 𝟭𝟬:𝟭𝟲
⏰ Last Name: ⌥ 𝟭𝟬:𝟭𝟳
⏰ Last Name: ⌥ 𝟭𝟬:𝟭𝟴
⏰ Last Name: ⌥ 𝟭𝟬:𝟭𝟵
⏰ Last Name: ⌥ 𝟭𝟬:𝟮𝟬
⏰ Last Name: ⌥ 𝟭𝟬:𝟮𝟭
⏰ Last Name: ⌥ 𝟭𝟬:𝟮𝟮
⏰ Last Name: ⌥ 𝟭𝟬:𝟮𝟯
⏰ Last Name: ⌥ 𝟭𝟬:𝟮𝟰
⏰ Last Name: ⌥ 𝟭𝟬:𝟮𝟱
⏰ Last Name: ⌥ 𝟭𝟬:𝟮𝟲
⏰ Last Name: ⌥ 𝟭𝟬:𝟮𝟳
⏰ Last Name: ⌥ 𝟭𝟬:𝟮𝟴
⏰ Last Name: ⌥ 𝟭𝟬:𝟮𝟵
⏰ Last Name: ⌥ 𝟭𝟬:𝟯𝟬
⏰ Last Name: ⌥ 𝟭𝟬:𝟯𝟭
⏰ Last Name: ⌥ 𝟭𝟬:𝟯𝟮
⏰ Last Name: ⌥ 𝟭𝟬:𝟯𝟯
⏰ Last Name: ⌥ 𝟭𝟬:𝟯𝟰
⏰ Last Name: ⌥ 𝟭𝟬:𝟯𝟱
⏰ Last Name: ⌥ 𝟭𝟬:𝟯𝟲
⏰ Last Name: ⌥ 𝟭𝟬:𝟯𝟳
⏰ Last Name: ⌥ 𝟭𝟬:𝟯𝟴
⏰ Last Name: ⌥ 𝟭𝟬:𝟯𝟵
⏰ Last Name: ⌥ 𝟭𝟬:𝟰𝟬
⏰ Last Name: ⌥ 𝟭𝟬:𝟰𝟭
⏰ Last Name: ⌥ 𝟭𝟬:𝟰𝟮
⏰ Last Name: ⌥ 𝟭𝟬:𝟰𝟯
⏰ Last Name: ⌥ 𝟭𝟬:𝟰𝟰
⏰ Last Name: ⌥ 𝟭𝟬:𝟰𝟱
⏰ Last Name: ⌥ 𝟭𝟬:𝟰𝟲
⏰ Last Name: ⌥ 𝟭𝟬:𝟰𝟳
⏰ Last Name: ⌥ 𝟭𝟬:𝟰𝟴
⏰ Last Name: ⌥ 𝟭𝟬:𝟰𝟵
⏰ Last Name: ⌥ 𝟭𝟬:𝟱𝟬
⏰ Last Name: ⌥ 𝟭𝟬:𝟱𝟭
⏰ Last Name: ⌥ 𝟭𝟬:𝟱𝟮
⏰ Last Name: ⌥ 𝟭𝟬:𝟱𝟯
⏰ Last Name: ⌥ 𝟭𝟬:𝟱𝟰
⏰ Last Name: ⌥ 𝟭𝟬:𝟱𝟱
⏰ Last Name: ⌥ 𝟭𝟬:𝟱𝟲
⏰ Last Name: ⌥ 𝟭𝟬:𝟱𝟳
⏰ Last Name: ⌥ 𝟭𝟬:𝟱𝟴
⏰ Last Name: ⌥ 𝟭𝟬:𝟱𝟵
⏰ Last Name: ⌥ 𝟭𝟭:𝟬𝟬
⏰ Last Name: ⌥ 𝟭𝟭:𝟬𝟭
⏰ Last Name: ⌥ 𝟭𝟭:𝟬𝟮
⏰ Last Name: ⌥ 𝟭𝟭:𝟬𝟯
⏰ Last Name: ⌥ 𝟭𝟭:𝟬𝟰
⏰ Last Name: ⌥ 𝟭𝟭:𝟬𝟱
⏰ Last Name: ⌥ 𝟭𝟭:𝟬𝟲
⏰ Last Name: ⌥ 𝟭𝟭:𝟬𝟳
⏰ Last Name: ⌥ 𝟭𝟭:𝟬𝟴
⏰ Last Name: ⌥ 𝟭𝟭:𝟬𝟵
⏰ Last Name: ⌥ 𝟭𝟭:𝟭𝟬
⏰ Last Name: ⌥ 𝟭𝟭:𝟭𝟭
⏰ Last Name: ⌥ 𝟭𝟭:𝟭𝟮
⏰ Last Name: ⌥ 𝟭𝟭:𝟭𝟯
⏰ Last Name: ⌥ 𝟭𝟭:𝟭𝟰
⏰ Last Name: ⌥ 𝟭𝟭:𝟭𝟱
⏰ Last Name: ⌥ 𝟭𝟭:𝟭𝟲
⏰ Last Name: ⌥ 𝟭𝟭:𝟭𝟳
⏰ Last Name: ⌥ 𝟭𝟭:𝟭𝟴
⏰ Last Name: ⌥ 𝟭𝟭:𝟭𝟵
⏰ Last Name: ⌥ 𝟭𝟭:𝟮𝟬
⏰ Last Name: ⌥ 𝟭𝟭:𝟮𝟭
⏰ Last Name: ⌥ 𝟭𝟭:𝟮𝟮
⏰ Last Name: ⌥ 𝟭𝟭:𝟮𝟯
⏰ Last Name: ⌥ 𝟭𝟭:𝟮𝟰
⏰ Last Name: ⌥ 𝟭𝟭:𝟮𝟱
⏰ Last Name: ⌥ 𝟭𝟭:𝟮𝟲
⏰ Last Name: ⌥ 𝟭𝟭:𝟮𝟳
⏰ Last Name: ⌥ 𝟭𝟭:𝟮𝟴
⏰ Last Name: ⌥ 𝟭𝟭:𝟮𝟵
⏰ Last Name: ⌥ 𝟭𝟭:𝟯𝟬
⏰ Last Name: ⌥ 𝟭𝟭:𝟯𝟭
⏰ Last Name: ⌥ 𝟭𝟭:𝟯𝟮
⏰ Last Name: ⌥ 𝟭𝟭:𝟯𝟯
⏰ Last Name: ⌥ 𝟭𝟭:𝟯𝟰
⏰ Last Name: ⌥ 𝟭𝟭:𝟯𝟱
⏰ Last Name: ⌥ 𝟭𝟭:𝟯𝟲
⏰ Last Name: ⌥ 𝟭𝟭:𝟯𝟳
⏰ Last Name: ⌥ 𝟭𝟭:𝟯𝟴
⏰ Last Name: ⌥ 𝟭𝟭:𝟯𝟵
⏰ Last Name: ⌥ 𝟭𝟭:𝟰𝟬
⏰ Last Name: ⌥ 𝟭𝟭:𝟰𝟭
⏰ Last Name: ⌥ 𝟭𝟭:𝟰𝟮
⏰ Last Name: ⌥ 𝟭𝟭:𝟰𝟯
⏰ Last Name: ⌥ 𝟭𝟭:𝟰𝟰
⏰ Last Name: ⌥ 𝟭𝟭:𝟰𝟱
⏰ Last Name: ⌥ 𝟭𝟭:𝟰𝟲
⏰ Last Name: ⌥ 𝟭𝟭:𝟰𝟳
⏰ Last Name: ⌥ 𝟭𝟭:𝟰𝟴
⏰ Last Name: ⌥ 𝟭𝟭:𝟰𝟵
⏰ Last Name: ⌥ 𝟭𝟭:𝟱𝟬
⏰ Last Name: ⌥ 𝟭𝟭:𝟱𝟭
🎨 اعمال افکت‌های ['bold_italic'] روی: با چی دیکد کردی
✅ افکت اعمال شد
⏰ Last Name: ⌥ 𝟭𝟭:𝟱𝟮
🎨 اعمال افکت‌های ['bold_italic'] روی: چرا حالا دوتا نسخه ی جداست
✅ افکت اعمال شد
⏰ Last Name: ⌥ 𝟭𝟭:𝟱𝟯
🎨 اعمال افکت‌های ['bold_italic'] روی: خاص بازیت بده
✅ افکت اعمال شد
⏰ Last Name: ⌥ 𝟭𝟭:𝟱𝟰
🎨 اعمال افکت‌های ['bold_italic'] روی: سکه بازی
✅ افکت اعمال شد
⏰ Last Name: ⌥ 𝟭𝟭:𝟱𝟱
🎨 اعمال افکت‌های ['bold_italic'] روی: نه منظور اینکه ، با چه هوش مصنوعی،  باز کردی
✅ افکت اعمال شد
⏰ Last Name: ⌥ 𝟭𝟭:𝟱𝟲
⏰ Last Name: ⌥ 𝟭𝟭:𝟱𝟳
🎨 اعمال افکت‌های ['bold_italic'] روی: کد و میشه گیفت تغریبا باز کرده 
سکه بهش دادم
✅ افکت اعمال شد
⏰ Last Name: ⌥ 𝟭𝟭:𝟱𝟴
🎨 اعمال افکت‌های ['bold_italic'] روی: بیشتر داشتم میدادم
✅ افکت اعمال شد
🎨 اعمال افکت‌های ['bold_italic'] روی: همش آیتمه
✅ افکت اعمال شد
⏰ Last Name: ⌥ 𝟭𝟭:𝟱𝟵
🎨 اعمال افکت‌های ['bold_italic'] روی: داده هوش مصنوعی دیگه ، حالا اسم هوش مصنوعی هم نگفت
✅ افکت اعمال شد
⏰ Last Name: ⌥ 𝟭𝟮:𝟬𝟬
🎨 اعمال افکت‌های ['bold_italic'] روی: حالا چرا بهت فشار اومده،  تو هم دیکد کن ، بهت ۵ کا
✅ افکت اعمال شد
⏰ Last Name: ⌥ 𝟭𝟮:𝟬𝟭
🎨 اعمال افکت‌های ['bold_italic'] روی: من دیکدشو دارم
✅ افکت اعمال شد
⏰ Last Name: ⌥ 𝟭𝟮:𝟬𝟮
🎨 اعمال افکت‌های ['bold_italic'] روی: بگو
✅ افکت اعمال شد
🎨 اعمال افکت‌های ['bold_italic'] روی: حالا الانم که بازش کردی ، چون دو تیکه شده ، اجرا ن
✅ افکت اعمال شد
⏰ Last Name: ⌥ 𝟭𝟮:𝟬𝟯
🎨 اعمال افکت‌های ['bold_italic'] روی: ای کث
✅ افکت اعمال شد
🎨 اعمال افکت‌های ['bold_italic'] روی: کدوم
✅ افکت اعمال شد
⏰ Last Name: ⌥ 𝟭𝟮:𝟬𝟰
🎨 اعمال افکت‌های ['bold_italic'] روی: میدونستم پسری باهات رل میزم
✅ افکت اعمال شد
🎨 اعمال افکت‌های ['bold_italic'] روی: متاسفانه،  فقط من میکنم
✅ افکت اعمال شد
⏰ Last Name: ⌥ 𝟭𝟮:𝟬𝟱
🎨 اعمال افکت‌های ['bold_italic'] روی: خاصت چیه
✅ افکت اعمال شد
⏰ Last Name: ⌥ 𝟭𝟮:𝟬𝟲
🎨 اعمال افکت‌های ['bold_italic'] روی: سکه هایی که میخوایی به چوخ بدی
✅ افکت اعمال شد
🎨 اعمال افکت‌های ['bold_italic'] روی: بزن به خاصم
✅ افکت اعمال شد
⏰ Last Name: ⌥ 𝟭𝟮:𝟬𝟳
🎨 اعمال افکت‌های ['bold_italic'] روی: یه صفحه عکس برات فرستادم 

همونارو درست کن
✅ افکت اعمال شد
⏰ Last Name: ⌥ 𝟭𝟮:𝟬𝟴
🎨 اعمال افکت‌های ['bold_italic'] روی: چیزایی که تو عکس بود تکراری نبود
✅ افکت اعمال شد
⏰ Last Name: ⌥ 𝟭𝟮:𝟬𝟵
🎨 اعمال افکت‌های ['bold_italic'] روی: نساختم ، فقط تو ورقه نوشتم ، تو مود وی ای پی بسازم
✅ افکت اعمال شد
⏰ Last Name: ⌥ 𝟭𝟮:𝟭𝟬
🎨 اعمال افکت‌های ['bold_italic'] روی: خب همشونو ، بساز ، بقیه نیاز دارن
✅ افکت اعمال شد
🎨 اعمال افکت‌های ['bold_italic'] روی: یه کاری کن
✅ افکت اعمال شد
⏰ Last Name: ⌥ 𝟭𝟮:𝟭𝟭
🎨 اعمال افکت‌های ['bold_italic'] روی: واندر بمب رو برا 1.8 آپدیت کن
✅ افکت اعمال شد
🎨 اعمال افکت‌های ['bold_italic'] روی: @wonderbomb
✅ افکت اعمال شد
⏰ Last Name: ⌥ 𝟭𝟮:𝟭𝟮
🎨 اعمال افکت‌های ['bold_italic'] روی: ۲۰ کا بزن برام
✅ افکت اعمال شد
🎨 اعمال افکت‌های ['bold_italic'] روی: با سلف میشه تاس انداخت؟
✅ افکت اعمال شد
🎨 اعمال افکت‌های ['bold_italic'] روی: به درد نمیخوره
✅ افکت اعمال شد
⏰ Last Name: ⌥ 𝟭𝟮:𝟭𝟯
🎨 اعمال افکت‌های ['bold_italic'] روی: ۲۰ کا بزن
✅ افکت اعمال شد
⏰ Last Name: ⌥ 𝟭𝟮:𝟭𝟰
🎨 اعمال افکت‌های ['bold_italic'] روی: مغزت خرابه🚬
✅ افکت اعمال شد
🎨 اعمال افکت‌های ['bold_italic'] روی: بگو
✅ افکت اعمال شد
⏰ Last Name: ⌥ 𝟭𝟮:𝟭𝟱
🎨 اعمال افکت‌های ['bold_italic'] روی: @Taha_OstadSharif
✅ افکت اعمال شد
🎨 اعمال افکت‌های ['bold_italic'] روی: به من سکه بدید آیتم بخره ، بیشتر سود میکنیم
✅ افکت اعمال شد
⏰ Last Name: ⌥ 𝟭𝟮:𝟭𝟲
🎨 اعمال افکت‌های ['bold_italic'] روی: برو واندر بمب و آپدیت کن
✅ افکت اعمال شد
🎨 اعمال افکت‌های ['bold_italic'] روی: اینم ایده
✅ افکت اعمال شد
🎨 اعمال افکت‌های ['bold_italic'] روی: خیلیا دنبالشن
✅ افکت اعمال شد
⏰ Last Name: ⌥ 𝟭𝟮:𝟭𝟳
🎨 اعمال افکت‌های ['bold_italic'] روی: تبدیل فارسی به فینگیلیش 
باز کردن لینک ها
ریپلای ر
✅ افکت اعمال شد
⏰ Last Name: ⌥ 𝟭𝟮:𝟭𝟴
🎨 اعمال افکت‌های ['bold_italic'] روی: یادم نیست برو کانالش وردار ، آپدیت کن
✅ افکت اعمال شد
🎨 اعمال افکت‌های ['bold_italic'] روی: اینا
@wonderbomb
✅ افکت اعمال شد
⏰ Last Name: ⌥ 𝟭𝟮:𝟭𝟵
🎨 اعمال افکت‌های ['bold_italic'] روی: چیه
✅ افکت اعمال شد
⏰ Last Name: ⌥ 𝟭𝟮:𝟮𝟬
⏰ Last Name: ⌥ 𝟭𝟮:𝟮𝟭
🎨 اعمال افکت‌های ['bold_italic'] روی: عیب نداره یه ۲۰ کا بزن
✅ افکت اعمال شد
🎨 اعمال افکت‌های ['bold_italic'] روی: morteza
✅ افکت اعمال شد
⏰ Last Name: ⌥ 𝟭𝟮:𝟮𝟮
💜 Auto React [user:8944291576]: 🍌
🎨 اعمال افکت‌های ['bold_italic'] روی: 🛡 پنل مدیریت پیشرفته

بخش مورد نظر را انتخاب کنید:
⚠️ خطا در ویرایش: The action must be performed through an inline bot callback (caused by EditMessageRequest)
⏰ Last Name: ⌥ 𝟭𝟮:𝟮𝟯
🎨 اعمال افکت‌های ['script'] روی: هعی
🎨 اعمال افکت‌های ['script'] روی: خب
⏰ Last Name: ⌥ 𝟭𝟮:𝟮𝟰
🎨 اعمال افکت‌های ['script'] روی: ادامه بده ، پر قدرت
🎨 اعمال افکت‌های ['script', 'spoiler'] روی: جون
⚠️ خطا در ویرایش: Content of the message was not modified (caused by EditMessageRequest)
🎨 اعمال افکت‌های ['script', 'spoiler'] روی: عه
⚠️ خطا در ویرایش: Content of the message was not modified (caused by EditMessageRequest)
🎨 اعمال افکت‌های ['mention'] روی: منشن
✅ افکت اعمال شد
🎨 اعمال افکت‌های ['mention'] روی: بنازم 🗿
✅ افکت اعمال شد
🎨 اعمال افکت‌های ['mention'] روی: میخرم
✅ افکت اعمال شد
⏰ Last Name: ⌥ 𝟭𝟮:𝟮𝟱
🎨 اعمال افکت‌های ['mention'] روی: چیا داری
✅ افکت اعمال شد
🎨 اعمال افکت‌های ['mention'] روی: ماشین حسابو نمیخوام
✅ افکت اعمال شد
⏰ Last Name: ⌥ 𝟭𝟮:𝟮𝟲
🎨 اعمال افکت‌های ['mention'] روی: آب با طعم بدن من فقط ۷ سنت
✅ افکت اعمال شد
🎨 اعمال افکت‌های ['mention'] روی: سلام فم بوی
✅ افکت اعمال شد
⏰ Last Name: ⌥ 𝟭𝟮:𝟮𝟳
🎨 اعمال افکت‌های ['mention'] روی: عه ، دارمشون
✅ افکت اعمال شد
⏰ Last Name: ⌥ 𝟭𝟮:𝟮𝟴
🎨 اعمال افکت‌های ['mention'] روی: برم یه آهنگ بزارم پروفم
✅ افکت اعمال شد
⏰ Last Name: ⌥ 𝟭𝟮:𝟮𝟵
⏰ Last Name: ⌥ 𝟭𝟮:𝟯𝟬
🎨 اعمال افکت‌های ['mention'] روی: مریضی ، دیجیتالی ندیده بودیم که دیدیم😂
✅ افکت اعمال شد
🎨 اعمال افکت‌های ['mention'] روی: نوکرم داداش
✅ افکت اعمال شد
⏰ Last Name: ⌥ 𝟭𝟮:𝟯𝟭
🎨 اعمال افکت‌های ['mention'] روی: من چیز زیر تختم🗿🚬
✅ افکت اعمال شد
🎨 اعمال افکت‌های ['mention'] روی: من داخل ، کد تنظیم میکنم ، ui براش نمی نویسم
✅ افکت اعمال شد
⏰ Last Name: ⌥ 𝟭𝟮:𝟯𝟮
🎨 اعمال افکت‌های ['mention'] روی: عگه بحث ui باشه هم
✅ افکت اعمال شد
🎨 اعمال افکت‌های ['mention'] روی: دیگه از این بهتر مگه داریم
✅ افکت اعمال شد
🎨 اعمال افکت‌های ['mention'] روی: پیش میاد
✅ افکت اعمال شد
⏰ Last Name: ⌥ 𝟭𝟮:𝟯𝟯
🎨 اعمال افکت‌های ['mention'] روی: دکمه هاشو تغییر دادم
اولین باره تو کل بمب همیچن رو
✅ افکت اعمال شد
⏰ Last Name: ⌥ 𝟭𝟮:𝟯𝟰
🎨 اعمال افکت‌های ['mention'] روی: حال ندارم
✅ افکت اعمال شد
🎨 اعمال افکت‌های ['mention'] روی: دکمه هم ui حساب میشه خب احمق
✅ افکت اعمال شد
⏰ Last Name: ⌥ 𝟭𝟮:𝟯𝟱
⏰ Last Name: ⌥ 𝟭𝟮:𝟯𝟲
🎨 اعمال افکت‌های ['mention'] روی: خب اون فقط بک گرانده
✅ افکت اعمال شد
🎨 اعمال افکت‌های ['mention'] روی: اصلش ساخت ، دکمه، اون لیست که اسکرول میشه
✅ افکت اعمال شد
⏰ Last Name: ⌥ 𝟭𝟮:𝟯𝟳
🎨 اعمال افکت‌های ['mention'] روی: کی آخه اینقد مود نصب میکنه
✅ افکت اعمال شد
⏰ Last Name: ⌥ 𝟭𝟮:𝟯𝟴
🎨 اعمال افکت‌های ['mention'] روی: اسنایپر
✅ افکت اعمال شد
⏰ Last Name: ⌥ 𝟭𝟮:𝟯𝟵
⏰ Last Name: ⌥ 𝟭𝟮:𝟰𝟬
⏰ Last Name: ⌥ 𝟭𝟮:𝟰𝟭
⏰ Last Name: ⌥ 𝟭𝟮:𝟰𝟮
⏰ Last Name: ⌥ 𝟭𝟮:𝟰𝟯
⏰ Last Name: ⌥ 𝟭𝟮:𝟰𝟰
🎨 اعمال افکت‌های ['mention'] روی: اونایی که هنوز با قابلیت msg آشنا نشدن: 💅

اونایی 
✅ افکت اعمال شد
⏰ Last Name: ⌥ 𝟭𝟮:𝟰𝟱
🎨 اعمال افکت‌های ['mention'] روی: بیا یه سروری روت بزنم
✅ افکت اعمال شد
🎨 اعمال افکت‌های ['mention'] روی: بیا اسمش اسلو ۱
✅ افکت اعمال شد
⏰ Last Name: ⌥ 𝟭𝟮:𝟰𝟲
⏰ Last Name: ⌥ 𝟭𝟮:𝟰𝟳
⏰ Last Name: ⌥ 𝟭𝟮:𝟰𝟴
⏰ Last Name: ⌥ 𝟭𝟮:𝟰𝟵
⏰ Last Name: ⌥ 𝟭𝟮:𝟱𝟬
⏰ Last Name: ⌥ 𝟭𝟮:𝟱𝟭
⏰ Last Name: ⌥ 𝟭𝟮:𝟱𝟮
⏰ Last Name: ⌥ 𝟭𝟮:𝟱𝟯
⏰ Last Name: ⌥ 𝟭𝟮:𝟱𝟰
⏰ Last Name: ⌥ 𝟭𝟮:𝟱𝟱
⏰ Last Name: ⌥ 𝟭𝟮:𝟱𝟲
⏰ Last Name: ⌥ 𝟭𝟮:𝟱𝟳
⏰ Last Name: ⌥ 𝟭𝟮:𝟱𝟴
⏰ Last Name: ⌥ 𝟭𝟮:𝟱𝟵
⏰ Last Name: ⌥ 𝟭𝟯:𝟬𝟬
⏰ Last Name: ⌥ 𝟭𝟯:𝟬𝟭
⏰ Last Name: ⌥ 𝟭𝟯:𝟬𝟮
⏰ Last Name: ⌥ 𝟭𝟯:𝟬𝟯
⏰ Last Name: ⌥ 𝟭𝟯:𝟬𝟰
⏰ Last Name: ⌥ 𝟭𝟯:𝟬𝟱
⏰ Last Name: ⌥ 𝟭𝟯:𝟬𝟲
⏰ Last Name: ⌥ 𝟭𝟯:𝟬𝟳
🎨 اعمال افکت‌های ['mention'] روی: حلالم کن ، اگه دیگه بر نگشتم
✅ افکت اعمال شد
⏰ Last Name: ⌥ 𝟭𝟯:𝟬𝟴
🎨 اعمال افکت‌های ['mention'] روی: @Revive11
✅ افکت اعمال شد
🎨 اعمال افکت‌های ['mention'] روی: مود من هیچوقت خراب نیست
✅ افکت اعمال شد
🎨 اعمال افکت‌های ['mention'] روی: هیچوقت
✅ افکت اعمال شد
🎨 اعمال افکت‌های ['mention'] روی: اون باید حلال میکرد
✅ افکت اعمال شد
⏰ Last Name: ⌥ 𝟭𝟯:𝟬𝟵
⏰ Last Name: ⌥ 𝟭𝟯:𝟭𝟬
⏰ Last Name: ⌥ 𝟭𝟯:𝟭𝟭
⏰ Last Name: ⌥ 𝟭𝟯:𝟭𝟮
🎨 اعمال افکت‌های ['mention'] روی: کدوم 15 کا
✅ افکت اعمال شد
⏰ Last Name: ⌥ 𝟭𝟯:𝟭𝟯
🎨 اعمال افکت‌های ['mention'] روی: گفتی چن سالته ببم جان
✅ افکت اعمال شد
🎨 اعمال افکت‌های ['mention'] روی: هیچی همینجوری پرسیدم ببم جانن
✅ افکت اعمال شد
⏰ Last Name: ⌥ 𝟭𝟯:𝟭𝟰
⏰ Last Name: ⌥ 𝟭𝟯:𝟭𝟱
🎨 اعمال افکت‌های ['mention'] روی: زرت و پرت نکنید به غیره یه چند نفر 
بقیتون زیر 18 
✅ افکت اعمال شد
⏰ Last Name: ⌥ 𝟭𝟯:𝟭𝟲
🎨 اعمال افکت‌های ['mention'] روی: اونا هم انگشت شمارن
✅ افکت اعمال شد
🎨 اعمال افکت‌های ['mention'] روی: خرج شد رفت
✅ افکت اعمال شد
⏰ Last Name: ⌥ 𝟭𝟯:𝟭𝟳
🎨 اعمال افکت‌های ['mention'] روی: یه سری ها هم سنشون بالاست مثل امین ولی مغز ندارن ا
✅ افکت اعمال شد
⏰ Last Name: ⌥ 𝟭𝟯:𝟭𝟴
🎨 اعمال افکت‌های ['mention'] روی: 💢خبر فوری
✅ افکت اعمال شد
⏰ Last Name: ⌥ 𝟭𝟯:𝟭𝟵
⏰ Last Name: ⌥ 𝟭𝟯:𝟮𝟬
🎨 اعمال افکت‌های ['mention'] روی: قاچاق
✅ افکت اعمال شد
🎨 اعمال افکت‌های ['mention'] روی: قاچاق و... راحت تره
✅ افکت اعمال شد
⏰ Last Name: ⌥ 𝟭𝟯:𝟮𝟭
⏰ Last Name: ⌥ 𝟭𝟯:𝟮𝟮
🎨 اعمال افکت‌های ['mention'] روی: استفاده کن
✅ افکت اعمال شد
⏰ Last Name: ⌥ 𝟭𝟯:𝟮𝟯
⏰ Last Name: ⌥ 𝟭𝟯:𝟮𝟰
⏰ Last Name: ⌥ 𝟭𝟯:𝟮𝟱
⏰ Last Name: ⌥ 𝟭𝟯:𝟮𝟲
🎨 اعمال افکت‌های ['mention'] روی: مشکل از نظر من لیلا نیست
✅ افکت اعمال شد
🎨 اعمال افکت‌های ['mention'] روی: اینجا همیشه دعواست
✅ افکت اعمال شد
⏰ Last Name: ⌥ 𝟭𝟯:𝟮𝟳
🎨 اعمال افکت‌های ['mention'] روی: عادت میکنی
✅ افکت اعمال شد
⏰ Last Name: ⌥ 𝟭𝟯:𝟮𝟴
⏰ Last Name: ⌥ 𝟭𝟯:𝟮𝟵
⏰ Last Name: ⌥ 𝟭𝟯:𝟯𝟬
⏰ Last Name: ⌥ 𝟭𝟯:𝟯𝟭
⏰ Last Name: ⌥ 𝟭𝟯:𝟯𝟮
⏰ Last Name: ⌥ 𝟭𝟯:𝟯𝟯
⏰ Last Name: ⌥ 𝟭𝟯:𝟯𝟰
⏰ Last Name: ⌥ 𝟭𝟯:𝟯𝟱
⏰ Last Name: ⌥ 𝟭𝟯:𝟯𝟲
⏰ Last Name: ⌥ 𝟭𝟯:𝟯𝟳
⏰ Last Name: ⌥ 𝟭𝟯:𝟯𝟴
⏰ Last Name: ⌥ 𝟭𝟯:𝟯𝟵
⏰ Last Name: ⌥ 𝟭𝟯:𝟰𝟬
💜 Auto React [user:6958501715]: ❤️
⏰ Last Name: ⌥ 𝟭𝟯:𝟰𝟭
⏰ Last Name: ⌥ 𝟭𝟯:𝟰𝟮
⏰ Last Name: ⌥ 𝟭𝟯:𝟰𝟯
⏰ Last Name: ⌥ 𝟭𝟯:𝟰𝟰
⏰ Last Name: ⌥ 𝟭𝟯:𝟰𝟱
⏰ Last Name: ⌥ 𝟭𝟯:𝟰𝟲
⏰ Last Name: ⌥ 𝟭𝟯:𝟰𝟳
⏰ Last Name: ⌥ 𝟭𝟯:𝟰𝟴
⏰ Last Name: ⌥ 𝟭𝟯:𝟰𝟵
⏰ Last Name: ⌥ 𝟭𝟯:𝟱𝟬
⏰ Last Name: ⌥ 𝟭𝟯:𝟱𝟭
⏰ Last Name: ⌥ 𝟭𝟯:𝟱𝟮
⏰ Last Name: ⌥ 𝟭𝟯:𝟱𝟯
⏰ Last Name: ⌥ 𝟭𝟯:𝟱𝟰
⏰ Last Name: ⌥ 𝟭𝟯:𝟱𝟱
⏰ Last Name: ⌥ 𝟭𝟯:𝟱𝟲
⏰ Last Name: ⌥ 𝟭𝟯:𝟱𝟳
🎨 اعمال افکت‌های ['mention'] روی: 5کا
✅ افکت اعمال شد
⏰ Last Name: ⌥ 𝟭𝟯:𝟱𝟴
🎨 اعمال افکت‌های ['mention'] روی: سلام مرسی خوبم تو خوبی
✅ افکت اعمال شد
⏰ Last Name: ⌥ 𝟭𝟯:𝟱𝟵
🎨 اعمال افکت‌های ['mention'] روی: 5001 سکه
✅ افکت اعمال شد
⏰ Last Name: ⌥ 𝟭𝟰:𝟬𝟬
⏰ Last Name: ⌥ 𝟭𝟰:𝟬𝟭
🎨 اعمال افکت‌های ['mention'] روی: بیشتر ندارم
✅ افکت اعمال شد
🎨 اعمال افکت‌های ['mention'] روی: جلوی دید و میگیره
✅ افکت اعمال شد
⏰ Last Name: ⌥ 𝟭𝟰:𝟬𝟮
🎨 اعمال افکت‌های ['mention'] روی: همون میشه مثل آیکون چت
✅ افکت اعمال شد
🎨 اعمال افکت‌های ['mention'] روی: به هرحال تو که پابلیک نمیکنی هرکاری میکنی بکن
✅ افکت اعمال شد
⏰ Last Name: ⌥ 𝟭𝟰:𝟬𝟯
⏰ Last Name: ⌥ 𝟭𝟰:𝟬𝟰
⏰ Last Name: ⌥ 𝟭𝟰:𝟬𝟱
⏰ Last Name: ⌥ 𝟭𝟰:𝟬𝟲
⏰ Last Name: ⌥ 𝟭𝟰:𝟬𝟳
⏰ Last Name: ⌥ 𝟭𝟰:𝟬𝟴
⏰ Last Name: ⌥ 𝟭𝟰:𝟬𝟵
⏰ Last Name: ⌥ 𝟭𝟰:𝟭𝟬
⏰ Last Name: ⌥ 𝟭𝟰:𝟭𝟭
⏰ Last Name: ⌥ 𝟭𝟰:𝟭𝟮
⏰ Last Name: ⌥ 𝟭𝟰:𝟭𝟯
⏰ Last Name: ⌥ 𝟭𝟰:𝟭𝟰
⏰ Last Name: ⌥ 𝟭𝟰:𝟭𝟱
⏰ Last Name: ⌥ 𝟭𝟰:𝟭𝟲
⏰ Last Name: ⌥ 𝟭𝟰:𝟭𝟳
⏰ Last Name: ⌥ 𝟭𝟰:𝟭𝟴
⏰ Last Name: ⌥ 𝟭𝟰:𝟭𝟵
⏰ Last Name: ⌥ 𝟭𝟰:𝟮𝟬
⏰ Last Name: ⌥ 𝟭𝟰:𝟮𝟭
⏰ Last Name: ⌥ 𝟭𝟰:𝟮𝟮
⏰ Last Name: ⌥ 𝟭𝟰:𝟮𝟯
⏰ Last Name: ⌥ 𝟭𝟰:𝟮𝟰
⏰ Last Name: ⌥ 𝟭𝟰:𝟮𝟱
⏰ Last Name: ⌥ 𝟭𝟰:𝟮𝟲
⏰ Last Name: ⌥ 𝟭𝟰:𝟮𝟳
⏰ Last Name: ⌥ 𝟭𝟰:𝟮𝟴
⏰ Last Name: ⌥ 𝟭𝟰:𝟮𝟵
⏰ Last Name: ⌥ 𝟭𝟰:𝟯𝟬
⏰ Last Name: ⌥ 𝟭𝟰:𝟯𝟭
⏰ Last Name: ⌥ 𝟭𝟰:𝟯𝟮
⏰ Last Name: ⌥ 𝟭𝟰:𝟯𝟯
⏰ Last Name: ⌥ 𝟭𝟰:𝟯𝟰
⏰ Last Name: ⌥ 𝟭𝟰:𝟯𝟱
⏰ Last Name: ⌥ 𝟭𝟰:𝟯𝟲
⏰ Last Name: ⌥ 𝟭𝟰:𝟯𝟳
⏰ Last Name: ⌥ 𝟭𝟰:𝟯𝟴
⏰ Last Name: ⌥ 𝟭𝟰:𝟯𝟵
🎨 اعمال افکت‌های ['mention'] روی: مگه نگفتم منافق و حذف کن
✅ افکت اعمال شد
⏰ Last Name: ⌥ 𝟭𝟰:𝟰𝟬
⏰ Last Name: ⌥ 𝟭𝟰:𝟰𝟭
⏰ Last Name: ⌥ 𝟭𝟰:𝟰𝟮
⏰ Last Name: ⌥ 𝟭𝟰:𝟰𝟯
⏰ Last Name: ⌥ 𝟭𝟰:𝟰𝟰
⏰ Last Name: ⌥ 𝟭𝟰:𝟰𝟱
⏰ Last Name: ⌥ 𝟭𝟰:𝟰𝟲
⏰ Last Name: ⌥ 𝟭𝟰:𝟰𝟳
⏰ Last Name: ⌥ 𝟭𝟰:𝟰𝟴
⏰ Last Name: ⌥ 𝟭𝟰:𝟰𝟵
⏰ Last Name: ⌥ 𝟭𝟰:𝟱𝟬
⏰ Last Name: ⌥ 𝟭𝟰:𝟱𝟭
⏰ Last Name: ⌥ 𝟭𝟰:𝟱𝟮
⏰ Last Name: ⌥ 𝟭𝟰:𝟱𝟯
⏰ Last Name: ⌥ 𝟭𝟰:𝟱𝟰
⏰ Last Name: ⌥ 𝟭𝟰:𝟱𝟱
⏰ Last Name: ⌥ 𝟭𝟰:𝟱𝟲
⏰ Last Name: ⌥ 𝟭𝟰:𝟱𝟳
⏰ Last Name: ⌥ 𝟭𝟰:𝟱𝟴
💜 Auto React [user:8944291576]: 🍌
⏰ Last Name: ⌥ 𝟭𝟰:𝟱𝟵
💜 Auto React [user:8944291576]: 🍌
💜 Auto React [user:8944291576]: 🍌
⏰ Last Name: ⌥ 𝟭𝟱:𝟬𝟬
⏰ Last Name: ⌥ 𝟭𝟱:𝟬𝟭
⏰ Last Name: ⌥ 𝟭𝟱:𝟬𝟮
⏰ Last Name: ⌥ 𝟭𝟱:𝟬𝟯
⏰ Last Name: ⌥ 𝟭𝟱:𝟬𝟰
⏰ Last Name: ⌥ 𝟭𝟱:𝟬𝟱
⏰ Last Name: ⌥ 𝟭𝟱:𝟬𝟲
⏰ Last Name: ⌥ 𝟭𝟱:𝟬𝟳
⏰ Last Name: ⌥ 𝟭𝟱:𝟬𝟴
⏰ Last Name: ⌥ 𝟭𝟱:𝟬𝟵
⏰ Last Name: ⌥ 𝟭𝟱:𝟭𝟬
⏰ Last Name: ⌥ 𝟭𝟱:𝟭𝟭
⏰ Last Name: ⌥ 𝟭𝟱:𝟭𝟮
⏰ Last Name: ⌥ 𝟭𝟱:𝟭𝟯
⏰ Last Name: ⌥ 𝟭𝟱:𝟭𝟰
⏰ Last Name: ⌥ 𝟭𝟱:𝟭𝟱
⏰ Last Name: ⌥ 𝟭𝟱:𝟭𝟲
⏰ Last Name: ⌥ 𝟭𝟱:𝟭𝟳
⏰ Last Name: ⌥ 𝟭𝟱:𝟭𝟴
⚡ اکشن شروع شد: -1002161828135 → ویس
⏰ Last Name: ⌥ 𝟭𝟱:𝟭𝟵
⏰ Last Name: ⌥ 𝟭𝟱:𝟮𝟬
⏰ Last Name: ⌥ 𝟭𝟱:𝟮𝟭
⏰ Last Name: ⌥ 𝟭𝟱:𝟮𝟮
⏰ Last Name: ⌥ 𝟭𝟱:𝟮𝟯
💜 Auto React [user:8944291576]: 🍌
💜 Auto React [user:8944291576]: 🍌
💜 Auto React [user:8944291576]: 🍌
💜 Auto React [user:8944291576]: 🍌
💜 Auto React [user:8944291576]: 🍌
💜 Auto React [user:8944291576]: 🍌
⏰ Last Name: ⌥ 𝟭𝟱:𝟮𝟰
💜 Auto React [user:8944291576]: 🍌
💜 Auto React [user:8944291576]: 🍌
⏰ Last Name: ⌥ 𝟭𝟱:𝟮𝟱
⏰ Last Name: ⌥ 𝟭𝟱:𝟮𝟲
⏰ Last Name: ⌥ 𝟭𝟱:𝟮𝟳
⏰ Last Name: ⌥ 𝟭𝟱:𝟮𝟴
⏰ Last Name: ⌥ 𝟭𝟱:𝟮𝟵
⏰ Last Name: ⌥ 𝟭𝟱:𝟯𝟬
⏰ Last Name: ⌥ 𝟭𝟱:𝟯𝟭
⏰ Last Name: ⌥ 𝟭𝟱:𝟯𝟮
⏰ Last Name: ⌥ 𝟭𝟱:𝟯𝟯
⏰ Last Name: ⌥ 𝟭𝟱:𝟯𝟰
⚡ اکشن متوقف شد: -1002161828135
⚡ اکشن متوقف شد: -1001497808404
⚡ اکشن شروع شد: -1001497808404 → ویس
⏰ Last Name: ⌥ 𝟭𝟱:𝟯𝟱
⏰ Last Name: ⌥ 𝟭𝟱:𝟯𝟲
⏰ Last Name: ⌥ 𝟭𝟱:𝟯𝟳
⏰ Last Name: ⌥ 𝟭𝟱:𝟯𝟴
⏰ Last Name: ⌥ 𝟭𝟱:𝟯𝟵
⏰ Last Name: ⌥ 𝟭𝟱:𝟰𝟬
⏰ Last Name: ⌥ 𝟭𝟱:𝟰𝟭
⏰ Last Name: ⌥ 𝟭𝟱:𝟰𝟮
⏰ Last Name: ⌥ 𝟭𝟱:𝟰𝟯
⏰ Last Name: ⌥ 𝟭𝟱:𝟰𝟰
⏰ Last Name: ⌥ 𝟭𝟱:𝟰𝟱
⏰ Last Name: ⌥ 𝟭𝟱:𝟰𝟲
⏰ Last Name: ⌥ 𝟭𝟱:𝟰𝟳
⏰ Last Name: ⌥ 𝟭𝟱:𝟰𝟴
⏰ Last Name: ⌥ 𝟭𝟱:𝟰𝟵
⏰ Last Name: ⌥ 𝟭𝟱:𝟱𝟬
⏰ Last Name: ⌥ 𝟭𝟱:𝟱𝟭
⏰ Last Name: ⌥ 𝟭𝟱:𝟱𝟮
⏰ Last Name: ⌥ 𝟭𝟱:𝟱𝟯
⏰ Last Name: ⌥ 𝟭𝟱:𝟱𝟰
⏰ Last Name: ⌥ 𝟭𝟱:𝟱𝟱
⏰ Last Name: ⌥ 𝟭𝟱:𝟱𝟲
⏰ Last Name: ⌥ 𝟭𝟱:𝟱𝟳
⏰ Last Name: ⌥ 𝟭𝟱:𝟱𝟴
⏰ Last Name: ⌥ 𝟭𝟱:𝟱𝟵
⏰ Last Name: ⌥ 𝟭𝟲:𝟬𝟬
⏰ Last Name: ⌥ 𝟭𝟲:𝟬𝟭
⏰ Last Name: ⌥ 𝟭𝟲:𝟬𝟮
⏰ Last Name: ⌥ 𝟭𝟲:𝟬𝟯
⏰ Last Name: ⌥ 𝟭𝟲:𝟬𝟰
⏰ Last Name: ⌥ 𝟭𝟲:𝟬𝟱
⏰ Last Name: ⌥ 𝟭𝟲:𝟬𝟲
⏰ Last Name: ⌥ 𝟭𝟲:𝟬𝟳
⏰ Last Name: ⌥ 𝟭𝟲:𝟬𝟴
⏰ Last Name: ⌥ 𝟭𝟲:𝟬𝟵
⏰ Last Name: ⌥ 𝟭𝟲:𝟭𝟬
⏰ Last Name: ⌥ 𝟭𝟲:𝟭𝟭
⏰ Last Name: ⌥ 𝟭𝟲:𝟭𝟮
⏰ Last Name: ⌥ 𝟭𝟲:𝟭𝟯
⏰ Last Name: ⌥ 𝟭𝟲:𝟭𝟰
⏰ Last Name: ⌥ 𝟭𝟲:𝟭𝟱
⏰ Last Name: ⌥ 𝟭𝟲:𝟭𝟲
⏰ Last Name: ⌥ 𝟭𝟲:𝟭𝟳
⏰ Last Name: ⌥ 𝟭𝟲:𝟭𝟴
⏰ Last Name: ⌥ 𝟭𝟲:𝟭𝟵
⏰ Last Name: ⌥ 𝟭𝟲:𝟮𝟬
⏰ Last Name: ⌥ 𝟭𝟲:𝟮𝟭
⏰ Last Name: ⌥ 𝟭𝟲:𝟮𝟮
⏰ Last Name: ⌥ 𝟭𝟲:𝟮𝟯
⏰ Last Name: ⌥ 𝟭𝟲:𝟮𝟰
⏰ Last Name: ⌥ 𝟭𝟲:𝟮𝟱
⏰ Last Name: ⌥ 𝟭𝟲:𝟮𝟲
⏰ Last Name: ⌥ 𝟭𝟲:𝟮𝟳
⏰ Last Name: ⌥ 𝟭𝟲:𝟮𝟴
⏰ Last Name: ⌥ 𝟭𝟲:𝟮𝟵
⏰ Last Name: ⌥ 𝟭𝟲:𝟯𝟬
⏰ Last Name: ⌥ 𝟭𝟲:𝟯𝟭
⏰ Last Name: ⌥ 𝟭𝟲:𝟯𝟮
⏰ Last Name: ⌥ 𝟭𝟲:𝟯𝟯
⏰ Last Name: ⌥ 𝟭𝟲:𝟯𝟰
⏰ Last Name: ⌥ 𝟭𝟲:𝟯𝟱
⏰ Last Name: ⌥ 𝟭𝟲:𝟯𝟲
⏰ Last Name: ⌥ 𝟭𝟲:𝟯𝟳
⏰ Last Name: ⌥ 𝟭𝟲:𝟯𝟴
⏰ Last Name: ⌥ 𝟭𝟲:𝟯𝟵
⏰ Last Name: ⌥ 𝟭𝟲:𝟰𝟬
⏰ Last Name: ⌥ 𝟭𝟲:𝟰𝟭
⏰ Last Name: ⌥ 𝟭𝟲:𝟰𝟮
⏰ Last Name: ⌥ 𝟭𝟲:𝟰𝟯
⏰ Last Name: ⌥ 𝟭𝟲:𝟰𝟰
⏰ Last Name: ⌥ 𝟭𝟲:𝟰𝟱
⏰ Last Name: ⌥ 𝟭𝟲:𝟰𝟲
⏰ Last Name: ⌥ 𝟭𝟲:𝟰𝟳
⏰ Last Name: ⌥ 𝟭𝟲:𝟰𝟴
⏰ Last Name: ⌥ 𝟭𝟲:𝟰𝟵
⏰ Last Name: ⌥ 𝟭𝟲:𝟱𝟬
⏰ Last Name: ⌥ 𝟭𝟲:𝟱𝟭
⏰ Last Name: ⌥ 𝟭𝟲:𝟱𝟮
⏰ Last Name: ⌥ 𝟭𝟲:𝟱𝟯
⏰ Last Name: ⌥ 𝟭𝟲:𝟱𝟰
⏰ Last Name: ⌥ 𝟭𝟲:𝟱𝟱
⏰ Last Name: ⌥ 𝟭𝟲:𝟱𝟲
⏰ Last Name: ⌥ 𝟭𝟲:𝟱𝟳
⏰ Last Name: ⌥ 𝟭𝟲:𝟱𝟴
⏰ Last Name: ⌥ 𝟭𝟲:𝟱𝟵
⏰ Last Name: ⌥ 𝟭𝟳:𝟬𝟬
⏰ Last Name: ⌥ 𝟭𝟳:𝟬𝟭
⏰ Last Name: ⌥ 𝟭𝟳:𝟬𝟮
⏰ Last Name: ⌥ 𝟭𝟳:𝟬𝟯
⏰ Last Name: ⌥ 𝟭𝟳:𝟬𝟰
⏰ Last Name: ⌥ 𝟭𝟳:𝟬𝟱
⏰ Last Name: ⌥ 𝟭𝟳:𝟬𝟲
💜 Auto React [user:6990187779]: ❤️
⏰ Last Name: ⌥ 𝟭𝟳:𝟬𝟳
⏰ Last Name: ⌥ 𝟭𝟳:𝟬𝟴
⏰ Last Name: ⌥ 𝟭𝟳:𝟬𝟵
⏰ Last Name: ⌥ 𝟭𝟳:𝟭𝟬
⏰ Last Name: ⌥ 𝟭𝟳:𝟭𝟭
⏰ Last Name: ⌥ 𝟭𝟳:𝟭𝟮
⏰ Last Name: ⌥ 𝟭𝟳:𝟭𝟯
⏰ Last Name: ⌥ 𝟭𝟳:𝟭𝟰
⏰ Last Name: ⌥ 𝟭𝟳:𝟭𝟱
⏰ Last Name: ⌥ 𝟭𝟳:𝟭𝟲
⏰ Last Name: ⌥ 𝟭𝟳:𝟭𝟳
⏰ Last Name: ⌥ 𝟭𝟳:𝟭𝟴
⏰ Last Name: ⌥ 𝟭𝟳:𝟭𝟵
⏰ Last Name: ⌥ 𝟭𝟳:𝟮𝟬
⏰ Last Name: ⌥ 𝟭𝟳:𝟮𝟭
⏰ Last Name: ⌥ 𝟭𝟳:𝟮𝟮
⏰ Last Name: ⌥ 𝟭𝟳:𝟮𝟯
⏰ Last Name: ⌥ 𝟭𝟳:𝟮𝟰
⏰ Last Name: ⌥ 𝟭𝟳:𝟮𝟱
⏰ Last Name: ⌥ 𝟭𝟳:𝟮𝟲
⏰ Last Name: ⌥ 𝟭𝟳:𝟮𝟳
⏰ Last Name: ⌥ 𝟭𝟳:𝟮𝟴
⏰ Last Name: ⌥ 𝟭𝟳:𝟮𝟵
⏰ Last Name: ⌥ 𝟭𝟳:𝟯𝟬
⏰ Last Name: ⌥ 𝟭𝟳:𝟯𝟭
⏰ Last Name: ⌥ 𝟭𝟳:𝟯𝟮
⏰ Last Name: ⌥ 𝟭𝟳:𝟯𝟯
⏰ Last Name: ⌥ 𝟭𝟳:𝟯𝟰
⏰ Last Name: ⌥ 𝟭𝟳:𝟯𝟱
⏰ Last Name: ⌥ 𝟭𝟳:𝟯𝟲
⏰ Last Name: ⌥ 𝟭𝟳:𝟯𝟳
⏰ Last Name: ⌥ 𝟭𝟳:𝟯𝟴
⏰ Last Name: ⌥ 𝟭𝟳:𝟯𝟵
⏰ Last Name: ⌥ 𝟭𝟳:𝟰𝟬
⏰ Last Name: ⌥ 𝟭𝟳:𝟰𝟭
⏰ Last Name: ⌥ 𝟭𝟳:𝟰𝟮
⏰ Last Name: ⌥ 𝟭𝟳:𝟰𝟯
⏰ Last Name: ⌥ 𝟭𝟳:𝟰𝟰
⏰ Last Name: ⌥ 𝟭𝟳:𝟰𝟱
⏰ Last Name: ⌥ 𝟭𝟳:𝟰𝟲
⏰ Last Name: ⌥ 𝟭𝟳:𝟰𝟳
⏰ Last Name: ⌥ 𝟭𝟳:𝟰𝟴
⏰ Last Name: ⌥ 𝟭𝟳:𝟰𝟵
⏰ Last Name: ⌥ 𝟭𝟳:𝟱𝟬
⏰ Last Name: ⌥ 𝟭𝟳:𝟱𝟭
⏰ Last Name: ⌥ 𝟭𝟳:𝟱𝟮
⏰ Last Name: ⌥ 𝟭𝟳:𝟱𝟯
⏰ Last Name: ⌥ 𝟭𝟳:𝟱𝟰
⏰ Last Name: ⌥ 𝟭𝟳:𝟱𝟱
⏰ Last Name: ⌥ 𝟭𝟳:𝟱𝟲
⏰ Last Name: ⌥ 𝟭𝟳:𝟱𝟳
⏰ Last Name: ⌥ 𝟭𝟳:𝟱𝟴
⏰ Last Name: ⌥ 𝟭𝟳:𝟱𝟵
⏰ Last Name: ⌥ 𝟭𝟴:𝟬𝟬
⏰ Last Name: ⌥ 𝟭𝟴:𝟬𝟭
⏰ Last Name: ⌥ 𝟭𝟴:𝟬𝟮
⏰ Last Name: ⌥ 𝟭𝟴:𝟬𝟯
⏰ Last Name: ⌥ 𝟭𝟴:𝟬𝟰
⏰ Last Name: ⌥ 𝟭𝟴:𝟬𝟱
⏰ Last Name: ⌥ 𝟭𝟴:𝟬𝟲
⏰ Last Name: ⌥ 𝟭𝟴:𝟬𝟳
⏰ Last Name: ⌥ 𝟭𝟴:𝟬𝟴
⏰ Last Name: ⌥ 𝟭𝟴:𝟬𝟵
⏰ Last Name: ⌥ 𝟭𝟴:𝟭𝟬
⏰ Last Name: ⌥ 𝟭𝟴:𝟭𝟭
⏰ Last Name: ⌥ 𝟭𝟴:𝟭𝟮
⏰ Last Name: ⌥ 𝟭𝟴:𝟭𝟯
⏰ Last Name: ⌥ 𝟭𝟴:𝟭𝟰
⏰ Last Name: ⌥ 𝟭𝟴:𝟭𝟱
⏰ Last Name: ⌥ 𝟭𝟴:𝟭𝟲
⏰ Last Name: ⌥ 𝟭𝟴:𝟭𝟳
⏰ Last Name: ⌥ 𝟭𝟴:𝟭𝟴
⏰ Last Name: ⌥ 𝟭𝟴:𝟭𝟵
⏰ Last Name: ⌥ 𝟭𝟴:𝟮𝟬
⏰ Last Name: ⌥ 𝟭𝟴:𝟮𝟭
⏰ Last Name: ⌥ 𝟭𝟴:𝟮𝟮
⏰ Last Name: ⌥ 𝟭𝟴:𝟮𝟯
💜 Auto React [user:6990187779]: ❤️
💜 Auto React [user:6990187779]: ❤️
💜 Auto React [user:6990187779]: ❤️
💜 Auto React [user:6990187779]: ❤️
⏰ Last Name: ⌥ 𝟭𝟴:𝟮𝟰
💜 Auto React [user:6990187779]: ❤️
💜 Auto React [user:6990187779]: ❤️
⏰ Last Name: ⌥ 𝟭𝟴:𝟮𝟱
⏰ Last Name: ⌥ 𝟭𝟴:𝟮𝟲
⏰ Last Name: ⌥ 𝟭𝟴:𝟮𝟳
⏰ Last Name: ⌥ 𝟭𝟴:𝟮𝟴
⏰ Last Name: ⌥ 𝟭𝟴:𝟮𝟵
⏰ Last Name: ⌥ 𝟭𝟴:𝟯𝟬
⏰ Last Name: ⌥ 𝟭𝟴:𝟯𝟭
⏰ Last Name: ⌥ 𝟭𝟴:𝟯𝟮
⏰ Last Name: ⌥ 𝟭𝟴:𝟯𝟯
⏰ Last Name: ⌥ 𝟭𝟴:𝟯𝟰
⏰ Last Name: ⌥ 𝟭𝟴:𝟯𝟱
⏰ Last Name: ⌥ 𝟭𝟴:𝟯𝟲
⏰ Last Name: ⌥ 𝟭𝟴:𝟯𝟳
⏰ Last Name: ⌥ 𝟭𝟴:𝟯𝟴
⏰ Last Name: ⌥ 𝟭𝟴:𝟯𝟵
⏰ Last Name: ⌥ 𝟭𝟴:𝟰𝟬
⏰ Last Name: ⌥ 𝟭𝟴:𝟰𝟭
⏰ Last Name: ⌥ 𝟭𝟴:𝟰𝟮
⏰ Last Name: ⌥ 𝟭𝟴:𝟰𝟯
⏰ Last Name: ⌥ 𝟭𝟴:𝟰𝟰
⏰ Last Name: ⌥ 𝟭𝟴:𝟰𝟱
⏰ Last Name: ⌥ 𝟭𝟴:𝟰𝟲
⏰ Last Name: ⌥ 𝟭𝟴:𝟰𝟳
⏰ Last Name: ⌥ 𝟭𝟴:𝟰𝟴
⚡ اکشن متوقف شد: -1001497808404
⏰ Last Name: ⌥ 𝟭𝟴:𝟰𝟵
⏰ Last Name: ⌥ 𝟭𝟴:𝟱𝟬
⏰ Last Name: ⌥ 𝟭𝟴:𝟱𝟭
⏰ Last Name: ⌥ 𝟭𝟴:𝟱𝟮
⏰ Last Name: ⌥ 𝟭𝟴:𝟱𝟯
⏰ Last Name: ⌥ 𝟭𝟴:𝟱𝟰
⏰ Last Name: ⌥ 𝟭𝟴:𝟱𝟱
⏰ Last Name: ⌥ 𝟭𝟴:𝟱𝟲
⏰ Last Name: ⌥ 𝟭𝟴:𝟱𝟳
⏰ Last Name: ⌥ 𝟭𝟴:𝟱𝟴
⏰ Last Name: ⌥ 𝟭𝟴:𝟱𝟵
⏰ Last Name: ⌥ 𝟭𝟵:𝟬𝟬
⏰ Last Name: ⌥ 𝟭𝟵:𝟬𝟭
⏰ Last Name: ⌥ 𝟭𝟵:𝟬𝟮
⏰ Last Name: ⌥ 𝟭𝟵:𝟬𝟯
⏰ Last Name: ⌥ 𝟭𝟵:𝟬𝟰
⏰ Last Name: ⌥ 𝟭𝟵:𝟬𝟱
⏰ Last Name: ⌥ 𝟭𝟵:𝟬𝟲
⏰ Last Name: ⌥ 𝟭𝟵:𝟬𝟳
⏰ Last Name: ⌥ 𝟭𝟵:𝟬𝟴
⏰ Last Name: ⌥ 𝟭𝟵:𝟬𝟵
⏰ Last Name: ⌥ 𝟭𝟵:𝟭𝟬
⏰ Last Name: ⌥ 𝟭𝟵:𝟭𝟭
⏰ Last Name: ⌥ 𝟭𝟵:𝟭𝟮
⏰ Last Name: ⌥ 𝟭𝟵:𝟭𝟯
⏰ Last Name: ⌥ 𝟭𝟵:𝟭𝟰
⏰ Last Name: ⌥ 𝟭𝟵:𝟭𝟱
⏰ Last Name: ⌥ 𝟭𝟵:𝟭𝟲
⏰ Last Name: ⌥ 𝟭𝟵:𝟭𝟳
⏰ Last Name: ⌥ 𝟭𝟵:𝟭𝟴
⏰ Last Name: ⌥ 𝟭𝟵:𝟭𝟵
⏰ Last Name: ⌥ 𝟭𝟵:𝟮𝟬
⏰ Last Name: ⌥ 𝟭𝟵:𝟮𝟭
⏰ Last Name: ⌥ 𝟭𝟵:𝟮𝟮
⏰ Last Name: ⌥ 𝟭𝟵:𝟮𝟯
⏰ Last Name: ⌥ 𝟭𝟵:𝟮𝟰
⏰ Last Name: ⌥ 𝟭𝟵:𝟮𝟱
⏰ Last Name: ⌥ 𝟭𝟵:𝟮𝟲
⏰ Last Name: ⌥ 𝟭𝟵:𝟮𝟳
⏰ Last Name: ⌥ 𝟭𝟵:𝟮𝟴
⏰ Last Name: ⌥ 𝟭𝟵:𝟮𝟵
⏰ Last Name: ⌥ 𝟭𝟵:𝟯𝟬
⏰ Last Name: ⌥ 𝟭𝟵:𝟯𝟭
⏰ Last Name: ⌥ 𝟭𝟵:𝟯𝟮
⏰ Last Name: ⌥ 𝟭𝟵:𝟯𝟯
💜 Auto React [user:6990187779]: ❤️
⏰ Last Name: ⌥ 𝟭𝟵:𝟯𝟰
⏰ Last Name: ⌥ 𝟭𝟵:𝟯𝟱
⏰ Last Name: ⌥ 𝟭𝟵:𝟯𝟲
⏰ Last Name: ⌥ 𝟭𝟵:𝟯𝟳
⏰ Last Name: ⌥ 𝟭𝟵:𝟯𝟴
⏰ Last Name: ⌥ 𝟭𝟵:𝟯𝟵
⏰ Last Name: ⌥ 𝟭𝟵:𝟰𝟬
⏰ Last Name: ⌥ 𝟭𝟵:𝟰𝟭
⏰ Last Name: ⌥ 𝟭𝟵:𝟰𝟮
⏰ Last Name: ⌥ 𝟭𝟵:𝟰𝟯
⏰ Last Name: ⌥ 𝟭𝟵:𝟰𝟰
⏰ Last Name: ⌥ 𝟭𝟵:𝟰𝟱
💜 Auto React [user:6990187779]: ❤️
💜 Auto React [user:6990187779]: ❤️
⏰ Last Name: ⌥ 𝟭𝟵:𝟰𝟲
⏰ Last Name: ⌥ 𝟭𝟵:𝟰𝟳
💜 Auto React [user:6990187779]: ❤️
💜 Auto React [user:6990187779]: ❤️
💜 Auto React [user:6990187779]: ❤️
⏰ Last Name: ⌥ 𝟭𝟵:𝟰𝟴
⏰ Last Name: ⌥ 𝟭𝟵:𝟰𝟵
⏰ Last Name: ⌥ 𝟭𝟵:𝟱𝟬
⏰ Last Name: ⌥ 𝟭𝟵:𝟱𝟭
⏰ Last Name: ⌥ 𝟭𝟵:𝟱𝟮
⏰ Last Name: ⌥ 𝟭𝟵:𝟱𝟯
⏰ Last Name: ⌥ 𝟭𝟵:𝟱𝟰
⏰ Last Name: ⌥ 𝟭𝟵:𝟱𝟱
💜 Auto React [user:6990187779]: ❤️
⏰ Last Name: ⌥ 𝟭𝟵:𝟱𝟲
⏰ Last Name: ⌥ 𝟭𝟵:𝟱𝟳
⏰ Last Name: ⌥ 𝟭𝟵:𝟱𝟴
⏰ Last Name: ⌥ 𝟭𝟵:𝟱𝟵
⏰ Last Name: ⌥ 𝟮𝟬:𝟬𝟬
⏰ Last Name: ⌥ 𝟮𝟬:𝟬𝟭
💜 Auto React [user:6990187779]: ❤️
⏰ Last Name: ⌥ 𝟮𝟬:𝟬𝟮
💜 Auto React [user:6990187779]: ❤️
💜 Auto React [user:6990187779]: ❤️
💜 Auto React [user:6990187779]: ❤️
⏰ Last Name: ⌥ 𝟮𝟬:𝟬𝟯
💜 Auto React [user:6990187779]: ❤️
💜 Auto React [user:6990187779]: ❤️
💜 Auto React [user:6990187779]: ❤️
⏰ Last Name: ⌥ 𝟮𝟬:𝟬𝟰
⏰ Last Name: ⌥ 𝟮𝟬:𝟬𝟱
💜 Auto React [user:6990187779]: ❤️
💜 Auto React [user:6990187779]: ❤️
💜 Auto React [user:6990187779]: ❤️
⏰ Last Name: ⌥ 𝟮𝟬:𝟬𝟲
⏰ Last Name: ⌥ 𝟮𝟬:𝟬𝟳
⏰ Last Name: ⌥ 𝟮𝟬:𝟬𝟴
⏰ Last Name: ⌥ 𝟮𝟬:𝟬𝟵
⏰ Last Name: ⌥ 𝟮𝟬:𝟭𝟬
⏰ Last Name: ⌥ 𝟮𝟬:𝟭𝟭
⏰ Last Name: ⌥ 𝟮𝟬:𝟭𝟮
⏰ Last Name: ⌥ 𝟮𝟬:𝟭𝟯
⏰ Last Name: ⌥ 𝟮𝟬:𝟭𝟰
⏰ Last Name: ⌥ 𝟮𝟬:𝟭𝟱
⏰ Last Name: ⌥ 𝟮𝟬:𝟭𝟲
⏰ Last Name: ⌥ 𝟮𝟬:𝟭𝟳
💜 Auto React [user:6990187779]: ❤️
⏰ Last Name: ⌥ 𝟮𝟬:𝟭𝟴
💜 Auto React [user:6990187779]: ❤️
⏰ Last Name: ⌥ 𝟮𝟬:𝟭𝟵
⏰ Last Name: ⌥ 𝟮𝟬:𝟮𝟬
⏰ Last Name: ⌥ 𝟮𝟬:𝟮𝟭
💜 Auto React [user:6990187779]: ❤️
⏰ Last Name: ⌥ 𝟮𝟬:𝟮𝟮
💜 Auto React [user:6990187779]: ❤️
💜 Auto React [user:6990187779]: ❤️
💜 Auto React [user:6990187779]: ❤️
⏰ Last Name: ⌥ 𝟮𝟬:𝟮𝟯
💜 Auto React [user:6990187779]: ❤️
💜 Auto React [user:6990187779]: ❤️
💜 Auto React [user:6990187779]: ❤️
⏰ Last Name: ⌥ 𝟮𝟬:𝟮𝟰
⏰ Last Name: ⌥ 𝟮𝟬:𝟮𝟱
⏰ Last Name: ⌥ 𝟮𝟬:𝟮𝟲
⏰ Last Name: ⌥ 𝟮𝟬:𝟮𝟳
⏰ Last Name: ⌥ 𝟮𝟬:𝟮𝟴
⏰ Last Name: ⌥ 𝟮𝟬:𝟮𝟵
💜 Auto React [user:6990187779]: ❤️
⏰ Last Name: ⌥ 𝟮𝟬:𝟯𝟬
⏰ Last Name: ⌥ 𝟮𝟬:𝟯𝟭
💜 Auto React [user:6990187779]: ❤️
⏰ Last Name: ⌥ 𝟮𝟬:𝟯𝟮
⏰ Last Name: ⌥ 𝟮𝟬:𝟯𝟯
⏰ Last Name: ⌥ 𝟮𝟬:𝟯𝟰
⏰ Last Name: ⌥ 𝟮𝟬:𝟯𝟱
⏰ Last Name: ⌥ 𝟮𝟬:𝟯𝟲
⏰ Last Name: ⌥ 𝟮𝟬:𝟯𝟳
⏰ Last Name: ⌥ 𝟮𝟬:𝟯𝟴
💜 Auto React [user:6990187779]: ❤️
⏰ Last Name: ⌥ 𝟮𝟬:𝟯𝟵
⏰ Last Name: ⌥ 𝟮𝟬:𝟰𝟬
💜 Auto React [user:6990187779]: ❤️
⏰ Last Name: ⌥ 𝟮𝟬:𝟰𝟭
💜 Auto React [user:6990187779]: ❤️
⏰ Last Name: ⌥ 𝟮𝟬:𝟰𝟮
💜 Auto React [user:6990187779]: ❤️
💜 Auto React [user:6990187779]: ❤️
⏰ Last Name: ⌥ 𝟮𝟬:𝟰𝟯
⏰ Last Name: ⌥ 𝟮𝟬:𝟰𝟰
⏰ Last Name: ⌥ 𝟮𝟬:𝟰𝟱
⏰ Last Name: ⌥ 𝟮𝟬:𝟰𝟲
⏰ Last Name: ⌥ 𝟮𝟬:𝟰𝟳
⏰ Last Name: ⌥ 𝟮𝟬:𝟰𝟴
⏰ Last Name: ⌥ 𝟮𝟬:𝟰𝟵
⏰ Last Name: ⌥ 𝟮𝟬:𝟱𝟬
💜 Auto React [user:6990187779]: ❤️
⏰ Last Name: ⌥ 𝟮𝟬:𝟱𝟭
⏰ Last Name: ⌥ 𝟮𝟬:𝟱𝟮
💜 Auto React [user:6990187779]: ❤️
💜 Auto React [user:6990187779]: ❤️
⏰ Last Name: ⌥ 𝟮𝟬:𝟱𝟯
💜 Auto React [user:6990187779]: ❤️
⏰ Last Name: ⌥ 𝟮𝟬:𝟱𝟰
💜 Auto React [user:6990187779]: ❤️
💜 Auto React [user:6990187779]: ❤️
⏰ Last Name: ⌥ 𝟮𝟬:𝟱𝟱
⏰ Last Name: ⌥ 𝟮𝟬:𝟱𝟲
⏰ Last Name: ⌥ 𝟮𝟬:𝟱𝟳
💜 Auto React [user:6990187779]: ❤️
💜 Auto React [user:6990187779]: ❤️
⏰ Last Name: ⌥ 𝟮𝟬:𝟱𝟴
💜 Auto React [user:6990187779]: ❤️
💜 Auto React [user:6990187779]: ❤️
💜 Auto React [user:6990187779]: ❤️
💜 Auto React [user:6990187779]: ❤️
⏰ Last Name: ⌥ 𝟮𝟬:𝟱𝟵
⏰ Last Name: ⌥ 𝟮𝟭:𝟬𝟬
⏰ Last Name: ⌥ 𝟮𝟭:𝟬𝟭
💜 Auto React [user:6990187779]: ❤️
💜 Auto React [user:6990187779]: ❤️
💜 Auto React [user:6990187779]: ❤️
⏰ Last Name: ⌥ 𝟮𝟭:𝟬𝟮
💜 Auto React [user:6990187779]: ❤️
💜 Auto React [user:6990187779]: ❤️
💜 Auto React [user:6990187779]: ❤️
💜 Auto React [user:6990187779]: ❤️
⏰ Last Name: ⌥ 𝟮𝟭:𝟬𝟯
💜 Auto React [user:6990187779]: ❤️
⏰ Last Name: ⌥ 𝟮𝟭:𝟬𝟰
💜 Auto React [user:6990187779]: ❤️
⏰ Last Name: ⌥ 𝟮𝟭:𝟬𝟱
💜 Auto React [user:6990187779]: ❤️
⏰ Last Name: ⌥ 𝟮𝟭:𝟬𝟲
⏰ Last Name: ⌥ 𝟮𝟭:𝟬𝟳
⏰ Last Name: ⌥ 𝟮𝟭:𝟬𝟴
⏰ Last Name: ⌥ 𝟮𝟭:𝟬𝟵
💜 Auto React [user:6990187779]: ❤️
⏰ Last Name: ⌥ 𝟮𝟭:𝟭𝟬
💜 Auto React [user:6990187779]: ❤️
💜 Auto React [user:6990187779]: ❤️
⏰ Last Name: ⌥ 𝟮𝟭:𝟭𝟭
💜 Auto React [user:6990187779]: ❤️
💜 Auto React [user:6990187779]: ❤️
💜 Auto React [user:6990187779]: ❤️
⏰ Last Name: ⌥ 𝟮𝟭:𝟭𝟮
💜 Auto React [user:6990187779]: ❤️
💜 Auto React [user:6990187779]: ❤️
⏰ Last Name: ⌥ 𝟮𝟭:𝟭𝟯
⏰ Last Name: ⌥ 𝟮𝟭:𝟭𝟰
⏰ Last Name: ⌥ 𝟮𝟭:𝟭𝟱
⏰ Last Name: ⌥ 𝟮𝟭:𝟭𝟲
💜 Auto React [user:6990187779]: ❤️
⏰ Last Name: ⌥ 𝟮𝟭:𝟭𝟳
⏰ Last Name: ⌥ 𝟮𝟭:𝟭𝟴
💜 Auto React [user:6990187779]: ❤️
⏰ Last Name: ⌥ 𝟮𝟭:𝟭𝟵
💜 Auto React [user:6990187779]: ❤️
⏰ Last Name: ⌥ 𝟮𝟭:𝟮𝟬
⏰ Last Name: ⌥ 𝟮𝟭:𝟮𝟭
⏰ Last Name: ⌥ 𝟮𝟭:𝟮𝟮
⏰ Last Name: ⌥ 𝟮𝟭:𝟮𝟯
💜 Auto React [user:6990187779]: ❤️
⏰ Last Name: ⌥ 𝟮𝟭:𝟮𝟰
💜 Auto React [user:6990187779]: ❤️
⏰ Last Name: ⌥ 𝟮𝟭:𝟮𝟱
💜 Auto React [user:6990187779]: ❤️
⏰ Last Name: ⌥ 𝟮𝟭:𝟮𝟲
💜 Auto React [user:6990187779]: ❤️
💜 Auto React [user:6990187779]: ❤️
⏰ Last Name: ⌥ 𝟮𝟭:𝟮𝟳
💜 Auto React [user:6990187779]: ❤️
⏰ Last Name: ⌥ 𝟮𝟭:𝟮𝟴
⏰ Last Name: ⌥ 𝟮𝟭:𝟮𝟵
⏰ Last Name: ⌥ 𝟮𝟭:𝟯𝟬
⏰ Last Name: ⌥ 𝟮𝟭:𝟯𝟭
⏰ Last Name: ⌥ 𝟮𝟭:𝟯𝟮
⏰ Last Name: ⌥ 𝟮𝟭:𝟯𝟯
⏰ Last Name: ⌥ 𝟮𝟭:𝟯𝟰
⏰ Last Name: ⌥ 𝟮𝟭:𝟯𝟱
⏰ Last Name: ⌥ 𝟮𝟭:𝟯𝟲
⏰ Last Name: ⌥ 𝟮𝟭:𝟯𝟳
⏰ Last Name: ⌥ 𝟮𝟭:𝟯𝟴
⏰ Last Name: ⌥ 𝟮𝟭:𝟯𝟵
⏰ Last Name: ⌥ 𝟮𝟭:𝟰𝟬
⏰ Last Name: ⌥ 𝟮𝟭:𝟰𝟭
⏰ Last Name: ⌥ 𝟮𝟭:𝟰𝟮
⏰ Last Name: ⌥ 𝟮𝟭:𝟰𝟯
⏰ Last Name: ⌥ 𝟮𝟭:𝟰𝟰
⏰ Last Name: ⌥ 𝟮𝟭:𝟰𝟱
⏰ Last Name: ⌥ 𝟮𝟭:𝟰𝟲
⏰ Last Name: ⌥ 𝟮𝟭:𝟰𝟳
⏰ Last Name: ⌥ 𝟮𝟭:𝟰𝟴
⏰ Last Name: ⌥ 𝟮𝟭:𝟰𝟵
⏰ Last Name: ⌥ 𝟮𝟭:𝟱𝟬
⏰ Last Name: ⌥ 𝟮𝟭:𝟱𝟭
⏰ Last Name: ⌥ 𝟮𝟭:𝟱𝟮
⏰ Last Name: ⌥ 𝟮𝟭:𝟱𝟯
💜 Auto React [user:6990187779]: ❤️
💜 Auto React [user:6990187779]: ❤️
💜 Auto React [user:6990187779]: ❤️
⏰ Last Name: ⌥ 𝟮𝟭:𝟱𝟰
💜 Auto React [user:6990187779]: ❤️
💜 Auto React [user:6990187779]: ❤️
💜 Auto React [user:6990187779]: ❤️
💜 Auto React [user:6990187779]: ❤️
💜 Auto React [user:6990187779]: ❤️
⏰ Last Name: ⌥ 𝟮𝟭:𝟱𝟱
⏰ Last Name: ⌥ 𝟮𝟭:𝟱𝟲
⏰ Last Name: ⌥ 𝟮𝟭:𝟱𝟳
⏰ Last Name: ⌥ 𝟮𝟭:𝟱𝟴
⏰ Last Name: ⌥ 𝟮𝟭:𝟱𝟵
⏰ Last Name: ⌥ 𝟮𝟮:𝟬𝟬
⏰ Last Name: ⌥ 𝟮𝟮:𝟬𝟭
⏰ Last Name: ⌥ 𝟮𝟮:𝟬𝟮
⏰ Last Name: ⌥ 𝟮𝟮:𝟬𝟯
⏰ Last Name: ⌥ 𝟮𝟮:𝟬𝟰
⏰ Last Name: ⌥ 𝟮𝟮:𝟬𝟱
⏰ Last Name: ⌥ 𝟮𝟮:𝟬𝟲
⏰ Last Name: ⌥ 𝟮𝟮:𝟬𝟳
⏰ Last Name: ⌥ 𝟮𝟮:𝟬𝟴
⏰ Last Name: ⌥ 𝟮𝟮:𝟬𝟵
⏰ Last Name: ⌥ 𝟮𝟮:𝟭𝟬
⏰ Last Name: ⌥ 𝟮𝟮:𝟭𝟭
⏰ Last Name: ⌥ 𝟮𝟮:𝟭𝟮
⏰ Last Name: ⌥ 𝟮𝟮:𝟭𝟯
⏰ Last Name: ⌥ 𝟮𝟮:𝟭𝟰
⏰ Last Name: ⌥ 𝟮𝟮:𝟭𝟱
⏰ Last Name: ⌥ 𝟮𝟮:𝟭𝟲
⏰ Last Name: ⌥ 𝟮𝟮:𝟭𝟳
⏰ Last Name: ⌥ 𝟮𝟮:𝟭𝟴
⏰ Last Name: ⌥ 𝟮𝟮:𝟭𝟵
⏰ Last Name: ⌥ 𝟮𝟮:𝟮𝟬
⏰ Last Name: ⌥ 𝟮𝟮:𝟮𝟭
⏰ Last Name: ⌥ 𝟮𝟮:𝟮𝟮
⏰ Last Name: ⌥ 𝟮𝟮:𝟮𝟯
⏰ Last Name: ⌥ 𝟮𝟮:𝟮𝟰
⏰ Last Name: ⌥ 𝟮𝟮:𝟮𝟱
⏰ Last Name: ⌥ 𝟮𝟮:𝟮𝟲
⏰ Last Name: ⌥ 𝟮𝟮:𝟮𝟳
⏰ Last Name: ⌥ 𝟮𝟮:𝟮𝟴
⏰ Last Name: ⌥ 𝟮𝟮:𝟮𝟵
⏰ Last Name: ⌥ 𝟮𝟮:𝟯𝟬
⏰ Last Name: ⌥ 𝟮𝟮:𝟯𝟭
⏰ Last Name: ⌥ 𝟮𝟮:𝟯𝟮
⏰ Last Name: ⌥ 𝟮𝟮:𝟯𝟯
💜 Auto React [user:6990187779]: ❤️
💜 Auto React [user:6990187779]: ❤️
⏰ Last Name: ⌥ 𝟮𝟮:𝟯𝟰
⏰ Last Name: ⌥ 𝟮𝟮:𝟯𝟱
⏰ Last Name: ⌥ 𝟮𝟮:𝟯𝟲
⏰ Last Name: ⌥ 𝟮𝟮:𝟯𝟳
⏰ Last Name: ⌥ 𝟮𝟮:𝟯𝟴
⏰ Last Name: ⌥ 𝟮𝟮:𝟯𝟵
⏰ Last Name: ⌥ 𝟮𝟮:𝟰𝟬
⏰ Last Name: ⌥ 𝟮𝟮:𝟰𝟭
⏰ Last Name: ⌥ 𝟮𝟮:𝟰𝟮
⏰ Last Name: ⌥ 𝟮𝟮:𝟰𝟯
⏰ Last Name: ⌥ 𝟮𝟮:𝟰𝟰
⏰ Last Name: ⌥ 𝟮𝟮:𝟰𝟱
⏰ Last Name: ⌥ 𝟮𝟮:𝟰𝟲
⏰ Last Name: ⌥ 𝟮𝟮:𝟰𝟳
⏰ Last Name: ⌥ 𝟮𝟮:𝟰𝟴
⏰ Last Name: ⌥ 𝟮𝟮:𝟰𝟵
⏰ Last Name: ⌥ 𝟮𝟮:𝟱𝟬
⏰ Last Name: ⌥ 𝟮𝟮:𝟱𝟭
⏰ Last Name: ⌥ 𝟮𝟮:𝟱𝟮
⏰ Last Name: ⌥ 𝟮𝟮:𝟱𝟯
⏰ Last Name: ⌥ 𝟮𝟮:𝟱𝟰
⏰ Last Name: ⌥ 𝟮𝟮:𝟱𝟱
⏰ Last Name: ⌥ 𝟮𝟮:𝟱𝟲
⏰ Last Name: ⌥ 𝟮𝟮:𝟱𝟳
⏰ Last Name: ⌥ 𝟮𝟮:𝟱𝟴
⏰ Last Name: ⌥ 𝟮𝟮:𝟱𝟵
⏰ Last Name: ⌥ 𝟮𝟯:𝟬𝟬
⏰ Last Name: ⌥ 𝟮𝟯:𝟬𝟭
⏰ Last Name: ⌥ 𝟮𝟯:𝟬𝟮
⏰ Last Name: ⌥ 𝟮𝟯:𝟬𝟯
⏰ Last Name: ⌥ 𝟮𝟯:𝟬𝟰
⏰ Last Name: ⌥ 𝟮𝟯:𝟬𝟱
⏰ Last Name: ⌥ 𝟮𝟯:𝟬𝟲
⏰ Last Name: ⌥ 𝟮𝟯:𝟬𝟳
⏰ Last Name: ⌥ 𝟮𝟯:𝟬𝟴
⏰ Last Name: ⌥ 𝟮𝟯:𝟬𝟵
⏰ Last Name: ⌥ 𝟮𝟯:𝟭𝟬
⏰ Last Name: ⌥ 𝟮𝟯:𝟭𝟭
⏰ Last Name: ⌥ 𝟮𝟯:𝟭𝟮
⏰ Last Name: ⌥ 𝟮𝟯:𝟭𝟯
⏰ Last Name: ⌥ 𝟮𝟯:𝟭𝟰
⏰ Last Name: ⌥ 𝟮𝟯:𝟭𝟱
⏰ Last Name: ⌥ 𝟮𝟯:𝟭𝟲
⏰ Last Name: ⌥ 𝟮𝟯:𝟭𝟳
⏰ Last Name: ⌥ 𝟮𝟯:𝟭𝟴
⏰ Last Name: ⌥ 𝟮𝟯:𝟭𝟵
⏰ Last Name: ⌥ 𝟮𝟯:𝟮𝟬
⏰ Last Name: ⌥ 𝟮𝟯:𝟮𝟭
⏰ Last Name: ⌥ 𝟮𝟯:𝟮𝟮
⏰ Last Name: ⌥ 𝟮𝟯:𝟮𝟯
⏰ Last Name: ⌥ 𝟮𝟯:𝟮𝟰
⏰ Last Name: ⌥ 𝟮𝟯:𝟮𝟱
⏰ Last Name: ⌥ 𝟮𝟯:𝟮𝟲
⏰ Last Name: ⌥ 𝟮𝟯:𝟮𝟳
⏰ Last Name: ⌥ 𝟮𝟯:𝟮𝟴
⏰ Last Name: ⌥ 𝟮𝟯:𝟮𝟵
⏰ Last Name: ⌥ 𝟮𝟯:𝟯𝟬
⏰ Last Name: ⌥ 𝟮𝟯:𝟯𝟭
⏰ Last Name: ⌥ 𝟮𝟯:𝟯𝟮
⏰ Last Name: ⌥ 𝟮𝟯:𝟯𝟯
⏰ Last Name: ⌥ 𝟮𝟯:𝟯𝟰
⏰ Last Name: ⌥ 𝟮𝟯:𝟯𝟱
⏰ Last Name: ⌥ 𝟮𝟯:𝟯𝟲
⏰ Last Name: ⌥ 𝟮𝟯:𝟯𝟳
⏰ Last Name: ⌥ 𝟮𝟯:𝟯𝟴
⏰ Last Name: ⌥ 𝟮𝟯:𝟯𝟵
⏰ Last Name: ⌥ 𝟮𝟯:𝟰𝟬
⏰ Last Name: ⌥ 𝟮𝟯:𝟰𝟭
⏰ Last Name: ⌥ 𝟮𝟯:𝟰𝟮
⏰ Last Name: ⌥ 𝟮𝟯:𝟰𝟯
⏰ Last Name: ⌥ 𝟮𝟯:𝟰𝟰
⏰ Last Name: ⌥ 𝟮𝟯:𝟰𝟱
⏰ Last Name: ⌥ 𝟮𝟯:𝟰𝟲
⏰ Last Name: ⌥ 𝟮𝟯:𝟰𝟳
⏰ Last Name: ⌥ 𝟮𝟯:𝟰𝟴
⏰ Last Name: ⌥ 𝟮𝟯:𝟰𝟵
⏰ Last Name: ⌥ 𝟮𝟯:𝟱𝟬
⏰ Last Name: ⌥ 𝟮𝟯:𝟱𝟭
⏰ Last Name: ⌥ 𝟮𝟯:𝟱𝟮
⏰ Last Name: ⌥ 𝟮𝟯:𝟱𝟯
⏰ Last Name: ⌥ 𝟮𝟯:𝟱𝟰
⏰ Last Name: ⌥ 𝟮𝟯:𝟱𝟱
⏰ Last Name: ⌥ 𝟮𝟯:𝟱𝟲
⏰ Last Name: ⌥ 𝟮𝟯:𝟱𝟳
⏰ Last Name: ⌥ 𝟮𝟯:𝟱𝟴
⏰ Last Name: ⌥ 𝟮𝟯:𝟱𝟵
⏰ Last Name: ⌥ 𝟬𝟬:𝟬𝟬
⚡ اکشن متوقف شد: -1002629648248
⏰ Last Name: ⌥ 𝟬𝟬:𝟬𝟭
⏰ Last Name: ⌥ 𝟬𝟬:𝟬𝟮
⏰ Last Name: ⌥ 𝟬𝟬:𝟬𝟯
⏰ Last Name: ⌥ 𝟬𝟬:𝟬𝟰
⏰ Last Name: ⌥ 𝟬𝟬:𝟬𝟱
⏰ Last Name: ⌥ 𝟬𝟬:𝟬𝟲
⏰ Last Name: ⌥ 𝟬𝟬:𝟬𝟳
⏰ Last Name: ⌥ 𝟬𝟬:𝟬𝟴
⏰ Last Name: ⌥ 𝟬𝟬:𝟬𝟵
⏰ Last Name: ⌥ 𝟬𝟬:𝟭𝟬
⏰ Last Name: ⌥ 𝟬𝟬:𝟭𝟭
⏰ Last Name: ⌥ 𝟬𝟬:𝟭𝟮
⏰ Last Name: ⌥ 𝟬𝟬:𝟭𝟯
⏰ Last Name: ⌥ 𝟬𝟬:𝟭𝟰
⏰ Last Name: ⌥ 𝟬𝟬:𝟭𝟱
⏰ Last Name: ⌥ 𝟬𝟬:𝟭𝟲
⏰ Last Name: ⌥ 𝟬𝟬:𝟭𝟳
⏰ Last Name: ⌥ 𝟬𝟬:𝟭𝟴
⏰ Last Name: ⌥ 𝟬𝟬:𝟭𝟵
⏰ Last Name: ⌥ 𝟬𝟬:𝟮𝟬
⏰ Last Name: ⌥ 𝟬𝟬:𝟮𝟭
💜 Auto React [user:6990187779]: ❤️
⏰ Last Name: ⌥ 𝟬𝟬:𝟮𝟮
💜 Auto React [user:6990187779]: ❤️
⏰ Last Name: ⌥ 𝟬𝟬:𝟮𝟯
⏰ Last Name: ⌥ 𝟬𝟬:𝟮𝟰
⏰ Last Name: ⌥ 𝟬𝟬:𝟮𝟱
⏰ Last Name: ⌥ 𝟬𝟬:𝟮𝟲
⏰ Last Name: ⌥ 𝟬𝟬:𝟮𝟳
⏰ Last Name: ⌥ 𝟬𝟬:𝟮𝟴
⏰ Last Name: ⌥ 𝟬𝟬:𝟮𝟵
⏰ Last Name: ⌥ 𝟬𝟬:𝟯𝟬
⏰ Last Name: ⌥ 𝟬𝟬:𝟯𝟭
⏰ Last Name: ⌥ 𝟬𝟬:𝟯𝟮
⏰ Last Name: ⌥ 𝟬𝟬:𝟯𝟯
💜 Auto React [user:6990187779]: ❤️
⏰ Last Name: ⌥ 𝟬𝟬:𝟯𝟰
💜 Auto React [user:6990187779]: ❤️
⏰ Last Name: ⌥ 𝟬𝟬:𝟯𝟱
💜 Auto React [user:6990187779]: ❤️
⏰ Last Name: ⌥ 𝟬𝟬:𝟯𝟲
⏰ Last Name: ⌥ 𝟬𝟬:𝟯𝟳
⏰ Last Name: ⌥ 𝟬𝟬:𝟯𝟴
⏰ Last Name: ⌥ 𝟬𝟬:𝟯𝟵
💜 Auto React [user:6990187779]: ❤️
⏰ Last Name: ⌥ 𝟬𝟬:𝟰𝟬
⏰ Last Name: ⌥ 𝟬𝟬:𝟰𝟭
💜 Auto React [user:6990187779]: ❤️
💜 Auto React [user:6990187779]: ❤️
⏰ Last Name: ⌥ 𝟬𝟬:𝟰𝟮
💜 Auto React [user:6990187779]: ❤️
💜 Auto React [user:6990187779]: ❤️
💜 Auto React [user:6990187779]: ❤️
⏰ Last Name: ⌥ 𝟬𝟬:𝟰𝟯
💜 Auto React [user:6990187779]: ❤️
⏰ Last Name: ⌥ 𝟬𝟬:𝟰𝟰
⏰ Last Name: ⌥ 𝟬𝟬:𝟰𝟱
⏰ Last Name: ⌥ 𝟬𝟬:𝟰𝟲
⏰ Last Name: ⌥ 𝟬𝟬:𝟰𝟳
⏰ Last Name: ⌥ 𝟬𝟬:𝟰𝟴
⏰ Last Name: ⌥ 𝟬𝟬:𝟰𝟵
⏰ Last Name: ⌥ 𝟬𝟬:𝟱𝟬
⏰ Last Name: ⌥ 𝟬𝟬:𝟱𝟭
⏰ Last Name: ⌥ 𝟬𝟬:𝟱𝟮
⏰ Last Name: ⌥ 𝟬𝟬:𝟱𝟯
⏰ Last Name: ⌥ 𝟬𝟬:𝟱𝟰
⏰ Last Name: ⌥ 𝟬𝟬:𝟱𝟱
⏰ Last Name: ⌥ 𝟬𝟬:𝟱𝟲
⏰ Last Name: ⌥ 𝟬𝟬:𝟱𝟳
⏰ Last Name: ⌥ 𝟬𝟬:𝟱𝟴
⏰ Last Name: ⌥ 𝟬𝟬:𝟱𝟵
⏰ Last Name: ⌥ 𝟬𝟭:𝟬𝟬
⏰ Last Name: ⌥ 𝟬𝟭:𝟬𝟭
⏰ Last Name: ⌥ 𝟬𝟭:𝟬𝟮
⏰ Last Name: ⌥ 𝟬𝟭:𝟬𝟯
⏰ Last Name: ⌥ 𝟬𝟭:𝟬𝟰
⏰ Last Name: ⌥ 𝟬𝟭:𝟬𝟱
⏰ Last Name: ⌥ 𝟬𝟭:𝟬𝟲
⏰ Last Name: ⌥ 𝟬𝟭:𝟬𝟳
⏰ Last Name: ⌥ 𝟬𝟭:𝟬𝟴
⏰ Last Name: ⌥ 𝟬𝟭:𝟬𝟵
⏰ Last Name: ⌥ 𝟬𝟭:𝟭𝟬
⏰ Last Name: ⌥ 𝟬𝟭:𝟭𝟭
⏰ Last Name: ⌥ 𝟬𝟭:𝟭𝟮
⏰ Last Name: ⌥ 𝟬𝟭:𝟭𝟯
⏰ Last Name: ⌥ 𝟬𝟭:𝟭𝟰
⏰ Last Name: ⌥ 𝟬𝟭:𝟭𝟱
⏰ Last Name: ⌥ 𝟬𝟭:𝟭𝟲
⏰ Last Name: ⌥ 𝟬𝟭:𝟭𝟳
⏰ Last Name: ⌥ 𝟬𝟭:𝟭𝟴
⏰ Last Name: ⌥ 𝟬𝟭:𝟭𝟵
⏰ Last Name: ⌥ 𝟬𝟭:𝟮𝟬
⏰ Last Name: ⌥ 𝟬𝟭:𝟮𝟭
⏰ Last Name: ⌥ 𝟬𝟭:𝟮𝟮
⏰ Last Name: ⌥ 𝟬𝟭:𝟮𝟯
⏰ Last Name: ⌥ 𝟬𝟭:𝟮𝟰
⏰ Last Name: ⌥ 𝟬𝟭:𝟮𝟱
⏰ Last Name: ⌥ 𝟬𝟭:𝟮𝟲
⏰ Last Name: ⌥ 𝟬𝟭:𝟮𝟳
⏰ Last Name: ⌥ 𝟬𝟭:𝟮𝟴
⏰ Last Name: ⌥ 𝟬𝟭:𝟮𝟵
⏰ Last Name: ⌥ 𝟬𝟭:𝟯𝟬
⏰ Last Name: ⌥ 𝟬𝟭:𝟯𝟭
⏰ Last Name: ⌥ 𝟬𝟭:𝟯𝟮
⏰ Last Name: ⌥ 𝟬𝟭:𝟯𝟯
💜 Auto React [user:6958501715]: ❤️
💜 Auto React [user:6958501715]: ❤️
💜 Auto React [user:6958501715]: ❤️
💜 Auto React [user:6958501715]: ❤️
⏰ Last Name: ⌥ 𝟬𝟭:𝟯𝟰
💜 Auto React [user:6958501715]: ❤️
💜 Auto React [user:6958501715]: ❤️
💜 Auto React [user:6958501715]: ❤️
💜 Auto React [user:6958501715]: ❤️
💜 Auto React [user:6958501715]: ❤️
⏰ Last Name: ⌥ 𝟬𝟭:𝟯𝟱
💜 Auto React [user:6958501715]: ❤️
💜 Auto React [user:6958501715]: ❤️
⏰ Last Name: ⌥ 𝟬𝟭:𝟯𝟲
💜 Auto React [user:6958501715]: ❤️
⏰ Last Name: ⌥ 𝟬𝟭:𝟯𝟳
💜 Auto React [user:6958501715]: ❤️
⏰ Last Name: ⌥ 𝟬𝟭:𝟯𝟴
💜 Auto React [user:6958501715]: ❤️
💜 Auto React [user:6958501715]: ❤️
⏰ Last Name: ⌥ 𝟬𝟭:𝟯𝟵
⏰ Last Name: ⌥ 𝟬𝟭:𝟰𝟬
⏰ Last Name: ⌥ 𝟬𝟭:𝟰𝟭
⏰ Last Name: ⌥ 𝟬𝟭:𝟰𝟮
⏰ Last Name: ⌥ 𝟬𝟭:𝟰𝟯
⏰ Last Name: ⌥ 𝟬𝟭:𝟰𝟰
⏰ Last Name: ⌥ 𝟬𝟭:𝟰𝟱
⏰ Last Name: ⌥ 𝟬𝟭:𝟰𝟲
⏰ Last Name: ⌥ 𝟬𝟭:𝟰𝟳
⏰ Last Name: ⌥ 𝟬𝟭:𝟰𝟴
⏰ Last Name: ⌥ 𝟬𝟭:𝟰𝟵
⏰ Last Name: ⌥ 𝟬𝟭:𝟱𝟬
⏰ Last Name: ⌥ 𝟬𝟭:𝟱𝟭
⏰ Last Name: ⌥ 𝟬𝟭:𝟱𝟮
⏰ Last Name: ⌥ 𝟬𝟭:𝟱𝟯
⏰ Last Name: ⌥ 𝟬𝟭:𝟱𝟰
⏰ Last Name: ⌥ 𝟬𝟭:𝟱𝟱
⏰ Last Name: ⌥ 𝟬𝟭:𝟱𝟲
⏰ Last Name: ⌥ 𝟬𝟭:𝟱𝟳
⏰ Last Name: ⌥ 𝟬𝟭:𝟱𝟴
⏰ Last Name: ⌥ 𝟬𝟭:𝟱𝟵
⏰ Last Name: ⌥ 𝟬𝟮:𝟬𝟬
⏰ Last Name: ⌥ 𝟬𝟮:𝟬𝟭
⏰ Last Name: ⌥ 𝟬𝟮:𝟬𝟮
⏰ Last Name: ⌥ 𝟬𝟮:𝟬𝟯
⏰ Last Name: ⌥ 𝟬𝟮:𝟬𝟰
⏰ Last Name: ⌥ 𝟬𝟮:𝟬𝟱
⏰ Last Name: ⌥ 𝟬𝟮:𝟬𝟲
⏰ Last Name: ⌥ 𝟬𝟮:𝟬𝟳
⏰ Last Name: ⌥ 𝟬𝟮:𝟬𝟴
⏰ Last Name: ⌥ 𝟬𝟮:𝟬𝟵
⏰ Last Name: ⌥ 𝟬𝟮:𝟭𝟬
⏰ Last Name: ⌥ 𝟬𝟮:𝟭𝟭
⏰ Last Name: ⌥ 𝟬𝟮:𝟭𝟮
⏰ Last Name: ⌥ 𝟬𝟮:𝟭𝟯
⏰ Last Name: ⌥ 𝟬𝟮:𝟭𝟰
⏰ Last Name: ⌥ 𝟬𝟮:𝟭𝟱
⏰ Last Name: ⌥ 𝟬𝟮:𝟭𝟲
⏰ Last Name: ⌥ 𝟬𝟮:𝟭𝟳
⏰ Last Name: ⌥ 𝟬𝟮:𝟭𝟴
⏰ Last Name: ⌥ 𝟬𝟮:𝟭𝟵
⏰ Last Name: ⌥ 𝟬𝟮:𝟮𝟬
⏰ Last Name: ⌥ 𝟬𝟮:𝟮𝟭
⏰ Last Name: ⌥ 𝟬𝟮:𝟮𝟮
⏰ Last Name: ⌥ 𝟬𝟮:𝟮𝟯
⏰ Last Name: ⌥ 𝟬𝟮:𝟮𝟰
⏰ Last Name: ⌥ 𝟬𝟮:𝟮𝟱
⏰ Last Name: ⌥ 𝟬𝟮:𝟮𝟲
⏰ Last Name: ⌥ 𝟬𝟮:𝟮𝟳
⏰ Last Name: ⌥ 𝟬𝟮:𝟮𝟴
⏰ Last Name: ⌥ 𝟬𝟮:𝟮𝟵
⏰ Last Name: ⌥ 𝟬𝟮:𝟯𝟬
⏰ Last Name: ⌥ 𝟬𝟮:𝟯𝟭
⏰ Last Name: ⌥ 𝟬𝟮:𝟯𝟮
⏰ Last Name: ⌥ 𝟬𝟮:𝟯𝟯
⏰ Last Name: ⌥ 𝟬𝟮:𝟯𝟰
⏰ Last Name: ⌥ 𝟬𝟮:𝟯𝟱
⏰ Last Name: ⌥ 𝟬𝟮:𝟯𝟲
⏰ Last Name: ⌥ 𝟬𝟮:𝟯𝟳
⏰ Last Name: ⌥ 𝟬𝟮:𝟯𝟴
⏰ Last Name: ⌥ 𝟬𝟮:𝟯𝟵
⏰ Last Name: ⌥ 𝟬𝟮:𝟰𝟬
⏰ Last Name: ⌥ 𝟬𝟮:𝟰𝟭
⏰ Last Name: ⌥ 𝟬𝟮:𝟰𝟮
⏰ Last Name: ⌥ 𝟬𝟮:𝟰𝟯
⏰ Last Name: ⌥ 𝟬𝟮:𝟰𝟰
⏰ Last Name: ⌥ 𝟬𝟮:𝟰𝟱
⏰ Last Name: ⌥ 𝟬𝟮:𝟰𝟲
⏰ Last Name: ⌥ 𝟬𝟮:𝟰𝟳
⏰ Last Name: ⌥ 𝟬𝟮:𝟰𝟴
⏰ Last Name: ⌥ 𝟬𝟮:𝟰𝟵
⏰ Last Name: ⌥ 𝟬𝟮:𝟱𝟬
⏰ Last Name: ⌥ 𝟬𝟮:𝟱𝟭
⏰ Last Name: ⌥ 𝟬𝟮:𝟱𝟮
⏰ Last Name: ⌥ 𝟬𝟮:𝟱𝟯
⏰ Last Name: ⌥ 𝟬𝟮:𝟱𝟰
⏰ Last Name: ⌥ 𝟬𝟮:𝟱𝟱
⏰ Last Name: ⌥ 𝟬𝟮:𝟱𝟲
⏰ Last Name: ⌥ 𝟬𝟮:𝟱𝟳
⏰ Last Name: ⌥ 𝟬𝟮:𝟱𝟴
⏰ Last Name: ⌥ 𝟬𝟮:𝟱𝟵
⏰ Last Name: ⌥ 𝟬𝟯:𝟬𝟬
⏰ Last Name: ⌥ 𝟬𝟯:𝟬𝟭
⏰ Last Name: ⌥ 𝟬𝟯:𝟬𝟮
⏰ Last Name: ⌥ 𝟬𝟯:𝟬𝟯
⏰ Last Name: ⌥ 𝟬𝟯:𝟬𝟰
⏰ Last Name: ⌥ 𝟬𝟯:𝟬𝟱
⏰ Last Name: ⌥ 𝟬𝟯:𝟬𝟲
⏰ Last Name: ⌥ 𝟬𝟯:𝟬𝟳
⏰ Last Name: ⌥ 𝟬𝟯:𝟬𝟴
⏰ Last Name: ⌥ 𝟬𝟯:𝟬𝟵
⏰ Last Name: ⌥ 𝟬𝟯:𝟭𝟬
⏰ Last Name: ⌥ 𝟬𝟯:𝟭𝟭
⏰ Last Name: ⌥ 𝟬𝟯:𝟭𝟮
⏰ Last Name: ⌥ 𝟬𝟯:𝟭𝟯
⏰ Last Name: ⌥ 𝟬𝟯:𝟭𝟰
⏰ Last Name: ⌥ 𝟬𝟯:𝟭𝟱
⏰ Last Name: ⌥ 𝟬𝟯:𝟭𝟲
⏰ Last Name: ⌥ 𝟬𝟯:𝟭𝟳
⏰ Last Name: ⌥ 𝟬𝟯:𝟭𝟴
⏰ Last Name: ⌥ 𝟬𝟯:𝟭𝟵
⏰ Last Name: ⌥ 𝟬𝟯:𝟮𝟬
⏰ Last Name: ⌥ 𝟬𝟯:𝟮𝟭
⏰ Last Name: ⌥ 𝟬𝟯:𝟮𝟮
⏰ Last Name: ⌥ 𝟬𝟯:𝟮𝟯
⏰ Last Name: ⌥ 𝟬𝟯:𝟮𝟰
⏰ Last Name: ⌥ 𝟬𝟯:𝟮𝟱
⏰ Last Name: ⌥ 𝟬𝟯:𝟮𝟲
⏰ Last Name: ⌥ 𝟬𝟯:𝟮𝟳
⏰ Last Name: ⌥ 𝟬𝟯:𝟮𝟴
⏰ Last Name: ⌥ 𝟬𝟯:𝟮𝟵
⏰ Last Name: ⌥ 𝟬𝟯:𝟯𝟬
⏰ Last Name: ⌥ 𝟬𝟯:𝟯𝟭
⏰ Last Name: ⌥ 𝟬𝟯:𝟯𝟮
⏰ Last Name: ⌥ 𝟬𝟯:𝟯𝟯
⏰ Last Name: ⌥ 𝟬𝟯:𝟯𝟰
⏰ Last Name: ⌥ 𝟬𝟯:𝟯𝟱
⏰ Last Name: ⌥ 𝟬𝟯:𝟯𝟲
⏰ Last Name: ⌥ 𝟬𝟯:𝟯𝟳
⏰ Last Name: ⌥ 𝟬𝟯:𝟯𝟴
💜 Auto React [user:6990187779]: ❤️
💜 Auto React [user:8944291576]: 🍌
⏰ Last Name: ⌥ 𝟬𝟯:𝟯𝟵
⏰ Last Name: ⌥ 𝟬𝟯:𝟰𝟬
⏰ Last Name: ⌥ 𝟬𝟯:𝟰𝟭
⏰ Last Name: ⌥ 𝟬𝟯:𝟰𝟮
⏰ Last Name: ⌥ 𝟬𝟯:𝟰𝟯
⏰ Last Name: ⌥ 𝟬𝟯:𝟰𝟰
⏰ Last Name: ⌥ 𝟬𝟯:𝟰𝟱
⏰ Last Name: ⌥ 𝟬𝟯:𝟰𝟲
💜 Auto React [user:8944291576]: 🍌
⏰ Last Name: ⌥ 𝟬𝟯:𝟰𝟳
⏰ Last Name: ⌥ 𝟬𝟯:𝟰𝟴
⏰ Last Name: ⌥ 𝟬𝟯:𝟰𝟵
⏰ Last Name: ⌥ 𝟬𝟯:𝟱𝟬
⏰ Last Name: ⌥ 𝟬𝟯:𝟱𝟭
⏰ Last Name: ⌥ 𝟬𝟯:𝟱𝟮
⏰ Last Name: ⌥ 𝟬𝟯:𝟱𝟯
⏰ Last Name: ⌥ 𝟬𝟯:𝟱𝟰
⏰ Last Name: ⌥ 𝟬𝟯:𝟱𝟱
⏰ Last Name: ⌥ 𝟬𝟯:𝟱𝟲
⏰ Last Name: ⌥ 𝟬𝟯:𝟱𝟳
⏰ Last Name: ⌥ 𝟬𝟯:𝟱𝟴
⏰ Last Name: ⌥ 𝟬𝟯:𝟱𝟵
⏰ Last Name: ⌥ 𝟬𝟰:𝟬𝟬
⏰ Last Name: ⌥ 𝟬𝟰:𝟬𝟭
⏰ Last Name: ⌥ 𝟬𝟰:𝟬𝟮
⏰ Last Name: ⌥ 𝟬𝟰:𝟬𝟯
⏰ Last Name: ⌥ 𝟬𝟰:𝟬𝟰
⏰ Last Name: ⌥ 𝟬𝟰:𝟬𝟱
⏰ Last Name: ⌥ 𝟬𝟰:𝟬𝟲
💜 Auto React [user:8944291576]: 🍌
⏰ Last Name: ⌥ 𝟬𝟰:𝟬𝟳
⏰ Last Name: ⌥ 𝟬𝟰:𝟬𝟴
⏰ Last Name: ⌥ 𝟬𝟰:𝟬𝟵
⏰ Last Name: ⌥ 𝟬𝟰:𝟭𝟬
⏰ Last Name: ⌥ 𝟬𝟰:𝟭𝟭
⏰ Last Name: ⌥ 𝟬𝟰:𝟭𝟮
⏰ Last Name: ⌥ 𝟬𝟰:𝟭𝟯
⏰ Last Name: ⌥ 𝟬𝟰:𝟭𝟰
⏰ Last Name: ⌥ 𝟬𝟰:𝟭𝟱
⏰ Last Name: ⌥ 𝟬𝟰:𝟭𝟲
⏰ Last Name: ⌥ 𝟬𝟰:𝟭𝟳
⏰ Last Name: ⌥ 𝟬𝟰:𝟭𝟴
⏰ Last Name: ⌥ 𝟬𝟰:𝟭𝟵
⏰ Last Name: ⌥ 𝟬𝟰:𝟮𝟬
⏰ Last Name: ⌥ 𝟬𝟰:𝟮𝟭
⏰ Last Name: ⌥ 𝟬𝟰:𝟮𝟮
⏰ Last Name: ⌥ 𝟬𝟰:𝟮𝟯
⏰ Last Name: ⌥ 𝟬𝟰:𝟮𝟰
⏰ Last Name: ⌥ 𝟬𝟰:𝟮𝟱
⏰ Last Name: ⌥ 𝟬𝟰:𝟮𝟲
⏰ Last Name: ⌥ 𝟬𝟰:𝟮𝟳
⏰ Last Name: ⌥ 𝟬𝟰:𝟮𝟴
⏰ Last Name: ⌥ 𝟬𝟰:𝟮𝟵
⏰ Last Name: ⌥ 𝟬𝟰:𝟯𝟬
⏰ Last Name: ⌥ 𝟬𝟰:𝟯𝟭
⏰ Last Name: ⌥ 𝟬𝟰:𝟯𝟮
⏰ Last Name: ⌥ 𝟬𝟰:𝟯𝟯
⏰ Last Name: ⌥ 𝟬𝟰:𝟯𝟰
⏰ Last Name: ⌥ 𝟬𝟰:𝟯𝟱
⏰ Last Name: ⌥ 𝟬𝟰:𝟯𝟲
⏰ Last Name: ⌥ 𝟬𝟰:𝟯𝟳
⏰ Last Name: ⌥ 𝟬𝟰:𝟯𝟴
⏰ Last Name: ⌥ 𝟬𝟰:𝟯𝟵
⏰ Last Name: ⌥ 𝟬𝟰:𝟰𝟬
⏰ Last Name: ⌥ 𝟬𝟰:𝟰𝟭
⏰ Last Name: ⌥ 𝟬𝟰:𝟰𝟮
⏰ Last Name: ⌥ 𝟬𝟰:𝟰𝟯
⏰ Last Name: ⌥ 𝟬𝟰:𝟰𝟰
⏰ Last Name: ⌥ 𝟬𝟰:𝟰𝟱
⏰ Last Name: ⌥ 𝟬𝟰:𝟰𝟲
⏰ Last Name: ⌥ 𝟬𝟰:𝟰𝟳
⏰ Last Name: ⌥ 𝟬𝟰:𝟰𝟴
⏰ Last Name: ⌥ 𝟬𝟰:𝟰𝟵
⏰ Last Name: ⌥ 𝟬𝟰:𝟱𝟬
⏰ Last Name: ⌥ 𝟬𝟰:𝟱𝟭
⏰ Last Name: ⌥ 𝟬𝟰:𝟱𝟮
⏰ Last Name: ⌥ 𝟬𝟰:𝟱𝟯
⏰ Last Name: ⌥ 𝟬𝟰:𝟱𝟰
⏰ Last Name: ⌥ 𝟬𝟰:𝟱𝟱
⏰ Last Name: ⌥ 𝟬𝟰:𝟱𝟲
⏰ Last Name: ⌥ 𝟬𝟰:𝟱𝟳
⏰ Last Name: ⌥ 𝟬𝟰:𝟱𝟴
⏰ Last Name: ⌥ 𝟬𝟰:𝟱𝟵
⏰ Last Name: ⌥ 𝟬𝟱:𝟬𝟬
⏰ Last Name: ⌥ 𝟬𝟱:𝟬𝟭
⏰ Last Name: ⌥ 𝟬𝟱:𝟬𝟮
⏰ Last Name: ⌥ 𝟬𝟱:𝟬𝟯
⏰ Last Name: ⌥ 𝟬𝟱:𝟬𝟰
⏰ Last Name: ⌥ 𝟬𝟱:𝟬𝟱
⏰ Last Name: ⌥ 𝟬𝟱:𝟬𝟲
⏰ Last Name: ⌥ 𝟬𝟱:𝟬𝟳
⏰ Last Name: ⌥ 𝟬𝟱:𝟬𝟴
⏰ Last Name: ⌥ 𝟬𝟱:𝟬𝟵
⏰ Last Name: ⌥ 𝟬𝟱:𝟭𝟬
⏰ Last Name: ⌥ 𝟬𝟱:𝟭𝟭
⏰ Last Name: ⌥ 𝟬𝟱:𝟭𝟮
⏰ Last Name: ⌥ 𝟬𝟱:𝟭𝟯
⏰ Last Name: ⌥ 𝟬𝟱:𝟭𝟰
⏰ Last Name: ⌥ 𝟬𝟱:𝟭𝟱
⏰ Last Name: ⌥ 𝟬𝟱:𝟭𝟲
⏰ Last Name: ⌥ 𝟬𝟱:𝟭𝟳
⏰ Last Name: ⌥ 𝟬𝟱:𝟭𝟴
⏰ Last Name: ⌥ 𝟬𝟱:𝟭𝟵
⏰ Last Name: ⌥ 𝟬𝟱:𝟮𝟬
⏰ Last Name: ⌥ 𝟬𝟱:𝟮𝟭
⏰ Last Name: ⌥ 𝟬𝟱:𝟮𝟮
⏰ Last Name: ⌥ 𝟬𝟱:𝟮𝟯
⏰ Last Name: ⌥ 𝟬𝟱:𝟮𝟰
⏰ Last Name: ⌥ 𝟬𝟱:𝟮𝟱
⏰ Last Name: ⌥ 𝟬𝟱:𝟮𝟲
⏰ Last Name: ⌥ 𝟬𝟱:𝟮𝟳
⏰ Last Name: ⌥ 𝟬𝟱:𝟮𝟴
⏰ Last Name: ⌥ 𝟬𝟱:𝟮𝟵
⏰ Last Name: ⌥ 𝟬𝟱:𝟯𝟬
⏰ Last Name: ⌥ 𝟬𝟱:𝟯𝟭
⏰ Last Name: ⌥ 𝟬𝟱:𝟯𝟮
⏰ Last Name: ⌥ 𝟬𝟱:𝟯𝟯
⏰ Last Name: ⌥ 𝟬𝟱:𝟯𝟰
⏰ Last Name: ⌥ 𝟬𝟱:𝟯𝟱
⏰ Last Name: ⌥ 𝟬𝟱:𝟯𝟲
⏰ Last Name: ⌥ 𝟬𝟱:𝟯𝟳
⏰ Last Name: ⌥ 𝟬𝟱:𝟯𝟴
⏰ Last Name: ⌥ 𝟬𝟱:𝟯𝟵
⏰ Last Name: ⌥ 𝟬𝟱:𝟰𝟬
⏰ Last Name: ⌥ 𝟬𝟱:𝟰𝟭
⏰ Last Name: ⌥ 𝟬𝟱:𝟰𝟮
⏰ Last Name: ⌥ 𝟬𝟱:𝟰𝟯
⏰ Last Name: ⌥ 𝟬𝟱:𝟰𝟰
⏰ Last Name: ⌥ 𝟬𝟱:𝟰𝟱
⏰ Last Name: ⌥ 𝟬𝟱:𝟰𝟲
⏰ Last Name: ⌥ 𝟬𝟱:𝟰𝟳
⏰ Last Name: ⌥ 𝟬𝟱:𝟰𝟴
⏰ Last Name: ⌥ 𝟬𝟱:𝟰𝟵
⏰ Last Name: ⌥ 𝟬𝟱:𝟱𝟬
⏰ Last Name: ⌥ 𝟬𝟱:𝟱𝟭
⏰ Last Name: ⌥ 𝟬𝟱:𝟱𝟮
⏰ Last Name: ⌥ 𝟬𝟱:𝟱𝟯
⏰ Last Name: ⌥ 𝟬𝟱:𝟱𝟰
⏰ Last Name: ⌥ 𝟬𝟱:𝟱𝟱
⏰ Last Name: ⌥ 𝟬𝟱:𝟱𝟲
⏰ Last Name: ⌥ 𝟬𝟱:𝟱𝟳
⏰ Last Name: ⌥ 𝟬𝟱:𝟱𝟴
⏰ Last Name: ⌥ 𝟬𝟱:𝟱𝟵
⏰ Last Name: ⌥ 𝟬𝟲:𝟬𝟬
⏰ Last Name: ⌥ 𝟬𝟲:𝟬𝟭
⏰ Last Name: ⌥ 𝟬𝟲:𝟬𝟮
⏰ Last Name: ⌥ 𝟬𝟲:𝟬𝟯
⏰ Last Name: ⌥ 𝟬𝟲:𝟬𝟰
⏰ Last Name: ⌥ 𝟬𝟲:𝟬𝟱
⏰ Last Name: ⌥ 𝟬𝟲:𝟬𝟲
⏰ Last Name: ⌥ 𝟬𝟲:𝟬𝟳
⏰ Last Name: ⌥ 𝟬𝟲:𝟬𝟴
⏰ Last Name: ⌥ 𝟬𝟲:𝟬𝟵
⏰ Last Name: ⌥ 𝟬𝟲:𝟭𝟬
⏰ Last Name: ⌥ 𝟬𝟲:𝟭𝟭
⏰ Last Name: ⌥ 𝟬𝟲:𝟭𝟮
⏰ Last Name: ⌥ 𝟬𝟲:𝟭𝟯
⏰ Last Name: ⌥ 𝟬𝟲:𝟭𝟰
⏰ Last Name: ⌥ 𝟬𝟲:𝟭𝟱
⏰ Last Name: ⌥ 𝟬𝟲:𝟭𝟲
⏰ Last Name: ⌥ 𝟬𝟲:𝟭𝟳
⏰ Last Name: ⌥ 𝟬𝟲:𝟭𝟴
⏰ Last Name: ⌥ 𝟬𝟲:𝟭𝟵
⏰ Last Name: ⌥ 𝟬𝟲:𝟮𝟬
⏰ Last Name: ⌥ 𝟬𝟲:𝟮𝟭
⏰ Last Name: ⌥ 𝟬𝟲:𝟮𝟮
⏰ Last Name: ⌥ 𝟬𝟲:𝟮𝟯
⏰ Last Name: ⌥ 𝟬𝟲:𝟮𝟰
⏰ Last Name: ⌥ 𝟬𝟲:𝟮𝟱
⏰ Last Name: ⌥ 𝟬𝟲:𝟮𝟲
⏰ Last Name: ⌥ 𝟬𝟲:𝟮𝟳
⏰ Last Name: ⌥ 𝟬𝟲:𝟮𝟴
⏰ Last Name: ⌥ 𝟬𝟲:𝟮𝟵
⏰ Last Name: ⌥ 𝟬𝟲:𝟯𝟬
⏰ Last Name: ⌥ 𝟬𝟲:𝟯𝟭
⏰ Last Name: ⌥ 𝟬𝟲:𝟯𝟮
⏰ Last Name: ⌥ 𝟬𝟲:𝟯𝟯
⏰ Last Name: ⌥ 𝟬𝟲:𝟯𝟰
⏰ Last Name: ⌥ 𝟬𝟲:𝟯𝟱
⏰ Last Name: ⌥ 𝟬𝟲:𝟯𝟲
⏰ Last Name: ⌥ 𝟬𝟲:𝟯𝟳
⏰ Last Name: ⌥ 𝟬𝟲:𝟯𝟴
⏰ Last Name: ⌥ 𝟬𝟲:𝟯𝟵
⏰ Last Name: ⌥ 𝟬𝟲:𝟰𝟬
⏰ Last Name: ⌥ 𝟬𝟲:𝟰𝟭
⏰ Last Name: ⌥ 𝟬𝟲:𝟰𝟮
⏰ Last Name: ⌥ 𝟬𝟲:𝟰𝟯
⏰ Last Name: ⌥ 𝟬𝟲:𝟰𝟰
⏰ Last Name: ⌥ 𝟬𝟲:𝟰𝟱
⏰ Last Name: ⌥ 𝟬𝟲:𝟰𝟲
⏰ Last Name: ⌥ 𝟬𝟲:𝟰𝟳
⏰ Last Name: ⌥ 𝟬𝟲:𝟰𝟴
⏰ Last Name: ⌥ 𝟬𝟲:𝟰𝟵
⏰ Last Name: ⌥ 𝟬𝟲:𝟱𝟬
⏰ Last Name: ⌥ 𝟬𝟲:𝟱𝟭
⏰ Last Name: ⌥ 𝟬𝟲:𝟱𝟮
⏰ Last Name: ⌥ 𝟬𝟲:𝟱𝟯
⏰ Last Name: ⌥ 𝟬𝟲:𝟱𝟰
⏰ Last Name: ⌥ 𝟬𝟲:𝟱𝟱
⏰ Last Name: ⌥ 𝟬𝟲:𝟱𝟲
⏰ Last Name: ⌥ 𝟬𝟲:𝟱𝟳
⏰ Last Name: ⌥ 𝟬𝟲:𝟱𝟴
⏰ Last Name: ⌥ 𝟬𝟲:𝟱𝟵
⏰ Last Name: ⌥ 𝟬𝟳:𝟬𝟬
⏰ Last Name: ⌥ 𝟬𝟳:𝟬𝟭
⏰ Last Name: ⌥ 𝟬𝟳:𝟬𝟮
⏰ Last Name: ⌥ 𝟬𝟳:𝟬𝟯
⏰ Last Name: ⌥ 𝟬𝟳:𝟬𝟰
⏰ Last Name: ⌥ 𝟬𝟳:𝟬𝟱
⏰ Last Name: ⌥ 𝟬𝟳:𝟬𝟲
⏰ Last Name: ⌥ 𝟬𝟳:𝟬𝟳
⏰ Last Name: ⌥ 𝟬𝟳:𝟬𝟴
⏰ Last Name: ⌥ 𝟬𝟳:𝟬𝟵
⏰ Last Name: ⌥ 𝟬𝟳:𝟭𝟬
⏰ Last Name: ⌥ 𝟬𝟳:𝟭𝟭
⏰ Last Name: ⌥ 𝟬𝟳:𝟭𝟮
⏰ Last Name: ⌥ 𝟬𝟳:𝟭𝟯
⏰ Last Name: ⌥ 𝟬𝟳:𝟭𝟰
⏰ Last Name: ⌥ 𝟬𝟳:𝟭𝟱
⏰ Last Name: ⌥ 𝟬𝟳:𝟭𝟲
⏰ Last Name: ⌥ 𝟬𝟳:𝟭𝟳
⏰ Last Name: ⌥ 𝟬𝟳:𝟭𝟴
⏰ Last Name: ⌥ 𝟬𝟳:𝟭𝟵
⏰ Last Name: ⌥ 𝟬𝟳:𝟮𝟬
⏰ Last Name: ⌥ 𝟬𝟳:𝟮𝟭
⏰ Last Name: ⌥ 𝟬𝟳:𝟮𝟮
⏰ Last Name: ⌥ 𝟬𝟳:𝟮𝟯
⏰ Last Name: ⌥ 𝟬𝟳:𝟮𝟰
⏰ Last Name: ⌥ 𝟬𝟳:𝟮𝟱
⏰ Last Name: ⌥ 𝟬𝟳:𝟮𝟲
⏰ Last Name: ⌥ 𝟬𝟳:𝟮𝟳
⏰ Last Name: ⌥ 𝟬𝟳:𝟮𝟴
⏰ Last Name: ⌥ 𝟬𝟳:𝟮𝟵
⏰ Last Name: ⌥ 𝟬𝟳:𝟯𝟬
⏰ Last Name: ⌥ 𝟬𝟳:𝟯𝟭
⏰ Last Name: ⌥ 𝟬𝟳:𝟯𝟮
⏰ Last Name: ⌥ 𝟬𝟳:𝟯𝟯
⏰ Last Name: ⌥ 𝟬𝟳:𝟯𝟰
⏰ Last Name: ⌥ 𝟬𝟳:𝟯𝟱
⏰ Last Name: ⌥ 𝟬𝟳:𝟯𝟲
⏰ Last Name: ⌥ 𝟬𝟳:𝟯𝟳
⏰ Last Name: ⌥ 𝟬𝟳:𝟯𝟴
⏰ Last Name: ⌥ 𝟬𝟳:𝟯𝟵
⏰ Last Name: ⌥ 𝟬𝟳:𝟰𝟬
⏰ Last Name: ⌥ 𝟬𝟳:𝟰𝟭
⏰ Last Name: ⌥ 𝟬𝟳:𝟰𝟮
⏰ Last Name: ⌥ 𝟬𝟳:𝟰𝟯
⏰ Last Name: ⌥ 𝟬𝟳:𝟰𝟰
⏰ Last Name: ⌥ 𝟬𝟳:𝟰𝟱
⏰ Last Name: ⌥ 𝟬𝟳:𝟰𝟲
⏰ Last Name: ⌥ 𝟬𝟳:𝟰𝟳
⏰ Last Name: ⌥ 𝟬𝟳:𝟰𝟴
⏰ Last Name: ⌥ 𝟬𝟳:𝟰𝟵
⏰ Last Name: ⌥ 𝟬𝟳:𝟱𝟬
⏰ Last Name: ⌥ 𝟬𝟳:𝟱𝟭
⏰ Last Name: ⌥ 𝟬𝟳:𝟱𝟮
⏰ Last Name: ⌥ 𝟬𝟳:𝟱𝟯
⏰ Last Name: ⌥ 𝟬𝟳:𝟱𝟰
⏰ Last Name: ⌥ 𝟬𝟳:𝟱𝟱
⏰ Last Name: ⌥ 𝟬𝟳:𝟱𝟲
⏰ Last Name: ⌥ 𝟬𝟳:𝟱𝟳
⏰ Last Name: ⌥ 𝟬𝟳:𝟱𝟴
⏰ Last Name: ⌥ 𝟬𝟳:𝟱𝟵
⏰ Last Name: ⌥ 𝟬𝟴:𝟬𝟬
⏰ Last Name: ⌥ 𝟬𝟴:𝟬𝟭
⏰ Last Name: ⌥ 𝟬𝟴:𝟬𝟮
⏰ Last Name: ⌥ 𝟬𝟴:𝟬𝟯
⏰ Last Name: ⌥ 𝟬𝟴:𝟬𝟰
⏰ Last Name: ⌥ 𝟬𝟴:𝟬𝟱
⏰ Last Name: ⌥ 𝟬𝟴:𝟬𝟲
⏰ Last Name: ⌥ 𝟬𝟴:𝟬𝟳
⏰ Last Name: ⌥ 𝟬𝟴:𝟬𝟴
⏰ Last Name: ⌥ 𝟬𝟴:𝟬𝟵
⏰ Last Name: ⌥ 𝟬𝟴:𝟭𝟬
⏰ Last Name: ⌥ 𝟬𝟴:𝟭𝟭
⏰ Last Name: ⌥ 𝟬𝟴:𝟭𝟮
⏰ Last Name: ⌥ 𝟬𝟴:𝟭𝟯
⏰ Last Name: ⌥ 𝟬𝟴:𝟭𝟰
⏰ Last Name: ⌥ 𝟬𝟴:𝟭𝟱
⏰ Last Name: ⌥ 𝟬𝟴:𝟭𝟲
⏰ Last Name: ⌥ 𝟬𝟴:𝟭𝟳
⏰ Last Name: ⌥ 𝟬𝟴:𝟭𝟴
⏰ Last Name: ⌥ 𝟬𝟴:𝟭𝟵
⏰ Last Name: ⌥ 𝟬𝟴:𝟮𝟬
⏰ Last Name: ⌥ 𝟬𝟴:𝟮𝟭
⏰ Last Name: ⌥ 𝟬𝟴:𝟮𝟮
⏰ Last Name: ⌥ 𝟬𝟴:𝟮𝟯
⏰ Last Name: ⌥ 𝟬𝟴:𝟮𝟰
⏰ Last Name: ⌥ 𝟬𝟴:𝟮𝟱
⏰ Last Name: ⌥ 𝟬𝟴:𝟮𝟲
⏰ Last Name: ⌥ 𝟬𝟴:𝟮𝟳
⏰ Last Name: ⌥ 𝟬𝟴:𝟮𝟴
⏰ Last Name: ⌥ 𝟬𝟴:𝟮𝟵
⏰ Last Name: ⌥ 𝟬𝟴:𝟯𝟬
⏰ Last Name: ⌥ 𝟬𝟴:𝟯𝟭
⏰ Last Name: ⌥ 𝟬𝟴:𝟯𝟮
⏰ Last Name: ⌥ 𝟬𝟴:𝟯𝟯
⏰ Last Name: ⌥ 𝟬𝟴:𝟯𝟰
⏰ Last Name: ⌥ 𝟬𝟴:𝟯𝟱
⏰ Last Name: ⌥ 𝟬𝟴:𝟯𝟲
⏰ Last Name: ⌥ 𝟬𝟴:𝟯𝟳
⏰ Last Name: ⌥ 𝟬𝟴:𝟯𝟴
⏰ Last Name: ⌥ 𝟬𝟴:𝟯𝟵
⏰ Last Name: ⌥ 𝟬𝟴:𝟰𝟬
⏰ Last Name: ⌥ 𝟬𝟴:𝟰𝟭
⏰ Last Name: ⌥ 𝟬𝟴:𝟰𝟮
⏰ Last Name: ⌥ 𝟬𝟴:𝟰𝟯
⏰ Last Name: ⌥ 𝟬𝟴:𝟰𝟰
⏰ Last Name: ⌥ 𝟬𝟴:𝟰𝟱
⏰ Last Name: ⌥ 𝟬𝟴:𝟰𝟲
⏰ Last Name: ⌥ 𝟬𝟴:𝟰𝟳
⏰ Last Name: ⌥ 𝟬𝟴:𝟰𝟴
⏰ Last Name: ⌥ 𝟬𝟴:𝟰𝟵
⏰ Last Name: ⌥ 𝟬𝟴:𝟱𝟬
⏰ Last Name: ⌥ 𝟬𝟴:𝟱𝟭
⏰ Last Name: ⌥ 𝟬𝟴:𝟱𝟮
⏰ Last Name: ⌥ 𝟬𝟴:𝟱𝟯
⏰ Last Name: ⌥ 𝟬𝟴:𝟱𝟰
⏰ Last Name: ⌥ 𝟬𝟴:𝟱𝟱
⏰ Last Name: ⌥ 𝟬𝟴:𝟱𝟲
⏰ Last Name: ⌥ 𝟬𝟴:𝟱𝟳
⏰ Last Name: ⌥ 𝟬𝟴:𝟱𝟴
⏰ Last Name: ⌥ 𝟬𝟴:𝟱𝟵
⏰ Last Name: ⌥ 𝟬𝟵:𝟬𝟬
⏰ Last Name: ⌥ 𝟬𝟵:𝟬𝟭
⏰ Last Name: ⌥ 𝟬𝟵:𝟬𝟮
⏰ Last Name: ⌥ 𝟬𝟵:𝟬𝟯
⏰ Last Name: ⌥ 𝟬𝟵:𝟬𝟰
⏰ Last Name: ⌥ 𝟬𝟵:𝟬𝟱
⏰ Last Name: ⌥ 𝟬𝟵:𝟬𝟲
⏰ Last Name: ⌥ 𝟬𝟵:𝟬𝟳
⏰ Last Name: ⌥ 𝟬𝟵:𝟬𝟴
⏰ Last Name: ⌥ 𝟬𝟵:𝟬𝟵
⏰ Last Name: ⌥ 𝟬𝟵:𝟭𝟬
⏰ Last Name: ⌥ 𝟬𝟵:𝟭𝟭
⏰ Last Name: ⌥ 𝟬𝟵:𝟭𝟮
⏰ Last Name: ⌥ 𝟬𝟵:𝟭𝟯
⏰ Last Name: ⌥ 𝟬𝟵:𝟭𝟰
⏰ Last Name: ⌥ 𝟬𝟵:𝟭𝟱
⏰ Last Name: ⌥ 𝟬𝟵:𝟭𝟲
⏰ Last Name: ⌥ 𝟬𝟵:𝟭𝟳
⏰ Last Name: ⌥ 𝟬𝟵:𝟭𝟴
⏰ Last Name: ⌥ 𝟬𝟵:𝟭𝟵
⏰ Last Name: ⌥ 𝟬𝟵:𝟮𝟬
⏰ Last Name: ⌥ 𝟬𝟵:𝟮𝟭
⏰ Last Name: ⌥ 𝟬𝟵:𝟮𝟮
⏰ Last Name: ⌥ 𝟬𝟵:𝟮𝟯
⏰ Last Name: ⌥ 𝟬𝟵:𝟮𝟰
⏰ Last Name: ⌥ 𝟬𝟵:𝟮𝟱
⏰ Last Name: ⌥ 𝟬𝟵:𝟮𝟲
⏰ Last Name: ⌥ 𝟬𝟵:𝟮𝟳
⏰ Last Name: ⌥ 𝟬𝟵:𝟮𝟴
⏰ Last Name: ⌥ 𝟬𝟵:𝟮𝟵
⏰ Last Name: ⌥ 𝟬𝟵:𝟯𝟬
⏰ Last Name: ⌥ 𝟬𝟵:𝟯𝟭
⏰ Last Name: ⌥ 𝟬𝟵:𝟯𝟮
⏰ Last Name: ⌥ 𝟬𝟵:𝟯𝟯
⏰ Last Name: ⌥ 𝟬𝟵:𝟯𝟰
⏰ Last Name: ⌥ 𝟬𝟵:𝟯𝟱
⏰ Last Name: ⌥ 𝟬𝟵:𝟯𝟲
⏰ Last Name: ⌥ 𝟬𝟵:𝟯𝟳
⏰ Last Name: ⌥ 𝟬𝟵:𝟯𝟴
⏰ Last Name: ⌥ 𝟬𝟵:𝟯𝟵
⏰ Last Name: ⌥ 𝟬𝟵:𝟰𝟬
⏰ Last Name: ⌥ 𝟬𝟵:𝟰𝟭
⏰ Last Name: ⌥ 𝟬𝟵:𝟰𝟮
⏰ Last Name: ⌥ 𝟬𝟵:𝟰𝟯
⏰ Last Name: ⌥ 𝟬𝟵:𝟰𝟰
⏰ Last Name: ⌥ 𝟬𝟵:𝟰𝟱
⏰ Last Name: ⌥ 𝟬𝟵:𝟰𝟲
⏰ Last Name: ⌥ 𝟬𝟵:𝟰𝟳
⏰ Last Name: ⌥ 𝟬𝟵:𝟰𝟴
⏰ Last Name: ⌥ 𝟬𝟵:𝟰𝟵
⏰ Last Name: ⌥ 𝟬𝟵:𝟱𝟬
⏰ Last Name: ⌥ 𝟬𝟵:𝟱𝟭
⏰ Last Name: ⌥ 𝟬𝟵:𝟱𝟮
⏰ Last Name: ⌥ 𝟬𝟵:𝟱𝟯
⏰ Last Name: ⌥ 𝟬𝟵:𝟱𝟰
⏰ Last Name: ⌥ 𝟬𝟵:𝟱𝟱
⏰ Last Name: ⌥ 𝟬𝟵:𝟱𝟲
⏰ Last Name: ⌥ 𝟬𝟵:𝟱𝟳
⏰ Last Name: ⌥ 𝟬𝟵:𝟱𝟴
⏰ Last Name: ⌥ 𝟬𝟵:𝟱𝟵
⏰ Last Name: ⌥ 𝟭𝟬:𝟬𝟬
⏰ Last Name: ⌥ 𝟭𝟬:𝟬𝟭
⏰ Last Name: ⌥ 𝟭𝟬:𝟬𝟮
⏰ Last Name: ⌥ 𝟭𝟬:𝟬𝟯
⏰ Last Name: ⌥ 𝟭𝟬:𝟬𝟰
⏰ Last Name: ⌥ 𝟭𝟬:𝟬𝟱
⏰ Last Name: ⌥ 𝟭𝟬:𝟬𝟲
⏰ Last Name: ⌥ 𝟭𝟬:𝟬𝟳
⏰ Last Name: ⌥ 𝟭𝟬:𝟬𝟴
⏰ Last Name: ⌥ 𝟭𝟬:𝟬𝟵
💜 Auto React [user:6990187779]: ❤️
💜 Auto React [user:6990187779]: ❤️
💜 Auto React [user:6990187779]: ❤️
⏰ Last Name: ⌥ 𝟭𝟬:𝟭𝟬
⏰ Last Name: ⌥ 𝟭𝟬:𝟭𝟭
⏰ Last Name: ⌥ 𝟭𝟬:𝟭𝟮
⏰ Last Name: ⌥ 𝟭𝟬:𝟭𝟯
⏰ Last Name: ⌥ 𝟭𝟬:𝟭𝟰
⏰ Last Name: ⌥ 𝟭𝟬:𝟭𝟱
⏰ Last Name: ⌥ 𝟭𝟬:𝟭𝟲
⏰ Last Name: ⌥ 𝟭𝟬:𝟭𝟳
⏰ Last Name: ⌥ 𝟭𝟬:𝟭𝟴
⏰ Last Name: ⌥ 𝟭𝟬:𝟭𝟵
⏰ Last Name: ⌥ 𝟭𝟬:𝟮𝟬
⏰ Last Name: ⌥ 𝟭𝟬:𝟮𝟭
⏰ Last Name: ⌥ 𝟭𝟬:𝟮𝟮
⏰ Last Name: ⌥ 𝟭𝟬:𝟮𝟯
⏰ Last Name: ⌥ 𝟭𝟬:𝟮𝟰
⏰ Last Name: ⌥ 𝟭𝟬:𝟮𝟱
⏰ Last Name: ⌥ 𝟭𝟬:𝟮𝟲
⏰ Last Name: ⌥ 𝟭𝟬:𝟮𝟳
⏰ Last Name: ⌥ 𝟭𝟬:𝟮𝟴
⏰ Last Name: ⌥ 𝟭𝟬:𝟮𝟵
⏰ Last Name: ⌥ 𝟭𝟬:𝟯𝟬
⏰ Last Name: ⌥ 𝟭𝟬:𝟯𝟭
⏰ Last Name: ⌥ 𝟭𝟬:𝟯𝟮
⏰ Last Name: ⌥ 𝟭𝟬:𝟯𝟯
⏰ Last Name: ⌥ 𝟭𝟬:𝟯𝟰
⏰ Last Name: ⌥ 𝟭𝟬:𝟯𝟱
⏰ Last Name: ⌥ 𝟭𝟬:𝟯𝟲
⏰ Last Name: ⌥ 𝟭𝟬:𝟯𝟳
⏰ Last Name: ⌥ 𝟭𝟬:𝟯𝟴
⏰ Last Name: ⌥ 𝟭𝟬:𝟯𝟵
⏰ Last Name: ⌥ 𝟭𝟬:𝟰𝟬
⏰ Last Name: ⌥ 𝟭𝟬:𝟰𝟭
⏰ Last Name: ⌥ 𝟭𝟬:𝟰𝟮
⏰ Last Name: ⌥ 𝟭𝟬:𝟰𝟯
⏰ Last Name: ⌥ 𝟭𝟬:𝟰𝟰
⏰ Last Name: ⌥ 𝟭𝟬:𝟰𝟱
⏰ Last Name: ⌥ 𝟭𝟬:𝟰𝟲
⏰ Last Name: ⌥ 𝟭𝟬:𝟰𝟳
⏰ Last Name: ⌥ 𝟭𝟬:𝟰𝟴
⏰ Last Name: ⌥ 𝟭𝟬:𝟰𝟵
⏰ Last Name: ⌥ 𝟭𝟬:𝟱𝟬
⏰ Last Name: ⌥ 𝟭𝟬:𝟱𝟭
⏰ Last Name: ⌥ 𝟭𝟬:𝟱𝟮
⏰ Last Name: ⌥ 𝟭𝟬:𝟱𝟯
⏰ Last Name: ⌥ 𝟭𝟬:𝟱𝟰
⏰ Last Name: ⌥ 𝟭𝟬:𝟱𝟱
⏰ Last Name: ⌥ 𝟭𝟬:𝟱𝟲
⏰ Last Name: ⌥ 𝟭𝟬:𝟱𝟳
⏰ Last Name: ⌥ 𝟭𝟬:𝟱𝟴
⏰ Last Name: ⌥ 𝟭𝟬:𝟱𝟵
⏰ Last Name: ⌥ 𝟭𝟭:𝟬𝟬
⏰ Last Name: ⌥ 𝟭𝟭:𝟬𝟭
⏰ Last Name: ⌥ 𝟭𝟭:𝟬𝟮
⏰ Last Name: ⌥ 𝟭𝟭:𝟬𝟯
⏰ Last Name: ⌥ 𝟭𝟭:𝟬𝟰
💜 Auto React [user:6990187779]: ❤️
⏰ Last Name: ⌥ 𝟭𝟭:𝟬𝟱
⏰ Last Name: ⌥ 𝟭𝟭:𝟬𝟲
⏰ Last Name: ⌥ 𝟭𝟭:𝟬𝟳
⏰ Last Name: ⌥ 𝟭𝟭:𝟬𝟴
⏰ Last Name: ⌥ 𝟭𝟭:𝟬𝟵
⏰ Last Name: ⌥ 𝟭𝟭:𝟭𝟬
⏰ Last Name: ⌥ 𝟭𝟭:𝟭𝟭
⏰ Last Name: ⌥ 𝟭𝟭:𝟭𝟮
⏰ Last Name: ⌥ 𝟭𝟭:𝟭𝟯
⏰ Last Name: ⌥ 𝟭𝟭:𝟭𝟰
⏰ Last Name: ⌥ 𝟭𝟭:𝟭𝟱
⏰ Last Name: ⌥ 𝟭𝟭:𝟭𝟲
⏰ Last Name: ⌥ 𝟭𝟭:𝟭𝟳
⏰ Last Name: ⌥ 𝟭𝟭:𝟭𝟴
⏰ Last Name: ⌥ 𝟭𝟭:𝟭𝟵
⏰ Last Name: ⌥ 𝟭𝟭:𝟮𝟬
⏰ Last Name: ⌥ 𝟭𝟭:𝟮𝟭
⏰ Last Name: ⌥ 𝟭𝟭:𝟮𝟮
⏰ Last Name: ⌥ 𝟭𝟭:𝟮𝟯
⏰ Last Name: ⌥ 𝟭𝟭:𝟮𝟰
⏰ Last Name: ⌥ 𝟭𝟭:𝟮𝟱
⏰ Last Name: ⌥ 𝟭𝟭:𝟮𝟲
⏰ Last Name: ⌥ 𝟭𝟭:𝟮𝟳
⏰ Last Name: ⌥ 𝟭𝟭:𝟮𝟴
⏰ Last Name: ⌥ 𝟭𝟭:𝟮𝟵
⏰ Last Name: ⌥ 𝟭𝟭:𝟯𝟬
⏰ Last Name: ⌥ 𝟭𝟭:𝟯𝟭
⏰ Last Name: ⌥ 𝟭𝟭:𝟯𝟮
⏰ Last Name: ⌥ 𝟭𝟭:𝟯𝟯
⏰ Last Name: ⌥ 𝟭𝟭:𝟯𝟰
⏰ Last Name: ⌥ 𝟭𝟭:𝟯𝟱
⏰ Last Name: ⌥ 𝟭𝟭:𝟯𝟲
⏰ Last Name: ⌥ 𝟭𝟭:𝟯𝟳
⏰ Last Name: ⌥ 𝟭𝟭:𝟯𝟴
⏰ Last Name: ⌥ 𝟭𝟭:𝟯𝟵
⏰ Last Name: ⌥ 𝟭𝟭:𝟰𝟬
⏰ Last Name: ⌥ 𝟭𝟭:𝟰𝟭
⏰ Last Name: ⌥ 𝟭𝟭:𝟰𝟮
⏰ Last Name: ⌥ 𝟭𝟭:𝟰𝟯
⏰ Last Name: ⌥ 𝟭𝟭:𝟰𝟰
⏰ Last Name: ⌥ 𝟭𝟭:𝟰𝟱
⏰ Last Name: ⌥ 𝟭𝟭:𝟰𝟲
⏰ Last Name: ⌥ 𝟭𝟭:𝟰𝟳
⏰ Last Name: ⌥ 𝟭𝟭:𝟰𝟴
⏰ Last Name: ⌥ 𝟭𝟭:𝟰𝟵
⏰ Last Name: ⌥ 𝟭𝟭:𝟱𝟬
⏰ Last Name: ⌥ 𝟭𝟭:𝟱𝟭
⏰ Last Name: ⌥ 𝟭𝟭:𝟱𝟮
⏰ Last Name: ⌥ 𝟭𝟭:𝟱𝟯
⏰ Last Name: ⌥ 𝟭𝟭:𝟱𝟰
⏰ Last Name: ⌥ 𝟭𝟭:𝟱𝟱
⏰ Last Name: ⌥ 𝟭𝟭:𝟱𝟲
⏰ Last Name: ⌥ 𝟭𝟭:𝟱𝟳
⏰ Last Name: ⌥ 𝟭𝟭:𝟱𝟴
⏰ Last Name: ⌥ 𝟭𝟭:𝟱𝟵
⏰ Last Name: ⌥ 𝟭𝟮:𝟬𝟬
⏰ Last Name: ⌥ 𝟭𝟮:𝟬𝟭
⏰ Last Name: ⌥ 𝟭𝟮:𝟬𝟮
⏰ Last Name: ⌥ 𝟭𝟮:𝟬𝟯
⏰ Last Name: ⌥ 𝟭𝟮:𝟬𝟰
⏰ Last Name: ⌥ 𝟭𝟮:𝟬𝟱
⏰ Last Name: ⌥ 𝟭𝟮:𝟬𝟲
⏰ Last Name: ⌥ 𝟭𝟮:𝟬𝟳
⏰ Last Name: ⌥ 𝟭𝟮:𝟬𝟴
⏰ Last Name: ⌥ 𝟭𝟮:𝟬𝟵
⏰ Last Name: ⌥ 𝟭𝟮:𝟭𝟬
⏰ Last Name: ⌥ 𝟭𝟮:𝟭𝟭
⏰ Last Name: ⌥ 𝟭𝟮:𝟭𝟮
⏰ Last Name: ⌥ 𝟭𝟮:𝟭𝟯
⏰ Last Name: ⌥ 𝟭𝟮:𝟭𝟰
⏰ Last Name: ⌥ 𝟭𝟮:𝟭𝟱
⏰ Last Name: ⌥ 𝟭𝟮:𝟭𝟲
⏰ Last Name: ⌥ 𝟭𝟮:𝟭𝟳
⏰ Last Name: ⌥ 𝟭𝟮:𝟭𝟴
⏰ Last Name: ⌥ 𝟭𝟮:𝟭𝟵
⏰ Last Name: ⌥ 𝟭𝟮:𝟮𝟬
⏰ Last Name: ⌥ 𝟭𝟮:𝟮𝟭
⏰ Last Name: ⌥ 𝟭𝟮:𝟮𝟮
⏰ Last Name: ⌥ 𝟭𝟮:𝟮𝟯
⏰ Last Name: ⌥ 𝟭𝟮:𝟮𝟰
⏰ Last Name: ⌥ 𝟭𝟮:𝟮𝟱
⏰ Last Name: ⌥ 𝟭𝟮:𝟮𝟲
⏰ Last Name: ⌥ 𝟭𝟮:𝟮𝟳
⏰ Last Name: ⌥ 𝟭𝟮:𝟮𝟴
⏰ Last Name: ⌥ 𝟭𝟮:𝟮𝟵
⏰ Last Name: ⌥ 𝟭𝟮:𝟯𝟬
⏰ Last Name: ⌥ 𝟭𝟮:𝟯𝟭
⏰ Last Name: ⌥ 𝟭𝟮:𝟯𝟮
⏰ Last Name: ⌥ 𝟭𝟮:𝟯𝟯
💜 Auto React [user:6990187779]: ❤️
💜 Auto React [user:6990187779]: ❤️
⏰ Last Name: ⌥ 𝟭𝟮:𝟯𝟰
💜 Auto React [user:6990187779]: ❤️
⏰ Last Name: ⌥ 𝟭𝟮:𝟯𝟱
💜 Auto React [user:6990187779]: ❤️
💜 Auto React [user:6990187779]: ❤️
⏰ Last Name: ⌥ 𝟭𝟮:𝟯𝟲
💜 Auto React [user:6990187779]: ❤️
⏰ Last Name: ⌥ 𝟭𝟮:𝟯𝟳
⏰ Last Name: ⌥ 𝟭𝟮:𝟯𝟴
💜 Auto React [user:6990187779]: ❤️
💜 Auto React [user:6990187779]: ❤️
⏰ Last Name: ⌥ 𝟭𝟮:𝟯𝟵
⏰ Last Name: ⌥ 𝟭𝟮:𝟰𝟬
💜 Auto React [user:6990187779]: ❤️
💜 Auto React [user:6990187779]: ❤️
⏰ Last Name: ⌥ 𝟭𝟮:𝟰𝟭
💜 Auto React [user:6990187779]: ❤️
💜 Auto React [user:6990187779]: ❤️
⏰ Last Name: ⌥ 𝟭𝟮:𝟰𝟮
💜 Auto React [user:6990187779]: ❤️
💜 Auto React [user:6990187779]: ❤️
💜 Auto React [user:6990187779]: ❤️
⏰ Last Name: ⌥ 𝟭𝟮:𝟰𝟯
💜 Auto React [user:6990187779]: ❤️
💜 Auto React [user:6990187779]: ❤️
💜 Auto React [user:6990187779]: ❤️
💜 Auto React [user:6990187779]: ❤️
⏰ Last Name: ⌥ 𝟭𝟮:𝟰𝟰
💜 Auto React [user:6990187779]: ❤️
⏰ Last Name: ⌥ 𝟭𝟮:𝟰𝟱
💜 Auto React [user:6990187779]: ❤️
💜 Auto React [user:6990187779]: ❤️
💜 Auto React [user:6990187779]: ❤️
💜 Auto React [user:6990187779]: ❤️
💜 Auto React [user:6990187779]: ❤️
💜 Auto React [user:6990187779]: ❤️
⏰ Last Name: ⌥ 𝟭𝟮:𝟰𝟲
💜 Auto React [user:6990187779]: ❤️
💜 Auto React [user:6990187779]: ❤️
💜 Auto React [user:6990187779]: ❤️
💜 Auto React [user:6990187779]: ❤️
💜 Auto React [user:6990187779]: ❤️
⏰ Last Name: ⌥ 𝟭𝟮:𝟰𝟳
💜 Auto React [user:6990187779]: ❤️
💜 Auto React [user:6990187779]: ❤️
💜 Auto React [user:6990187779]: ❤️
⏰ Last Name: ⌥ 𝟭𝟮:𝟰𝟴
💜 Auto React [user:6990187779]: ❤️
⏰ Last Name: ⌥ 𝟭𝟮:𝟰𝟵
💜 Auto React [user:6990187779]: ❤️
💜 Auto React [user:6990187779]: ❤️
💜 Auto React [user:6990187779]: ❤️
💜 Auto React [user:6990187779]: ❤️
⏰ Last Name: ⌥ 𝟭𝟮:𝟱𝟬
💜 Auto React [user:6990187779]: ❤️
💜 Auto React [user:6990187779]: ❤️
💜 Auto React [user:6990187779]: ❤️
⏰ Last Name: ⌥ 𝟭𝟮:𝟱𝟭
💜 Auto React [user:6990187779]: ❤️
⏰ Last Name: ⌥ 𝟭𝟮:𝟱𝟮
💜 Auto React [user:6990187779]: ❤️
⏰ Last Name: ⌥ 𝟭𝟮:𝟱𝟯
💜 Auto React [user:6990187779]: ❤️
💜 Auto React [user:6990187779]: ❤️
💜 Auto React [user:6990187779]: ❤️
⏰ Last Name: ⌥ 𝟭𝟮:𝟱𝟰
💜 Auto React [user:6990187779]: ❤️
💜 Auto React [user:6990187779]: ❤️
⏰ Last Name: ⌥ 𝟭𝟮:𝟱𝟱
💜 Auto React [user:6990187779]: ❤️
⏰ Last Name: ⌥ 𝟭𝟮:𝟱𝟲
💜 Auto React [user:6990187779]: ❤️
💜 Auto React [user:6990187779]: ❤️
⏰ Last Name: ⌥ 𝟭𝟮:𝟱𝟳
💜 Auto React [user:6990187779]: ❤️
💜 Auto React [user:6990187779]: ❤️
💜 Auto React [user:6990187779]: ❤️
💜 Auto React [user:6990187779]: ❤️
💜 Auto React [user:6990187779]: ❤️
⏰ Last Name: ⌥ 𝟭𝟮:𝟱𝟴
💜 Auto React [user:6990187779]: ❤️
💜 Auto React [user:6990187779]: ❤️
⏰ Last Name: ⌥ 𝟭𝟮:𝟱𝟵
⏰ Last Name: ⌥ 𝟭𝟯:𝟬𝟬
💜 Auto React [user:6990187779]: ❤️
💜 Auto React [user:6990187779]: ❤️
💜 Auto React [user:6990187779]: ❤️
💜 Auto React [user:6990187779]: ❤️
⏰ Last Name: ⌥ 𝟭𝟯:𝟬𝟭
💜 Auto React [user:6990187779]: ❤️
💜 Auto React [user:6990187779]: ❤️
💜 Auto React [user:6990187779]: ❤️
💜 Auto React [user:6990187779]: ❤️
⏰ Last Name: ⌥ 𝟭𝟯:𝟬𝟮
💜 Auto React [user:6990187779]: ❤️
💜 Auto React [user:6990187779]: ❤️
⏰ Last Name: ⌥ 𝟭𝟯:𝟬𝟯
💜 Auto React [user:6990187779]: ❤️
⏰ Last Name: ⌥ 𝟭𝟯:𝟬𝟰
💜 Auto React [user:6990187779]: ❤️
💜 Auto React [user:6990187779]: ❤️
💜 Auto React [user:6990187779]: ❤️
💜 Auto React [user:6990187779]: ❤️
💜 Auto React [user:6990187779]: ❤️
⏰ Last Name: ⌥ 𝟭𝟯:𝟬𝟱
💜 Auto React [user:6990187779]: ❤️
💜 Auto React [user:6990187779]: ❤️
💜 Auto React [user:6990187779]: ❤️
⏰ Last Name: ⌥ 𝟭𝟯:𝟬𝟲
💜 Auto React [user:6990187779]: ❤️
💜 Auto React [user:6990187779]: ❤️
💜 Auto React [user:6990187779]: ❤️
💜 Auto React [user:6990187779]: ❤️
💜 Auto React [user:6990187779]: ❤️
⏰ Last Name: ⌥ 𝟭𝟯:𝟬𝟳
💜 Auto React [user:6990187779]: ❤️
💜 Auto React [user:6990187779]: ❤️
💜 Auto React [user:6990187779]: ❤️
⏰ Last Name: ⌥ 𝟭𝟯:𝟬𝟴
⏰ Last Name: ⌥ 𝟭𝟯:𝟬𝟵
⏰ Last Name: ⌥ 𝟭𝟯:𝟭𝟬
⏰ Last Name: ⌥ 𝟭𝟯:𝟭𝟭
⏰ Last Name: ⌥ 𝟭𝟯:𝟭𝟮
💜 Auto React [user:6990187779]: ❤️
⏰ Last Name: ⌥ 𝟭𝟯:𝟭𝟯
⏰ Last Name: ⌥ 𝟭𝟯:𝟭𝟰
⏰ Last Name: ⌥ 𝟭𝟯:𝟭𝟱
💜 Auto React [user:6990187779]: ❤️
⏰ Last Name: ⌥ 𝟭𝟯:𝟭𝟲
💜 Auto React [user:6990187779]: ❤️
⏰ Last Name: ⌥ 𝟭𝟯:𝟭𝟳
⏰ Last Name: ⌥ 𝟭𝟯:𝟭𝟴
⏰ Last Name: ⌥ 𝟭𝟯:𝟭𝟵
⏰ Last Name: ⌥ 𝟭𝟯:𝟮𝟬
⏰ Last Name: ⌥ 𝟭𝟯:𝟮𝟭
⏰ Last Name: ⌥ 𝟭𝟯:𝟮𝟮
⏰ Last Name: ⌥ 𝟭𝟯:𝟮𝟯
⏰ Last Name: ⌥ 𝟭𝟯:𝟮𝟰
⏰ Last Name: ⌥ 𝟭𝟯:𝟮𝟱
⏰ Last Name: ⌥ 𝟭𝟯:𝟮𝟲
⏰ Last Name: ⌥ 𝟭𝟯:𝟮𝟳
⏰ Last Name: ⌥ 𝟭𝟯:𝟮𝟴
⏰ Last Name: ⌥ 𝟭𝟯:𝟮𝟵
⏰ Last Name: ⌥ 𝟭𝟯:𝟯𝟬
⏰ Last Name: ⌥ 𝟭𝟯:𝟯𝟭
⏰ Last Name: ⌥ 𝟭𝟯:𝟯𝟮
⏰ Last Name: ⌥ 𝟭𝟯:𝟯𝟯
⏰ Last Name: ⌥ 𝟭𝟯:𝟯𝟰
⏰ Last Name: ⌥ 𝟭𝟯:𝟯𝟱
⏰ Last Name: ⌥ 𝟭𝟯:𝟯𝟲
⏰ Last Name: ⌥ 𝟭𝟯:𝟯𝟳
⏰ Last Name: ⌥ 𝟭𝟯:𝟯𝟴
⏰ Last Name: ⌥ 𝟭𝟯:𝟯𝟵
⏰ Last Name: ⌥ 𝟭𝟯:𝟰𝟬
⏰ Last Name: ⌥ 𝟭𝟯:𝟰𝟭
⏰ Last Name: ⌥ 𝟭𝟯:𝟰𝟮
⏰ Last Name: ⌥ 𝟭𝟯:𝟰𝟯
⏰ Last Name: ⌥ 𝟭𝟯:𝟰𝟰
⏰ Last Name: ⌥ 𝟭𝟯:𝟰𝟱
⏰ Last Name: ⌥ 𝟭𝟯:𝟰𝟲
⏰ Last Name: ⌥ 𝟭𝟯:𝟰𝟳
⏰ Last Name: ⌥ 𝟭𝟯:𝟰𝟴
⏰ Last Name: ⌥ 𝟭𝟯:𝟰𝟵
⏰ Last Name: ⌥ 𝟭𝟯:𝟱𝟬
⏰ Last Name: ⌥ 𝟭𝟯:𝟱𝟭
⏰ Last Name: ⌥ 𝟭𝟯:𝟱𝟮
⏰ Last Name: ⌥ 𝟭𝟯:𝟱𝟯
⏰ Last Name: ⌥ 𝟭𝟯:𝟱𝟰
💜 Auto React [user:6990187779]: ❤️
💜 Auto React [user:6990187779]: ❤️
💜 Auto React [user:6990187779]: ❤️
⏰ Last Name: ⌥ 𝟭𝟯:𝟱𝟱
💜 Auto React [user:6990187779]: ❤️
💜 Auto React [user:6990187779]: ❤️
⏰ Last Name: ⌥ 𝟭𝟯:𝟱𝟲
💜 Auto React [user:6990187779]: ❤️
⏰ Last Name: ⌥ 𝟭𝟯:𝟱𝟳
⏰ Last Name: ⌥ 𝟭𝟯:𝟱𝟴
💜 Auto React [user:6990187779]: ❤️
💜 Auto React [user:6990187779]: ❤️
⏰ Last Name: ⌥ 𝟭𝟯:𝟱𝟵
💜 Auto React [user:6990187779]: ❤️
💜 Auto React [user:6990187779]: ❤️
⏰ Last Name: ⌥ 𝟭𝟰:𝟬𝟬
💜 Auto React [user:6990187779]: ❤️
⏰ Last Name: ⌥ 𝟭𝟰:𝟬𝟭
💜 Auto React [user:6990187779]: ❤️
💜 Auto React [user:6990187779]: ❤️
⏰ Last Name: ⌥ 𝟭𝟰:𝟬𝟮
💜 Auto React [user:6990187779]: ❤️
💜 Auto React [user:6990187779]: ❤️
💜 Auto React [user:6990187779]: ❤️
⏰ Last Name: ⌥ 𝟭𝟰:𝟬𝟯
💜 Auto React [user:6990187779]: ❤️
💜 Auto React [user:6990187779]: ❤️
⏰ Last Name: ⌥ 𝟭𝟰:𝟬𝟰
⏰ Last Name: ⌥ 𝟭𝟰:𝟬𝟱
💜 Auto React [user:6990187779]: ❤️
💜 Auto React [user:6990187779]: ❤️
💜 Auto React [user:6990187779]: ❤️
⏰ Last Name: ⌥ 𝟭𝟰:𝟬𝟲
💜 Auto React [user:6990187779]: ❤️
💜 Auto React [user:6990187779]: ❤️
⏰ Last Name: ⌥ 𝟭𝟰:𝟬𝟳
💜 Auto React [user:6990187779]: ❤️
💜 Auto React [user:6990187779]: ❤️
💜 Auto React [user:6990187779]: ❤️
💜 Auto React [user:6990187779]: ❤️
⏰ Last Name: ⌥ 𝟭𝟰:𝟬𝟴
💜 Auto React [user:6990187779]: ❤️
⏰ Last Name: ⌥ 𝟭𝟰:𝟬𝟵
⏰ Last Name: ⌥ 𝟭𝟰:𝟭𝟬
⏰ Last Name: ⌥ 𝟭𝟰:𝟭𝟭
⏰ Last Name: ⌥ 𝟭𝟰:𝟭𝟮
⏰ Last Name: ⌥ 𝟭𝟰:𝟭𝟯
⏰ Last Name: ⌥ 𝟭𝟰:𝟭𝟰
⏰ Last Name: ⌥ 𝟭𝟰:𝟭𝟱
⏰ Last Name: ⌥ 𝟭𝟰:𝟭𝟲
⏰ Last Name: ⌥ 𝟭𝟰:𝟭𝟳
⏰ Last Name: ⌥ 𝟭𝟰:𝟭𝟴
⏰ Last Name: ⌥ 𝟭𝟰:𝟭𝟵
⏰ Last Name: ⌥ 𝟭𝟰:𝟮𝟬
💜 Auto React [user:6990187779]: ❤️
⏰ Last Name: ⌥ 𝟭𝟰:𝟮𝟭
💜 Auto React [user:6990187779]: ❤️
⏰ Last Name: ⌥ 𝟭𝟰:𝟮𝟮
💜 Auto React [user:6990187779]: ❤️
💜 Auto React [user:6990187779]: ❤️
⏰ Last Name: ⌥ 𝟭𝟰:𝟮𝟯
⏰ Last Name: ⌥ 𝟭𝟰:𝟮𝟰
⏰ Last Name: ⌥ 𝟭𝟰:𝟮𝟱
💜 Auto React [user:6990187779]: ❤️
💜 Auto React [user:6990187779]: ❤️
⏰ Last Name: ⌥ 𝟭𝟰:𝟮𝟲
💜 Auto React [user:6990187779]: ❤️
💜 Auto React [user:6990187779]: ❤️
⏰ Last Name: ⌥ 𝟭𝟰:𝟮𝟳
💜 Auto React [user:6990187779]: ❤️
💜 Auto React [user:6990187779]: ❤️
💜 Auto React [user:6990187779]: ❤️
💜 Auto React [user:6990187779]: ❤️
⏰ Last Name: ⌥ 𝟭𝟰:𝟮𝟴
⏰ Last Name: ⌥ 𝟭𝟰:𝟮𝟵
💜 Auto React [user:6990187779]: ❤️
💜 Auto React [user:8944291576]: 🍌
⏰ Last Name: ⌥ 𝟭𝟰:𝟯𝟬
⏰ Last Name: ⌥ 𝟭𝟰:𝟯𝟭
⏰ Last Name: ⌥ 𝟭𝟰:𝟯𝟮
⏰ Last Name: ⌥ 𝟭𝟰:𝟯𝟯
⏰ Last Name: ⌥ 𝟭𝟰:𝟯𝟰
💜 Auto React [user:6990187779]: ❤️
💜 Auto React [user:8944291576]: 🍌
⏰ Last Name: ⌥ 𝟭𝟰:𝟯𝟱
⏰ Last Name: ⌥ 𝟭𝟰:𝟯𝟲
⏰ Last Name: ⌥ 𝟭𝟰:𝟯𝟳
⏰ Last Name: ⌥ 𝟭𝟰:𝟯𝟴
💜 Auto React [user:6990187779]: ❤️
💜 Auto React [user:8944291576]: 🍌
⏰ Last Name: ⌥ 𝟭𝟰:𝟯𝟵
💜 Auto React [user:6990187779]: ❤️
💜 Auto React [user:6990187779]: ❤️
⏰ Last Name: ⌥ 𝟭𝟰:𝟰𝟬
💜 Auto React [user:6990187779]: ❤️
💜 Auto React [user:6990187779]: ❤️
⏰ Last Name: ⌥ 𝟭𝟰:𝟰𝟭
💜 Auto React [user:6990187779]: ❤️
⏰ Last Name: ⌥ 𝟭𝟰:𝟰𝟮
💜 Auto React [user:6990187779]: ❤️
💜 Auto React [user:8944291576]: 🍌
⏰ Last Name: ⌥ 𝟭𝟰:𝟰𝟯
💜 Auto React [user:6990187779]: ❤️
⏰ Last Name: ⌥ 𝟭𝟰:𝟰𝟰
💜 Auto React [user:6990187779]: ❤️
💜 Auto React [user:6990187779]: ❤️
⏰ Last Name: ⌥ 𝟭𝟰:𝟰𝟱
💜 Auto React [user:6990187779]: ❤️
⏰ Last Name: ⌥ 𝟭𝟰:𝟰𝟲
⏰ Last Name: ⌥ 𝟭𝟰:𝟰𝟳
⏰ Last Name: ⌥ 𝟭𝟰:𝟰𝟴
⏰ Last Name: ⌥ 𝟭𝟰:𝟰𝟵
⏰ Last Name: ⌥ 𝟭𝟰:𝟱𝟬
💜 Auto React [user:6990187779]: ❤️
💜 Auto React [user:8944291576]: 🍌
⏰ Last Name: ⌥ 𝟭𝟰:𝟱𝟭
💜 Auto React [user:6990187779]: ❤️
💜 Auto React [user:6990187779]: ❤️
💜 Auto React [user:6990187779]: ❤️
💜 Auto React [user:6990187779]: ❤️
⏰ Last Name: ⌥ 𝟭𝟰:𝟱𝟮
💜 Auto React [user:6990187779]: ❤️
⏰ Last Name: ⌥ 𝟭𝟰:𝟱𝟯
⏰ Last Name: ⌥ 𝟭𝟰:𝟱𝟰
💜 Auto React [user:6990187779]: ❤️
⏰ Last Name: ⌥ 𝟭𝟰:𝟱𝟱
💜 Auto React [user:6990187779]: ❤️
💜 Auto React [user:6990187779]: ❤️
💜 Auto React [user:6990187779]: ❤️
⏰ Last Name: ⌥ 𝟭𝟰:𝟱𝟲
💜 Auto React [user:6990187779]: ❤️
⏰ Last Name: ⌥ 𝟭𝟰:𝟱𝟳
💜 Auto React [user:6990187779]: ❤️
💜 Auto React [user:6990187779]: ❤️
💜 Auto React [user:6990187779]: ❤️
⏰ Last Name: ⌥ 𝟭𝟰:𝟱𝟴
💜 Auto React [user:6990187779]: ❤️
💜 Auto React [user:6990187779]: ❤️
💜 Auto React [user:6990187779]: ❤️
⏰ Last Name: ⌥ 𝟭𝟰:𝟱𝟵
💜 Auto React [user:6990187779]: ❤️
💜 Auto React [user:6990187779]: ❤️
💜 Auto React [user:6990187779]: ❤️
⏰ Last Name: ⌥ 𝟭𝟱:𝟬𝟬
💜 Auto React [user:6990187779]: ❤️
💜 Auto React [user:6990187779]: ❤️
💜 Auto React [user:6990187779]: ❤️
💜 Auto React [user:6990187779]: ❤️
⏰ Last Name: ⌥ 𝟭𝟱:𝟬𝟭
💜 Auto React [user:6990187779]: ❤️
💜 Auto React [user:6990187779]: ❤️
⏰ Last Name: ⌥ 𝟭𝟱:𝟬𝟮
💜 Auto React [user:6990187779]: ❤️
⏰ Last Name: ⌥ 𝟭𝟱:𝟬𝟯
💜 Auto React [user:6990187779]: ❤️
💜 Auto React [user:6990187779]: ❤️
⏰ Last Name: ⌥ 𝟭𝟱:𝟬𝟰
💜 Auto React [user:6990187779]: ❤️
💜 Auto React [user:6990187779]: ❤️
💜 Auto React [user:6990187779]: ❤️
⏰ Last Name: ⌥ 𝟭𝟱:𝟬𝟱
⏰ Last Name: ⌥ 𝟭𝟱:𝟬𝟲
💜 Auto React [user:6990187779]: ❤️
⏰ Last Name: ⌥ 𝟭𝟱:𝟬𝟳
💜 Auto React [user:6990187779]: ❤️
⏰ Last Name: ⌥ 𝟭𝟱:𝟬𝟴
💜 Auto React [user:6990187779]: ❤️
💜 Auto React [user:6990187779]: ❤️
⏰ Last Name: ⌥ 𝟭𝟱:𝟬𝟵
⏰ Last Name: ⌥ 𝟭𝟱:𝟭𝟬
💜 Auto React [user:6990187779]: ❤️
💜 Auto React [user:6990187779]: ❤️
⏰ Last Name: ⌥ 𝟭𝟱:𝟭𝟭
💜 Auto React [user:6990187779]: ❤️
⏰ Last Name: ⌥ 𝟭𝟱:𝟭𝟮
💜 Auto React [user:6990187779]: ❤️
💜 Auto React [user:6990187779]: ❤️
⏰ Last Name: ⌥ 𝟭𝟱:𝟭𝟯
💜 Auto React [user:6990187779]: ❤️
⏰ Last Name: ⌥ 𝟭𝟱:𝟭𝟰
⏰ Last Name: ⌥ 𝟭𝟱:𝟭𝟱
💜 Auto React [user:6990187779]: ❤️
💜 Auto React [user:6990187779]: ❤️
💜 Auto React [user:6990187779]: ❤️
💜 Auto React [user:6990187779]: ❤️
⏰ Last Name: ⌥ 𝟭𝟱:𝟭𝟲
💜 Auto React [user:6990187779]: ❤️
⏰ Last Name: ⌥ 𝟭𝟱:𝟭𝟳
💜 Auto React [user:6990187779]: ❤️
⏰ Last Name: ⌥ 𝟭𝟱:𝟭𝟴
⏰ Last Name: ⌥ 𝟭𝟱:𝟭𝟵
⏰ Last Name: ⌥ 𝟭𝟱:𝟮𝟬
⏰ Last Name: ⌥ 𝟭𝟱:𝟮𝟭
⏰ Last Name: ⌥ 𝟭𝟱:𝟮𝟮
⏰ Last Name: ⌥ 𝟭𝟱:𝟮𝟯
⏰ Last Name: ⌥ 𝟭𝟱:𝟮𝟰
⏰ Last Name: ⌥ 𝟭𝟱:𝟮𝟱
⏰ Last Name: ⌥ 𝟭𝟱:𝟮𝟲
⏰ Last Name: ⌥ 𝟭𝟱:𝟮𝟳
⏰ Last Name: ⌥ 𝟭𝟱:𝟮𝟴
⏰ Last Name: ⌥ 𝟭𝟱:𝟮𝟵
⏰ Last Name: ⌥ 𝟭𝟱:𝟯𝟬
⏰ Last Name: ⌥ 𝟭𝟱:𝟯𝟭
⏰ Last Name: ⌥ 𝟭𝟱:𝟯𝟮
⏰ Last Name: ⌥ 𝟭𝟱:𝟯𝟯
⏰ Last Name: ⌥ 𝟭𝟱:𝟯𝟰
⏰ Last Name: ⌥ 𝟭𝟱:𝟯𝟱
⏰ Last Name: ⌥ 𝟭𝟱:𝟯𝟲
⏰ Last Name: ⌥ 𝟭𝟱:𝟯𝟳
⏰ Last Name: ⌥ 𝟭𝟱:𝟯𝟴
⏰ Last Name: ⌥ 𝟭𝟱:𝟯𝟵
⏰ Last Name: ⌥ 𝟭𝟱:𝟰𝟬
⏰ Last Name: ⌥ 𝟭𝟱:𝟰𝟭
⏰ Last Name: ⌥ 𝟭𝟱:𝟰𝟮
⏰ Last Name: ⌥ 𝟭𝟱:𝟰𝟯
⏰ Last Name: ⌥ 𝟭𝟱:𝟰𝟰
⏰ Last Name: ⌥ 𝟭𝟱:𝟰𝟱
⏰ Last Name: ⌥ 𝟭𝟱:𝟰𝟲
⏰ Last Name: ⌥ 𝟭𝟱:𝟰𝟳
⏰ Last Name: ⌥ 𝟭𝟱:𝟰𝟴
⏰ Last Name: ⌥ 𝟭𝟱:𝟰𝟵
⏰ Last Name: ⌥ 𝟭𝟱:𝟱𝟬
⏰ Last Name: ⌥ 𝟭𝟱:𝟱𝟭
⏰ Last Name: ⌥ 𝟭𝟱:𝟱𝟮
⏰ Last Name: ⌥ 𝟭𝟱:𝟱𝟯
⏰ Last Name: ⌥ 𝟭𝟱:𝟱𝟰
⏰ Last Name: ⌥ 𝟭𝟱:𝟱𝟱
⏰ Last Name: ⌥ 𝟭𝟱:𝟱𝟲
⏰ Last Name: ⌥ 𝟭𝟱:𝟱𝟳
⏰ Last Name: ⌥ 𝟭𝟱:𝟱𝟴
⏰ Last Name: ⌥ 𝟭𝟱:𝟱𝟵
⏰ Last Name: ⌥ 𝟭𝟲:𝟬𝟬
⏰ Last Name: ⌥ 𝟭𝟲:𝟬𝟭
⏰ Last Name: ⌥ 𝟭𝟲:𝟬𝟮
⏰ Last Name: ⌥ 𝟭𝟲:𝟬𝟯
⏰ Last Name: ⌥ 𝟭𝟲:𝟬𝟰
⏰ Last Name: ⌥ 𝟭𝟲:𝟬𝟱
⏰ Last Name: ⌥ 𝟭𝟲:𝟬𝟲
⏰ Last Name: ⌥ 𝟭𝟲:𝟬𝟳
⏰ Last Name: ⌥ 𝟭𝟲:𝟬𝟴
⏰ Last Name: ⌥ 𝟭𝟲:𝟬𝟵
⏰ Last Name: ⌥ 𝟭𝟲:𝟭𝟬
⏰ Last Name: ⌥ 𝟭𝟲:𝟭𝟭
⏰ Last Name: ⌥ 𝟭𝟲:𝟭𝟮
⏰ Last Name: ⌥ 𝟭𝟲:𝟭𝟯
⏰ Last Name: ⌥ 𝟭𝟲:𝟭𝟰
⏰ Last Name: ⌥ 𝟭𝟲:𝟭𝟱
⏰ Last Name: ⌥ 𝟭𝟲:𝟭𝟲
⏰ Last Name: ⌥ 𝟭𝟲:𝟭𝟳
⏰ Last Name: ⌥ 𝟭𝟲:𝟭𝟴
⏰ Last Name: ⌥ 𝟭𝟲:𝟭𝟵
⏰ Last Name: ⌥ 𝟭𝟲:𝟮𝟬
⏰ Last Name: ⌥ 𝟭𝟲:𝟮𝟭
⏰ Last Name: ⌥ 𝟭𝟲:𝟮𝟮
⏰ Last Name: ⌥ 𝟭𝟲:𝟮𝟯
⏰ Last Name: ⌥ 𝟭𝟲:𝟮𝟰
⏰ Last Name: ⌥ 𝟭𝟲:𝟮𝟱
💜 Auto React [user:6958501715]: ❤️
⏰ Last Name: ⌥ 𝟭𝟲:𝟮𝟲
⏰ Last Name: ⌥ 𝟭𝟲:𝟮𝟳
⏰ Last Name: ⌥ 𝟭𝟲:𝟮𝟴
⏰ Last Name: ⌥ 𝟭𝟲:𝟮𝟵
⏰ Last Name: ⌥ 𝟭𝟲:𝟯𝟬
⏰ Last Name: ⌥ 𝟭𝟲:𝟯𝟭
⏰ Last Name: ⌥ 𝟭𝟲:𝟯𝟮
⏰ Last Name: ⌥ 𝟭𝟲:𝟯𝟯
⏰ Last Name: ⌥ 𝟭𝟲:𝟯𝟰
⏰ Last Name: ⌥ 𝟭𝟲:𝟯𝟱
⏰ Last Name: ⌥ 𝟭𝟲:𝟯𝟲
⏰ Last Name: ⌥ 𝟭𝟲:𝟯𝟳
⏰ Last Name: ⌥ 𝟭𝟲:𝟯𝟴
⏰ Last Name: ⌥ 𝟭𝟲:𝟯𝟵
💜 Auto React [user:8944291576]: 🍌
⏰ Last Name: ⌥ 𝟭𝟲:𝟰𝟬
💜 Auto React [user:8944291576]: 🍌
💜 Auto React [user:8944291576]: 🍌
💜 Auto React [user:8944291576]: 🍌
⏰ Last Name: ⌥ 𝟭𝟲:𝟰𝟭
⏰ Last Name: ⌥ 𝟭𝟲:𝟰𝟮
⏰ Last Name: ⌥ 𝟭𝟲:𝟰𝟯
⏰ Last Name: ⌥ 𝟭𝟲:𝟰𝟰
⏰ Last Name: ⌥ 𝟭𝟲:𝟰𝟱
⏰ Last Name: ⌥ 𝟭𝟲:𝟰𝟲
⏰ Last Name: ⌥ 𝟭𝟲:𝟰𝟳
⏰ Last Name: ⌥ 𝟭𝟲:𝟰𝟴
⏰ Last Name: ⌥ 𝟭𝟲:𝟰𝟵
⏰ Last Name: ⌥ 𝟭𝟲:𝟱𝟬
⏰ Last Name: ⌥ 𝟭𝟲:𝟱𝟭
⏰ Last Name: ⌥ 𝟭𝟲:𝟱𝟮
⏰ Last Name: ⌥ 𝟭𝟲:𝟱𝟯
⏰ Last Name: ⌥ 𝟭𝟲:𝟱𝟰
⏰ Last Name: ⌥ 𝟭𝟲:𝟱𝟱
⏰ Last Name: ⌥ 𝟭𝟲:𝟱𝟲
⏰ Last Name: ⌥ 𝟭𝟲:𝟱𝟳
⏰ Last Name: ⌥ 𝟭𝟲:𝟱𝟴
⏰ Last Name: ⌥ 𝟭𝟲:𝟱𝟵
⏰ Last Name: ⌥ 𝟭𝟳:𝟬𝟬
⏰ Last Name: ⌥ 𝟭𝟳:𝟬𝟭
⏰ Last Name: ⌥ 𝟭𝟳:𝟬𝟮
⏰ Last Name: ⌥ 𝟭𝟳:𝟬𝟯
⏰ Last Name: ⌥ 𝟭𝟳:𝟬𝟰
⏰ Last Name: ⌥ 𝟭𝟳:𝟬𝟱
⏰ Last Name: ⌥ 𝟭𝟳:𝟬𝟲
⏰ Last Name: ⌥ 𝟭𝟳:𝟬𝟳
⏰ Last Name: ⌥ 𝟭𝟳:𝟬𝟴
⏰ Last Name: ⌥ 𝟭𝟳:𝟬𝟵
⏰ Last Name: ⌥ 𝟭𝟳:𝟭𝟬
⏰ Last Name: ⌥ 𝟭𝟳:𝟭𝟭
⏰ Last Name: ⌥ 𝟭𝟳:𝟭𝟮
⏰ Last Name: ⌥ 𝟭𝟳:𝟭𝟯
⏰ Last Name: ⌥ 𝟭𝟳:𝟭𝟰
⏰ Last Name: ⌥ 𝟭𝟳:𝟭𝟱
⏰ Last Name: ⌥ 𝟭𝟳:𝟭𝟲
⏰ Last Name: ⌥ 𝟭𝟳:𝟭𝟳
⏰ Last Name: ⌥ 𝟭𝟳:𝟭𝟴
⏰ Last Name: ⌥ 𝟭𝟳:𝟭𝟵
⏰ Last Name: ⌥ 𝟭𝟳:𝟮𝟬
⏰ Last Name: ⌥ 𝟭𝟳:𝟮𝟭
⏰ Last Name: ⌥ 𝟭𝟳:𝟮𝟮
⏰ Last Name: ⌥ 𝟭𝟳:𝟮𝟯
⏰ Last Name: ⌥ 𝟭𝟳:𝟮𝟰
⏰ Last Name: ⌥ 𝟭𝟳:𝟮𝟱
⏰ Last Name: ⌥ 𝟭𝟳:𝟮𝟲
💜 Auto React [user:8944291576]: 🍌
⏰ Last Name: ⌥ 𝟭𝟳:𝟮𝟳
⏰ Last Name: ⌥ 𝟭𝟳:𝟮𝟴
⏰ Last Name: ⌥ 𝟭𝟳:𝟮𝟵
⏰ Last Name: ⌥ 𝟭𝟳:𝟯𝟬
⏰ Last Name: ⌥ 𝟭𝟳:𝟯𝟭
⏰ Last Name: ⌥ 𝟭𝟳:𝟯𝟮
⏰ Last Name: ⌥ 𝟭𝟳:𝟯𝟯
⏰ Last Name: ⌥ 𝟭𝟳:𝟯𝟰
⏰ Last Name: ⌥ 𝟭𝟳:𝟯𝟱
⏰ Last Name: ⌥ 𝟭𝟳:𝟯𝟲
⏰ Last Name: ⌥ 𝟭𝟳:𝟯𝟳
⏰ Last Name: ⌥ 𝟭𝟳:𝟯𝟴
⏰ Last Name: ⌥ 𝟭𝟳:𝟯𝟵
⏰ Last Name: ⌥ 𝟭𝟳:𝟰𝟬
⏰ Last Name: ⌥ 𝟭𝟳:𝟰𝟭
⏰ Last Name: ⌥ 𝟭𝟳:𝟰𝟮
⏰ Last Name: ⌥ 𝟭𝟳:𝟰𝟯
⏰ Last Name: ⌥ 𝟭𝟳:𝟰𝟰
⏰ Last Name: ⌥ 𝟭𝟳:𝟰𝟱
⏰ Last Name: ⌥ 𝟭𝟳:𝟰𝟲
⏰ Last Name: ⌥ 𝟭𝟳:𝟰𝟳
⏰ Last Name: ⌥ 𝟭𝟳:𝟰𝟴
⏰ Last Name: ⌥ 𝟭𝟳:𝟰𝟵
⏰ Last Name: ⌥ 𝟭𝟳:𝟱𝟬
⏰ Last Name: ⌥ 𝟭𝟳:𝟱𝟭
⏰ Last Name: ⌥ 𝟭𝟳:𝟱𝟮
⏰ Last Name: ⌥ 𝟭𝟳:𝟱𝟯
⏰ Last Name: ⌥ 𝟭𝟳:𝟱𝟰
⏰ Last Name: ⌥ 𝟭𝟳:𝟱𝟱
⏰ Last Name: ⌥ 𝟭𝟳:𝟱𝟲
⏰ Last Name: ⌥ 𝟭𝟳:𝟱𝟳
⏰ Last Name: ⌥ 𝟭𝟳:𝟱𝟴
⏰ Last Name: ⌥ 𝟭𝟳:𝟱𝟵
⏰ Last Name: ⌥ 𝟭𝟴:𝟬𝟬
⏰ Last Name: ⌥ 𝟭𝟴:𝟬𝟭
⏰ Last Name: ⌥ 𝟭𝟴:𝟬𝟮
⏰ Last Name: ⌥ 𝟭𝟴:𝟬𝟯
⏰ Last Name: ⌥ 𝟭𝟴:𝟬𝟰
⏰ Last Name: ⌥ 𝟭𝟴:𝟬𝟱
⏰ Last Name: ⌥ 𝟭𝟴:𝟬𝟲
⏰ Last Name: ⌥ 𝟭𝟴:𝟬𝟳
⏰ Last Name: ⌥ 𝟭𝟴:𝟬𝟴
⏰ Last Name: ⌥ 𝟭𝟴:𝟬𝟵
⏰ Last Name: ⌥ 𝟭𝟴:𝟭𝟬
⏰ Last Name: ⌥ 𝟭𝟴:𝟭𝟭
⏰ Last Name: ⌥ 𝟭𝟴:𝟭𝟮
⏰ Last Name: ⌥ 𝟭𝟴:𝟭𝟯
⏰ Last Name: ⌥ 𝟭𝟴:𝟭𝟰
⏰ Last Name: ⌥ 𝟭𝟴:𝟭𝟱
⏰ Last Name: ⌥ 𝟭𝟴:𝟭𝟲
⏰ Last Name: ⌥ 𝟭𝟴:𝟭𝟳
⏰ Last Name: ⌥ 𝟭𝟴:𝟭𝟴
⏰ Last Name: ⌥ 𝟭𝟴:𝟭𝟵
⏰ Last Name: ⌥ 𝟭𝟴:𝟮𝟬
⏰ Last Name: ⌥ 𝟭𝟴:𝟮𝟭
⏰ Last Name: ⌥ 𝟭𝟴:𝟮𝟮
⏰ Last Name: ⌥ 𝟭𝟴:𝟮𝟯
⏰ Last Name: ⌥ 𝟭𝟴:𝟮𝟰
⏰ Last Name: ⌥ 𝟭𝟴:𝟮𝟱
⏰ Last Name: ⌥ 𝟭𝟴:𝟮𝟲
⏰ Last Name: ⌥ 𝟭𝟴:𝟮𝟳
⏰ Last Name: ⌥ 𝟭𝟴:𝟮𝟴
⏰ Last Name: ⌥ 𝟭𝟴:𝟮𝟵
⏰ Last Name: ⌥ 𝟭𝟴:𝟯𝟬
⏰ Last Name: ⌥ 𝟭𝟴:𝟯𝟭
⏰ Last Name: ⌥ 𝟭𝟴:𝟯𝟮
⏰ Last Name: ⌥ 𝟭𝟴:𝟯𝟯
⏰ Last Name: ⌥ 𝟭𝟴:𝟯𝟰
⏰ Last Name: ⌥ 𝟭𝟴:𝟯𝟱
⏰ Last Name: ⌥ 𝟭𝟴:𝟯𝟲
⏰ Last Name: ⌥ 𝟭𝟴:𝟯𝟳
⏰ Last Name: ⌥ 𝟭𝟴:𝟯𝟴
⏰ Last Name: ⌥ 𝟭𝟴:𝟯𝟵
⏰ Last Name: ⌥ 𝟭𝟴:𝟰𝟬
⏰ Last Name: ⌥ 𝟭𝟴:𝟰𝟭
⏰ Last Name: ⌥ 𝟭𝟴:𝟰𝟮
⏰ Last Name: ⌥ 𝟭𝟴:𝟰𝟯
⏰ Last Name: ⌥ 𝟭𝟴:𝟰𝟰
⏰ Last Name: ⌥ 𝟭𝟴:𝟰𝟱
⏰ Last Name: ⌥ 𝟭𝟴:𝟰𝟲
⏰ Last Name: ⌥ 𝟭𝟴:𝟰𝟳
⏰ Last Name: ⌥ 𝟭𝟴:𝟰𝟴
⏰ Last Name: ⌥ 𝟭𝟴:𝟰𝟵
⏰ Last Name: ⌥ 𝟭𝟴:𝟱𝟬
⏰ Last Name: ⌥ 𝟭𝟴:𝟱𝟭
⏰ Last Name: ⌥ 𝟭𝟴:𝟱𝟮
⏰ Last Name: ⌥ 𝟭𝟴:𝟱𝟯
⏰ Last Name: ⌥ 𝟭𝟴:𝟱𝟰
⏰ Last Name: ⌥ 𝟭𝟴:𝟱𝟱
⏰ Last Name: ⌥ 𝟭𝟴:𝟱𝟲
⏰ Last Name: ⌥ 𝟭𝟴:𝟱𝟳
⏰ Last Name: ⌥ 𝟭𝟴:𝟱𝟴
⏰ Last Name: ⌥ 𝟭𝟴:𝟱𝟵
⏰ Last Name: ⌥ 𝟭𝟵:𝟬𝟬
⏰ Last Name: ⌥ 𝟭𝟵:𝟬𝟭
⏰ Last Name: ⌥ 𝟭𝟵:𝟬𝟮
⏰ Last Name: ⌥ 𝟭𝟵:𝟬𝟯
⏰ Last Name: ⌥ 𝟭𝟵:𝟬𝟰
⏰ Last Name: ⌥ 𝟭𝟵:𝟬𝟱
⏰ Last Name: ⌥ 𝟭𝟵:𝟬𝟲
⏰ Last Name: ⌥ 𝟭𝟵:𝟬𝟳
⏰ Last Name: ⌥ 𝟭𝟵:𝟬𝟴
⏰ Last Name: ⌥ 𝟭𝟵:𝟬𝟵
⏰ Last Name: ⌥ 𝟭𝟵:𝟭𝟬
⏰ Last Name: ⌥ 𝟭𝟵:𝟭𝟭
⏰ Last Name: ⌥ 𝟭𝟵:𝟭𝟮
⏰ Last Name: ⌥ 𝟭𝟵:𝟭𝟯
⏰ Last Name: ⌥ 𝟭𝟵:𝟭𝟰
⏰ Last Name: ⌥ 𝟭𝟵:𝟭𝟱
⏰ Last Name: ⌥ 𝟭𝟵:𝟭𝟲
⏰ Last Name: ⌥ 𝟭𝟵:𝟭𝟳
⏰ Last Name: ⌥ 𝟭𝟵:𝟭𝟴
⏰ Last Name: ⌥ 𝟭𝟵:𝟭𝟵
⏰ Last Name: ⌥ 𝟭𝟵:𝟮𝟬
⏰ Last Name: ⌥ 𝟭𝟵:𝟮𝟭
⏰ Last Name: ⌥ 𝟭𝟵:𝟮𝟮
⏰ Last Name: ⌥ 𝟭𝟵:𝟮𝟯
⏰ Last Name: ⌥ 𝟭𝟵:𝟮𝟰
⏰ Last Name: ⌥ 𝟭𝟵:𝟮𝟱
⏰ Last Name: ⌥ 𝟭𝟵:𝟮𝟲
⏰ Last Name: ⌥ 𝟭𝟵:𝟮𝟳
⏰ Last Name: ⌥ 𝟭𝟵:𝟮𝟴
⏰ Last Name: ⌥ 𝟭𝟵:𝟮𝟵
⏰ Last Name: ⌥ 𝟭𝟵:𝟯𝟬
⏰ Last Name: ⌥ 𝟭𝟵:𝟯𝟭
⏰ Last Name: ⌥ 𝟭𝟵:𝟯𝟮
⏰ Last Name: ⌥ 𝟭𝟵:𝟯𝟯
⏰ Last Name: ⌥ 𝟭𝟵:𝟯𝟰
⏰ Last Name: ⌥ 𝟭𝟵:𝟯𝟱
⏰ Last Name: ⌥ 𝟭𝟵:𝟯𝟲
⏰ Last Name: ⌥ 𝟭𝟵:𝟯𝟳
⏰ Last Name: ⌥ 𝟭𝟵:𝟯𝟴
⏰ Last Name: ⌥ 𝟭𝟵:𝟯𝟵
⏰ Last Name: ⌥ 𝟭𝟵:𝟰𝟬
⏰ Last Name: ⌥ 𝟭𝟵:𝟰𝟭
⏰ Last Name: ⌥ 𝟭𝟵:𝟰𝟮
⏰ Last Name: ⌥ 𝟭𝟵:𝟰𝟯
⏰ Last Name: ⌥ 𝟭𝟵:𝟰𝟰
⏰ Last Name: ⌥ 𝟭𝟵:𝟰𝟱
⏰ Last Name: ⌥ 𝟭𝟵:𝟰𝟲
⏰ Last Name: ⌥ 𝟭𝟵:𝟰𝟳
💜 Auto React [user:6990187779]: ❤️
⏰ Last Name: ⌥ 𝟭𝟵:𝟰𝟴
💜 Auto React [user:6990187779]: ❤️
⏰ Last Name: ⌥ 𝟭𝟵:𝟰𝟵
💜 Auto React [user:6990187779]: ❤️
💜 Auto React [user:7433542559]: 💩
💜 Auto React [user:7433542559]: 💩
💜 Auto React [user:6990187779]: ❤️
💜 Auto React [user:7433542559]: 💩
💜 Auto React [user:6990187779]: ❤️
⏰ Last Name: ⌥ 𝟭𝟵:𝟱𝟬
💜 Auto React [user:7433542559]: 💩
💜 Auto React [user:7433542559]: 💩
💜 Auto React [user:6990187779]: ❤️
💜 Auto React [user:6990187779]: ❤️
💜 Auto React [user:6990187779]: ❤️
💜 Auto React [user:7433542559]: 😐
💜 Auto React [user:7433542559]: 😐
💜 Auto React [user:6990187779]: ❤️
⏰ Last Name: ⌥ 𝟭𝟵:𝟱𝟭
💜 Auto React [user:6990187779]: ❤️
⏰ Last Name: ⌥ 𝟭𝟵:𝟱𝟮
💜 Auto React [user:7433542559]: 😐
💜 Auto React [user:6990187779]: ❤️
💜 Auto React [user:7433542559]: 😐
💜 Auto React [user:6990187779]: ❤️
💜 Auto React [user:6990187779]: ❤️
⏰ Last Name: ⌥ 𝟭𝟵:𝟱𝟯
💜 Auto React [user:7433542559]: 😐
💜 Auto React [user:6990187779]: ❤️
⏰ Last Name: ⌥ 𝟭𝟵:𝟱𝟰
💜 Auto React [user:7433542559]: 😐
💜 Auto React [user:7433542559]: 😐
💜 Auto React [user:6990187779]: ❤️
💜 Auto React [user:6990187779]: ❤️
⏰ Last Name: ⌥ 𝟭𝟵:𝟱𝟱
💜 Auto React [user:6990187779]: ❤️
⚠️ خطای ریکت [user:6990187779]: The specified message ID is invalid or you can't do that operation on such messa
⏰ Last Name: ⌥ 𝟭𝟵:𝟱𝟲
💜 Auto React [user:6990187779]: ❤️
⏰ Last Name: ⌥ 𝟭𝟵:𝟱𝟳
💜 Auto React [user:7433542559]: 😐
💜 Auto React [user:7433542559]: 😐
💜 Auto React [user:6990187779]: ❤️
⏰ Last Name: ⌥ 𝟭𝟵:𝟱𝟴
⏰ Last Name: ⌥ 𝟭𝟵:𝟱𝟵
⏰ Last Name: ⌥ 𝟮𝟬:𝟬𝟬
💜 Auto React [user:6990187779]: ❤️
💜 Auto React [user:6990187779]: ❤️
⏰ Last Name: ⌥ 𝟮𝟬:𝟬𝟭
⏰ Last Name: ⌥ 𝟮𝟬:𝟬𝟮
💜 Auto React [user:6990187779]: ❤️
💜 Auto React [user:6990187779]: ❤️
💜 Auto React [user:6990187779]: ❤️
⏰ Last Name: ⌥ 𝟮𝟬:𝟬𝟯
💜 Auto React [user:6990187779]: ❤️
💜 Auto React [user:6990187779]: ❤️
💜 Auto React [user:6990187779]: ❤️
⏰ Last Name: ⌥ 𝟮𝟬:𝟬𝟰
💜 Auto React [user:6990187779]: ❤️
💜 Auto React [user:6990187779]: ❤️
💜 Auto React [user:6990187779]: ❤️
💜 Auto React [user:6990187779]: ❤️
💜 Auto React [user:6990187779]: ❤️
⏰ Last Name: ⌥ 𝟮𝟬:𝟬𝟱
💜 Auto React [user:6990187779]: ❤️
⏰ Last Name: ⌥ 𝟮𝟬:𝟬𝟲
💜 Auto React [user:6990187779]: ❤️
⏰ Last Name: ⌥ 𝟮𝟬:𝟬𝟳
💜 Auto React [user:6990187779]: ❤️
💜 Auto React [user:6990187779]: ❤️
💜 Auto React [user:6990187779]: ❤️
💜 Auto React [user:6990187779]: ❤️
💜 Auto React [user:6990187779]: ❤️
⏰ Last Name: ⌥ 𝟮𝟬:𝟬𝟴
💜 Auto React [user:6990187779]: ❤️
⏰ Last Name: ⌥ 𝟮𝟬:𝟬𝟵
💜 Auto React [user:6990187779]: ❤️
💜 Auto React [user:6990187779]: ❤️
⏰ Last Name: ⌥ 𝟮𝟬:𝟭𝟬
💜 Auto React [user:6990187779]: ❤️
⏰ Last Name: ⌥ 𝟮𝟬:𝟭𝟭
💜 Auto React [user:6990187779]: ❤️
⏰ Last Name: ⌥ 𝟮𝟬:𝟭𝟮
💜 Auto React [user:6990187779]: ❤️
⏰ Last Name: ⌥ 𝟮𝟬:𝟭𝟯
💜 Auto React [user:6990187779]: ❤️
💜 Auto React [user:6990187779]: ❤️
💜 Auto React [user:6990187779]: ❤️
⏰ Last Name: ⌥ 𝟮𝟬:𝟭𝟰
💜 Auto React [user:6990187779]: ❤️
⏰ Last Name: ⌥ 𝟮𝟬:𝟭𝟱
⏰ Last Name: ⌥ 𝟮𝟬:𝟭𝟲
💜 Auto React [user:6990187779]: ❤️
💜 Auto React [user:6990187779]: ❤️
💜 Auto React [user:6990187779]: ❤️
💜 Auto React [user:6990187779]: ❤️
💜 Auto React [user:6990187779]: ❤️
💜 Auto React [user:6990187779]: ❤️
💜 Auto React [user:6990187779]: ❤️
💜 Auto React [user:6990187779]: ❤️
💜 Auto React [user:6990187779]: ❤️
💜 Auto React [user:6990187779]: ❤️
💜 Auto React [user:6990187779]: ❤️
💜 Auto React [user:6990187779]: ❤️
⏰ Last Name: ⌥ 𝟮𝟬:𝟭𝟳
💜 Auto React [user:6990187779]: ❤️
💜 Auto React [user:6990187779]: ❤️
⏰ Last Name: ⌥ 𝟮𝟬:𝟭𝟴
💜 Auto React [user:6990187779]: ❤️
💜 Auto React [user:6990187779]: ❤️
💜 Auto React [user:6990187779]: ❤️
⏰ Last Name: ⌥ 𝟮𝟬:𝟭𝟵
💜 Auto React [user:6990187779]: ❤️
⏰ Last Name: ⌥ 𝟮𝟬:𝟮𝟬
💜 Auto React [user:6990187779]: ❤️
💜 Auto React [user:6990187779]: ❤️
⏰ Last Name: ⌥ 𝟮𝟬:𝟮𝟭
⏰ Last Name: ⌥ 𝟮𝟬:𝟮𝟮
💜 Auto React [user:6990187779]: ❤️
💜 Auto React [user:6990187779]: ❤️
💜 Auto React [user:7433542559]: 😐
💜 Auto React [user:7433542559]: 😐
⏰ Last Name: ⌥ 𝟮𝟬:𝟮𝟯
💜 Auto React [user:6990187779]: ❤️
💜 Auto React [user:6990187779]: ❤️
⏰ Last Name: ⌥ 𝟮𝟬:𝟮𝟰
💜 Auto React [user:6990187779]: ❤️
💜 Auto React [user:6990187779]: ❤️
💜 Auto React [user:7433542559]: 😐
💜 Auto React [user:7433542559]: 😐
⏰ Last Name: ⌥ 𝟮𝟬:𝟮𝟱
💜 Auto React [user:7433542559]: 😐
⏰ Last Name: ⌥ 𝟮𝟬:𝟮𝟲
💜 Auto React [user:6990187779]: ❤️
💜 Auto React [user:6990187779]: ❤️
⏰ Last Name: ⌥ 𝟮𝟬:𝟮𝟳
⏰ Last Name: ⌥ 𝟮𝟬:𝟮𝟴
💜 Auto React [user:7433542559]: 😐
💜 Auto React [user:6990187779]: ❤️
⏰ Last Name: ⌥ 𝟮𝟬:𝟮𝟵
💜 Auto React [user:7433542559]: 😐
💜 Auto React [user:7433542559]: 😐
⏰ Last Name: ⌥ 𝟮𝟬:𝟯𝟬
⏰ Last Name: ⌥ 𝟮𝟬:𝟯𝟭
⏰ Last Name: ⌥ 𝟮𝟬:𝟯𝟮
⏰ Last Name: ⌥ 𝟮𝟬:𝟯𝟯
⏰ Last Name: ⌥ 𝟮𝟬:𝟯𝟰
⏰ Last Name: ⌥ 𝟮𝟬:𝟯𝟱
⏰ Last Name: ⌥ 𝟮𝟬:𝟯𝟲
💜 Auto React [user:6990187779]: ❤️
💜 Auto React [user:6990187779]: ❤️
💜 Auto React [user:6990187779]: ❤️
⏰ Last Name: ⌥ 𝟮𝟬:𝟯𝟳
⏰ Last Name: ⌥ 𝟮𝟬:𝟯𝟴
💜 Auto React [user:6990187779]: ❤️
💜 Auto React [user:6990187779]: ❤️
💜 Auto React [user:6990187779]: ❤️
💜 Auto React [user:6990187779]: ❤️
💜 Auto React [user:6990187779]: ❤️
⏰ Last Name: ⌥ 𝟮𝟬:𝟯𝟵
⏰ Last Name: ⌥ 𝟮𝟬:𝟰𝟬
⏰ Last Name: ⌥ 𝟮𝟬:𝟰𝟭
⏰ Last Name: ⌥ 𝟮𝟬:𝟰𝟮
⏰ Last Name: ⌥ 𝟮𝟬:𝟰𝟯
⏰ Last Name: ⌥ 𝟮𝟬:𝟰𝟰
⏰ Last Name: ⌥ 𝟮𝟬:𝟰𝟱
💜 Auto React [user:7433542559]: 😐
💜 Auto React [user:7433542559]: 😐
⏰ Last Name: ⌥ 𝟮𝟬:𝟰𝟲
💜 Auto React [user:7433542559]: 😐
💜 Auto React [user:7433542559]: 😐
💜 Auto React [user:6990187779]: ❤️
⏰ Last Name: ⌥ 𝟮𝟬:𝟰𝟳
💜 Auto React [user:7433542559]: 😐
⏰ Last Name: ⌥ 𝟮𝟬:𝟰𝟴
💜 Auto React [user:7433542559]: 😐
⏰ Last Name: ⌥ 𝟮𝟬:𝟰𝟵
💜 Auto React [user:7433542559]: 😐
💜 Auto React [user:7433542559]: 😐
⏰ Last Name: ⌥ 𝟮𝟬:𝟱𝟬
💜 Auto React [user:7433542559]: 😐
💜 Auto React [user:7433542559]: 😐
💜 Auto React [user:7433542559]: 😐
⏰ Last Name: ⌥ 𝟮𝟬:𝟱𝟭
⏰ Last Name: ⌥ 𝟮𝟬:𝟱𝟮
⏰ Last Name: ⌥ 𝟮𝟬:𝟱𝟯
⏰ Last Name: ⌥ 𝟮𝟬:𝟱𝟰
⏰ Last Name: ⌥ 𝟮𝟬:𝟱𝟱
⏰ Last Name: ⌥ 𝟮𝟬:𝟱𝟲
⏰ Last Name: ⌥ 𝟮𝟬:𝟱𝟳
⏰ Last Name: ⌥ 𝟮𝟬:𝟱𝟴
⏰ Last Name: ⌥ 𝟮𝟬:𝟱𝟵
⏰ Last Name: ⌥ 𝟮𝟭:𝟬𝟬
⏰ Last Name: ⌥ 𝟮𝟭:𝟬𝟭
💜 Auto React [user:7433542559]: 😐
💜 Auto React [user:7433542559]: 😐
💜 Auto React [user:7433542559]: 😐
⏰ Last Name: ⌥ 𝟮𝟭:𝟬𝟮
💜 Auto React [user:7433542559]: 😐
💜 Auto React [user:6990187779]: ❤️
⏰ Last Name: ⌥ 𝟮𝟭:𝟬𝟯
💜 Auto React [user:7433542559]: 😐
💜 Auto React [user:7433542559]: 😐
⏰ Last Name: ⌥ 𝟮𝟭:𝟬𝟰
💜 Auto React [user:7433542559]: 😐
💜 Auto React [user:7433542559]: 😐
⏰ Last Name: ⌥ 𝟮𝟭:𝟬𝟱
⏰ Last Name: ⌥ 𝟮𝟭:𝟬𝟲
⏰ Last Name: ⌥ 𝟮𝟭:𝟬𝟳
⏰ Last Name: ⌥ 𝟮𝟭:𝟬𝟴
💜 Auto React [user:7433542559]: 😐
💜 Auto React [user:7433542559]: 😐
⏰ Last Name: ⌥ 𝟮𝟭:𝟬𝟵
💜 Auto React [user:7433542559]: 😐
💜 Auto React [user:7433542559]: 😐
⏰ Last Name: ⌥ 𝟮𝟭:𝟭𝟬
💜 Auto React [user:7433542559]: 😐
💜 Auto React [user:7433542559]: 😐
⏰ Last Name: ⌥ 𝟮𝟭:𝟭𝟭
💜 Auto React [user:7433542559]: 😐
💜 Auto React [user:7433542559]: 😐
⏰ Last Name: ⌥ 𝟮𝟭:𝟭𝟮
⏰ Last Name: ⌥ 𝟮𝟭:𝟭𝟯
💜 Auto React [user:7433542559]: 😐
💜 Auto React [user:7433542559]: 😐
⏰ Last Name: ⌥ 𝟮𝟭:𝟭𝟰
💜 Auto React [user:7433542559]: 😐
⏰ Last Name: ⌥ 𝟮𝟭:𝟭𝟱
⏰ Last Name: ⌥ 𝟮𝟭:𝟭𝟲
⏰ Last Name: ⌥ 𝟮𝟭:𝟭𝟳
💜 Auto React [user:7433542559]: 😐
💜 Auto React [user:7433542559]: 😐
⏰ Last Name: ⌥ 𝟮𝟭:𝟭𝟴
💜 Auto React [user:7433542559]: 😐
💜 Auto React [user:7433542559]: 😐
💜 Auto React [user:7433542559]: 😐
⏰ Last Name: ⌥ 𝟮𝟭:𝟭𝟵
💜 Auto React [user:7433542559]: 😐
💜 Auto React [user:7433542559]: 😐
💜 Auto React [user:7433542559]: 😐
⏰ Last Name: ⌥ 𝟮𝟭:𝟮𝟬
⏰ Last Name: ⌥ 𝟮𝟭:𝟮𝟭
⏰ Last Name: ⌥ 𝟮𝟭:𝟮𝟮
💜 Auto React [user:7433542559]: 😐
⏰ Last Name: ⌥ 𝟮𝟭:𝟮𝟯
💜 Auto React [user:7433542559]: 😐
⏰ Last Name: ⌥ 𝟮𝟭:𝟮𝟰
⏰ Last Name: ⌥ 𝟮𝟭:𝟮𝟱
⏰ Last Name: ⌥ 𝟮𝟭:𝟮𝟲
💜 Auto React [user:7433542559]: 😐
💜 Auto React [user:6990187779]: ❤️
⏰ Last Name: ⌥ 𝟮𝟭:𝟮𝟳
💜 Auto React [user:7433542559]: 😐
💜 Auto React [user:7433542559]: 😐
💜 Auto React [user:6990187779]: ❤️
💜 Auto React [user:6990187779]: ❤️
💜 Auto React [user:6990187779]: ❤️
⏰ Last Name: ⌥ 𝟮𝟭:𝟮𝟴
💜 Auto React [user:7433542559]: 😐
💜 Auto React [user:7433542559]: 😐
💜 Auto React [user:7433542559]: 😐
💜 Auto React [user:7433542559]: 😐
💜 Auto React [user:7433542559]: 😐
⏰ Last Name: ⌥ 𝟮𝟭:𝟮𝟵
💜 Auto React [user:6990187779]: ❤️
⏰ Last Name: ⌥ 𝟮𝟭:𝟯𝟬
⏰ Last Name: ⌥ 𝟮𝟭:𝟯𝟭
💜 Auto React [user:7433542559]: 😐
⏰ Last Name: ⌥ 𝟮𝟭:𝟯𝟮
⏰ Last Name: ⌥ 𝟮𝟭:𝟯𝟯
💜 Auto React [user:6990187779]: ❤️
💜 Auto React [user:6990187779]: ❤️
⏰ Last Name: ⌥ 𝟮𝟭:𝟯𝟰
💜 Auto React [user:7433542559]: 😐
💜 Auto React [user:7433542559]: 😐
💜 Auto React [user:6990187779]: ❤️
💜 Auto React [user:6990187779]: ❤️
⏰ Last Name: ⌥ 𝟮𝟭:𝟯𝟱
⏰ Last Name: ⌥ 𝟮𝟭:𝟯𝟲
⏰ Last Name: ⌥ 𝟮𝟭:𝟯𝟳
⏰ Last Name: ⌥ 𝟮𝟭:𝟯𝟴
💜 Auto React [user:6990187779]: ❤️
⏰ Last Name: ⌥ 𝟮𝟭:𝟯𝟵
⏰ Last Name: ⌥ 𝟮𝟭:𝟰𝟬
⏰ Last Name: ⌥ 𝟮𝟭:𝟰𝟭
⏰ Last Name: ⌥ 𝟮𝟭:𝟰𝟮
⏰ Last Name: ⌥ 𝟮𝟭:𝟰𝟯
⏰ Last Name: ⌥ 𝟮𝟭:𝟰𝟰
⏰ Last Name: ⌥ 𝟮𝟭:𝟰𝟱
⏰ Last Name: ⌥ 𝟮𝟭:𝟰𝟲
⏰ Last Name: ⌥ 𝟮𝟭:𝟰𝟳
⏰ Last Name: ⌥ 𝟮𝟭:𝟰𝟴
⏰ Last Name: ⌥ 𝟮𝟭:𝟰𝟵
⏰ Last Name: ⌥ 𝟮𝟭:𝟱𝟬
💜 Auto React [user:6990187779]: ❤️
💜 Auto React [user:6990187779]: ❤️
⏰ Last Name: ⌥ 𝟮𝟭:𝟱𝟭
⏰ Last Name: ⌥ 𝟮𝟭:𝟱𝟮
⏰ Last Name: ⌥ 𝟮𝟭:𝟱𝟯
⏰ Last Name: ⌥ 𝟮𝟭:𝟱𝟰
⏰ Last Name: ⌥ 𝟮𝟭:𝟱𝟱
⏰ Last Name: ⌥ 𝟮𝟭:𝟱𝟲
⏰ Last Name: ⌥ 𝟮𝟭:𝟱𝟳
⏰ Last Name: ⌥ 𝟮𝟭:𝟱𝟴
💜 Auto React [user:7433542559]: 😐
💜 Auto React [user:7433542559]: 😐
💜 Auto React [user:6990187779]: ❤️
⏰ Last Name: ⌥ 𝟮𝟭:𝟱𝟵
💜 Auto React [user:7433542559]: 😐
💜 Auto React [user:7433542559]: 😐
💜 Auto React [user:7433542559]: 😐
💜 Auto React [user:6990187779]: ❤️
💜 Auto React [user:6990187779]: ❤️
💜 Auto React [user:6990187779]: ❤️
💜 Auto React [user:7433542559]: 😐
💜 Auto React [user:7433542559]: 😐
💜 Auto React [user:6990187779]: ❤️
⏰ Last Name: ⌥ 𝟮𝟮:𝟬𝟬
⏰ Last Name: ⌥ 𝟮𝟮:𝟬𝟭
⏰ Last Name: ⌥ 𝟮𝟮:𝟬𝟮
⏰ Last Name: ⌥ 𝟮𝟮:𝟬𝟯
⏰ Last Name: ⌥ 𝟮𝟮:𝟬𝟰
💜 Auto React [user:7433542559]: 😐
💜 Auto React [user:7433542559]: 😐
⏰ Last Name: ⌥ 𝟮𝟮:𝟬𝟱
💜 Auto React [user:7433542559]: 😐
💜 Auto React [user:7433542559]: 😐
⏰ Last Name: ⌥ 𝟮𝟮:𝟬𝟲
⏰ Last Name: ⌥ 𝟮𝟮:𝟬𝟳
💜 Auto React [user:7433542559]: 😐
⏰ Last Name: ⌥ 𝟮𝟮:𝟬𝟴
⏰ Last Name: ⌥ 𝟮𝟮:𝟬𝟵
⏰ Last Name: ⌥ 𝟮𝟮:𝟭𝟬
💜 Auto React [user:7433542559]: 😐
⏰ Last Name: ⌥ 𝟮𝟮:𝟭𝟭
⏰ Last Name: ⌥ 𝟮𝟮:𝟭𝟮
💜 Auto React [user:6990187779]: ❤️
⏰ Last Name: ⌥ 𝟮𝟮:𝟭𝟯
💜 Auto React [user:6990187779]: ❤️
⏰ Last Name: ⌥ 𝟮𝟮:𝟭𝟰
💜 Auto React [user:6990187779]: ❤️
💜 Auto React [user:6990187779]: ❤️
⏰ Last Name: ⌥ 𝟮𝟮:𝟭𝟱
💜 Auto React [user:6990187779]: ❤️
💜 Auto React [user:6990187779]: ❤️
💜 Auto React [user:6990187779]: ❤️
💜 Auto React [user:6990187779]: ❤️
⏰ Last Name: ⌥ 𝟮𝟮:𝟭𝟲
⏰ Last Name: ⌥ 𝟮𝟮:𝟭𝟳
💜 Auto React [user:6990187779]: ❤️
⏰ Last Name: ⌥ 𝟮𝟮:𝟭𝟴
💜 Auto React [user:6990187779]: ❤️
💜 Auto React [user:6990187779]: ❤️
💜 Auto React [user:6990187779]: ❤️
💜 Auto React [user:6990187779]: ❤️
⏰ Last Name: ⌥ 𝟮𝟮:𝟭𝟵
⏰ Last Name: ⌥ 𝟮𝟮:𝟮𝟬
⏰ Last Name: ⌥ 𝟮𝟮:𝟮𝟭
💜 Auto React [user:7433542559]: 😐
⏰ Last Name: ⌥ 𝟮𝟮:𝟮𝟮
💜 Auto React [user:7433542559]: 😐
⏰ Last Name: ⌥ 𝟮𝟮:𝟮𝟯
💜 Auto React [user:7433542559]: 😐
⏰ Last Name: ⌥ 𝟮𝟮:𝟮𝟰
⏰ Last Name: ⌥ 𝟮𝟮:𝟮𝟱
💜 Auto React [user:7433542559]: 😐
💜 Auto React [user:7433542559]: 😐
💜 Auto React [user:7433542559]: 😐
💜 Auto React [user:7433542559]: 😐
⏰ Last Name: ⌥ 𝟮𝟮:𝟮𝟲
⏰ Last Name: ⌥ 𝟮𝟮:𝟮𝟳
💜 Auto React [user:6990187779]: ❤️
💜 Auto React [user:6990187779]: ❤️
💜 Auto React [user:6990187779]: ❤️
💜 Auto React [user:7433542559]: 😐
⏰ Last Name: ⌥ 𝟮𝟮:𝟮𝟴
💜 Auto React [user:7433542559]: 😐
💜 Auto React [user:7433542559]: 😐
💜 Auto React [user:7433542559]: 😐
⏰ Last Name: ⌥ 𝟮𝟮:𝟮𝟵
⏰ Last Name: ⌥ 𝟮𝟮:𝟯𝟬
💜 Auto React [user:6990187779]: ❤️
💜 Auto React [user:6990187779]: ❤️
💜 Auto React [user:7433542559]: 😐
💜 Auto React [user:7433542559]: 😐
💜 Auto React [user:7433542559]: 😐
💜 Auto React [user:7433542559]: 😐
⏰ Last Name: ⌥ 𝟮𝟮:𝟯𝟭
⏰ Last Name: ⌥ 𝟮𝟮:𝟯𝟮
⏰ Last Name: ⌥ 𝟮𝟮:𝟯𝟯
💜 Auto React [user:7433542559]: 😐
⏰ Last Name: ⌥ 𝟮𝟮:𝟯𝟰
💜 Auto React [user:7433542559]: 😐
💜 Auto React [user:7433542559]: 😐
⏰ Last Name: ⌥ 𝟮𝟮:𝟯𝟱
💜 Auto React [user:6958501715]: ❤️
💜 Auto React [user:6958501715]: ❤️
💜 Auto React [user:7433542559]: 😐
💜 Auto React [user:6958501715]: ❤️
💜 Auto React [user:6958501715]: ❤️
💜 Auto React [user:7433542559]: 😐
💜 Auto React [user:6958501715]: ❤️
⏰ Last Name: ⌥ 𝟮𝟮:𝟯𝟲
⏰ Last Name: ⌥ 𝟮𝟮:𝟯𝟳
💜 Auto React [user:7433542559]: 😐
💜 Auto React [user:6990187779]: ❤️
💜 Auto React [user:7433542559]: 😐
💜 Auto React [user:7433542559]: 😐
💜 Auto React [user:6990187779]: ❤️
💜 Auto React [user:6990187779]: ❤️
💜 Auto React [user:6990187779]: ❤️
⏰ Last Name: ⌥ 𝟮𝟮:𝟯𝟴
⏰ Last Name: ⌥ 𝟮𝟮:𝟯𝟵
💜 Auto React [user:7433542559]: 😐
💜 Auto React [user:7433542559]: 😐
⏰ Last Name: ⌥ 𝟮𝟮:𝟰𝟬
💜 Auto React [user:7433542559]: 😐
💜 Auto React [user:7433542559]: 😐
💜 Auto React [user:7433542559]: 😐
⏰ Last Name: ⌥ 𝟮𝟮:𝟰𝟭
💜 Auto React [user:7433542559]: 😐
⏰ Last Name: ⌥ 𝟮𝟮:𝟰𝟮
💜 Auto React [user:7433542559]: 😐
⏰ Last Name: ⌥ 𝟮𝟮:𝟰𝟯
💜 Auto React [user:7433542559]: 😐
⏰ Last Name: ⌥ 𝟮𝟮:𝟰𝟰
⏰ Last Name: ⌥ 𝟮𝟮:𝟰𝟱
⏰ Last Name: ⌥ 𝟮𝟮:𝟰𝟲
💜 Auto React [user:7433542559]: 😐
💜 Auto React [user:7433542559]: 😐
💜 Auto React [user:7433542559]: 😐
💜 Auto React [user:7433542559]: 😐
⏰ Last Name: ⌥ 𝟮𝟮:𝟰𝟳
💜 Auto React [user:7433542559]: 😐
⏰ Last Name: ⌥ 𝟮𝟮:𝟰𝟴
💜 Auto React [user:7433542559]: 😐
💜 Auto React [user:7433542559]: 😐
⏰ Last Name: ⌥ 𝟮𝟮:𝟰𝟵
💜 Auto React [user:6990187779]: ❤️
⏰ Last Name: ⌥ 𝟮𝟮:𝟱𝟬
💜 Auto React [user:6990187779]: ❤️
⏰ Last Name: ⌥ 𝟮𝟮:𝟱𝟭
⏰ Last Name: ⌥ 𝟮𝟮:𝟱𝟮
⏰ Last Name: ⌥ 𝟮𝟮:𝟱𝟯
💜 Auto React [user:6990187779]: ❤️
💜 Auto React [user:6990187779]: ❤️
⏰ Last Name: ⌥ 𝟮𝟮:𝟱𝟰
💜 Auto React [user:6990187779]: ❤️
⏰ Last Name: ⌥ 𝟮𝟮:𝟱𝟱
💜 Auto React [user:6990187779]: ❤️
⏰ Last Name: ⌥ 𝟮𝟮:𝟱𝟲
⏰ Last Name: ⌥ 𝟮𝟮:𝟱𝟳
⏰ Last Name: ⌥ 𝟮𝟮:𝟱𝟴
⏰ Last Name: ⌥ 𝟮𝟮:𝟱𝟵
⏰ Last Name: ⌥ 𝟮𝟯:𝟬𝟬
⏰ Last Name: ⌥ 𝟮𝟯:𝟬𝟭
💜 Auto React [user:6990187779]: ❤️
💜 Auto React [user:6990187779]: ❤️
⏰ Last Name: ⌥ 𝟮𝟯:𝟬𝟮
⏰ Last Name: ⌥ 𝟮𝟯:𝟬𝟯
⏰ Last Name: ⌥ 𝟮𝟯:𝟬𝟰
⏰ Last Name: ⌥ 𝟮𝟯:𝟬𝟱
⏰ Last Name: ⌥ 𝟮𝟯:𝟬𝟲
💜 Auto React [user:6990187779]: ❤️
⏰ Last Name: ⌥ 𝟮𝟯:𝟬𝟳
⏰ Last Name: ⌥ 𝟮𝟯:𝟬𝟴
⏰ Last Name: ⌥ 𝟮𝟯:𝟬𝟵
💜 Auto React [user:7433542559]: 😐
💜 Auto React [user:7433542559]: 😐
💜 Auto React [user:7433542559]: 😐
⏰ Last Name: ⌥ 𝟮𝟯:𝟭𝟬
💜 Auto React [user:7433542559]: 😐
💜 Auto React [user:7433542559]: 😐
💜 Auto React [user:7433542559]: 😐
💜 Auto React [user:7433542559]: 😐
💜 Auto React [user:7433542559]: 😐
💜 Auto React [user:7433542559]: 😐
⏰ Last Name: ⌥ 𝟮𝟯:𝟭𝟭
💜 Auto React [user:7433542559]: 😐
💜 Auto React [user:7433542559]: 😐
💜 Auto React [user:7433542559]: 😐
⏰ Last Name: ⌥ 𝟮𝟯:𝟭𝟮
💜 Auto React [user:7433542559]: 😐
⏰ Last Name: ⌥ 𝟮𝟯:𝟭𝟯
⏰ Last Name: ⌥ 𝟮𝟯:𝟭𝟰
⏰ Last Name: ⌥ 𝟮𝟯:𝟭𝟱
⏰ Last Name: ⌥ 𝟮𝟯:𝟭𝟲
⏰ Last Name: ⌥ 𝟮𝟯:𝟭𝟳
⏰ Last Name: ⌥ 𝟮𝟯:𝟭𝟴
⏰ Last Name: ⌥ 𝟮𝟯:𝟭𝟵
⏰ Last Name: ⌥ 𝟮𝟯:𝟮𝟬
⏰ Last Name: ⌥ 𝟮𝟯:𝟮𝟭
⏰ Last Name: ⌥ 𝟮𝟯:𝟮𝟮
⏰ Last Name: ⌥ 𝟮𝟯:𝟮𝟯
⏰ Last Name: ⌥ 𝟮𝟯:𝟮𝟰
⏰ Last Name: ⌥ 𝟮𝟯:𝟮𝟱
⏰ Last Name: ⌥ 𝟮𝟯:𝟮𝟲
⏰ Last Name: ⌥ 𝟮𝟯:𝟮𝟳
⏰ Last Name: ⌥ 𝟮𝟯:𝟮𝟴
⏰ Last Name: ⌥ 𝟮𝟯:𝟮𝟵
⏰ Last Name: ⌥ 𝟮𝟯:𝟯𝟬
⏰ Last Name: ⌥ 𝟮𝟯:𝟯𝟭
⏰ Last Name: ⌥ 𝟮𝟯:𝟯𝟮
⏰ Last Name: ⌥ 𝟮𝟯:𝟯𝟯
⏰ Last Name: ⌥ 𝟮𝟯:𝟯𝟰
💜 Auto React [user:6990187779]: ❤️
💜 Auto React [user:6990187779]: ❤️
⏰ Last Name: ⌥ 𝟮𝟯:𝟯𝟱
⏰ Last Name: ⌥ 𝟮𝟯:𝟯𝟲
⏰ Last Name: ⌥ 𝟮𝟯:𝟯𝟳
⏰ Last Name: ⌥ 𝟮𝟯:𝟯𝟴
⏰ Last Name: ⌥ 𝟮𝟯:𝟯𝟵
⏰ Last Name: ⌥ 𝟮𝟯:𝟰𝟬
⏰ Last Name: ⌥ 𝟮𝟯:𝟰𝟭
⏰ Last Name: ⌥ 𝟮𝟯:𝟰𝟮
⏰ Last Name: ⌥ 𝟮𝟯:𝟰𝟯
⏰ Last Name: ⌥ 𝟮𝟯:𝟰𝟰
⏰ Last Name: ⌥ 𝟮𝟯:𝟰𝟱
⏰ Last Name: ⌥ 𝟮𝟯:𝟰𝟲
⏰ Last Name: ⌥ 𝟮𝟯:𝟰𝟳
⏰ Last Name: ⌥ 𝟮𝟯:𝟰𝟴
⏰ Last Name: ⌥ 𝟮𝟯:𝟰𝟵
⏰ Last Name: ⌥ 𝟮𝟯:𝟱𝟬
⏰ Last Name: ⌥ 𝟮𝟯:𝟱𝟭
⏰ Last Name: ⌥ 𝟮𝟯:𝟱𝟮
⏰ Last Name: ⌥ 𝟮𝟯:𝟱𝟯
⏰ Last Name: ⌥ 𝟮𝟯:𝟱𝟰
⏰ Last Name: ⌥ 𝟮𝟯:𝟱𝟱
⏰ Last Name: ⌥ 𝟮𝟯:𝟱𝟲
⏰ Last Name: ⌥ 𝟮𝟯:𝟱𝟳
⏰ Last Name: ⌥ 𝟮𝟯:𝟱𝟴
⏰ Last Name: ⌥ 𝟮𝟯:𝟱𝟵
⏰ Last Name: ⌥ 𝟬𝟬:𝟬𝟬
⏰ Last Name: ⌥ 𝟬𝟬:𝟬𝟭
⏰ Last Name: ⌥ 𝟬𝟬:𝟬𝟮
⏰ Last Name: ⌥ 𝟬𝟬:𝟬𝟯
⏰ Last Name: ⌥ 𝟬𝟬:𝟬𝟰
⏰ Last Name: ⌥ 𝟬𝟬:𝟬𝟱
⏰ Last Name: ⌥ 𝟬𝟬:𝟬𝟲
⏰ Last Name: ⌥ 𝟬𝟬:𝟬𝟳
⏰ Last Name: ⌥ 𝟬𝟬:𝟬𝟴
⏰ Last Name: ⌥ 𝟬𝟬:𝟬𝟵
⏰ Last Name: ⌥ 𝟬𝟬:𝟭𝟬
⏰ Last Name: ⌥ 𝟬𝟬:𝟭𝟭
💜 Auto React [user:6958501715]: ❤️
⏰ Last Name: ⌥ 𝟬𝟬:𝟭𝟮
⏰ Last Name: ⌥ 𝟬𝟬:𝟭𝟯
⏰ Last Name: ⌥ 𝟬𝟬:𝟭𝟰
⏰ Last Name: ⌥ 𝟬𝟬:𝟭𝟱
⏰ Last Name: ⌥ 𝟬𝟬:𝟭𝟲
⏰ Last Name: ⌥ 𝟬𝟬:𝟭𝟳
💜 Auto React [user:6990187779]: ❤️
⏰ Last Name: ⌥ 𝟬𝟬:𝟭𝟴
⏰ Last Name: ⌥ 𝟬𝟬:𝟭𝟵
⏰ Last Name: ⌥ 𝟬𝟬:𝟮𝟬
⏰ Last Name: ⌥ 𝟬𝟬:𝟮𝟭
⏰ Last Name: ⌥ 𝟬𝟬:𝟮𝟮
⏰ Last Name: ⌥ 𝟬𝟬:𝟮𝟯
⏰ Last Name: ⌥ 𝟬𝟬:𝟮𝟰
⏰ Last Name: ⌥ 𝟬𝟬:𝟮𝟱
⏰ Last Name: ⌥ 𝟬𝟬:𝟮𝟲
⏰ Last Name: ⌥ 𝟬𝟬:𝟮𝟳
⏰ Last Name: ⌥ 𝟬𝟬:𝟮𝟴
⏰ Last Name: ⌥ 𝟬𝟬:𝟮𝟵
⏰ Last Name: ⌥ 𝟬𝟬:𝟯𝟬
⏰ Last Name: ⌥ 𝟬𝟬:𝟯𝟭
⏰ Last Name: ⌥ 𝟬𝟬:𝟯𝟮
⏰ Last Name: ⌥ 𝟬𝟬:𝟯𝟯
⏰ Last Name: ⌥ 𝟬𝟬:𝟯𝟰
⏰ Last Name: ⌥ 𝟬𝟬:𝟯𝟱
⏰ Last Name: ⌥ 𝟬𝟬:𝟯𝟲
⏰ Last Name: ⌥ 𝟬𝟬:𝟯𝟳
⏰ Last Name: ⌥ 𝟬𝟬:𝟯𝟴
⏰ Last Name: ⌥ 𝟬𝟬:𝟯𝟵
⏰ Last Name: ⌥ 𝟬𝟬:𝟰𝟬
⏰ Last Name: ⌥ 𝟬𝟬:𝟰𝟭
💜 Auto React [user:6990187779]: ❤️
💜 Auto React [user:6990187779]: ❤️
⏰ Last Name: ⌥ 𝟬𝟬:𝟰𝟮
💜 Auto React [user:6990187779]: ❤️
⏰ Last Name: ⌥ 𝟬𝟬:𝟰𝟯
⏰ Last Name: ⌥ 𝟬𝟬:𝟰𝟰
⏰ Last Name: ⌥ 𝟬𝟬:𝟰𝟱
⏰ Last Name: ⌥ 𝟬𝟬:𝟰𝟲
⏰ Last Name: ⌥ 𝟬𝟬:𝟰𝟳
⏰ Last Name: ⌥ 𝟬𝟬:𝟰𝟴
⏰ Last Name: ⌥ 𝟬𝟬:𝟰𝟵
⏰ Last Name: ⌥ 𝟬𝟬:𝟱𝟬
⏰ Last Name: ⌥ 𝟬𝟬:𝟱𝟭
⏰ Last Name: ⌥ 𝟬𝟬:𝟱𝟮
⏰ Last Name: ⌥ 𝟬𝟬:𝟱𝟯
⏰ Last Name: ⌥ 𝟬𝟬:𝟱𝟰
⏰ Last Name: ⌥ 𝟬𝟬:𝟱𝟱
⏰ Last Name: ⌥ 𝟬𝟬:𝟱𝟲
⏰ Last Name: ⌥ 𝟬𝟬:𝟱𝟳
⏰ Last Name: ⌥ 𝟬𝟬:𝟱𝟴
⏰ Last Name: ⌥ 𝟬𝟬:𝟱𝟵
⏰ Last Name: ⌥ 𝟬𝟭:𝟬𝟬
⏰ Last Name: ⌥ 𝟬𝟭:𝟬𝟭
⏰ Last Name: ⌥ 𝟬𝟭:𝟬𝟮
⏰ Last Name: ⌥ 𝟬𝟭:𝟬𝟯
⏰ Last Name: ⌥ 𝟬𝟭:𝟬𝟰
⏰ Last Name: ⌥ 𝟬𝟭:𝟬𝟱
⏰ Last Name: ⌥ 𝟬𝟭:𝟬𝟲
⏰ Last Name: ⌥ 𝟬𝟭:𝟬𝟳
⏰ Last Name: ⌥ 𝟬𝟭:𝟬𝟴
⏰ Last Name: ⌥ 𝟬𝟭:𝟬𝟵
⏰ Last Name: ⌥ 𝟬𝟭:𝟭𝟬
⏰ Last Name: ⌥ 𝟬𝟭:𝟭𝟭
⏰ Last Name: ⌥ 𝟬𝟭:𝟭𝟮
⏰ Last Name: ⌥ 𝟬𝟭:𝟭𝟯
⏰ Last Name: ⌥ 𝟬𝟭:𝟭𝟰
⏰ Last Name: ⌥ 𝟬𝟭:𝟭𝟱
⏰ Last Name: ⌥ 𝟬𝟭:𝟭𝟲
⏰ Last Name: ⌥ 𝟬𝟭:𝟭𝟳
⏰ Last Name: ⌥ 𝟬𝟭:𝟭𝟴
⏰ Last Name: ⌥ 𝟬𝟭:𝟭𝟵
⏰ Last Name: ⌥ 𝟬𝟭:𝟮𝟬
⏰ Last Name: ⌥ 𝟬𝟭:𝟮𝟭
⏰ Last Name: ⌥ 𝟬𝟭:𝟮𝟮
⏰ Last Name: ⌥ 𝟬𝟭:𝟮𝟯
⏰ Last Name: ⌥ 𝟬𝟭:𝟮𝟰
⏰ Last Name: ⌥ 𝟬𝟭:𝟮𝟱
⏰ Last Name: ⌥ 𝟬𝟭:𝟮𝟲
⏰ Last Name: ⌥ 𝟬𝟭:𝟮𝟳
⏰ Last Name: ⌥ 𝟬𝟭:𝟮𝟴
⏰ Last Name: ⌥ 𝟬𝟭:𝟮𝟵
⏰ Last Name: ⌥ 𝟬𝟭:𝟯𝟬
⏰ Last Name: ⌥ 𝟬𝟭:𝟯𝟭
⏰ Last Name: ⌥ 𝟬𝟭:𝟯𝟮
⏰ Last Name: ⌥ 𝟬𝟭:𝟯𝟯
⏰ Last Name: ⌥ 𝟬𝟭:𝟯𝟰
⏰ Last Name: ⌥ 𝟬𝟭:𝟯𝟱
⏰ Last Name: ⌥ 𝟬𝟭:𝟯𝟲
⏰ Last Name: ⌥ 𝟬𝟭:𝟯𝟳
⏰ Last Name: ⌥ 𝟬𝟭:𝟯𝟴
⏰ Last Name: ⌥ 𝟬𝟭:𝟯𝟵
⏰ Last Name: ⌥ 𝟬𝟭:𝟰𝟬
⏰ Last Name: ⌥ 𝟬𝟭:𝟰𝟭
⏰ Last Name: ⌥ 𝟬𝟭:𝟰𝟮
⏰ Last Name: ⌥ 𝟬𝟭:𝟰𝟯
⏰ Last Name: ⌥ 𝟬𝟭:𝟰𝟰
⏰ Last Name: ⌥ 𝟬𝟭:𝟰𝟱
⏰ Last Name: ⌥ 𝟬𝟭:𝟰𝟲
⏰ Last Name: ⌥ 𝟬𝟭:𝟰𝟳
⏰ Last Name: ⌥ 𝟬𝟭:𝟰𝟴
⏰ Last Name: ⌥ 𝟬𝟭:𝟰𝟵
⏰ Last Name: ⌥ 𝟬𝟭:𝟱𝟬
⏰ Last Name: ⌥ 𝟬𝟭:𝟱𝟭
⏰ Last Name: ⌥ 𝟬𝟭:𝟱𝟮
⏰ Last Name: ⌥ 𝟬𝟭:𝟱𝟯
⏰ Last Name: ⌥ 𝟬𝟭:𝟱𝟰
⏰ Last Name: ⌥ 𝟬𝟭:𝟱𝟱
💜 Auto React [user:6990187779]: ❤️
💜 Auto React [user:8944291576]: 🍌
⏰ Last Name: ⌥ 𝟬𝟭:𝟱𝟲
⏰ Last Name: ⌥ 𝟬𝟭:𝟱𝟳
⏰ Last Name: ⌥ 𝟬𝟭:𝟱𝟴
⏰ Last Name: ⌥ 𝟬𝟭:𝟱𝟵
⏰ Last Name: ⌥ 𝟬𝟮:𝟬𝟬
⏰ Last Name: ⌥ 𝟬𝟮:𝟬𝟭
⏰ Last Name: ⌥ 𝟬𝟮:𝟬𝟮
⏰ Last Name: ⌥ 𝟬𝟮:𝟬𝟯
⏰ Last Name: ⌥ 𝟬𝟮:𝟬𝟰
⏰ Last Name: ⌥ 𝟬𝟮:𝟬𝟱
⏰ Last Name: ⌥ 𝟬𝟮:𝟬𝟲
⏰ Last Name: ⌥ 𝟬𝟮:𝟬𝟳
⏰ Last Name: ⌥ 𝟬𝟮:𝟬𝟴
⏰ Last Name: ⌥ 𝟬𝟮:𝟬𝟵
⏰ Last Name: ⌥ 𝟬𝟮:𝟭𝟬
⏰ Last Name: ⌥ 𝟬𝟮:𝟭𝟭
⏰ Last Name: ⌥ 𝟬𝟮:𝟭𝟮
⏰ Last Name: ⌥ 𝟬𝟮:𝟭𝟯
⏰ Last Name: ⌥ 𝟬𝟮:𝟭𝟰
⏰ Last Name: ⌥ 𝟬𝟮:𝟭𝟱
⏰ Last Name: ⌥ 𝟬𝟮:𝟭𝟲
⏰ Last Name: ⌥ 𝟬𝟮:𝟭𝟳
⏰ Last Name: ⌥ 𝟬𝟮:𝟭𝟴
⏰ Last Name: ⌥ 𝟬𝟮:𝟭𝟵
⏰ Last Name: ⌥ 𝟬𝟮:𝟮𝟬
⏰ Last Name: ⌥ 𝟬𝟮:𝟮𝟭
⏰ Last Name: ⌥ 𝟬𝟮:𝟮𝟮
⏰ Last Name: ⌥ 𝟬𝟮:𝟮𝟯
⏰ Last Name: ⌥ 𝟬𝟮:𝟮𝟰
⏰ Last Name: ⌥ 𝟬𝟮:𝟮𝟱
⏰ Last Name: ⌥ 𝟬𝟮:𝟮𝟲
⏰ Last Name: ⌥ 𝟬𝟮:𝟮𝟳
⏰ Last Name: ⌥ 𝟬𝟮:𝟮𝟴
⏰ Last Name: ⌥ 𝟬𝟮:𝟮𝟵
⏰ Last Name: ⌥ 𝟬𝟮:𝟯𝟬
⏰ Last Name: ⌥ 𝟬𝟮:𝟯𝟭
⏰ Last Name: ⌥ 𝟬𝟮:𝟯𝟮
⏰ Last Name: ⌥ 𝟬𝟮:𝟯𝟯
⏰ Last Name: ⌥ 𝟬𝟮:𝟯𝟰
⏰ Last Name: ⌥ 𝟬𝟮:𝟯𝟱
⏰ Last Name: ⌥ 𝟬𝟮:𝟯𝟲
⏰ Last Name: ⌥ 𝟬𝟮:𝟯𝟳
⏰ Last Name: ⌥ 𝟬𝟮:𝟯𝟴
⏰ Last Name: ⌥ 𝟬𝟮:𝟯𝟵
⏰ Last Name: ⌥ 𝟬𝟮:𝟰𝟬
⏰ Last Name: ⌥ 𝟬𝟮:𝟰𝟭
⏰ Last Name: ⌥ 𝟬𝟮:𝟰𝟮
⏰ Last Name: ⌥ 𝟬𝟮:𝟰𝟯
⏰ Last Name: ⌥ 𝟬𝟮:𝟰𝟰
⏰ Last Name: ⌥ 𝟬𝟮:𝟰𝟱
⏰ Last Name: ⌥ 𝟬𝟮:𝟰𝟲
⏰ Last Name: ⌥ 𝟬𝟮:𝟰𝟳
⏰ Last Name: ⌥ 𝟬𝟮:𝟰𝟴
⏰ Last Name: ⌥ 𝟬𝟮:𝟰𝟵
⏰ Last Name: ⌥ 𝟬𝟮:𝟱𝟬
⏰ Last Name: ⌥ 𝟬𝟮:𝟱𝟭
⏰ Last Name: ⌥ 𝟬𝟮:𝟱𝟮
⏰ Last Name: ⌥ 𝟬𝟮:𝟱𝟯
⏰ Last Name: ⌥ 𝟬𝟮:𝟱𝟰
⏰ Last Name: ⌥ 𝟬𝟮:𝟱𝟱
⏰ Last Name: ⌥ 𝟬𝟮:𝟱𝟲
⏰ Last Name: ⌥ 𝟬𝟮:𝟱𝟳
⏰ Last Name: ⌥ 𝟬𝟮:𝟱𝟴
⏰ Last Name: ⌥ 𝟬𝟮:𝟱𝟵
⏰ Last Name: ⌥ 𝟬𝟯:𝟬𝟬
⏰ Last Name: ⌥ 𝟬𝟯:𝟬𝟭
⏰ Last Name: ⌥ 𝟬𝟯:𝟬𝟮
⏰ Last Name: ⌥ 𝟬𝟯:𝟬𝟯
⏰ Last Name: ⌥ 𝟬𝟯:𝟬𝟰
⏰ Last Name: ⌥ 𝟬𝟯:𝟬𝟱
⏰ Last Name: ⌥ 𝟬𝟯:𝟬𝟲
⏰ Last Name: ⌥ 𝟬𝟯:𝟬𝟳
⏰ Last Name: ⌥ 𝟬𝟯:𝟬𝟴
⏰ Last Name: ⌥ 𝟬𝟯:𝟬𝟵
⏰ Last Name: ⌥ 𝟬𝟯:𝟭𝟬
⏰ Last Name: ⌥ 𝟬𝟯:𝟭𝟭
⏰ Last Name: ⌥ 𝟬𝟯:𝟭𝟮
⏰ Last Name: ⌥ 𝟬𝟯:𝟭𝟯
⏰ Last Name: ⌥ 𝟬𝟯:𝟭𝟰
⏰ Last Name: ⌥ 𝟬𝟯:𝟭𝟱
⏰ Last Name: ⌥ 𝟬𝟯:𝟭𝟲
⏰ Last Name: ⌥ 𝟬𝟯:𝟭𝟳
⏰ Last Name: ⌥ 𝟬𝟯:𝟭𝟴
⏰ Last Name: ⌥ 𝟬𝟯:𝟭𝟵
⏰ Last Name: ⌥ 𝟬𝟯:𝟮𝟬
⏰ Last Name: ⌥ 𝟬𝟯:𝟮𝟭
⏰ Last Name: ⌥ 𝟬𝟯:𝟮𝟮
⏰ Last Name: ⌥ 𝟬𝟯:𝟮𝟯
⏰ Last Name: ⌥ 𝟬𝟯:𝟮𝟰
⏰ Last Name: ⌥ 𝟬𝟯:𝟮𝟱
⏰ Last Name: ⌥ 𝟬𝟯:𝟮𝟲
⏰ Last Name: ⌥ 𝟬𝟯:𝟮𝟳
⏰ Last Name: ⌥ 𝟬𝟯:𝟮𝟴
⏰ Last Name: ⌥ 𝟬𝟯:𝟮𝟵
⏰ Last Name: ⌥ 𝟬𝟯:𝟯𝟬
⏰ Last Name: ⌥ 𝟬𝟯:𝟯𝟭
⏰ Last Name: ⌥ 𝟬𝟯:𝟯𝟮
⏰ Last Name: ⌥ 𝟬𝟯:𝟯𝟯
⏰ Last Name: ⌥ 𝟬𝟯:𝟯𝟰
⏰ Last Name: ⌥ 𝟬𝟯:𝟯𝟱
⏰ Last Name: ⌥ 𝟬𝟯:𝟯𝟲
⏰ Last Name: ⌥ 𝟬𝟯:𝟯𝟳
⏰ Last Name: ⌥ 𝟬𝟯:𝟯𝟴
⏰ Last Name: ⌥ 𝟬𝟯:𝟯𝟵
⏰ Last Name: ⌥ 𝟬𝟯:𝟰𝟬
⏰ Last Name: ⌥ 𝟬𝟯:𝟰𝟭
⏰ Last Name: ⌥ 𝟬𝟯:𝟰𝟮
⏰ Last Name: ⌥ 𝟬𝟯:𝟰𝟯
⏰ Last Name: ⌥ 𝟬𝟯:𝟰𝟰
⏰ Last Name: ⌥ 𝟬𝟯:𝟰𝟱
⏰ Last Name: ⌥ 𝟬𝟯:𝟰𝟲
⏰ Last Name: ⌥ 𝟬𝟯:𝟰𝟳
⏰ Last Name: ⌥ 𝟬𝟯:𝟰𝟴
⏰ Last Name: ⌥ 𝟬𝟯:𝟰𝟵
⏰ Last Name: ⌥ 𝟬𝟯:𝟱𝟬
⏰ Last Name: ⌥ 𝟬𝟯:𝟱𝟭
⏰ Last Name: ⌥ 𝟬𝟯:𝟱𝟮
⏰ Last Name: ⌥ 𝟬𝟯:𝟱𝟯
⏰ Last Name: ⌥ 𝟬𝟯:𝟱𝟰
⏰ Last Name: ⌥ 𝟬𝟯:𝟱𝟱
⏰ Last Name: ⌥ 𝟬𝟯:𝟱𝟲
⏰ Last Name: ⌥ 𝟬𝟯:𝟱𝟳
⏰ Last Name: ⌥ 𝟬𝟯:𝟱𝟴
⏰ Last Name: ⌥ 𝟬𝟯:𝟱𝟵
⏰ Last Name: ⌥ 𝟬𝟰:𝟬𝟬
⏰ Last Name: ⌥ 𝟬𝟰:𝟬𝟭
⏰ Last Name: ⌥ 𝟬𝟰:𝟬𝟮
⏰ Last Name: ⌥ 𝟬𝟰:𝟬𝟯
⏰ Last Name: ⌥ 𝟬𝟰:𝟬𝟰
⏰ Last Name: ⌥ 𝟬𝟰:𝟬𝟱
⏰ Last Name: ⌥ 𝟬𝟰:𝟬𝟲
⏰ Last Name: ⌥ 𝟬𝟰:𝟬𝟳
⏰ Last Name: ⌥ 𝟬𝟰:𝟬𝟴
⏰ Last Name: ⌥ 𝟬𝟰:𝟬𝟵
⏰ Last Name: ⌥ 𝟬𝟰:𝟭𝟬
⏰ Last Name: ⌥ 𝟬𝟰:𝟭𝟭
⏰ Last Name: ⌥ 𝟬𝟰:𝟭𝟮
⏰ Last Name: ⌥ 𝟬𝟰:𝟭𝟯
⏰ Last Name: ⌥ 𝟬𝟰:𝟭𝟰
⏰ Last Name: ⌥ 𝟬𝟰:𝟭𝟱
⏰ Last Name: ⌥ 𝟬𝟰:𝟭𝟲
⏰ Last Name: ⌥ 𝟬𝟰:𝟭𝟳
⏰ Last Name: ⌥ 𝟬𝟰:𝟭𝟴
⏰ Last Name: ⌥ 𝟬𝟰:𝟭𝟵
⏰ Last Name: ⌥ 𝟬𝟰:𝟮𝟬
⏰ Last Name: ⌥ 𝟬𝟰:𝟮𝟭
⏰ Last Name: ⌥ 𝟬𝟰:𝟮𝟮
⏰ Last Name: ⌥ 𝟬𝟰:𝟮𝟯
⏰ Last Name: ⌥ 𝟬𝟰:𝟮𝟰
⏰ Last Name: ⌥ 𝟬𝟰:𝟮𝟱
⏰ Last Name: ⌥ 𝟬𝟰:𝟮𝟲
⏰ Last Name: ⌥ 𝟬𝟰:𝟮𝟳
⏰ Last Name: ⌥ 𝟬𝟰:𝟮𝟴
⏰ Last Name: ⌥ 𝟬𝟰:𝟮𝟵
⏰ Last Name: ⌥ 𝟬𝟰:𝟯𝟬
⏰ Last Name: ⌥ 𝟬𝟰:𝟯𝟭
⏰ Last Name: ⌥ 𝟬𝟰:𝟯𝟮
⏰ Last Name: ⌥ 𝟬𝟰:𝟯𝟯
⏰ Last Name: ⌥ 𝟬𝟰:𝟯𝟰
⏰ Last Name: ⌥ 𝟬𝟰:𝟯𝟱
⏰ Last Name: ⌥ 𝟬𝟰:𝟯𝟲
⏰ Last Name: ⌥ 𝟬𝟰:𝟯𝟳
⏰ Last Name: ⌥ 𝟬𝟰:𝟯𝟴
⏰ Last Name: ⌥ 𝟬𝟰:𝟯𝟵
⏰ Last Name: ⌥ 𝟬𝟰:𝟰𝟬
⏰ Last Name: ⌥ 𝟬𝟰:𝟰𝟭
⏰ Last Name: ⌥ 𝟬𝟰:𝟰𝟮
⏰ Last Name: ⌥ 𝟬𝟰:𝟰𝟯
⏰ Last Name: ⌥ 𝟬𝟰:𝟰𝟰
💜 Auto React [user:6990187779]: ❤️
💜 Auto React [user:6990187779]: ❤️
💜 Auto React [user:6990187779]: ❤️
⏰ Last Name: ⌥ 𝟬𝟰:𝟰𝟱
⏰ Last Name: ⌥ 𝟬𝟰:𝟰𝟲
⏰ Last Name: ⌥ 𝟬𝟰:𝟰𝟳
⏰ Last Name: ⌥ 𝟬𝟰:𝟰𝟴
⏰ Last Name: ⌥ 𝟬𝟰:𝟰𝟵
⏰ Last Name: ⌥ 𝟬𝟰:𝟱𝟬
⏰ Last Name: ⌥ 𝟬𝟰:𝟱𝟭
⏰ Last Name: ⌥ 𝟬𝟰:𝟱𝟮
⏰ Last Name: ⌥ 𝟬𝟰:𝟱𝟯
⏰ Last Name: ⌥ 𝟬𝟰:𝟱𝟰
⏰ Last Name: ⌥ 𝟬𝟰:𝟱𝟱
⏰ Last Name: ⌥ 𝟬𝟰:𝟱𝟲
⏰ Last Name: ⌥ 𝟬𝟰:𝟱𝟳
⏰ Last Name: ⌥ 𝟬𝟰:𝟱𝟴
⏰ Last Name: ⌥ 𝟬𝟰:𝟱𝟵
⏰ Last Name: ⌥ 𝟬𝟱:𝟬𝟬
⏰ Last Name: ⌥ 𝟬𝟱:𝟬𝟭
⏰ Last Name: ⌥ 𝟬𝟱:𝟬𝟮
⏰ Last Name: ⌥ 𝟬𝟱:𝟬𝟯
⏰ Last Name: ⌥ 𝟬𝟱:𝟬𝟰
⏰ Last Name: ⌥ 𝟬𝟱:𝟬𝟱
💜 Auto React [user:6990187779]: ❤️
💜 Auto React [user:6990187779]: ❤️
💜 Auto React [user:6990187779]: ❤️
💜 Auto React [user:6990187779]: ❤️
⏰ Last Name: ⌥ 𝟬𝟱:𝟬𝟲
⏰ Last Name: ⌥ 𝟬𝟱:𝟬𝟳
💜 Auto React [user:6990187779]: ❤️
💜 Auto React [user:6990187779]: ❤️
⏰ Last Name: ⌥ 𝟬𝟱:𝟬𝟴
💜 Auto React [user:6990187779]: ❤️
⏰ Last Name: ⌥ 𝟬𝟱:𝟬𝟵
💜 Auto React [user:6990187779]: ❤️
💜 Auto React [user:6990187779]: ❤️
⏰ Last Name: ⌥ 𝟬𝟱:𝟭𝟬
⏰ Last Name: ⌥ 𝟬𝟱:𝟭𝟭
⏰ Last Name: ⌥ 𝟬𝟱:𝟭𝟮
💜 Auto React [user:6990187779]: ❤️
⏰ Last Name: ⌥ 𝟬𝟱:𝟭𝟯
⏰ Last Name: ⌥ 𝟬𝟱:𝟭𝟰
💜 Auto React [user:6990187779]: ❤️
💜 Auto React [user:6990187779]: ❤️
⏰ Last Name: ⌥ 𝟬𝟱:𝟭𝟱
💜 Auto React [user:6990187779]: ❤️
💜 Auto React [user:6990187779]: ❤️
⏰ Last Name: ⌥ 𝟬𝟱:𝟭𝟲
⏰ Last Name: ⌥ 𝟬𝟱:𝟭𝟳
💜 Auto React [user:6990187779]: ❤️
⏰ Last Name: ⌥ 𝟬𝟱:𝟭𝟴
💜 Auto React [user:6990187779]: ❤️
💜 Auto React [user:6990187779]: ❤️
⏰ Last Name: ⌥ 𝟬𝟱:𝟭𝟵
⏰ Last Name: ⌥ 𝟬𝟱:𝟮𝟬
💜 Auto React [user:6990187779]: ❤️
💜 Auto React [user:6990187779]: ❤️
💜 Auto React [user:6990187779]: ❤️
⏰ Last Name: ⌥ 𝟬𝟱:𝟮𝟭
⏰ Last Name: ⌥ 𝟬𝟱:𝟮𝟮
⏰ Last Name: ⌥ 𝟬𝟱:𝟮𝟯
⏰ Last Name: ⌥ 𝟬𝟱:𝟮𝟰
⏰ Last Name: ⌥ 𝟬𝟱:𝟮𝟱
⏰ Last Name: ⌥ 𝟬𝟱:𝟮𝟲
⏰ Last Name: ⌥ 𝟬𝟱:𝟮𝟳
⏰ Last Name: ⌥ 𝟬𝟱:𝟮𝟴
⏰ Last Name: ⌥ 𝟬𝟱:𝟮𝟵
⏰ Last Name: ⌥ 𝟬𝟱:𝟯𝟬
⏰ Last Name: ⌥ 𝟬𝟱:𝟯𝟭
⏰ Last Name: ⌥ 𝟬𝟱:𝟯𝟮
⏰ Last Name: ⌥ 𝟬𝟱:𝟯𝟯
⏰ Last Name: ⌥ 𝟬𝟱:𝟯𝟰
⏰ Last Name: ⌥ 𝟬𝟱:𝟯𝟱
⏰ Last Name: ⌥ 𝟬𝟱:𝟯𝟲
⏰ Last Name: ⌥ 𝟬𝟱:𝟯𝟳
⏰ Last Name: ⌥ 𝟬𝟱:𝟯𝟴
⏰ Last Name: ⌥ 𝟬𝟱:𝟯𝟵
⏰ Last Name: ⌥ 𝟬𝟱:𝟰𝟬
⏰ Last Name: ⌥ 𝟬𝟱:𝟰𝟭
⏰ Last Name: ⌥ 𝟬𝟱:𝟰𝟮
⏰ Last Name: ⌥ 𝟬𝟱:𝟰𝟯
⏰ Last Name: ⌥ 𝟬𝟱:𝟰𝟰
⏰ Last Name: ⌥ 𝟬𝟱:𝟰𝟱
⏰ Last Name: ⌥ 𝟬𝟱:𝟰𝟲
⏰ Last Name: ⌥ 𝟬𝟱:𝟰𝟳
⏰ Last Name: ⌥ 𝟬𝟱:𝟰𝟴
⏰ Last Name: ⌥ 𝟬𝟱:𝟰𝟵
⏰ Last Name: ⌥ 𝟬𝟱:𝟱𝟬
⏰ Last Name: ⌥ 𝟬𝟱:𝟱𝟭
⏰ Last Name: ⌥ 𝟬𝟱:𝟱𝟮
⏰ Last Name: ⌥ 𝟬𝟱:𝟱𝟯
⏰ Last Name: ⌥ 𝟬𝟱:𝟱𝟰
⏰ Last Name: ⌥ 𝟬𝟱:𝟱𝟱
⏰ Last Name: ⌥ 𝟬𝟱:𝟱𝟲
⏰ Last Name: ⌥ 𝟬𝟱:𝟱𝟳
⏰ Last Name: ⌥ 𝟬𝟱:𝟱𝟴
⏰ Last Name: ⌥ 𝟬𝟱:𝟱𝟵
⏰ Last Name: ⌥ 𝟬𝟲:𝟬𝟬
⏰ Last Name: ⌥ 𝟬𝟲:𝟬𝟭
⏰ Last Name: ⌥ 𝟬𝟲:𝟬𝟮
⏰ Last Name: ⌥ 𝟬𝟲:𝟬𝟯
⏰ Last Name: ⌥ 𝟬𝟲:𝟬𝟰
⏰ Last Name: ⌥ 𝟬𝟲:𝟬𝟱
⏰ Last Name: ⌥ 𝟬𝟲:𝟬𝟲
⏰ Last Name: ⌥ 𝟬𝟲:𝟬𝟳
⏰ Last Name: ⌥ 𝟬𝟲:𝟬𝟴
⏰ Last Name: ⌥ 𝟬𝟲:𝟬𝟵
⏰ Last Name: ⌥ 𝟬𝟲:𝟭𝟬
⏰ Last Name: ⌥ 𝟬𝟲:𝟭𝟭
⏰ Last Name: ⌥ 𝟬𝟲:𝟭𝟮
⏰ Last Name: ⌥ 𝟬𝟲:𝟭𝟯
⏰ Last Name: ⌥ 𝟬𝟲:𝟭𝟰
⏰ Last Name: ⌥ 𝟬𝟲:𝟭𝟱
⏰ Last Name: ⌥ 𝟬𝟲:𝟭𝟲
⏰ Last Name: ⌥ 𝟬𝟲:𝟭𝟳
⏰ Last Name: ⌥ 𝟬𝟲:𝟭𝟴
⏰ Last Name: ⌥ 𝟬𝟲:𝟭𝟵
⏰ Last Name: ⌥ 𝟬𝟲:𝟮𝟬
⏰ Last Name: ⌥ 𝟬𝟲:𝟮𝟭
⏰ Last Name: ⌥ 𝟬𝟲:𝟮𝟮
⏰ Last Name: ⌥ 𝟬𝟲:𝟮𝟯
⏰ Last Name: ⌥ 𝟬𝟲:𝟮𝟰
⏰ Last Name: ⌥ 𝟬𝟲:𝟮𝟱
⏰ Last Name: ⌥ 𝟬𝟲:𝟮𝟲
⏰ Last Name: ⌥ 𝟬𝟲:𝟮𝟳
⏰ Last Name: ⌥ 𝟬𝟲:𝟮𝟴
⏰ Last Name: ⌥ 𝟬𝟲:𝟮𝟵
⏰ Last Name: ⌥ 𝟬𝟲:𝟯𝟬
⏰ Last Name: ⌥ 𝟬𝟲:𝟯𝟭
⏰ Last Name: ⌥ 𝟬𝟲:𝟯𝟮
⏰ Last Name: ⌥ 𝟬𝟲:𝟯𝟯
⏰ Last Name: ⌥ 𝟬𝟲:𝟯𝟰
⏰ Last Name: ⌥ 𝟬𝟲:𝟯𝟱
⏰ Last Name: ⌥ 𝟬𝟲:𝟯𝟲
⏰ Last Name: ⌥ 𝟬𝟲:𝟯𝟳
⏰ Last Name: ⌥ 𝟬𝟲:𝟯𝟴
⏰ Last Name: ⌥ 𝟬𝟲:𝟯𝟵
⏰ Last Name: ⌥ 𝟬𝟲:𝟰𝟬
⏰ Last Name: ⌥ 𝟬𝟲:𝟰𝟭
⏰ Last Name: ⌥ 𝟬𝟲:𝟰𝟮
⏰ Last Name: ⌥ 𝟬𝟲:𝟰𝟯
⏰ Last Name: ⌥ 𝟬𝟲:𝟰𝟰
⏰ Last Name: ⌥ 𝟬𝟲:𝟰𝟱
⏰ Last Name: ⌥ 𝟬𝟲:𝟰𝟲
⏰ Last Name: ⌥ 𝟬𝟲:𝟰𝟳
⏰ Last Name: ⌥ 𝟬𝟲:𝟰𝟴
⏰ Last Name: ⌥ 𝟬𝟲:𝟰𝟵
⏰ Last Name: ⌥ 𝟬𝟲:𝟱𝟬
⏰ Last Name: ⌥ 𝟬𝟲:𝟱𝟭
⏰ Last Name: ⌥ 𝟬𝟲:𝟱𝟮
⏰ Last Name: ⌥ 𝟬𝟲:𝟱𝟯
⏰ Last Name: ⌥ 𝟬𝟲:𝟱𝟰
⏰ Last Name: ⌥ 𝟬𝟲:𝟱𝟱
⏰ Last Name: ⌥ 𝟬𝟲:𝟱𝟲
⏰ Last Name: ⌥ 𝟬𝟲:𝟱𝟳
⏰ Last Name: ⌥ 𝟬𝟲:𝟱𝟴
⏰ Last Name: ⌥ 𝟬𝟲:𝟱𝟵
⏰ Last Name: ⌥ 𝟬𝟳:𝟬𝟬
⏰ Last Name: ⌥ 𝟬𝟳:𝟬𝟭
⏰ Last Name: ⌥ 𝟬𝟳:𝟬𝟮
⏰ Last Name: ⌥ 𝟬𝟳:𝟬𝟯
⏰ Last Name: ⌥ 𝟬𝟳:𝟬𝟰
⏰ Last Name: ⌥ 𝟬𝟳:𝟬𝟱
⏰ Last Name: ⌥ 𝟬𝟳:𝟬𝟲
⏰ Last Name: ⌥ 𝟬𝟳:𝟬𝟳
⏰ Last Name: ⌥ 𝟬𝟳:𝟬𝟴
⏰ Last Name: ⌥ 𝟬𝟳:𝟬𝟵
💜 Auto React [user:6990187779]: ❤️
⏰ Last Name: ⌥ 𝟬𝟳:𝟭𝟬
⏰ Last Name: ⌥ 𝟬𝟳:𝟭𝟭
💜 Auto React [user:6990187779]: ❤️
⏰ Last Name: ⌥ 𝟬𝟳:𝟭𝟮
💜 Auto React [user:6990187779]: ❤️
💜 Auto React [user:6990187779]: ❤️
💜 Auto React [user:6990187779]: ❤️
⏰ Last Name: ⌥ 𝟬𝟳:𝟭𝟯
💜 Auto React [user:6990187779]: ❤️
⏰ Last Name: ⌥ 𝟬𝟳:𝟭𝟰
💜 Auto React [user:6990187779]: ❤️
💜 Auto React [user:6990187779]: ❤️
💜 Auto React [user:6990187779]: ❤️
⏰ Last Name: ⌥ 𝟬𝟳:𝟭𝟱
💜 Auto React [user:6990187779]: ❤️
⏰ Last Name: ⌥ 𝟬𝟳:𝟭𝟲
💜 Auto React [user:6990187779]: ❤️
💜 Auto React [user:6990187779]: ❤️
💜 Auto React [user:6990187779]: ❤️
💜 Auto React [user:6990187779]: ❤️
⏰ Last Name: ⌥ 𝟬𝟳:𝟭𝟳
💜 Auto React [user:6990187779]: ❤️
💜 Auto React [user:6990187779]: ❤️
⏰ Last Name: ⌥ 𝟬𝟳:𝟭𝟴
💜 Auto React [user:6990187779]: ❤️
💜 Auto React [user:6990187779]: ❤️
⏰ Last Name: ⌥ 𝟬𝟳:𝟭𝟵
💜 Auto React [user:6990187779]: ❤️
⏰ Last Name: ⌥ 𝟬𝟳:𝟮𝟬
💜 Auto React [user:6990187779]: ❤️
💜 Auto React [user:6990187779]: ❤️
💜 Auto React [user:6990187779]: ❤️
⏰ Last Name: ⌥ 𝟬𝟳:𝟮𝟭
💜 Auto React [user:6990187779]: ❤️
💜 Auto React [user:6990187779]: ❤️
⏰ Last Name: ⌥ 𝟬𝟳:𝟮𝟮
💜 Auto React [user:6990187779]: ❤️
💜 Auto React [user:6990187779]: ❤️
💜 Auto React [user:6990187779]: ❤️
⏰ Last Name: ⌥ 𝟬𝟳:𝟮𝟯
⏰ Last Name: ⌥ 𝟬𝟳:𝟮𝟰
💜 Auto React [user:6990187779]: ❤️
💜 Auto React [user:6990187779]: ❤️
💜 Auto React [user:6990187779]: ❤️
⏰ Last Name: ⌥ 𝟬𝟳:𝟮𝟱
💜 Auto React [user:6990187779]: ❤️
💜 Auto React [user:6990187779]: ❤️
💜 Auto React [user:6990187779]: ❤️
⏰ Last Name: ⌥ 𝟬𝟳:𝟮𝟲
💜 Auto React [user:6990187779]: ❤️
⏰ Last Name: ⌥ 𝟬𝟳:𝟮𝟳
💜 Auto React [user:6990187779]: ❤️
💜 Auto React [user:6990187779]: ❤️
⏰ Last Name: ⌥ 𝟬𝟳:𝟮𝟴
💜 Auto React [user:6990187779]: ❤️
💜 Auto React [user:6990187779]: ❤️
💜 Auto React [user:6990187779]: ❤️
💜 Auto React [user:6990187779]: ❤️
⏰ Last Name: ⌥ 𝟬𝟳:𝟮𝟵
💜 Auto React [user:6990187779]: ❤️
💜 Auto React [user:6990187779]: ❤️
⏰ Last Name: ⌥ 𝟬𝟳:𝟯𝟬
💜 Auto React [user:6990187779]: ❤️
💜 Auto React [user:6990187779]: ❤️
💜 Auto React [user:6990187779]: ❤️
💜 Auto React [user:6990187779]: ❤️
⏰ Last Name: ⌥ 𝟬𝟳:𝟯𝟭
💜 Auto React [user:6990187779]: ❤️
⏰ Last Name: ⌥ 𝟬𝟳:𝟯𝟮
⏰ Last Name: ⌥ 𝟬𝟳:𝟯𝟯
💜 Auto React [user:6990187779]: ❤️
⏰ Last Name: ⌥ 𝟬𝟳:𝟯𝟰
💜 Auto React [user:6990187779]: ❤️
⏰ Last Name: ⌥ 𝟬𝟳:𝟯𝟱
⏰ Last Name: ⌥ 𝟬𝟳:𝟯𝟲
⏰ Last Name: ⌥ 𝟬𝟳:𝟯𝟳
⏰ Last Name: ⌥ 𝟬𝟳:𝟯𝟴
⏰ Last Name: ⌥ 𝟬𝟳:𝟯𝟵
⏰ Last Name: ⌥ 𝟬𝟳:𝟰𝟬
⏰ Last Name: ⌥ 𝟬𝟳:𝟰𝟭
⏰ Last Name: ⌥ 𝟬𝟳:𝟰𝟮
⏰ Last Name: ⌥ 𝟬𝟳:𝟰𝟯
⏰ Last Name: ⌥ 𝟬𝟳:𝟰𝟰
⏰ Last Name: ⌥ 𝟬𝟳:𝟰𝟱
⏰ Last Name: ⌥ 𝟬𝟳:𝟰𝟲
⏰ Last Name: ⌥ 𝟬𝟳:𝟰𝟳
⏰ Last Name: ⌥ 𝟬𝟳:𝟰𝟴
⏰ Last Name: ⌥ 𝟬𝟳:𝟰𝟵
⏰ Last Name: ⌥ 𝟬𝟳:𝟱𝟬
⏰ Last Name: ⌥ 𝟬𝟳:𝟱𝟭
⏰ Last Name: ⌥ 𝟬𝟳:𝟱𝟮
⏰ Last Name: ⌥ 𝟬𝟳:𝟱𝟯
⏰ Last Name: ⌥ 𝟬𝟳:𝟱𝟰
⏰ Last Name: ⌥ 𝟬𝟳:𝟱𝟱
⏰ Last Name: ⌥ 𝟬𝟳:𝟱𝟲
💜 Auto React [user:6990187779]: ❤️
⏰ Last Name: ⌥ 𝟬𝟳:𝟱𝟳
💜 Auto React [user:6990187779]: ❤️
💜 Auto React [user:6990187779]: ❤️
💜 Auto React [user:6990187779]: ❤️
💜 Auto React [user:6990187779]: ❤️
⏰ Last Name: ⌥ 𝟬𝟳:𝟱𝟴
💜 Auto React [user:6990187779]: ❤️
⏰ Last Name: ⌥ 𝟬𝟳:𝟱𝟵
💜 Auto React [user:6990187779]: ❤️
💜 Auto React [user:6990187779]: ❤️
⏰ Last Name: ⌥ 𝟬𝟴:𝟬𝟬
⏰ Last Name: ⌥ 𝟬𝟴:𝟬𝟭
⏰ Last Name: ⌥ 𝟬𝟴:𝟬𝟮
⏰ Last Name: ⌥ 𝟬𝟴:𝟬𝟯
⏰ Last Name: ⌥ 𝟬𝟴:𝟬𝟰
⏰ Last Name: ⌥ 𝟬𝟴:𝟬𝟱
⏰ Last Name: ⌥ 𝟬𝟴:𝟬𝟲
⏰ Last Name: ⌥ 𝟬𝟴:𝟬𝟳
⏰ Last Name: ⌥ 𝟬𝟴:𝟬𝟴
⏰ Last Name: ⌥ 𝟬𝟴:𝟬𝟵
⏰ Last Name: ⌥ 𝟬𝟴:𝟭𝟬
⏰ Last Name: ⌥ 𝟬𝟴:𝟭𝟭
⏰ Last Name: ⌥ 𝟬𝟴:𝟭𝟮
⏰ Last Name: ⌥ 𝟬𝟴:𝟭𝟯
⏰ Last Name: ⌥ 𝟬𝟴:𝟭𝟰
⏰ Last Name: ⌥ 𝟬𝟴:𝟭𝟱
⏰ Last Name: ⌥ 𝟬𝟴:𝟭𝟲
⏰ Last Name: ⌥ 𝟬𝟴:𝟭𝟳
⏰ Last Name: ⌥ 𝟬𝟴:𝟭𝟴
⏰ Last Name: ⌥ 𝟬𝟴:𝟭𝟵
⏰ Last Name: ⌥ 𝟬𝟴:𝟮𝟬
⏰ Last Name: ⌥ 𝟬𝟴:𝟮𝟭
⏰ Last Name: ⌥ 𝟬𝟴:𝟮𝟮
⏰ Last Name: ⌥ 𝟬𝟴:𝟮𝟯
⏰ Last Name: ⌥ 𝟬𝟴:𝟮𝟰
⏰ Last Name: ⌥ 𝟬𝟴:𝟮𝟱
⏰ Last Name: ⌥ 𝟬𝟴:𝟮𝟲
⏰ Last Name: ⌥ 𝟬𝟴:𝟮𝟳
⏰ Last Name: ⌥ 𝟬𝟴:𝟮𝟴
⏰ Last Name: ⌥ 𝟬𝟴:𝟮𝟵
⏰ Last Name: ⌥ 𝟬𝟴:𝟯𝟬
⏰ Last Name: ⌥ 𝟬𝟴:𝟯𝟭
⏰ Last Name: ⌥ 𝟬𝟴:𝟯𝟮
⏰ Last Name: ⌥ 𝟬𝟴:𝟯𝟯
⏰ Last Name: ⌥ 𝟬𝟴:𝟯𝟰
💜 Auto React [user:6990187779]: ❤️
⏰ Last Name: ⌥ 𝟬𝟴:𝟯𝟱
💜 Auto React [user:6990187779]: ❤️
💜 Auto React [user:6990187779]: ❤️
⏰ Last Name: ⌥ 𝟬𝟴:𝟯𝟲
💜 Auto React [user:6990187779]: ❤️
⏰ Last Name: ⌥ 𝟬𝟴:𝟯𝟳
⏰ Last Name: ⌥ 𝟬𝟴:𝟯𝟴
💜 Auto React [user:6990187779]: ❤️
⏰ Last Name: ⌥ 𝟬𝟴:𝟯𝟵
💜 Auto React [user:6990187779]: ❤️
⏰ Last Name: ⌥ 𝟬𝟴:𝟰𝟬
⏰ Last Name: ⌥ 𝟬𝟴:𝟰𝟭
⏰ Last Name: ⌥ 𝟬𝟴:𝟰𝟮
⏰ Last Name: ⌥ 𝟬𝟴:𝟰𝟯
💜 Auto React [user:6990187779]: ❤️
💜 Auto React [user:6990187779]: ❤️
⏰ Last Name: ⌥ 𝟬𝟴:𝟰𝟰
💜 Auto React [user:6990187779]: ❤️
💜 Auto React [user:6990187779]: ❤️
⏰ Last Name: ⌥ 𝟬𝟴:𝟰𝟱
💜 Auto React [user:6990187779]: ❤️
💜 Auto React [user:6990187779]: ❤️
💜 Auto React [user:6990187779]: ❤️
⏰ Last Name: ⌥ 𝟬𝟴:𝟰𝟲
⏰ Last Name: ⌥ 𝟬𝟴:𝟰𝟳
💜 Auto React [user:6990187779]: ❤️
💜 Auto React [user:6990187779]: ❤️
💜 Auto React [user:6990187779]: ❤️
⏰ Last Name: ⌥ 𝟬𝟴:𝟰𝟴
💜 Auto React [user:6990187779]: ❤️
💜 Auto React [user:6990187779]: ❤️
💜 Auto React [user:6990187779]: ❤️
💜 Auto React [user:6990187779]: ❤️
⏰ Last Name: ⌥ 𝟬𝟴:𝟰𝟵
💜 Auto React [user:6990187779]: ❤️
💜 Auto React [user:6990187779]: ❤️
💜 Auto React [user:6990187779]: ❤️
💜 Auto React [user:6990187779]: ❤️
💜 Auto React [user:6990187779]: ❤️
⏰ Last Name: ⌥ 𝟬𝟴:𝟱𝟬
💜 Auto React [user:6990187779]: ❤️
💜 Auto React [user:6990187779]: ❤️
⏰ Last Name: ⌥ 𝟬𝟴:𝟱𝟭
⏰ Last Name: ⌥ 𝟬𝟴:𝟱𝟮
⏰ Last Name: ⌥ 𝟬𝟴:𝟱𝟯
⏰ Last Name: ⌥ 𝟬𝟴:𝟱𝟰
⏰ Last Name: ⌥ 𝟬𝟴:𝟱𝟱
💜 Auto React [user:6990187779]: ❤️
⏰ Last Name: ⌥ 𝟬𝟴:𝟱𝟲
💜 Auto React [user:6990187779]: ❤️
💜 Auto React [user:6990187779]: ❤️
💜 Auto React [user:6990187779]: ❤️
⏰ Last Name: ⌥ 𝟬𝟴:𝟱𝟳
💜 Auto React [user:6990187779]: ❤️
⏰ Last Name: ⌥ 𝟬𝟴:𝟱𝟴
⏰ Last Name: ⌥ 𝟬𝟴:𝟱𝟵
💜 Auto React [user:7433542559]: 😐
💜 Auto React [user:7433542559]: 😐
💜 Auto React [user:7433542559]: 😐
⏰ Last Name: ⌥ 𝟬𝟵:𝟬𝟬
💜 Auto React [user:7433542559]: 😐
⏰ Last Name: ⌥ 𝟬𝟵:𝟬𝟭
💜 Auto React [user:6990187779]: ❤️
💜 Auto React [user:6990187779]: ❤️
💜 Auto React [user:6990187779]: ❤️
⏰ Last Name: ⌥ 𝟬𝟵:𝟬𝟮
💜 Auto React [user:6990187779]: ❤️
⏰ Last Name: ⌥ 𝟬𝟵:𝟬𝟯
💜 Auto React [user:6990187779]: ❤️
💜 Auto React [user:6990187779]: ❤️
💜 Auto React [user:6990187779]: ❤️
💜 Auto React [user:6990187779]: ❤️
💜 Auto React [user:6990187779]: ❤️
⏰ Last Name: ⌥ 𝟬𝟵:𝟬𝟰
💜 Auto React [user:6990187779]: ❤️
⏰ Last Name: ⌥ 𝟬𝟵:𝟬𝟱
💜 Auto React [user:6990187779]: ❤️
💜 Auto React [user:6990187779]: ❤️
💜 Auto React [user:6990187779]: ❤️
⏰ Last Name: ⌥ 𝟬𝟵:𝟬𝟲
💜 Auto React [user:6990187779]: ❤️
💜 Auto React [user:6990187779]: ❤️
💜 Auto React [user:6990187779]: ❤️
💜 Auto React [user:6990187779]: ❤️
💜 Auto React [user:6990187779]: ❤️
💜 Auto React [user:6990187779]: ❤️
⏰ Last Name: ⌥ 𝟬𝟵:𝟬𝟳
💜 Auto React [user:6990187779]: ❤️
💜 Auto React [user:6990187779]: ❤️
⏰ Last Name: ⌥ 𝟬𝟵:𝟬𝟴
⏰ Last Name: ⌥ 𝟬𝟵:𝟬𝟵
💜 Auto React [user:6990187779]: ❤️
⏰ Last Name: ⌥ 𝟬𝟵:𝟭𝟬
⏰ Last Name: ⌥ 𝟬𝟵:𝟭𝟭
💜 Auto React [user:6990187779]: ❤️
⏰ Last Name: ⌥ 𝟬𝟵:𝟭𝟮
💜 Auto React [user:6990187779]: ❤️
💜 Auto React [user:6990187779]: ❤️
💜 Auto React [user:6990187779]: ❤️
💜 Auto React [user:6990187779]: ❤️
⏰ Last Name: ⌥ 𝟬𝟵:𝟭𝟯
💜 Auto React [user:6990187779]: ❤️
💜 Auto React [user:6990187779]: ❤️
💜 Auto React [user:6990187779]: ❤️
⏰ Last Name: ⌥ 𝟬𝟵:𝟭𝟰
⏰ Last Name: ⌥ 𝟬𝟵:𝟭𝟱
⏰ Last Name: ⌥ 𝟬𝟵:𝟭𝟲
⏰ Last Name: ⌥ 𝟬𝟵:𝟭𝟳
⏰ Last Name: ⌥ 𝟬𝟵:𝟭𝟴
⏰ Last Name: ⌥ 𝟬𝟵:𝟭𝟵
⏰ Last Name: ⌥ 𝟬𝟵:𝟮𝟬
⏰ Last Name: ⌥ 𝟬𝟵:𝟮𝟭
⏰ Last Name: ⌥ 𝟬𝟵:𝟮𝟮
⏰ Last Name: ⌥ 𝟬𝟵:𝟮𝟯
⏰ Last Name: ⌥ 𝟬𝟵:𝟮𝟰
⏰ Last Name: ⌥ 𝟬𝟵:𝟮𝟱
⏰ Last Name: ⌥ 𝟬𝟵:𝟮𝟲
⏰ Last Name: ⌥ 𝟬𝟵:𝟮𝟳
⏰ Last Name: ⌥ 𝟬𝟵:𝟮𝟴
⏰ Last Name: ⌥ 𝟬𝟵:𝟮𝟵
⏰ Last Name: ⌥ 𝟬𝟵:𝟯𝟬
💜 Auto React [user:7433542559]: 😐
💜 Auto React [user:7433542559]: 😐
💜 Auto React [user:7433542559]: 😐
💜 Auto React [user:7433542559]: 😐
⏰ Last Name: ⌥ 𝟬𝟵:𝟯𝟭
💜 Auto React [user:7433542559]: 😐
💜 Auto React [user:7433542559]: 😐
💜 Auto React [user:7433542559]: 😐
💜 Auto React [user:7433542559]: 😐
⏰ Last Name: ⌥ 𝟬𝟵:𝟯𝟮
⏰ Last Name: ⌥ 𝟬𝟵:𝟯𝟯
⏰ Last Name: ⌥ 𝟬𝟵:𝟯𝟰
⏰ Last Name: ⌥ 𝟬𝟵:𝟯𝟱
⏰ Last Name: ⌥ 𝟬𝟵:𝟯𝟲
⏰ Last Name: ⌥ 𝟬𝟵:𝟯𝟳
💜 Auto React [user:7433542559]: 😐
⏰ Last Name: ⌥ 𝟬𝟵:𝟯𝟴
💜 Auto React [user:7433542559]: 😐
⏰ Last Name: ⌥ 𝟬𝟵:𝟯𝟵
⏰ Last Name: ⌥ 𝟬𝟵:𝟰𝟬
⏰ Last Name: ⌥ 𝟬𝟵:𝟰𝟭
⏰ Last Name: ⌥ 𝟬𝟵:𝟰𝟮
⏰ Last Name: ⌥ 𝟬𝟵:𝟰𝟯
⏰ Last Name: ⌥ 𝟬𝟵:𝟰𝟰
⏰ Last Name: ⌥ 𝟬𝟵:𝟰𝟱
⏰ Last Name: ⌥ 𝟬𝟵:𝟰𝟲
⏰ Last Name: ⌥ 𝟬𝟵:𝟰𝟳
⏰ Last Name: ⌥ 𝟬𝟵:𝟰𝟴
💜 Auto React [user:7433542559]: 😐
⏰ Last Name: ⌥ 𝟬𝟵:𝟰𝟵
💜 Auto React [user:7433542559]: 😐
⏰ Last Name: ⌥ 𝟬𝟵:𝟱𝟬
⏰ Last Name: ⌥ 𝟬𝟵:𝟱𝟭
⏰ Last Name: ⌥ 𝟬𝟵:𝟱𝟮
⏰ Last Name: ⌥ 𝟬𝟵:𝟱𝟯
⏰ Last Name: ⌥ 𝟬𝟵:𝟱𝟰
⏰ Last Name: ⌥ 𝟬𝟵:𝟱𝟱
⏰ Last Name: ⌥ 𝟬𝟵:𝟱𝟲
⏰ Last Name: ⌥ 𝟬𝟵:𝟱𝟳
⏰ Last Name: ⌥ 𝟬𝟵:𝟱𝟴
⏰ Last Name: ⌥ 𝟬𝟵:𝟱𝟵
⏰ Last Name: ⌥ 𝟭𝟬:𝟬𝟬
⏰ Last Name: ⌥ 𝟭𝟬:𝟬𝟭
⏰ Last Name: ⌥ 𝟭𝟬:𝟬𝟮
⏰ Last Name: ⌥ 𝟭𝟬:𝟬𝟯
⏰ Last Name: ⌥ 𝟭𝟬:𝟬𝟰
⏰ Last Name: ⌥ 𝟭𝟬:𝟬𝟱
⏰ Last Name: ⌥ 𝟭𝟬:𝟬𝟲
⏰ Last Name: ⌥ 𝟭𝟬:𝟬𝟳
⏰ Last Name: ⌥ 𝟭𝟬:𝟬𝟴
⏰ Last Name: ⌥ 𝟭𝟬:𝟬𝟵
⏰ Last Name: ⌥ 𝟭𝟬:𝟭𝟬
⏰ Last Name: ⌥ 𝟭𝟬:𝟭𝟭
⏰ Last Name: ⌥ 𝟭𝟬:𝟭𝟮
⏰ Last Name: ⌥ 𝟭𝟬:𝟭𝟯
⏰ Last Name: ⌥ 𝟭𝟬:𝟭𝟰
⏰ Last Name: ⌥ 𝟭𝟬:𝟭𝟱
⏰ Last Name: ⌥ 𝟭𝟬:𝟭𝟲
⏰ Last Name: ⌥ 𝟭𝟬:𝟭𝟳
⏰ Last Name: ⌥ 𝟭𝟬:𝟭𝟴
⏰ Last Name: ⌥ 𝟭𝟬:𝟭𝟵
⏰ Last Name: ⌥ 𝟭𝟬:𝟮𝟬
⏰ Last Name: ⌥ 𝟭𝟬:𝟮𝟭
⏰ Last Name: ⌥ 𝟭𝟬:𝟮𝟮
⏰ Last Name: ⌥ 𝟭𝟬:𝟮𝟯
⏰ Last Name: ⌥ 𝟭𝟬:𝟮𝟰
⏰ Last Name: ⌥ 𝟭𝟬:𝟮𝟱
⏰ Last Name: ⌥ 𝟭𝟬:𝟮𝟲
⏰ Last Name: ⌥ 𝟭𝟬:𝟮𝟳
💜 Auto React [user:7433542559]: 😐
💜 Auto React [user:7433542559]: 😐
⏰ Last Name: ⌥ 𝟭𝟬:𝟮𝟴
💜 Auto React [user:7433542559]: 😐
⏰ Last Name: ⌥ 𝟭𝟬:𝟮𝟵
💜 Auto React [user:7433542559]: 😐
💜 Auto React [user:7433542559]: 😐
💜 Auto React [user:7433542559]: 😐
⏰ Last Name: ⌥ 𝟭𝟬:𝟯𝟬
💜 Auto React [user:7433542559]: 😐
💜 Auto React [user:7433542559]: 😐
💜 Auto React [user:7433542559]: 😐
⏰ Last Name: ⌥ 𝟭𝟬:𝟯𝟭
💜 Auto React [user:7433542559]: 😐
💜 Auto React [user:7433542559]: 😐
💜 Auto React [user:7433542559]: 😐
⏰ Last Name: ⌥ 𝟭𝟬:𝟯𝟮
💜 Auto React [user:7433542559]: 😐
💜 Auto React [user:7433542559]: 😐
💜 Auto React [user:7433542559]: 😐
💜 Auto React [user:7433542559]: 😐
⏰ Last Name: ⌥ 𝟭𝟬:𝟯𝟯
💜 Auto React [user:7433542559]: 😐
⏰ Last Name: ⌥ 𝟭𝟬:𝟯𝟰
⏰ Last Name: ⌥ 𝟭𝟬:𝟯𝟱
⏰ Last Name: ⌥ 𝟭𝟬:𝟯𝟲
⏰ Last Name: ⌥ 𝟭𝟬:𝟯𝟳
⏰ Last Name: ⌥ 𝟭𝟬:𝟯𝟴
⏰ Last Name: ⌥ 𝟭𝟬:𝟯𝟵
⏰ Last Name: ⌥ 𝟭𝟬:𝟰𝟬
⏰ Last Name: ⌥ 𝟭𝟬:𝟰𝟭
⏰ Last Name: ⌥ 𝟭𝟬:𝟰𝟮
⏰ Last Name: ⌥ 𝟭𝟬:𝟰𝟯
⏰ Last Name: ⌥ 𝟭𝟬:𝟰𝟰
⏰ Last Name: ⌥ 𝟭𝟬:𝟰𝟱
⏰ Last Name: ⌥ 𝟭𝟬:𝟰𝟲
💜 Auto React [user:7433542559]: 😐
💜 Auto React [user:7433542559]: 😐
💜 Auto React [user:7433542559]: 😐
💜 Auto React [user:7433542559]: 😐
💜 Auto React [user:7433542559]: 😐
⏰ Last Name: ⌥ 𝟭𝟬:𝟰𝟳
⏰ Last Name: ⌥ 𝟭𝟬:𝟰𝟴
⏰ Last Name: ⌥ 𝟭𝟬:𝟰𝟵
⏰ Last Name: ⌥ 𝟭𝟬:𝟱𝟬
⏰ Last Name: ⌥ 𝟭𝟬:𝟱𝟭
⏰ Last Name: ⌥ 𝟭𝟬:𝟱𝟮
⏰ Last Name: ⌥ 𝟭𝟬:𝟱𝟯
⏰ Last Name: ⌥ 𝟭𝟬:𝟱𝟰
⏰ Last Name: ⌥ 𝟭𝟬:𝟱𝟱
⏰ Last Name: ⌥ 𝟭𝟬:𝟱𝟲
⏰ Last Name: ⌥ 𝟭𝟬:𝟱𝟳
⏰ Last Name: ⌥ 𝟭𝟬:𝟱𝟴
⏰ Last Name: ⌥ 𝟭𝟬:𝟱𝟵
⏰ Last Name: ⌥ 𝟭𝟭:𝟬𝟬
⏰ Last Name: ⌥ 𝟭𝟭:𝟬𝟭
⏰ Last Name: ⌥ 𝟭𝟭:𝟬𝟮
⏰ Last Name: ⌥ 𝟭𝟭:𝟬𝟯
⏰ Last Name: ⌥ 𝟭𝟭:𝟬𝟰
⏰ Last Name: ⌥ 𝟭𝟭:𝟬𝟱
⏰ Last Name: ⌥ 𝟭𝟭:𝟬𝟲
⏰ Last Name: ⌥ 𝟭𝟭:𝟬𝟳
⏰ Last Name: ⌥ 𝟭𝟭:𝟬𝟴
⏰ Last Name: ⌥ 𝟭𝟭:𝟬𝟵
⏰ Last Name: ⌥ 𝟭𝟭:𝟭𝟬
⏰ Last Name: ⌥ 𝟭𝟭:𝟭𝟭
⏰ Last Name: ⌥ 𝟭𝟭:𝟭𝟮
⏰ Last Name: ⌥ 𝟭𝟭:𝟭𝟯
💜 Auto React [user:7433542559]: 😐
⏰ Last Name: ⌥ 𝟭𝟭:𝟭𝟰
⏰ Last Name: ⌥ 𝟭𝟭:𝟭𝟱
⏰ Last Name: ⌥ 𝟭𝟭:𝟭𝟲
⏰ Last Name: ⌥ 𝟭𝟭:𝟭𝟳
⏰ Last Name: ⌥ 𝟭𝟭:𝟭𝟴
⏰ Last Name: ⌥ 𝟭𝟭:𝟭𝟵
⏰ Last Name: ⌥ 𝟭𝟭:𝟮𝟬
⏰ Last Name: ⌥ 𝟭𝟭:𝟮𝟭
⏰ Last Name: ⌥ 𝟭𝟭:𝟮𝟮
⏰ Last Name: ⌥ 𝟭𝟭:𝟮𝟯
⏰ Last Name: ⌥ 𝟭𝟭:𝟮𝟰
⏰ Last Name: ⌥ 𝟭𝟭:𝟮𝟱
⏰ Last Name: ⌥ 𝟭𝟭:𝟮𝟲
⏰ Last Name: ⌥ 𝟭𝟭:𝟮𝟳
⏰ Last Name: ⌥ 𝟭𝟭:𝟮𝟴
⏰ Last Name: ⌥ 𝟭𝟭:𝟮𝟵
⏰ Last Name: ⌥ 𝟭𝟭:𝟯𝟬
⏰ Last Name: ⌥ 𝟭𝟭:𝟯𝟭
⏰ Last Name: ⌥ 𝟭𝟭:𝟯𝟮
⏰ Last Name: ⌥ 𝟭𝟭:𝟯𝟯
⏰ Last Name: ⌥ 𝟭𝟭:𝟯𝟰
⏰ Last Name: ⌥ 𝟭𝟭:𝟯𝟱
⏰ Last Name: ⌥ 𝟭𝟭:𝟯𝟲
⏰ Last Name: ⌥ 𝟭𝟭:𝟯𝟳
⏰ Last Name: ⌥ 𝟭𝟭:𝟯𝟴
⏰ Last Name: ⌥ 𝟭𝟭:𝟯𝟵
⏰ Last Name: ⌥ 𝟭𝟭:𝟰𝟬
⏰ Last Name: ⌥ 𝟭𝟭:𝟰𝟭
⏰ Last Name: ⌥ 𝟭𝟭:𝟰𝟮
⏰ Last Name: ⌥ 𝟭𝟭:𝟰𝟯
⏰ Last Name: ⌥ 𝟭𝟭:𝟰𝟰
⏰ Last Name: ⌥ 𝟭𝟭:𝟰𝟱
⏰ Last Name: ⌥ 𝟭𝟭:𝟰𝟲
⏰ Last Name: ⌥ 𝟭𝟭:𝟰𝟳
⏰ Last Name: ⌥ 𝟭𝟭:𝟰𝟴
⏰ Last Name: ⌥ 𝟭𝟭:𝟰𝟵
⏰ Last Name: ⌥ 𝟭𝟭:𝟱𝟬
⏰ Last Name: ⌥ 𝟭𝟭:𝟱𝟭
⏰ Last Name: ⌥ 𝟭𝟭:𝟱𝟮
⏰ Last Name: ⌥ 𝟭𝟭:𝟱𝟯
⏰ Last Name: ⌥ 𝟭𝟭:𝟱𝟰
⏰ Last Name: ⌥ 𝟭𝟭:𝟱𝟱
⏰ Last Name: ⌥ 𝟭𝟭:𝟱𝟲
⏰ Last Name: ⌥ 𝟭𝟭:𝟱𝟳
⏰ Last Name: ⌥ 𝟭𝟭:𝟱𝟴
⏰ Last Name: ⌥ 𝟭𝟭:𝟱𝟵
⏰ Last Name: ⌥ 𝟭𝟮:𝟬𝟬
⏰ Last Name: ⌥ 𝟭𝟮:𝟬𝟭
⏰ Last Name: ⌥ 𝟭𝟮:𝟬𝟮
⏰ Last Name: ⌥ 𝟭𝟮:𝟬𝟯
⏰ Last Name: ⌥ 𝟭𝟮:𝟬𝟰
⏰ Last Name: ⌥ 𝟭𝟮:𝟬𝟱
⏰ Last Name: ⌥ 𝟭𝟮:𝟬𝟲
⏰ Last Name: ⌥ 𝟭𝟮:𝟬𝟳
⏰ Last Name: ⌥ 𝟭𝟮:𝟬𝟴
⏰ Last Name: ⌥ 𝟭𝟮:𝟬𝟵
⏰ Last Name: ⌥ 𝟭𝟮:𝟭𝟬
⏰ Last Name: ⌥ 𝟭𝟮:𝟭𝟭
⏰ Last Name: ⌥ 𝟭𝟮:𝟭𝟮
⏰ Last Name: ⌥ 𝟭𝟮:𝟭𝟯
⏰ Last Name: ⌥ 𝟭𝟮:𝟭𝟰
⏰ Last Name: ⌥ 𝟭𝟮:𝟭𝟱
⏰ Last Name: ⌥ 𝟭𝟮:𝟭𝟲
⏰ Last Name: ⌥ 𝟭𝟮:𝟭𝟳
⏰ Last Name: ⌥ 𝟭𝟮:𝟭𝟴
⏰ Last Name: ⌥ 𝟭𝟮:𝟭𝟵
⏰ Last Name: ⌥ 𝟭𝟮:𝟮𝟬
⏰ Last Name: ⌥ 𝟭𝟮:𝟮𝟭
⏰ Last Name: ⌥ 𝟭𝟮:𝟮𝟮
⏰ Last Name: ⌥ 𝟭𝟮:𝟮𝟯
⏰ Last Name: ⌥ 𝟭𝟮:𝟮𝟰
⏰ Last Name: ⌥ 𝟭𝟮:𝟮𝟱
💜 Auto React [user:7433542559]: 😐
⏰ Last Name: ⌥ 𝟭𝟮:𝟮𝟲
⏰ Last Name: ⌥ 𝟭𝟮:𝟮𝟳
⏰ Last Name: ⌥ 𝟭𝟮:𝟮𝟴
⏰ Last Name: ⌥ 𝟭𝟮:𝟮𝟵
⏰ Last Name: ⌥ 𝟭𝟮:𝟯𝟬
⏰ Last Name: ⌥ 𝟭𝟮:𝟯𝟭
💜 Auto React [user:7433542559]: 😐
⏰ Last Name: ⌥ 𝟭𝟮:𝟯𝟮
💜 Auto React [user:7433542559]: 😐
⏰ Last Name: ⌥ 𝟭𝟮:𝟯𝟯
💜 Auto React [user:7433542559]: 😐
⏰ Last Name: ⌥ 𝟭𝟮:𝟯𝟰
⏰ Last Name: ⌥ 𝟭𝟮:𝟯𝟱
💜 Auto React [user:7433542559]: 😐
💜 Auto React [user:7433542559]: 😐
⏰ Last Name: ⌥ 𝟭𝟮:𝟯𝟲
💜 Auto React [user:7433542559]: 😐
⏰ Last Name: ⌥ 𝟭𝟮:𝟯𝟳
⏰ Last Name: ⌥ 𝟭𝟮:𝟯𝟴
⏰ Last Name: ⌥ 𝟭𝟮:𝟯𝟵
⏰ Last Name: ⌥ 𝟭𝟮:𝟰𝟬
💜 Auto React [user:7433542559]: 😐
⏰ Last Name: ⌥ 𝟭𝟮:𝟰𝟭
⏰ Last Name: ⌥ 𝟭𝟮:𝟰𝟮
⏰ Last Name: ⌥ 𝟭𝟮:𝟰𝟯
💜 Auto React [user:7433542559]: 😐
⏰ Last Name: ⌥ 𝟭𝟮:𝟰𝟰
💜 Auto React [user:7433542559]: 😐
⏰ Last Name: ⌥ 𝟭𝟮:𝟰𝟱
💜 Auto React [user:7433542559]: 😐
⏰ Last Name: ⌥ 𝟭𝟮:𝟰𝟲
⏰ Last Name: ⌥ 𝟭𝟮:𝟰𝟳
⏰ Last Name: ⌥ 𝟭𝟮:𝟰𝟴
⏰ Last Name: ⌥ 𝟭𝟮:𝟰𝟵
⏰ Last Name: ⌥ 𝟭𝟮:𝟱𝟬
⏰ Last Name: ⌥ 𝟭𝟮:𝟱𝟭
⏰ Last Name: ⌥ 𝟭𝟮:𝟱𝟮
⏰ Last Name: ⌥ 𝟭𝟮:𝟱𝟯
⏰ Last Name: ⌥ 𝟭𝟮:𝟱𝟰
⏰ Last Name: ⌥ 𝟭𝟮:𝟱𝟱
⏰ Last Name: ⌥ 𝟭𝟮:𝟱𝟲
⏰ Last Name: ⌥ 𝟭𝟮:𝟱𝟳
⏰ Last Name: ⌥ 𝟭𝟮:𝟱𝟴
💜 Auto React [user:7433542559]: 😐
💜 Auto React [user:7433542559]: 😐
⏰ Last Name: ⌥ 𝟭𝟮:𝟱𝟵
⏰ Last Name: ⌥ 𝟭𝟯:𝟬𝟬
⏰ Last Name: ⌥ 𝟭𝟯:𝟬𝟭
⏰ Last Name: ⌥ 𝟭𝟯:𝟬𝟮
💜 Auto React [user:7433542559]: 😐
⏰ Last Name: ⌥ 𝟭𝟯:𝟬𝟯
💜 Auto React [user:7433542559]: 😐
💜 Auto React [user:7433542559]: 😐
⏰ Last Name: ⌥ 𝟭𝟯:𝟬𝟰
💜 Auto React [user:7433542559]: 😐
⏰ Last Name: ⌥ 𝟭𝟯:𝟬𝟱
⏰ Last Name: ⌥ 𝟭𝟯:𝟬𝟲
⏰ Last Name: ⌥ 𝟭𝟯:𝟬𝟳
💜 Auto React [user:7433542559]: 😐
💜 Auto React [user:7433542559]: 😐
⏰ Last Name: ⌥ 𝟭𝟯:𝟬𝟴
💜 Auto React [user:7433542559]: 😐
💜 Auto React [user:7433542559]: 😐
⏰ Last Name: ⌥ 𝟭𝟯:𝟬𝟵
💜 Auto React [user:7433542559]: 😐
⏰ Last Name: ⌥ 𝟭𝟯:𝟭𝟬
💜 Auto React [user:7433542559]: 😐
⏰ Last Name: ⌥ 𝟭𝟯:𝟭𝟭
💜 Auto React [user:7433542559]: 😐
⏰ Last Name: ⌥ 𝟭𝟯:𝟭𝟮
⏰ Last Name: ⌥ 𝟭𝟯:𝟭𝟯
⏰ Last Name: ⌥ 𝟭𝟯:𝟭𝟰
⏰ Last Name: ⌥ 𝟭𝟯:𝟭𝟱
⏰ Last Name: ⌥ 𝟭𝟯:𝟭𝟲
⏰ Last Name: ⌥ 𝟭𝟯:𝟭𝟳
⏰ Last Name: ⌥ 𝟭𝟯:𝟭𝟴
⏰ Last Name: ⌥ 𝟭𝟯:𝟭𝟵
⏰ Last Name: ⌥ 𝟭𝟯:𝟮𝟬
⏰ Last Name: ⌥ 𝟭𝟯:𝟮𝟭
⏰ Last Name: ⌥ 𝟭𝟯:𝟮𝟮
⏰ Last Name: ⌥ 𝟭𝟯:𝟮𝟯
⏰ Last Name: ⌥ 𝟭𝟯:𝟮𝟰
⏰ Last Name: ⌥ 𝟭𝟯:𝟮𝟱
⏰ Last Name: ⌥ 𝟭𝟯:𝟮𝟲
⏰ Last Name: ⌥ 𝟭𝟯:𝟮𝟳
⏰ Last Name: ⌥ 𝟭𝟯:𝟮𝟴
⏰ Last Name: ⌥ 𝟭𝟯:𝟮𝟵
💜 Auto React [user:7433542559]: 😐
⏰ Last Name: ⌥ 𝟭𝟯:𝟯𝟬
⏰ Last Name: ⌥ 𝟭𝟯:𝟯𝟭
💜 Auto React [user:7433542559]: 😐
⏰ Last Name: ⌥ 𝟭𝟯:𝟯𝟮
💜 Auto React [user:7433542559]: 😐
💜 Auto React [user:7433542559]: 😐
⏰ Last Name: ⌥ 𝟭𝟯:𝟯𝟯
💜 Auto React [user:7433542559]: 😐
⏰ Last Name: ⌥ 𝟭𝟯:𝟯𝟰
💜 Auto React [user:7433542559]: 😐
💜 Auto React [user:7433542559]: 😐
⏰ Last Name: ⌥ 𝟭𝟯:𝟯𝟱
⏰ Last Name: ⌥ 𝟭𝟯:𝟯𝟲
💜 Auto React [user:7433542559]: 😐
⏰ Last Name: ⌥ 𝟭𝟯:𝟯𝟳
💜 Auto React [user:7433542559]: 😐
💜 Auto React [user:7433542559]: 😐
⏰ Last Name: ⌥ 𝟭𝟯:𝟯𝟴
💜 Auto React [user:7433542559]: 😐
⏰ Last Name: ⌥ 𝟭𝟯:𝟯𝟵
⏰ Last Name: ⌥ 𝟭𝟯:𝟰𝟬
⏰ Last Name: ⌥ 𝟭𝟯:𝟰𝟭
💜 Auto React [user:7433542559]: 😐
💜 Auto React [user:7433542559]: 😐
⏰ Last Name: ⌥ 𝟭𝟯:𝟰𝟮
⏰ Last Name: ⌥ 𝟭𝟯:𝟰𝟯
⏰ Last Name: ⌥ 𝟭𝟯:𝟰𝟰
⏰ Last Name: ⌥ 𝟭𝟯:𝟰𝟱
💜 Auto React [user:7433542559]: 😐
💜 Auto React [user:7433542559]: 😐
💜 Auto React [user:7433542559]: 😐
⏰ Last Name: ⌥ 𝟭𝟯:𝟰𝟲
⏰ Last Name: ⌥ 𝟭𝟯:𝟰𝟳
💜 Auto React [user:7433542559]: 😐
💜 Auto React [user:7433542559]: 😐
💜 Auto React [user:7433542559]: 😐
⏰ Last Name: ⌥ 𝟭𝟯:𝟰𝟴
⏰ Last Name: ⌥ 𝟭𝟯:𝟰𝟵
💜 Auto React [user:7433542559]: 😐
💜 Auto React [user:7433542559]: 😐
⏰ Last Name: ⌥ 𝟭𝟯:𝟱𝟬
⏰ Last Name: ⌥ 𝟭𝟯:𝟱𝟭
⏰ Last Name: ⌥ 𝟭𝟯:𝟱𝟮
⏰ Last Name: ⌥ 𝟭𝟯:𝟱𝟯
⏰ Last Name: ⌥ 𝟭𝟯:𝟱𝟰
⏰ Last Name: ⌥ 𝟭𝟯:𝟱𝟱
⏰ Last Name: ⌥ 𝟭𝟯:𝟱𝟲
⏰ Last Name: ⌥ 𝟭𝟯:𝟱𝟳
⏰ Last Name: ⌥ 𝟭𝟯:𝟱𝟴
⏰ Last Name: ⌥ 𝟭𝟯:𝟱𝟵
⏰ Last Name: ⌥ 𝟭𝟰:𝟬𝟬
⏰ Last Name: ⌥ 𝟭𝟰:𝟬𝟭
⏰ Last Name: ⌥ 𝟭𝟰:𝟬𝟮
⏰ Last Name: ⌥ 𝟭𝟰:𝟬𝟯
⏰ Last Name: ⌥ 𝟭𝟰:𝟬𝟰
⏰ Last Name: ⌥ 𝟭𝟰:𝟬𝟱
⏰ Last Name: ⌥ 𝟭𝟰:𝟬𝟲
⏰ Last Name: ⌥ 𝟭𝟰:𝟬𝟳
⏰ Last Name: ⌥ 𝟭𝟰:𝟬𝟴
⏰ Last Name: ⌥ 𝟭𝟰:𝟬𝟵
⏰ Last Name: ⌥ 𝟭𝟰:𝟭𝟬
⏰ Last Name: ⌥ 𝟭𝟰:𝟭𝟭
⏰ Last Name: ⌥ 𝟭𝟰:𝟭𝟮
⏰ Last Name: ⌥ 𝟭𝟰:𝟭𝟯
⏰ Last Name: ⌥ 𝟭𝟰:𝟭𝟰
⏰ Last Name: ⌥ 𝟭𝟰:𝟭𝟱
⏰ Last Name: ⌥ 𝟭𝟰:𝟭𝟲
⏰ Last Name: ⌥ 𝟭𝟰:𝟭𝟳
⏰ Last Name: ⌥ 𝟭𝟰:𝟭𝟴
⏰ Last Name: ⌥ 𝟭𝟰:𝟭𝟵
⏰ Last Name: ⌥ 𝟭𝟰:𝟮𝟬
⏰ Last Name: ⌥ 𝟭𝟰:𝟮𝟭
⏰ Last Name: ⌥ 𝟭𝟰:𝟮𝟮
⏰ Last Name: ⌥ 𝟭𝟰:𝟮𝟯
⏰ Last Name: ⌥ 𝟭𝟰:𝟮𝟰
⏰ Last Name: ⌥ 𝟭𝟰:𝟮𝟱
⏰ Last Name: ⌥ 𝟭𝟰:𝟮𝟲
⏰ Last Name: ⌥ 𝟭𝟰:𝟮𝟳
⏰ Last Name: ⌥ 𝟭𝟰:𝟮𝟴
⏰ Last Name: ⌥ 𝟭𝟰:𝟮𝟵
⏰ Last Name: ⌥ 𝟭𝟰:𝟯𝟬
⏰ Last Name: ⌥ 𝟭𝟰:𝟯𝟭
⏰ Last Name: ⌥ 𝟭𝟰:𝟯𝟮
⏰ Last Name: ⌥ 𝟭𝟰:𝟯𝟯
⏰ Last Name: ⌥ 𝟭𝟰:𝟯𝟰
⏰ Last Name: ⌥ 𝟭𝟰:𝟯𝟱
⏰ Last Name: ⌥ 𝟭𝟰:𝟯𝟲
⏰ Last Name: ⌥ 𝟭𝟰:𝟯𝟳
⏰ Last Name: ⌥ 𝟭𝟰:𝟯𝟴
⏰ Last Name: ⌥ 𝟭𝟰:𝟯𝟵
⏰ Last Name: ⌥ 𝟭𝟰:𝟰𝟬
⏰ Last Name: ⌥ 𝟭𝟰:𝟰𝟭
⏰ Last Name: ⌥ 𝟭𝟰:𝟰𝟮
⏰ Last Name: ⌥ 𝟭𝟰:𝟰𝟯
⏰ Last Name: ⌥ 𝟭𝟰:𝟰𝟰
⏰ Last Name: ⌥ 𝟭𝟰:𝟰𝟱
⏰ Last Name: ⌥ 𝟭𝟰:𝟰𝟲
⏰ Last Name: ⌥ 𝟭𝟰:𝟰𝟳
⏰ Last Name: ⌥ 𝟭𝟰:𝟰𝟴
⏰ Last Name: ⌥ 𝟭𝟰:𝟰𝟵
⏰ Last Name: ⌥ 𝟭𝟰:𝟱𝟬
⏰ Last Name: ⌥ 𝟭𝟰:𝟱𝟭
⏰ Last Name: ⌥ 𝟭𝟰:𝟱𝟮
⏰ Last Name: ⌥ 𝟭𝟰:𝟱𝟯
⏰ Last Name: ⌥ 𝟭𝟰:𝟱𝟰
⏰ Last Name: ⌥ 𝟭𝟰:𝟱𝟱
⏰ Last Name: ⌥ 𝟭𝟰:𝟱𝟲
⏰ Last Name: ⌥ 𝟭𝟰:𝟱𝟳
💜 Auto React [user:7433542559]: 😐
⏰ Last Name: ⌥ 𝟭𝟰:𝟱𝟴
⏰ Last Name: ⌥ 𝟭𝟰:𝟱𝟵
⏰ Last Name: ⌥ 𝟭𝟱:𝟬𝟬
⏰ Last Name: ⌥ 𝟭𝟱:𝟬𝟭
⏰ Last Name: ⌥ 𝟭𝟱:𝟬𝟮
⏰ Last Name: ⌥ 𝟭𝟱:𝟬𝟯
⏰ Last Name: ⌥ 𝟭𝟱:𝟬𝟰
⏰ Last Name: ⌥ 𝟭𝟱:𝟬𝟱
⏰ Last Name: ⌥ 𝟭𝟱:𝟬𝟲
⏰ Last Name: ⌥ 𝟭𝟱:𝟬𝟳
⏰ Last Name: ⌥ 𝟭𝟱:𝟬𝟴
⏰ Last Name: ⌥ 𝟭𝟱:𝟬𝟵
⏰ Last Name: ⌥ 𝟭𝟱:𝟭𝟬
💜 Auto React [user:7433542559]: 😐
⏰ Last Name: ⌥ 𝟭𝟱:𝟭𝟭
⏰ Last Name: ⌥ 𝟭𝟱:𝟭𝟮
💜 Auto React [user:7433542559]: 😐
💜 Auto React [user:8944291576]: 🍌
💜 Auto React [user:8944291576]: 🍌
⏰ Last Name: ⌥ 𝟭𝟱:𝟭𝟯
💜 Auto React [user:7433542559]: 😐
💜 Auto React [user:8944291576]: 🍌
💜 Auto React [user:8944291576]: 🍌
💜 Auto React [user:7433542559]: 😐
⏰ Last Name: ⌥ 𝟭𝟱:𝟭𝟰
⏰ Last Name: ⌥ 𝟭𝟱:𝟭𝟱
⏰ Last Name: ⌥ 𝟭𝟱:𝟭𝟲
💜 Auto React [user:7433542559]: 😐
💜 Auto React [user:8944291576]: 🍌
💜 Auto React [user:8944291576]: 🍌
⏰ Last Name: ⌥ 𝟭𝟱:𝟭𝟳
💜 Auto React [user:7433542559]: 😐
💜 Auto React [user:7433542559]: 😐
💜 Auto React [user:7433542559]: 😐
💜 Auto React [user:7433542559]: 😐
💜 Auto React [user:7433542559]: 😐
⏰ Last Name: ⌥ 𝟭𝟱:𝟭𝟴
💜 Auto React [user:8944291576]: 🍌
💜 Auto React [user:7433542559]: 😐
⏰ Last Name: ⌥ 𝟭𝟱:𝟭𝟵
💜 Auto React [user:7433542559]: 😐
💜 Auto React [user:8944291576]: 🍌
💜 Auto React [user:8944291576]: 🍌
💜 Auto React [user:7433542559]: 😐
💜 Auto React [user:8944291576]: 🍌
💜 Auto React [user:8944291576]: 🍌
⏰ Last Name: ⌥ 𝟭𝟱:𝟮𝟬
⏰ Last Name: ⌥ 𝟭𝟱:𝟮𝟭
💜 Auto React [user:7433542559]: 😐
⏰ Last Name: ⌥ 𝟭𝟱:𝟮𝟮
⏰ Last Name: ⌥ 𝟭𝟱:𝟮𝟯
⏰ Last Name: ⌥ 𝟭𝟱:𝟮𝟰
⏰ Last Name: ⌥ 𝟭𝟱:𝟮𝟱
⏰ Last Name: ⌥ 𝟭𝟱:𝟮𝟲
⏰ Last Name: ⌥ 𝟭𝟱:𝟮𝟳
⏰ Last Name: ⌥ 𝟭𝟱:𝟮𝟴
⏰ Last Name: ⌥ 𝟭𝟱:𝟮𝟵
⏰ Last Name: ⌥ 𝟭𝟱:𝟯𝟬
⏰ Last Name: ⌥ 𝟭𝟱:𝟯𝟭
⏰ Last Name: ⌥ 𝟭𝟱:𝟯𝟮
⏰ Last Name: ⌥ 𝟭𝟱:𝟯𝟯
⏰ Last Name: ⌥ 𝟭𝟱:𝟯𝟰
⏰ Last Name: ⌥ 𝟭𝟱:𝟯𝟱
⏰ Last Name: ⌥ 𝟭𝟱:𝟯𝟲
⏰ Last Name: ⌥ 𝟭𝟱:𝟯𝟳
⏰ Last Name: ⌥ 𝟭𝟱:𝟯𝟴
💜 Auto React [user:6990187779]: ❤️
💜 Auto React [user:6990187779]: ❤️
⏰ Last Name: ⌥ 𝟭𝟱:𝟯𝟵
⏰ Last Name: ⌥ 𝟭𝟱:𝟰𝟬
⏰ Last Name: ⌥ 𝟭𝟱:𝟰𝟭
⏰ Last Name: ⌥ 𝟭𝟱:𝟰𝟮
⏰ Last Name: ⌥ 𝟭𝟱:𝟰𝟯
⏰ Last Name: ⌥ 𝟭𝟱:𝟰𝟰
⏰ Last Name: ⌥ 𝟭𝟱:𝟰𝟱
⏰ Last Name: ⌥ 𝟭𝟱:𝟰𝟲
⏰ Last Name: ⌥ 𝟭𝟱:𝟰𝟳
⏰ Last Name: ⌥ 𝟭𝟱:𝟰𝟴
⏰ Last Name: ⌥ 𝟭𝟱:𝟰𝟵
⏰ Last Name: ⌥ 𝟭𝟱:𝟱𝟬
⏰ Last Name: ⌥ 𝟭𝟱:𝟱𝟭
⏰ Last Name: ⌥ 𝟭𝟱:𝟱𝟮
⏰ Last Name: ⌥ 𝟭𝟱:𝟱𝟯
⏰ Last Name: ⌥ 𝟭𝟱:𝟱𝟰
⏰ Last Name: ⌥ 𝟭𝟱:𝟱𝟱
⏰ Last Name: ⌥ 𝟭𝟱:𝟱𝟲
⏰ Last Name: ⌥ 𝟭𝟱:𝟱𝟳
⏰ Last Name: ⌥ 𝟭𝟱:𝟱𝟴
⏰ Last Name: ⌥ 𝟭𝟱:𝟱𝟵
⏰ Last Name: ⌥ 𝟭𝟲:𝟬𝟬
⏰ Last Name: ⌥ 𝟭𝟲:𝟬𝟭
⏰ Last Name: ⌥ 𝟭𝟲:𝟬𝟮
💜 Auto React [user:7433542559]: 😐
⏰ Last Name: ⌥ 𝟭𝟲:𝟬𝟯
⏰ Last Name: ⌥ 𝟭𝟲:𝟬𝟰
⏰ Last Name: ⌥ 𝟭𝟲:𝟬𝟱
💜 Auto React [user:7433542559]: 😐
⏰ Last Name: ⌥ 𝟭𝟲:𝟬𝟲
⏰ Last Name: ⌥ 𝟭𝟲:𝟬𝟳
💜 Auto React [user:7433542559]: 😐
⏰ Last Name: ⌥ 𝟭𝟲:𝟬𝟴
⏰ Last Name: ⌥ 𝟭𝟲:𝟬𝟵
⏰ Last Name: ⌥ 𝟭𝟲:𝟭𝟬
⏰ Last Name: ⌥ 𝟭𝟲:𝟭𝟭
⏰ Last Name: ⌥ 𝟭𝟲:𝟭𝟮
⏰ Last Name: ⌥ 𝟭𝟲:𝟭𝟯
💜 Auto React [user:8944291576]: 🍌
⏰ Last Name: ⌥ 𝟭𝟲:𝟭𝟰
⏰ Last Name: ⌥ 𝟭𝟲:𝟭𝟱
⏰ Last Name: ⌥ 𝟭𝟲:𝟭𝟲
⏰ Last Name: ⌥ 𝟭𝟲:𝟭𝟳
⏰ Last Name: ⌥ 𝟭𝟲:𝟭𝟴
⏰ Last Name: ⌥ 𝟭𝟲:𝟭𝟵
⏰ Last Name: ⌥ 𝟭𝟲:𝟮𝟬
⏰ Last Name: ⌥ 𝟭𝟲:𝟮𝟭
⏰ Last Name: ⌥ 𝟭𝟲:𝟮𝟮
⏰ Last Name: ⌥ 𝟭𝟲:𝟮𝟯
⏰ Last Name: ⌥ 𝟭𝟲:𝟮𝟰
⏰ Last Name: ⌥ 𝟭𝟲:𝟮𝟱
⏰ Last Name: ⌥ 𝟭𝟲:𝟮𝟲
⏰ Last Name: ⌥ 𝟭𝟲:𝟮𝟳
⏰ Last Name: ⌥ 𝟭𝟲:𝟮𝟴
💜 Auto React [user:6990187779]: ❤️
⏰ Last Name: ⌥ 𝟭𝟲:𝟮𝟵
⏰ Last Name: ⌥ 𝟭𝟲:𝟯𝟬
⏰ Last Name: ⌥ 𝟭𝟲:𝟯𝟭
⏰ Last Name: ⌥ 𝟭𝟲:𝟯𝟮
⏰ Last Name: ⌥ 𝟭𝟲:𝟯𝟯
⏰ Last Name: ⌥ 𝟭𝟲:𝟯𝟰
⏰ Last Name: ⌥ 𝟭𝟲:𝟯𝟱
⏰ Last Name: ⌥ 𝟭𝟲:𝟯𝟲
⏰ Last Name: ⌥ 𝟭𝟲:𝟯𝟳
⏰ Last Name: ⌥ 𝟭𝟲:𝟯𝟴
⏰ Last Name: ⌥ 𝟭𝟲:𝟯𝟵
⏰ Last Name: ⌥ 𝟭𝟲:𝟰𝟬
⏰ Last Name: ⌥ 𝟭𝟲:𝟰𝟭
⏰ Last Name: ⌥ 𝟭𝟲:𝟰𝟮
⏰ Last Name: ⌥ 𝟭𝟲:𝟰𝟯
⏰ Last Name: ⌥ 𝟭𝟲:𝟰𝟰
⏰ Last Name: ⌥ 𝟭𝟲:𝟰𝟱
⏰ Last Name: ⌥ 𝟭𝟲:𝟰𝟲
⏰ Last Name: ⌥ 𝟭𝟲:𝟰𝟳
⏰ Last Name: ⌥ 𝟭𝟲:𝟰𝟴
⏰ Last Name: ⌥ 𝟭𝟲:𝟰𝟵
⏰ Last Name: ⌥ 𝟭𝟲:𝟱𝟬
⏰ Last Name: ⌥ 𝟭𝟲:𝟱𝟭
⏰ Last Name: ⌥ 𝟭𝟲:𝟱𝟮
⏰ Last Name: ⌥ 𝟭𝟲:𝟱𝟯
⏰ Last Name: ⌥ 𝟭𝟲:𝟱𝟰
⏰ Last Name: ⌥ 𝟭𝟲:𝟱𝟱
⏰ Last Name: ⌥ 𝟭𝟲:𝟱𝟲
⏰ Last Name: ⌥ 𝟭𝟲:𝟱𝟳
⏰ Last Name: ⌥ 𝟭𝟲:𝟱𝟴
⏰ Last Name: ⌥ 𝟭𝟲:𝟱𝟵
⏰ Last Name: ⌥ 𝟭𝟳:𝟬𝟬
⏰ Last Name: ⌥ 𝟭𝟳:𝟬𝟭
⏰ Last Name: ⌥ 𝟭𝟳:𝟬𝟮
⏰ Last Name: ⌥ 𝟭𝟳:𝟬𝟯
⏰ Last Name: ⌥ 𝟭𝟳:𝟬𝟰
⏰ Last Name: ⌥ 𝟭𝟳:𝟬𝟱
⏰ Last Name: ⌥ 𝟭𝟳:𝟬𝟲
⏰ Last Name: ⌥ 𝟭𝟳:𝟬𝟳
⏰ Last Name: ⌥ 𝟭𝟳:𝟬𝟴
⏰ Last Name: ⌥ 𝟭𝟳:𝟬𝟵
⏰ Last Name: ⌥ 𝟭𝟳:𝟭𝟬
⏰ Last Name: ⌥ 𝟭𝟳:𝟭𝟭
⏰ Last Name: ⌥ 𝟭𝟳:𝟭𝟮
⏰ Last Name: ⌥ 𝟭𝟳:𝟭𝟯
⏰ Last Name: ⌥ 𝟭𝟳:𝟭𝟰
⏰ Last Name: ⌥ 𝟭𝟳:𝟭𝟱
⏰ Last Name: ⌥ 𝟭𝟳:𝟭𝟲
⏰ Last Name: ⌥ 𝟭𝟳:𝟭𝟳
⏰ Last Name: ⌥ 𝟭𝟳:𝟭𝟴
⏰ Last Name: ⌥ 𝟭𝟳:𝟭𝟵
⏰ Last Name: ⌥ 𝟭𝟳:𝟮𝟬
⏰ Last Name: ⌥ 𝟭𝟳:𝟮𝟭
⏰ Last Name: ⌥ 𝟭𝟳:𝟮𝟮
⏰ Last Name: ⌥ 𝟭𝟳:𝟮𝟯
⏰ Last Name: ⌥ 𝟭𝟳:𝟮𝟰
⏰ Last Name: ⌥ 𝟭𝟳:𝟮𝟱
⏰ Last Name: ⌥ 𝟭𝟳:𝟮𝟲
⏰ Last Name: ⌥ 𝟭𝟳:𝟮𝟳
⏰ Last Name: ⌥ 𝟭𝟳:𝟮𝟴
⏰ Last Name: ⌥ 𝟭𝟳:𝟮𝟵
⏰ Last Name: ⌥ 𝟭𝟳:𝟯𝟬
⏰ Last Name: ⌥ 𝟭𝟳:𝟯𝟭
⏰ Last Name: ⌥ 𝟭𝟳:𝟯𝟮
⏰ Last Name: ⌥ 𝟭𝟳:𝟯𝟯
⏰ Last Name: ⌥ 𝟭𝟳:𝟯𝟰
⏰ Last Name: ⌥ 𝟭𝟳:𝟯𝟱
⏰ Last Name: ⌥ 𝟭𝟳:𝟯𝟲
⏰ Last Name: ⌥ 𝟭𝟳:𝟯𝟳
⏰ Last Name: ⌥ 𝟭𝟳:𝟯𝟴
⏰ Last Name: ⌥ 𝟭𝟳:𝟯𝟵
⏰ Last Name: ⌥ 𝟭𝟳:𝟰𝟬
⏰ Last Name: ⌥ 𝟭𝟳:𝟰𝟭
💜 Auto React [user:6990187779]: ❤️
💜 Auto React [user:8944291576]: 🍌
💜 Auto React [user:6990187779]: ❤️
⏰ Last Name: ⌥ 𝟭𝟳:𝟰𝟮
💜 Auto React [user:6990187779]: ❤️
💜 Auto React [user:8944291576]: 🍌
💜 Auto React [user:6990187779]: ❤️
⏰ Last Name: ⌥ 𝟭𝟳:𝟰𝟯
💜 Auto React [user:8944291576]: 🍌
⏰ Last Name: ⌥ 𝟭𝟳:𝟰𝟰
⏰ Last Name: ⌥ 𝟭𝟳:𝟰𝟱
⏰ Last Name: ⌥ 𝟭𝟳:𝟰𝟲
⏰ Last Name: ⌥ 𝟭𝟳:𝟰𝟳
⏰ Last Name: ⌥ 𝟭𝟳:𝟰𝟴
💜 Auto React [user:6990187779]: ❤️
⏰ Last Name: ⌥ 𝟭𝟳:𝟰𝟵
⏰ Last Name: ⌥ 𝟭𝟳:𝟱𝟬
⏰ Last Name: ⌥ 𝟭𝟳:𝟱𝟭
⏰ Last Name: ⌥ 𝟭𝟳:𝟱𝟮
⏰ Last Name: ⌥ 𝟭𝟳:𝟱𝟯
⏰ Last Name: ⌥ 𝟭𝟳:𝟱𝟰
⏰ Last Name: ⌥ 𝟭𝟳:𝟱𝟱
⏰ Last Name: ⌥ 𝟭𝟳:𝟱𝟲
⏰ Last Name: ⌥ 𝟭𝟳:𝟱𝟳
⏰ Last Name: ⌥ 𝟭𝟳:𝟱𝟴
⏰ Last Name: ⌥ 𝟭𝟳:𝟱𝟵
⏰ Last Name: ⌥ 𝟭𝟴:𝟬𝟬
⏰ Last Name: ⌥ 𝟭𝟴:𝟬𝟭
⏰ Last Name: ⌥ 𝟭𝟴:𝟬𝟮
⏰ Last Name: ⌥ 𝟭𝟴:𝟬𝟯
⏰ Last Name: ⌥ 𝟭𝟴:𝟬𝟰
⏰ Last Name: ⌥ 𝟭𝟴:𝟬𝟱
⏰ Last Name: ⌥ 𝟭𝟴:𝟬𝟲
⏰ Last Name: ⌥ 𝟭𝟴:𝟬𝟳
⏰ Last Name: ⌥ 𝟭𝟴:𝟬𝟴
⏰ Last Name: ⌥ 𝟭𝟴:𝟬𝟵
⏰ Last Name: ⌥ 𝟭𝟴:𝟭𝟬
⏰ Last Name: ⌥ 𝟭𝟴:𝟭𝟭
⏰ Last Name: ⌥ 𝟭𝟴:𝟭𝟮
⏰ Last Name: ⌥ 𝟭𝟴:𝟭𝟯
⏰ Last Name: ⌥ 𝟭𝟴:𝟭𝟰
⏰ Last Name: ⌥ 𝟭𝟴:𝟭𝟱
⏰ Last Name: ⌥ 𝟭𝟴:𝟭𝟲
⏰ Last Name: ⌥ 𝟭𝟴:𝟭𝟳
⏰ Last Name: ⌥ 𝟭𝟴:𝟭𝟴
⏰ Last Name: ⌥ 𝟭𝟴:𝟭𝟵
⏰ Last Name: ⌥ 𝟭𝟴:𝟮𝟬
⏰ Last Name: ⌥ 𝟭𝟴:𝟮𝟭
⏰ Last Name: ⌥ 𝟭𝟴:𝟮𝟮
⏰ Last Name: ⌥ 𝟭𝟴:𝟮𝟯
⏰ Last Name: ⌥ 𝟭𝟴:𝟮𝟰
⏰ Last Name: ⌥ 𝟭𝟴:𝟮𝟱
⏰ Last Name: ⌥ 𝟭𝟴:𝟮𝟲
⏰ Last Name: ⌥ 𝟭𝟴:𝟮𝟳
⏰ Last Name: ⌥ 𝟭𝟴:𝟮𝟴
⏰ Last Name: ⌥ 𝟭𝟴:𝟮𝟵
⏰ Last Name: ⌥ 𝟭𝟴:𝟯𝟬
⏰ Last Name: ⌥ 𝟭𝟴:𝟯𝟭
⏰ Last Name: ⌥ 𝟭𝟴:𝟯𝟮
💜 Auto React [user:6990187779]: ❤️
⏰ Last Name: ⌥ 𝟭𝟴:𝟯𝟯
⏰ Last Name: ⌥ 𝟭𝟴:𝟯𝟰
⏰ Last Name: ⌥ 𝟭𝟴:𝟯𝟱
⏰ Last Name: ⌥ 𝟭𝟴:𝟯𝟲
⏰ Last Name: ⌥ 𝟭𝟴:𝟯𝟳
⏰ Last Name: ⌥ 𝟭𝟴:𝟯𝟴
⏰ Last Name: ⌥ 𝟭𝟴:𝟯𝟵
⏰ Last Name: ⌥ 𝟭𝟴:𝟰𝟬
⏰ Last Name: ⌥ 𝟭𝟴:𝟰𝟭
⏰ Last Name: ⌥ 𝟭𝟴:𝟰𝟮
⏰ Last Name: ⌥ 𝟭𝟴:𝟰𝟯
⏰ Last Name: ⌥ 𝟭𝟴:𝟰𝟰
⏰ Last Name: ⌥ 𝟭𝟴:𝟰𝟱
⏰ Last Name: ⌥ 𝟭𝟴:𝟰𝟲
⏰ Last Name: ⌥ 𝟭𝟴:𝟰𝟳
⏰ Last Name: ⌥ 𝟭𝟴:𝟰𝟴
⏰ Last Name: ⌥ 𝟭𝟴:𝟰𝟵
⏰ Last Name: ⌥ 𝟭𝟴:𝟱𝟬
⏰ Last Name: ⌥ 𝟭𝟴:𝟱𝟭
⏰ Last Name: ⌥ 𝟭𝟴:𝟱𝟮
⏰ Last Name: ⌥ 𝟭𝟴:𝟱𝟯
⏰ Last Name: ⌥ 𝟭𝟴:𝟱𝟰
⏰ Last Name: ⌥ 𝟭𝟴:𝟱𝟱
⏰ Last Name: ⌥ 𝟭𝟴:𝟱𝟲
⏰ Last Name: ⌥ 𝟭𝟴:𝟱𝟳
⏰ Last Name: ⌥ 𝟭𝟴:𝟱𝟴
⏰ Last Name: ⌥ 𝟭𝟴:𝟱𝟵
⏰ Last Name: ⌥ 𝟭𝟵:𝟬𝟬
⏰ Last Name: ⌥ 𝟭𝟵:𝟬𝟭
⏰ Last Name: ⌥ 𝟭𝟵:𝟬𝟮
⏰ Last Name: ⌥ 𝟭𝟵:𝟬𝟯
⏰ Last Name: ⌥ 𝟭𝟵:𝟬𝟰
⏰ Last Name: ⌥ 𝟭𝟵:𝟬𝟱
⏰ Last Name: ⌥ 𝟭𝟵:𝟬𝟲
⏰ Last Name: ⌥ 𝟭𝟵:𝟬𝟳
⏰ Last Name: ⌥ 𝟭𝟵:𝟬𝟴
⏰ Last Name: ⌥ 𝟭𝟵:𝟬𝟵
⏰ Last Name: ⌥ 𝟭𝟵:𝟭𝟬
⏰ Last Name: ⌥ 𝟭𝟵:𝟭𝟭
⏰ Last Name: ⌥ 𝟭𝟵:𝟭𝟮
⏰ Last Name: ⌥ 𝟭𝟵:𝟭𝟯
⏰ Last Name: ⌥ 𝟭𝟵:𝟭𝟰
⏰ Last Name: ⌥ 𝟭𝟵:𝟭𝟱
⏰ Last Name: ⌥ 𝟭𝟵:𝟭𝟲
⏰ Last Name: ⌥ 𝟭𝟵:𝟭𝟳
⏰ Last Name: ⌥ 𝟭𝟵:𝟭𝟴
⏰ Last Name: ⌥ 𝟭𝟵:𝟭𝟵
⏰ Last Name: ⌥ 𝟭𝟵:𝟮𝟬
⏰ Last Name: ⌥ 𝟭𝟵:𝟮𝟭
⏰ Last Name: ⌥ 𝟭𝟵:𝟮𝟮
⏰ Last Name: ⌥ 𝟭𝟵:𝟮𝟯
⏰ Last Name: ⌥ 𝟭𝟵:𝟮𝟰
⏰ Last Name: ⌥ 𝟭𝟵:𝟮𝟱
⏰ Last Name: ⌥ 𝟭𝟵:𝟮𝟲
⏰ Last Name: ⌥ 𝟭𝟵:𝟮𝟳
⏰ Last Name: ⌥ 𝟭𝟵:𝟮𝟴
⏰ Last Name: ⌥ 𝟭𝟵:𝟮𝟵
⏰ Last Name: ⌥ 𝟭𝟵:𝟯𝟬
⏰ Last Name: ⌥ 𝟭𝟵:𝟯𝟭
⏰ Last Name: ⌥ 𝟭𝟵:𝟯𝟮
⏰ Last Name: ⌥ 𝟭𝟵:𝟯𝟯
⏰ Last Name: ⌥ 𝟭𝟵:𝟯𝟰
⏰ Last Name: ⌥ 𝟭𝟵:𝟯𝟱
⏰ Last Name: ⌥ 𝟭𝟵:𝟯𝟲
⏰ Last Name: ⌥ 𝟭𝟵:𝟯𝟳
⏰ Last Name: ⌥ 𝟭𝟵:𝟯𝟴
⏰ Last Name: ⌥ 𝟭𝟵:𝟯𝟵
⏰ Last Name: ⌥ 𝟭𝟵:𝟰𝟬
⏰ Last Name: ⌥ 𝟭𝟵:𝟰𝟭
⏰ Last Name: ⌥ 𝟭𝟵:𝟰𝟮
⏰ Last Name: ⌥ 𝟭𝟵:𝟰𝟯
⏰ Last Name: ⌥ 𝟭𝟵:𝟰𝟰
⏰ Last Name: ⌥ 𝟭𝟵:𝟰𝟱
⏰ Last Name: ⌥ 𝟭𝟵:𝟰𝟲
⏰ Last Name: ⌥ 𝟭𝟵:𝟰𝟳
⏰ Last Name: ⌥ 𝟭𝟵:𝟰𝟴
⏰ Last Name: ⌥ 𝟭𝟵:𝟰𝟵
⏰ Last Name: ⌥ 𝟭𝟵:𝟱𝟬
⏰ Last Name: ⌥ 𝟭𝟵:𝟱𝟭
⏰ Last Name: ⌥ 𝟭𝟵:𝟱𝟮
⏰ Last Name: ⌥ 𝟭𝟵:𝟱𝟯
⏰ Last Name: ⌥ 𝟭𝟵:𝟱𝟰
⏰ Last Name: ⌥ 𝟭𝟵:𝟱𝟱
⏰ Last Name: ⌥ 𝟭𝟵:𝟱𝟲
⏰ Last Name: ⌥ 𝟭𝟵:𝟱𝟳
⏰ Last Name: ⌥ 𝟭𝟵:𝟱𝟴
⏰ Last Name: ⌥ 𝟭𝟵:𝟱𝟵
⏰ Last Name: ⌥ 𝟮𝟬:𝟬𝟬
💜 Auto React [user:7433542559]: 😐
⏰ Last Name: ⌥ 𝟮𝟬:𝟬𝟭
⏰ Last Name: ⌥ 𝟮𝟬:𝟬𝟮
⏰ Last Name: ⌥ 𝟮𝟬:𝟬𝟯
💜 Auto React [user:7433542559]: 😐
⏰ Last Name: ⌥ 𝟮𝟬:𝟬𝟰
💜 Auto React [user:7433542559]: 😐
⏰ Last Name: ⌥ 𝟮𝟬:𝟬𝟱
💜 Auto React [user:7433542559]: 😐
💜 Auto React [user:7433542559]: 😐
⏰ Last Name: ⌥ 𝟮𝟬:𝟬𝟲
💜 Auto React [user:7433542559]: 😐
💜 Auto React [user:7433542559]: 😐
⏰ Last Name: ⌥ 𝟮𝟬:𝟬𝟳
💜 Auto React [user:7433542559]: 😐
💜 Auto React [user:7433542559]: 😐
⏰ Last Name: ⌥ 𝟮𝟬:𝟬𝟴
⏰ Last Name: ⌥ 𝟮𝟬:𝟬𝟵
💜 Auto React [user:7433542559]: 😐
⏰ Last Name: ⌥ 𝟮𝟬:𝟭𝟬
💜 Auto React [user:7433542559]: 😐
💜 Auto React [user:7433542559]: 😐
⏰ Last Name: ⌥ 𝟮𝟬:𝟭𝟭
⏰ Last Name: ⌥ 𝟮𝟬:𝟭𝟮
⏰ Last Name: ⌥ 𝟮𝟬:𝟭𝟯
⏰ Last Name: ⌥ 𝟮𝟬:𝟭𝟰
⏰ Last Name: ⌥ 𝟮𝟬:𝟭𝟱
⏰ Last Name: ⌥ 𝟮𝟬:𝟭𝟲
💜 Auto React [user:7433542559]: 😐
💜 Auto React [user:7433542559]: 😐
⏰ Last Name: ⌥ 𝟮𝟬:𝟭𝟳
⏰ Last Name: ⌥ 𝟮𝟬:𝟭𝟴
⏰ Last Name: ⌥ 𝟮𝟬:𝟭𝟵
⏰ Last Name: ⌥ 𝟮𝟬:𝟮𝟬
⏰ Last Name: ⌥ 𝟮𝟬:𝟮𝟭
⏰ Last Name: ⌥ 𝟮𝟬:𝟮𝟮
⏰ Last Name: ⌥ 𝟮𝟬:𝟮𝟯
⏰ Last Name: ⌥ 𝟮𝟬:𝟮𝟰
⏰ Last Name: ⌥ 𝟮𝟬:𝟮𝟱
⏰ Last Name: ⌥ 𝟮𝟬:𝟮𝟲
⏰ Last Name: ⌥ 𝟮𝟬:𝟮𝟳
⏰ Last Name: ⌥ 𝟮𝟬:𝟮𝟴
⏰ Last Name: ⌥ 𝟮𝟬:𝟮𝟵
⏰ Last Name: ⌥ 𝟮𝟬:𝟯𝟬
⏰ Last Name: ⌥ 𝟮𝟬:𝟯𝟭
⏰ Last Name: ⌥ 𝟮𝟬:𝟯𝟮
⏰ Last Name: ⌥ 𝟮𝟬:𝟯𝟯
⏰ Last Name: ⌥ 𝟮𝟬:𝟯𝟰
⏰ Last Name: ⌥ 𝟮𝟬:𝟯𝟱
⏰ Last Name: ⌥ 𝟮𝟬:𝟯𝟲
⏰ Last Name: ⌥ 𝟮𝟬:𝟯𝟳
⏰ Last Name: ⌥ 𝟮𝟬:𝟯𝟴
⏰ Last Name: ⌥ 𝟮𝟬:𝟯𝟵
⏰ Last Name: ⌥ 𝟮𝟬:𝟰𝟬
⏰ Last Name: ⌥ 𝟮𝟬:𝟰𝟭
⏰ Last Name: ⌥ 𝟮𝟬:𝟰𝟮
⏰ Last Name: ⌥ 𝟮𝟬:𝟰𝟯
⏰ Last Name: ⌥ 𝟮𝟬:𝟰𝟰
⏰ Last Name: ⌥ 𝟮𝟬:𝟰𝟱
⏰ Last Name: ⌥ 𝟮𝟬:𝟰𝟲
⏰ Last Name: ⌥ 𝟮𝟬:𝟰𝟳
⏰ Last Name: ⌥ 𝟮𝟬:𝟰𝟴
⏰ Last Name: ⌥ 𝟮𝟬:𝟰𝟵
⏰ Last Name: ⌥ 𝟮𝟬:𝟱𝟬
⏰ Last Name: ⌥ 𝟮𝟬:𝟱𝟭
⏰ Last Name: ⌥ 𝟮𝟬:𝟱𝟮
⏰ Last Name: ⌥ 𝟮𝟬:𝟱𝟯
⏰ Last Name: ⌥ 𝟮𝟬:𝟱𝟰
💜 Auto React [user:7433542559]: 😐
⏰ Last Name: ⌥ 𝟮𝟬:𝟱𝟱
💜 Auto React [user:7433542559]: 😐
💜 Auto React [user:7433542559]: 😐
💜 Auto React [user:7433542559]: 😐
⏰ Last Name: ⌥ 𝟮𝟬:𝟱𝟲
⏰ Last Name: ⌥ 𝟮𝟬:𝟱𝟳
⏰ Last Name: ⌥ 𝟮𝟬:𝟱𝟴
💜 Auto React [user:7433542559]: 😐
⏰ Last Name: ⌥ 𝟮𝟬:𝟱𝟵
💜 Auto React [user:7433542559]: 😐
💜 Auto React [user:7433542559]: 😐
💜 Auto React [user:7433542559]: 😐
💜 Auto React [user:7433542559]: 😐
⏰ Last Name: ⌥ 𝟮𝟭:𝟬𝟬
💜 Auto React [user:7433542559]: 😐
⏰ Last Name: ⌥ 𝟮𝟭:𝟬𝟭
⏰ Last Name: ⌥ 𝟮𝟭:𝟬𝟮
⏰ Last Name: ⌥ 𝟮𝟭:𝟬𝟯
💜 Auto React [user:7433542559]: 😐
⏰ Last Name: ⌥ 𝟮𝟭:𝟬𝟰
⏰ Last Name: ⌥ 𝟮𝟭:𝟬𝟱
⏰ Last Name: ⌥ 𝟮𝟭:𝟬𝟲
⏰ Last Name: ⌥ 𝟮𝟭:𝟬𝟳
⏰ Last Name: ⌥ 𝟮𝟭:𝟬𝟴
⏰ Last Name: ⌥ 𝟮𝟭:𝟬𝟵
⏰ Last Name: ⌥ 𝟮𝟭:𝟭𝟬
⏰ Last Name: ⌥ 𝟮𝟭:𝟭𝟭
💜 Auto React [user:7433542559]: 😐
💜 Auto React [user:7433542559]: 😐
⏰ Last Name: ⌥ 𝟮𝟭:𝟭𝟮
💜 Auto React [user:7433542559]: 😐
⏰ Last Name: ⌥ 𝟮𝟭:𝟭𝟯
⏰ Last Name: ⌥ 𝟮𝟭:𝟭𝟰
⏰ Last Name: ⌥ 𝟮𝟭:𝟭𝟱
⏰ Last Name: ⌥ 𝟮𝟭:𝟭𝟲
💜 Auto React [user:6990187779]: ❤️
⏰ Last Name: ⌥ 𝟮𝟭:𝟭𝟳
⏰ Last Name: ⌥ 𝟮𝟭:𝟭𝟴
⏰ Last Name: ⌥ 𝟮𝟭:𝟭𝟵
⏰ Last Name: ⌥ 𝟮𝟭:𝟮𝟬
⏰ Last Name: ⌥ 𝟮𝟭:𝟮𝟭
⏰ Last Name: ⌥ 𝟮𝟭:𝟮𝟮
⏰ Last Name: ⌥ 𝟮𝟭:𝟮𝟯
⏰ Last Name: ⌥ 𝟮𝟭:𝟮𝟰
💜 Auto React [user:6990187779]: ❤️
💜 Auto React [user:6990187779]: ❤️
⏰ Last Name: ⌥ 𝟮𝟭:𝟮𝟱
⏰ Last Name: ⌥ 𝟮𝟭:𝟮𝟲
⏰ Last Name: ⌥ 𝟮𝟭:𝟮𝟳
⏰ Last Name: ⌥ 𝟮𝟭:𝟮𝟴
⏰ Last Name: ⌥ 𝟮𝟭:𝟮𝟵
⏰ Last Name: ⌥ 𝟮𝟭:𝟯𝟬
💜 Auto React [user:7433542559]: 😐
💜 Auto React [user:7433542559]: 😐
⏰ Last Name: ⌥ 𝟮𝟭:𝟯𝟭
💜 Auto React [user:7433542559]: 😐
⏰ Last Name: ⌥ 𝟮𝟭:𝟯𝟮
⏰ Last Name: ⌥ 𝟮𝟭:𝟯𝟯
⏰ Last Name: ⌥ 𝟮𝟭:𝟯𝟰
⏰ Last Name: ⌥ 𝟮𝟭:𝟯𝟱
⏰ Last Name: ⌥ 𝟮𝟭:𝟯𝟲
⏰ Last Name: ⌥ 𝟮𝟭:𝟯𝟳
⏰ Last Name: ⌥ 𝟮𝟭:𝟯𝟴
⏰ Last Name: ⌥ 𝟮𝟭:𝟯𝟵
💜 Auto React [user:6990187779]: ❤️
💜 Auto React [user:6990187779]: ❤️
⏰ Last Name: ⌥ 𝟮𝟭:𝟰𝟬
⏰ Last Name: ⌥ 𝟮𝟭:𝟰𝟭
⏰ Last Name: ⌥ 𝟮𝟭:𝟰𝟮
⏰ Last Name: ⌥ 𝟮𝟭:𝟰𝟯
⏰ Last Name: ⌥ 𝟮𝟭:𝟰𝟰
⏰ Last Name: ⌥ 𝟮𝟭:𝟰𝟱
💜 Auto React [user:6990187779]: ❤️
💜 Auto React [user:6990187779]: ❤️
⏰ Last Name: ⌥ 𝟮𝟭:𝟰𝟲
⏰ Last Name: ⌥ 𝟮𝟭:𝟰𝟳
⏰ Last Name: ⌥ 𝟮𝟭:𝟰𝟴
💜 Auto React [user:6990187779]: ❤️
💜 Auto React [user:6990187779]: ❤️
💜 Auto React [user:7433542559]: 😐
⏰ Last Name: ⌥ 𝟮𝟭:𝟰𝟵
💜 Auto React [user:7433542559]: 😐
💜 Auto React [user:6990187779]: ❤️
💜 Auto React [user:7433542559]: 😐
💜 Auto React [user:7433542559]: 😐
⏰ Last Name: ⌥ 𝟮𝟭:𝟱𝟬
💜 Auto React [user:7433542559]: 😐
💜 Auto React [user:6990187779]: ❤️
⏰ Last Name: ⌥ 𝟮𝟭:𝟱𝟭
💜 Auto React [user:6990187779]: ❤️
💜 Auto React [user:7433542559]: 😐
💜 Auto React [user:6990187779]: ❤️
💜 Auto React [user:7433542559]: 😐
💜 Auto React [user:7433542559]: 😐
💜 Auto React [user:7433542559]: 😐
⏰ Last Name: ⌥ 𝟮𝟭:𝟱𝟮
💜 Auto React [user:7433542559]: 😐
💜 Auto React [user:6990187779]: ❤️
💜 Auto React [user:7433542559]: 😐
⏰ Last Name: ⌥ 𝟮𝟭:𝟱𝟯
💜 Auto React [user:7433542559]: 😐
⏰ Last Name: ⌥ 𝟮𝟭:𝟱𝟰
💜 Auto React [user:6990187779]: ❤️
💜 Auto React [user:6990187779]: ❤️
💜 Auto React [user:6990187779]: ❤️
💜 Auto React [user:7433542559]: 😐
💜 Auto React [user:7433542559]: 😐
⏰ Last Name: ⌥ 𝟮𝟭:𝟱𝟱
💜 Auto React [user:6990187779]: ❤️
💜 Auto React [user:6990187779]: ❤️
💜 Auto React [user:6990187779]: ❤️
⏰ Last Name: ⌥ 𝟮𝟭:𝟱𝟲
⏰ Last Name: ⌥ 𝟮𝟭:𝟱𝟳
💜 Auto React [user:7433542559]: 😐
💜 Auto React [user:7433542559]: 😐
⏰ Last Name: ⌥ 𝟮𝟭:𝟱𝟴
⏰ Last Name: ⌥ 𝟮𝟭:𝟱𝟵
⏰ Last Name: ⌥ 𝟮𝟮:𝟬𝟬
⏰ Last Name: ⌥ 𝟮𝟮:𝟬𝟭
⏰ Last Name: ⌥ 𝟮𝟮:𝟬𝟮
⏰ Last Name: ⌥ 𝟮𝟮:𝟬𝟯
⏰ Last Name: ⌥ 𝟮𝟮:𝟬𝟰
💜 Auto React [user:6990187779]: ❤️
💜 Auto React [user:7433542559]: 😐
💜 Auto React [user:6990187779]: ❤️
⏰ Last Name: ⌥ 𝟮𝟮:𝟬𝟱
💜 Auto React [user:7433542559]: 😐
💜 Auto React [user:7433542559]: 😐
💜 Auto React [user:6990187779]: ❤️
💜 Auto React [user:6990187779]: ❤️
💜 Auto React [user:6990187779]: ❤️
⏰ Last Name: ⌥ 𝟮𝟮:𝟬𝟲
💜 Auto React [user:6990187779]: ❤️
💜 Auto React [user:7433542559]: 😐
💜 Auto React [user:7433542559]: 😐
⏰ Last Name: ⌥ 𝟮𝟮:𝟬𝟳
💜 Auto React [user:7433542559]: 😐
💜 Auto React [user:6990187779]: ❤️
⏰ Last Name: ⌥ 𝟮𝟮:𝟬𝟴
⏰ Last Name: ⌥ 𝟮𝟮:𝟬𝟵
⏰ Last Name: ⌥ 𝟮𝟮:𝟭𝟬
⏰ Last Name: ⌥ 𝟮𝟮:𝟭𝟭
⏰ Last Name: ⌥ 𝟮𝟮:𝟭𝟮
⏰ Last Name: ⌥ 𝟮𝟮:𝟭𝟯
⏰ Last Name: ⌥ 𝟮𝟮:𝟭𝟰
⏰ Last Name: ⌥ 𝟮𝟮:𝟭𝟱
⏰ Last Name: ⌥ 𝟮𝟮:𝟭𝟲
⏰ Last Name: ⌥ 𝟮𝟮:𝟭𝟳
💜 Auto React [user:7433542559]: 😐
💜 Auto React [user:7433542559]: 😐
⏰ Last Name: ⌥ 𝟮𝟮:𝟭𝟴
💜 Auto React [user:7433542559]: 😐
⏰ Last Name: ⌥ 𝟮𝟮:𝟭𝟵
💜 Auto React [user:7433542559]: 😐
💜 Auto React [user:7433542559]: 😐
💜 Auto React [user:7433542559]: 😐
💜 Auto React [user:7433542559]: 😐
💜 Auto React [user:7433542559]: 😐
💜 Auto React [user:7433542559]: 😐
⏰ Last Name: ⌥ 𝟮𝟮:𝟮𝟬
💜 Auto React [user:6990187779]: ❤️
💜 Auto React [user:6990187779]: ❤️
⏰ Last Name: ⌥ 𝟮𝟮:𝟮𝟭
💜 Auto React [user:6990187779]: ❤️
💜 Auto React [user:7433542559]: 😐
💜 Auto React [user:7433542559]: 😐
💜 Auto React [user:6990187779]: ❤️
💜 Auto React [user:6990187779]: ❤️
💜 Auto React [user:7433542559]: 😐
💜 Auto React [user:6990187779]: ❤️
💜 Auto React [user:7433542559]: 😐
⏰ Last Name: ⌥ 𝟮𝟮:𝟮𝟮
💜 Auto React [user:6990187779]: ❤️
💜 Auto React [user:7433542559]: 😐
💜 Auto React [user:6990187779]: ❤️
💜 Auto React [user:6990187779]: ❤️
💜 Auto React [user:6990187779]: ❤️
💜 Auto React [user:7433542559]: 😐
💜 Auto React [user:7433542559]: 😐
💜 Auto React [user:6990187779]: ❤️
💜 Auto React [user:6990187779]: ❤️
⏰ Last Name: ⌥ 𝟮𝟮:𝟮𝟯
💜 Auto React [user:6990187779]: ❤️
💜 Auto React [user:7433542559]: 😐
💜 Auto React [user:7433542559]: 😐
⏰ Last Name: ⌥ 𝟮𝟮:𝟮𝟰
💜 Auto React [user:6990187779]: ❤️
💜 Auto React [user:7433542559]: 😐
💜 Auto React [user:7433542559]: 😐
💜 Auto React [user:7433542559]: 😐
⏰ Last Name: ⌥ 𝟮𝟮:𝟮𝟱
💜 Auto React [user:6990187779]: ❤️
💜 Auto React [user:6990187779]: ❤️
⏰ Last Name: ⌥ 𝟮𝟮:𝟮𝟲
⏰ Last Name: ⌥ 𝟮𝟮:𝟮𝟳
💜 Auto React [user:6990187779]: ❤️
💜 Auto React [user:6990187779]: ❤️
💜 Auto React [user:6990187779]: ❤️
💜 Auto React [user:6990187779]: ❤️
💜 Auto React [user:7433542559]: 😐
💜 Auto React [user:6990187779]: ❤️
⏰ Last Name: ⌥ 𝟮𝟮:𝟮𝟴
💜 Auto React [user:6990187779]: ❤️
⏰ Last Name: ⌥ 𝟮𝟮:𝟮𝟵
💜 Auto React [user:6990187779]: ❤️
💜 Auto React [user:6990187779]: ❤️
⏰ Last Name: ⌥ 𝟮𝟮:𝟯𝟬
💜 Auto React [user:6990187779]: ❤️
💜 Auto React [user:6990187779]: ❤️
⏰ Last Name: ⌥ 𝟮𝟮:𝟯𝟭
💜 Auto React [user:6990187779]: ❤️
⏰ Last Name: ⌥ 𝟮𝟮:𝟯𝟮
💜 Auto React [user:6990187779]: ❤️
💜 Auto React [user:6990187779]: ❤️
💜 Auto React [user:6990187779]: ❤️
💜 Auto React [user:6990187779]: ❤️
⏰ Last Name: ⌥ 𝟮𝟮:𝟯𝟯
💜 Auto React [user:6990187779]: ❤️
⏰ Last Name: ⌥ 𝟮𝟮:𝟯𝟰
💜 Auto React [user:6990187779]: ❤️
⏰ Last Name: ⌥ 𝟮𝟮:𝟯𝟱
⏰ Last Name: ⌥ 𝟮𝟮:𝟯𝟲
💜 Auto React [user:6990187779]: ❤️
⏰ Last Name: ⌥ 𝟮𝟮:𝟯𝟳
💜 Auto React [user:6990187779]: ❤️
⏰ Last Name: ⌥ 𝟮𝟮:𝟯𝟴
💜 Auto React [user:6990187779]: ❤️
💜 Auto React [user:7433542559]: 😐
💜 Auto React [user:6990187779]: ❤️
⏰ Last Name: ⌥ 𝟮𝟮:𝟯𝟵
💜 Auto React [user:6990187779]: ❤️
💜 Auto React [user:6990187779]: ❤️
⏰ Last Name: ⌥ 𝟮𝟮:𝟰𝟬
💜 Auto React [user:6990187779]: ❤️
💜 Auto React [user:6990187779]: ❤️
⏰ Last Name: ⌥ 𝟮𝟮:𝟰𝟭
💜 Auto React [user:6990187779]: ❤️
💜 Auto React [user:6990187779]: ❤️
💜 Auto React [user:6990187779]: ❤️
⏰ Last Name: ⌥ 𝟮𝟮:𝟰𝟮
⏰ Last Name: ⌥ 𝟮𝟮:𝟰𝟯
💜 Auto React [user:6990187779]: ❤️
⏰ Last Name: ⌥ 𝟮𝟮:𝟰𝟰
⏰ Last Name: ⌥ 𝟮𝟮:𝟰𝟱
💜 Auto React [user:6990187779]: ❤️
💜 Auto React [user:6990187779]: ❤️
💜 Auto React [user:6990187779]: ❤️
⏰ Last Name: ⌥ 𝟮𝟮:𝟰𝟲
💜 Auto React [user:7433542559]: 😐
💜 Auto React [user:6990187779]: ❤️
💜 Auto React [user:7433542559]: 😐
⏰ Last Name: ⌥ 𝟮𝟮:𝟰𝟳
💜 Auto React [user:7433542559]: 😐
💜 Auto React [user:7433542559]: 😐
⏰ Last Name: ⌥ 𝟮𝟮:𝟰𝟴
💜 Auto React [user:6990187779]: ❤️
⏰ Last Name: ⌥ 𝟮𝟮:𝟰𝟵
💜 Auto React [user:7433542559]: 😐
⏰ Last Name: ⌥ 𝟮𝟮:𝟱𝟬
💜 Auto React [user:6990187779]: ❤️
💜 Auto React [user:6990187779]: ❤️
💜 Auto React [user:6990187779]: ❤️
⏰ Last Name: ⌥ 𝟮𝟮:𝟱𝟭
💜 Auto React [user:6990187779]: ❤️
⏰ Last Name: ⌥ 𝟮𝟮:𝟱𝟮
💜 Auto React [user:6990187779]: ❤️
💜 Auto React [user:6990187779]: ❤️
💜 Auto React [user:8944291576]: 🍌
💜 Auto React [user:6990187779]: ❤️
💜 Auto React [user:8944291576]: 🍌
💜 Auto React [user:6990187779]: ❤️
💜 Auto React [user:8944291576]: 🍌
⏰ Last Name: ⌥ 𝟮𝟮:𝟱𝟯
💜 Auto React [user:6990187779]: ❤️
💜 Auto React [user:8944291576]: 🍌
💜 Auto React [user:6990187779]: ❤️
💜 Auto React [user:8944291576]: 🍌
💜 Auto React [user:6990187779]: ❤️
💜 Auto React [user:6990187779]: ❤️
💜 Auto React [user:6990187779]: ❤️
💜 Auto React [user:6990187779]: ❤️
💜 Auto React [user:6990187779]: ❤️
💜 Auto React [user:8944291576]: 🍌
💜 Auto React [user:6990187779]: ❤️
💜 Auto React [user:8944291576]: 🍌
⏰ Last Name: ⌥ 𝟮𝟮:𝟱𝟰
💜 Auto React [user:6990187779]: ❤️
⏰ Last Name: ⌥ 𝟮𝟮:𝟱𝟱
⏰ Last Name: ⌥ 𝟮𝟮:𝟱𝟲
💜 Auto React [user:6990187779]: ❤️
⏰ Last Name: ⌥ 𝟮𝟮:𝟱𝟳
💜 Auto React [user:6990187779]: ❤️
💜 Auto React [user:6990187779]: ❤️
⏰ Last Name: ⌥ 𝟮𝟮:𝟱𝟴
💜 Auto React [user:6990187779]: ❤️
⏰ Last Name: ⌥ 𝟮𝟮:𝟱𝟵
💜 Auto React [user:6990187779]: ❤️
⏰ Last Name: ⌥ 𝟮𝟯:𝟬𝟬
⏰ Last Name: ⌥ 𝟮𝟯:𝟬𝟭
⏰ Last Name: ⌥ 𝟮𝟯:𝟬𝟮
⏰ Last Name: ⌥ 𝟮𝟯:𝟬𝟯
⏰ Last Name: ⌥ 𝟮𝟯:𝟬𝟰
⏰ Last Name: ⌥ 𝟮𝟯:𝟬𝟱
⏰ Last Name: ⌥ 𝟮𝟯:𝟬𝟲
🎨 اعمال افکت‌های ['mention'] روی: گذاشتم
✅ افکت اعمال شد
🎨 اعمال افکت‌های ['mention'] روی: دیر گفتی
✅ افکت اعمال شد
⏰ Last Name: ⌥ 𝟮𝟯:𝟬𝟳
🎨 اعمال افکت‌های ['mention'] روی: لالایی نیست آهنگ لابی یه بازیه
✅ افکت اعمال شد
⏰ Last Name: ⌥ 𝟮𝟯:𝟬𝟴
⏰ Last Name: ⌥ 𝟮𝟯:𝟬𝟵
🎨 اعمال افکت‌های ['mention'] روی: مگه میشه نشنیده باشی اینو
✅ افکت اعمال شد
🎨 اعمال افکت‌های ['mention'] روی: آهنگ فصل زمستونشه
✅ افکت اعمال شد
⏰ Last Name: ⌥ 𝟮𝟯:𝟭𝟬
🎨 اعمال افکت‌های ['mention'] روی: جیمیل نداشت اولا
✅ افکت اعمال شد
🎨 اعمال افکت‌های ['mention'] روی: حتی سرور خاور میانه نداشت
✅ افکت اعمال شد
⏰ Last Name: ⌥ 𝟮𝟯:𝟭𝟭
⏰ Last Name: ⌥ 𝟮𝟯:𝟭𝟮
🎨 اعمال افکت‌های ['mention'] روی: آره
دوتا سیود داشت ، فیسبوک ، vk
✅ افکت اعمال شد
⏰ Last Name: ⌥ 𝟮𝟯:𝟭𝟯
🎨 اعمال افکت‌های ['mention'] روی: یه اسنایپ رو یادته ، دید در شب داشت
✅ افکت اعمال شد
🎨 اعمال افکت‌های ['mention'] روی: مود زامبی قبلا داشت
✅ افکت اعمال شد
⏰ Last Name: ⌥ 𝟮𝟯:𝟭𝟰
🎨 اعمال افکت‌های ['mention'] روی: الان بیشتر اینارو نداره دیگه
✅ افکت اعمال شد
⏰ Last Name: ⌥ 𝟮𝟯:𝟭𝟱
🎨 اعمال افکت‌های ['mention'] روی: بهترین کار
✅ افکت اعمال شد
⏰ Last Name: ⌥ 𝟮𝟯:𝟭𝟲
🎨 اعمال افکت‌های ['mention'] روی: خیلی فرق کرده
✅ افکت اعمال شد
🎨 اعمال افکت‌های ['mention'] روی: بیشتر ۹۰ ندیدم
✅ افکت اعمال شد
⏰ Last Name: ⌥ 𝟮𝟯:𝟭𝟳
⏰ Last Name: ⌥ 𝟮𝟯:𝟭𝟴
⏰ Last Name: ⌥ 𝟮𝟯:𝟭𝟵
🎨 اعمال افکت‌های ['mention'] روی: لول خود بازی ، محدودیت نداره
✅ افکت اعمال شد
⏰ Last Name: ⌥ 𝟮𝟯:𝟮𝟬
🎨 اعمال افکت‌های ['mention'] روی: ولی هرچقدر لوله میره بالا باید قشنگ جر بخوری ته بر
✅ افکت اعمال شد
⏰ Last Name: ⌥ 𝟮𝟯:𝟮𝟭
💜 Auto React [user:7433542559]: 😐
💜 Auto React [user:8944291576]: 🍌
💜 Auto React [user:8944291576]: 🍌
💜 Auto React [user:7433542559]: 😐
💜 Auto React [user:7433542559]: 😐
💜 Auto React [user:8944291576]: 🍌
💜 Auto React [user:8944291576]: 🍌
💜 Auto React [user:7433542559]: 😐
💜 Auto React [user:8944291576]: 🍌
💜 Auto React [user:8944291576]: 🍌
🎨 اعمال افکت‌های ['mention'] روی: بسوووووز نتونستی
✅ افکت اعمال شد
⏰ Last Name: ⌥ 𝟮𝟯:𝟮𝟮
🎨 اعمال افکت‌های ['mention'] روی: 😂😂😂
پیروز شدی ولی به چه قیمتی
✅ افکت اعمال شد
🎨 اعمال افکت‌های ['mention'] روی: دقت کردی بزنی رو متن پیامم میری پیوی
✅ افکت اعمال شد
⏰ Last Name: ⌥ 𝟮𝟯:𝟮𝟯
💜 Auto React [user:7433542559]: 😐
⏰ Last Name: ⌥ 𝟮𝟯:𝟮𝟰
💜 Auto React [user:7433542559]: 😐
⏰ Last Name: ⌥ 𝟮𝟯:𝟮𝟱
🎨 اعمال افکت‌های ['mention'] روی: گذاشتم ، هرکی دستش خورد هم بیو رو بخونه ، هم آهنگ 
✅ افکت اعمال شد
🎨 اعمال افکت‌های ['mention'] روی: بلد نیستم فوتبال
✅ افکت اعمال شد
💜 Auto React [user:7433542559]: 😐
⏰ Last Name: ⌥ 𝟮𝟯:𝟮𝟲
🎨 اعمال افکت‌های ['mention'] روی: شیشه میکشی؟
✅ افکت اعمال شد
💜 Auto React [user:7433542559]: 😐
⏰ Last Name: ⌥ 𝟮𝟯:𝟮𝟳
💜 Auto React [user:7433542559]: 😐
⏰ Last Name: ⌥ 𝟮𝟯:𝟮𝟴
🎨 اعمال افکت‌های ['mention'] روی: خیلی کارا کردم 
ولی هیچ وقت جغ چشمام و ضعیف نکرد
✅ افکت اعمال شد
🎨 اعمال افکت‌های ['mention'] روی: عالیه
✅ افکت اعمال شد
⏰ Last Name: ⌥ 𝟮𝟯:𝟮𝟵
⏰ Last Name: ⌥ 𝟮𝟯:𝟯𝟬
⏰ Last Name: ⌥ 𝟮𝟯:𝟯𝟭
🎨 اعمال افکت‌های ['mention'] روی: واقعا همینه
✅ افکت اعمال شد
🎨 اعمال افکت‌های ['mention'] روی: یه جا به مشکل بخوره
✅ افکت اعمال شد
🎨 اعمال افکت‌های ['mention'] روی: پولو پس نمیدن
✅ افکت اعمال شد
⏰ Last Name: ⌥ 𝟮𝟯:𝟯𝟮
🎨 اعمال افکت‌های ['mention'] روی: کلا همینه
✅ افکت اعمال شد
⏰ Last Name: ⌥ 𝟮𝟯:𝟯𝟯
🎨 اعمال افکت‌های ['mention'] روی: بریم بخوابیم
✅ افکت اعمال شد
🎨 اعمال افکت‌های ['mention'] روی: 🛡 پنل مدیریت پیشرفته

بخش مورد نظر را انتخاب کنید:
⚠️ خطا در ویرایش: The action must be performed through an inline bot callback (caused by EditMessageRequest)
⏰ Last Name: ⌥ 𝟮𝟯:𝟯𝟰
⏰ Last Name: ⌥ 𝟮𝟯:𝟯𝟱
⏰ Last Name: ⌥ 𝟮𝟯:𝟯𝟲
⏰ Last Name: ⌥ 𝟮𝟯:𝟯𝟳
⏰ Last Name: ⌥ 𝟮𝟯:𝟯𝟴
⏰ Last Name: ⌥ 𝟮𝟯:𝟯𝟵
⏰ Last Name: ⌥ 𝟮𝟯:𝟰𝟬
⏰ Last Name: ⌥ 𝟮𝟯:𝟰𝟭
⏰ Last Name: ⌥ 𝟮𝟯:𝟰𝟮
⏰ Last Name: ⌥ 𝟮𝟯:𝟰𝟯
⏰ Last Name: ⌥ 𝟮𝟯:𝟰𝟰
⏰ Last Name: ⌥ 𝟮𝟯:𝟰𝟱
⏰ Last Name: ⌥ 𝟮𝟯:𝟰𝟲
⏰ Last Name: ⌥ 𝟮𝟯:𝟰𝟳
⏰ Last Name: ⌥ 𝟮𝟯:𝟰𝟴
💜 Auto React [user:6990187779]: ❤️
⏰ Last Name: ⌥ 𝟮𝟯:𝟰𝟵
⏰ Last Name: ⌥ 𝟮𝟯:𝟱𝟬
⏰ Last Name: ⌥ 𝟮𝟯:𝟱𝟭
⏰ Last Name: ⌥ 𝟮𝟯:𝟱𝟮
⏰ Last Name: ⌥ 𝟮𝟯:𝟱𝟯
⏰ Last Name: ⌥ 𝟮𝟯:𝟱𝟰
⏰ Last Name: ⌥ 𝟮𝟯:𝟱𝟱
⏰ Last Name: ⌥ 𝟮𝟯:𝟱𝟲
⏰ Last Name: ⌥ 𝟮𝟯:𝟱𝟳
⏰ Last Name: ⌥ 𝟮𝟯:𝟱𝟴
⏰ Last Name: ⌥ 𝟮𝟯:𝟱𝟵
⏰ Last Name: ⌥ 𝟬𝟬:𝟬𝟬
⏰ Last Name: ⌥ 𝟬𝟬:𝟬𝟭
⏰ Last Name: ⌥ 𝟬𝟬:𝟬𝟮
⏰ Last Name: ⌥ 𝟬𝟬:𝟬𝟯
⏰ Last Name: ⌥ 𝟬𝟬:𝟬𝟰
⏰ Last Name: ⌥ 𝟬𝟬:𝟬𝟱
⏰ Last Name: ⌥ 𝟬𝟬:𝟬𝟲
⏰ Last Name: ⌥ 𝟬𝟬:𝟬𝟳
⏰ Last Name: ⌥ 𝟬𝟬:𝟬𝟴
⏰ Last Name: ⌥ 𝟬𝟬:𝟬𝟵
⏰ Last Name: ⌥ 𝟬𝟬:𝟭𝟬
⏰ Last Name: ⌥ 𝟬𝟬:𝟭𝟭
⏰ Last Name: ⌥ 𝟬𝟬:𝟭𝟮
⏰ Last Name: ⌥ 𝟬𝟬:𝟭𝟯
⏰ Last Name: ⌥ 𝟬𝟬:𝟭𝟰
⏰ Last Name: ⌥ 𝟬𝟬:𝟭𝟱
⏰ Last Name: ⌥ 𝟬𝟬:𝟭𝟲
⏰ Last Name: ⌥ 𝟬𝟬:𝟭𝟳
⏰ Last Name: ⌥ 𝟬𝟬:𝟭𝟴
⏰ Last Name: ⌥ 𝟬𝟬:𝟭𝟵
⏰ Last Name: ⌥ 𝟬𝟬:𝟮𝟬
⏰ Last Name: ⌥ 𝟬𝟬:𝟮𝟭
⏰ Last Name: ⌥ 𝟬𝟬:𝟮𝟮
⏰ Last Name: ⌥ 𝟬𝟬:𝟮𝟯
⏰ Last Name: ⌥ 𝟬𝟬:𝟮𝟰
⏰ Last Name: ⌥ 𝟬𝟬:𝟮𝟱
⏰ Last Name: ⌥ 𝟬𝟬:𝟮𝟲
⏰ Last Name: ⌥ 𝟬𝟬:𝟮𝟳
⏰ Last Name: ⌥ 𝟬𝟬:𝟮𝟴
⏰ Last Name: ⌥ 𝟬𝟬:𝟮𝟵
⏰ Last Name: ⌥ 𝟬𝟬:𝟯𝟬
⏰ Last Name: ⌥ 𝟬𝟬:𝟯𝟭
⏰ Last Name: ⌥ 𝟬𝟬:𝟯𝟮
⏰ Last Name: ⌥ 𝟬𝟬:𝟯𝟯
⏰ Last Name: ⌥ 𝟬𝟬:𝟯𝟰
⏰ Last Name: ⌥ 𝟬𝟬:𝟯𝟱
⏰ Last Name: ⌥ 𝟬𝟬:𝟯𝟲
⏰ Last Name: ⌥ 𝟬𝟬:𝟯𝟳
⏰ Last Name: ⌥ 𝟬𝟬:𝟯𝟴
⏰ Last Name: ⌥ 𝟬𝟬:𝟯𝟵
⏰ Last Name: ⌥ 𝟬𝟬:𝟰𝟬
⏰ Last Name: ⌥ 𝟬𝟬:𝟰𝟭
⏰ Last Name: ⌥ 𝟬𝟬:𝟰𝟮
⏰ Last Name: ⌥ 𝟬𝟬:𝟰𝟯
⏰ Last Name: ⌥ 𝟬𝟬:𝟰𝟰
⏰ Last Name: ⌥ 𝟬𝟬:𝟰𝟱
⏰ Last Name: ⌥ 𝟬𝟬:𝟰𝟲
⏰ Last Name: ⌥ 𝟬𝟬:𝟰𝟳
⏰ Last Name: ⌥ 𝟬𝟬:𝟰𝟴
⏰ Last Name: ⌥ 𝟬𝟬:𝟰𝟵
⏰ Last Name: ⌥ 𝟬𝟬:𝟱𝟬
⏰ Last Name: ⌥ 𝟬𝟬:𝟱𝟭
⏰ Last Name: ⌥ 𝟬𝟬:𝟱𝟮
⏰ Last Name: ⌥ 𝟬𝟬:𝟱𝟯
⏰ Last Name: ⌥ 𝟬𝟬:𝟱𝟰
⏰ Last Name: ⌥ 𝟬𝟬:𝟱𝟱
⏰ Last Name: ⌥ 𝟬𝟬:𝟱𝟲
⏰ Last Name: ⌥ 𝟬𝟬:𝟱𝟳
⏰ Last Name: ⌥ 𝟬𝟬:𝟱𝟴
⏰ Last Name: ⌥ 𝟬𝟬:𝟱𝟵
⏰ Last Name: ⌥ 𝟬𝟭:𝟬𝟬
⏰ Last Name: ⌥ 𝟬𝟭:𝟬𝟭
⏰ Last Name: ⌥ 𝟬𝟭:𝟬𝟮
⏰ Last Name: ⌥ 𝟬𝟭:𝟬𝟯
⏰ Last Name: ⌥ 𝟬𝟭:𝟬𝟰
⏰ Last Name: ⌥ 𝟬𝟭:𝟬𝟱
⏰ Last Name: ⌥ 𝟬𝟭:𝟬𝟲
⏰ Last Name: ⌥ 𝟬𝟭:𝟬𝟳
⏰ Last Name: ⌥ 𝟬𝟭:𝟬𝟴
⏰ Last Name: ⌥ 𝟬𝟭:𝟬𝟵
⏰ Last Name: ⌥ 𝟬𝟭:𝟭𝟬
⏰ Last Name: ⌥ 𝟬𝟭:𝟭𝟭
⏰ Last Name: ⌥ 𝟬𝟭:𝟭𝟮
⏰ Last Name: ⌥ 𝟬𝟭:𝟭𝟯
⏰ Last Name: ⌥ 𝟬𝟭:𝟭𝟰
⏰ Last Name: ⌥ 𝟬𝟭:𝟭𝟱
⏰ Last Name: ⌥ 𝟬𝟭:𝟭𝟲
⏰ Last Name: ⌥ 𝟬𝟭:𝟭𝟳
⏰ Last Name: ⌥ 𝟬𝟭:𝟭𝟴
⏰ Last Name: ⌥ 𝟬𝟭:𝟭𝟵
⏰ Last Name: ⌥ 𝟬𝟭:𝟮𝟬
⏰ Last Name: ⌥ 𝟬𝟭:𝟮𝟭
⏰ Last Name: ⌥ 𝟬𝟭:𝟮𝟮
⏰ Last Name: ⌥ 𝟬𝟭:𝟮𝟯
⏰ Last Name: ⌥ 𝟬𝟭:𝟮𝟰
⏰ Last Name: ⌥ 𝟬𝟭:𝟮𝟱
⏰ Last Name: ⌥ 𝟬𝟭:𝟮𝟲
⏰ Last Name: ⌥ 𝟬𝟭:𝟮𝟳
⏰ Last Name: ⌥ 𝟬𝟭:𝟮𝟴
⏰ Last Name: ⌥ 𝟬𝟭:𝟮𝟵
⏰ Last Name: ⌥ 𝟬𝟭:𝟯𝟬
⏰ Last Name: ⌥ 𝟬𝟭:𝟯𝟭
⏰ Last Name: ⌥ 𝟬𝟭:𝟯𝟮
⏰ Last Name: ⌥ 𝟬𝟭:𝟯𝟯
⏰ Last Name: ⌥ 𝟬𝟭:𝟯𝟰
⏰ Last Name: ⌥ 𝟬𝟭:𝟯𝟱
⏰ Last Name: ⌥ 𝟬𝟭:𝟯𝟲
⏰ Last Name: ⌥ 𝟬𝟭:𝟯𝟳
⏰ Last Name: ⌥ 𝟬𝟭:𝟯𝟴
⏰ Last Name: ⌥ 𝟬𝟭:𝟯𝟵
⏰ Last Name: ⌥ 𝟬𝟭:𝟰𝟬
⏰ Last Name: ⌥ 𝟬𝟭:𝟰𝟭
⏰ Last Name: ⌥ 𝟬𝟭:𝟰𝟮
⏰ Last Name: ⌥ 𝟬𝟭:𝟰𝟯
⏰ Last Name: ⌥ 𝟬𝟭:𝟰𝟰
⏰ Last Name: ⌥ 𝟬𝟭:𝟰𝟱
⏰ Last Name: ⌥ 𝟬𝟭:𝟰𝟲
⏰ Last Name: ⌥ 𝟬𝟭:𝟰𝟳
⏰ Last Name: ⌥ 𝟬𝟭:𝟰𝟴
⏰ Last Name: ⌥ 𝟬𝟭:𝟰𝟵
⏰ Last Name: ⌥ 𝟬𝟭:𝟱𝟬
⏰ Last Name: ⌥ 𝟬𝟭:𝟱𝟭
⏰ Last Name: ⌥ 𝟬𝟭:𝟱𝟮
⏰ Last Name: ⌥ 𝟬𝟭:𝟱𝟯
⏰ Last Name: ⌥ 𝟬𝟭:𝟱𝟰
💜 Auto React [user:6990187779]: ❤️
💜 Auto React [user:6990187779]: ❤️
💜 Auto React [user:6990187779]: ❤️
💜 Auto React [user:8944291576]: 🍌
⏰ Last Name: ⌥ 𝟬𝟭:𝟱𝟱
⏰ Last Name: ⌥ 𝟬𝟭:𝟱𝟲
⏰ Last Name: ⌥ 𝟬𝟭:𝟱𝟳
⏰ Last Name: ⌥ 𝟬𝟭:𝟱𝟴
⏰ Last Name: ⌥ 𝟬𝟭:𝟱𝟵
⏰ Last Name: ⌥ 𝟬𝟮:𝟬𝟬
⏰ Last Name: ⌥ 𝟬𝟮:𝟬𝟭
⏰ Last Name: ⌥ 𝟬𝟮:𝟬𝟮
⏰ Last Name: ⌥ 𝟬𝟮:𝟬𝟯
⏰ Last Name: ⌥ 𝟬𝟮:𝟬𝟰
⏰ Last Name: ⌥ 𝟬𝟮:𝟬𝟱
⏰ Last Name: ⌥ 𝟬𝟮:𝟬𝟲
⏰ Last Name: ⌥ 𝟬𝟮:𝟬𝟳
⏰ Last Name: ⌥ 𝟬𝟮:𝟬𝟴
⏰ Last Name: ⌥ 𝟬𝟮:𝟬𝟵
⏰ Last Name: ⌥ 𝟬𝟮:𝟭𝟬
⏰ Last Name: ⌥ 𝟬𝟮:𝟭𝟭
⏰ Last Name: ⌥ 𝟬𝟮:𝟭𝟮
⏰ Last Name: ⌥ 𝟬𝟮:𝟭𝟯
⏰ Last Name: ⌥ 𝟬𝟮:𝟭𝟰
⏰ Last Name: ⌥ 𝟬𝟮:𝟭𝟱
⏰ Last Name: ⌥ 𝟬𝟮:𝟭𝟲
⏰ Last Name: ⌥ 𝟬𝟮:𝟭𝟳
⏰ Last Name: ⌥ 𝟬𝟮:𝟭𝟴
⏰ Last Name: ⌥ 𝟬𝟮:𝟭𝟵
⏰ Last Name: ⌥ 𝟬𝟮:𝟮𝟬
⏰ Last Name: ⌥ 𝟬𝟮:𝟮𝟭
⏰ Last Name: ⌥ 𝟬𝟮:𝟮𝟮
⏰ Last Name: ⌥ 𝟬𝟮:𝟮𝟯
⏰ Last Name: ⌥ 𝟬𝟮:𝟮𝟰
⏰ Last Name: ⌥ 𝟬𝟮:𝟮𝟱
⏰ Last Name: ⌥ 𝟬𝟮:𝟮𝟲
⏰ Last Name: ⌥ 𝟬𝟮:𝟮𝟳
⏰ Last Name: ⌥ 𝟬𝟮:𝟮𝟴
⏰ Last Name: ⌥ 𝟬𝟮:𝟮𝟵
⏰ Last Name: ⌥ 𝟬𝟮:𝟯𝟬
💜 Auto React [user:6958501715]: ❤️
⏰ Last Name: ⌥ 𝟬𝟮:𝟯𝟭
⏰ Last Name: ⌥ 𝟬𝟮:𝟯𝟮
⏰ Last Name: ⌥ 𝟬𝟮:𝟯𝟯
⏰ Last Name: ⌥ 𝟬𝟮:𝟯𝟰
⏰ Last Name: ⌥ 𝟬𝟮:𝟯𝟱
⏰ Last Name: ⌥ 𝟬𝟮:𝟯𝟲
⏰ Last Name: ⌥ 𝟬𝟮:𝟯𝟳
⏰ Last Name: ⌥ 𝟬𝟮:𝟯𝟴
⏰ Last Name: ⌥ 𝟬𝟮:𝟯𝟵
⏰ Last Name: ⌥ 𝟬𝟮:𝟰𝟬
⏰ Last Name: ⌥ 𝟬𝟮:𝟰𝟭
⏰ Last Name: ⌥ 𝟬𝟮:𝟰𝟮
⏰ Last Name: ⌥ 𝟬𝟮:𝟰𝟯
⏰ Last Name: ⌥ 𝟬𝟮:𝟰𝟰
⏰ Last Name: ⌥ 𝟬𝟮:𝟰𝟱
⏰ Last Name: ⌥ 𝟬𝟮:𝟰𝟲
⏰ Last Name: ⌥ 𝟬𝟮:𝟰𝟳
⏰ Last Name: ⌥ 𝟬𝟮:𝟰𝟴
⏰ Last Name: ⌥ 𝟬𝟮:𝟰𝟵
⏰ Last Name: ⌥ 𝟬𝟮:𝟱𝟬
⏰ Last Name: ⌥ 𝟬𝟮:𝟱𝟭
⏰ Last Name: ⌥ 𝟬𝟮:𝟱𝟮
⏰ Last Name: ⌥ 𝟬𝟮:𝟱𝟯
⏰ Last Name: ⌥ 𝟬𝟮:𝟱𝟰
⏰ Last Name: ⌥ 𝟬𝟮:𝟱𝟱
⏰ Last Name: ⌥ 𝟬𝟮:𝟱𝟲
⏰ Last Name: ⌥ 𝟬𝟮:𝟱𝟳
⏰ Last Name: ⌥ 𝟬𝟮:𝟱𝟴
⏰ Last Name: ⌥ 𝟬𝟮:𝟱𝟵
⏰ Last Name: ⌥ 𝟬𝟯:𝟬𝟬
⏰ Last Name: ⌥ 𝟬𝟯:𝟬𝟭
⏰ Last Name: ⌥ 𝟬𝟯:𝟬𝟮
⏰ Last Name: ⌥ 𝟬𝟯:𝟬𝟯
⏰ Last Name: ⌥ 𝟬𝟯:𝟬𝟰
⏰ Last Name: ⌥ 𝟬𝟯:𝟬𝟱
⏰ Last Name: ⌥ 𝟬𝟯:𝟬𝟲
⏰ Last Name: ⌥ 𝟬𝟯:𝟬𝟳
⏰ Last Name: ⌥ 𝟬𝟯:𝟬𝟴
⏰ Last Name: ⌥ 𝟬𝟯:𝟬𝟵
⏰ Last Name: ⌥ 𝟬𝟯:𝟭𝟬
⏰ Last Name: ⌥ 𝟬𝟯:𝟭𝟭
⏰ Last Name: ⌥ 𝟬𝟯:𝟭𝟮
⏰ Last Name: ⌥ 𝟬𝟯:𝟭𝟯
⏰ Last Name: ⌥ 𝟬𝟯:𝟭𝟰
⏰ Last Name: ⌥ 𝟬𝟯:𝟭𝟱
⏰ Last Name: ⌥ 𝟬𝟯:𝟭𝟲
⏰ Last Name: ⌥ 𝟬𝟯:𝟭𝟳
⏰ Last Name: ⌥ 𝟬𝟯:𝟭𝟴
⏰ Last Name: ⌥ 𝟬𝟯:𝟭𝟵
⏰ Last Name: ⌥ 𝟬𝟯:𝟮𝟬
⏰ Last Name: ⌥ 𝟬𝟯:𝟮𝟭
⏰ Last Name: ⌥ 𝟬𝟯:𝟮𝟮
⏰ Last Name: ⌥ 𝟬𝟯:𝟮𝟯
⏰ Last Name: ⌥ 𝟬𝟯:𝟮𝟰
⏰ Last Name: ⌥ 𝟬𝟯:𝟮𝟱
⏰ Last Name: ⌥ 𝟬𝟯:𝟮𝟲
⏰ Last Name: ⌥ 𝟬𝟯:𝟮𝟳
⏰ Last Name: ⌥ 𝟬𝟯:𝟮𝟴
⏰ Last Name: ⌥ 𝟬𝟯:𝟮𝟵
⏰ Last Name: ⌥ 𝟬𝟯:𝟯𝟬
⏰ Last Name: ⌥ 𝟬𝟯:𝟯𝟭
⏰ Last Name: ⌥ 𝟬𝟯:𝟯𝟮
⏰ Last Name: ⌥ 𝟬𝟯:𝟯𝟯
⏰ Last Name: ⌥ 𝟬𝟯:𝟯𝟰
⏰ Last Name: ⌥ 𝟬𝟯:𝟯𝟱
⏰ Last Name: ⌥ 𝟬𝟯:𝟯𝟲
⏰ Last Name: ⌥ 𝟬𝟯:𝟯𝟳
⏰ Last Name: ⌥ 𝟬𝟯:𝟯𝟴
⏰ Last Name: ⌥ 𝟬𝟯:𝟯𝟵
⏰ Last Name: ⌥ 𝟬𝟯:𝟰𝟬
⏰ Last Name: ⌥ 𝟬𝟯:𝟰𝟭
⏰ Last Name: ⌥ 𝟬𝟯:𝟰𝟮
⏰ Last Name: ⌥ 𝟬𝟯:𝟰𝟯
⏰ Last Name: ⌥ 𝟬𝟯:𝟰𝟰
⏰ Last Name: ⌥ 𝟬𝟯:𝟰𝟱
⏰ Last Name: ⌥ 𝟬𝟯:𝟰𝟲
⏰ Last Name: ⌥ 𝟬𝟯:𝟰𝟳
⏰ Last Name: ⌥ 𝟬𝟯:𝟰𝟴
⏰ Last Name: ⌥ 𝟬𝟯:𝟰𝟵
⏰ Last Name: ⌥ 𝟬𝟯:𝟱𝟬
⏰ Last Name: ⌥ 𝟬𝟯:𝟱𝟭
⏰ Last Name: ⌥ 𝟬𝟯:𝟱𝟮
⏰ Last Name: ⌥ 𝟬𝟯:𝟱𝟯
⏰ Last Name: ⌥ 𝟬𝟯:𝟱𝟰
⏰ Last Name: ⌥ 𝟬𝟯:𝟱𝟱
⏰ Last Name: ⌥ 𝟬𝟯:𝟱𝟲
⏰ Last Name: ⌥ 𝟬𝟯:𝟱𝟳
⏰ Last Name: ⌥ 𝟬𝟯:𝟱𝟴
⏰ Last Name: ⌥ 𝟬𝟯:𝟱𝟵
⏰ Last Name: ⌥ 𝟬𝟰:𝟬𝟬
⏰ Last Name: ⌥ 𝟬𝟰:𝟬𝟭
⏰ Last Name: ⌥ 𝟬𝟰:𝟬𝟮
⏰ Last Name: ⌥ 𝟬𝟰:𝟬𝟯
⏰ Last Name: ⌥ 𝟬𝟰:𝟬𝟰
⏰ Last Name: ⌥ 𝟬𝟰:𝟬𝟱
⏰ Last Name: ⌥ 𝟬𝟰:𝟬𝟲
⏰ Last Name: ⌥ 𝟬𝟰:𝟬𝟳
⏰ Last Name: ⌥ 𝟬𝟰:𝟬𝟴
⏰ Last Name: ⌥ 𝟬𝟰:𝟬𝟵
⏰ Last Name: ⌥ 𝟬𝟰:𝟭𝟬
⏰ Last Name: ⌥ 𝟬𝟰:𝟭𝟭
⏰ Last Name: ⌥ 𝟬𝟰:𝟭𝟮
⏰ Last Name: ⌥ 𝟬𝟰:𝟭𝟯
⏰ Last Name: ⌥ 𝟬𝟰:𝟭𝟰
⏰ Last Name: ⌥ 𝟬𝟰:𝟭𝟱
⏰ Last Name: ⌥ 𝟬𝟰:𝟭𝟲
⏰ Last Name: ⌥ 𝟬𝟰:𝟭𝟳
⏰ Last Name: ⌥ 𝟬𝟰:𝟭𝟴
⏰ Last Name: ⌥ 𝟬𝟰:𝟭𝟵
⏰ Last Name: ⌥ 𝟬𝟰:𝟮𝟬
⏰ Last Name: ⌥ 𝟬𝟰:𝟮𝟭
⏰ Last Name: ⌥ 𝟬𝟰:𝟮𝟮
⏰ Last Name: ⌥ 𝟬𝟰:𝟮𝟯
⏰ Last Name: ⌥ 𝟬𝟰:𝟮𝟰
⏰ Last Name: ⌥ 𝟬𝟰:𝟮𝟱
⏰ Last Name: ⌥ 𝟬𝟰:𝟮𝟲
⏰ Last Name: ⌥ 𝟬𝟰:𝟮𝟳
⏰ Last Name: ⌥ 𝟬𝟰:𝟮𝟴
⏰ Last Name: ⌥ 𝟬𝟰:𝟮𝟵
⏰ Last Name: ⌥ 𝟬𝟰:𝟯𝟬
⏰ Last Name: ⌥ 𝟬𝟰:𝟯𝟭
⏰ Last Name: ⌥ 𝟬𝟰:𝟯𝟮
⏰ Last Name: ⌥ 𝟬𝟰:𝟯𝟯
⏰ Last Name: ⌥ 𝟬𝟰:𝟯𝟰
⏰ Last Name: ⌥ 𝟬𝟰:𝟯𝟱
⏰ Last Name: ⌥ 𝟬𝟰:𝟯𝟲
⏰ Last Name: ⌥ 𝟬𝟰:𝟯𝟳
⏰ Last Name: ⌥ 𝟬𝟰:𝟯𝟴
⏰ Last Name: ⌥ 𝟬𝟰:𝟯𝟵
⏰ Last Name: ⌥ 𝟬𝟰:𝟰𝟬
⏰ Last Name: ⌥ 𝟬𝟰:𝟰𝟭
⏰ Last Name: ⌥ 𝟬𝟰:𝟰𝟮
⏰ Last Name: ⌥ 𝟬𝟰:𝟰𝟯
⏰ Last Name: ⌥ 𝟬𝟰:𝟰𝟰
⏰ Last Name: ⌥ 𝟬𝟰:𝟰𝟱
⏰ Last Name: ⌥ 𝟬𝟰:𝟰𝟲
⏰ Last Name: ⌥ 𝟬𝟰:𝟰𝟳
⏰ Last Name: ⌥ 𝟬𝟰:𝟰𝟴
⏰ Last Name: ⌥ 𝟬𝟰:𝟰𝟵
⏰ Last Name: ⌥ 𝟬𝟰:𝟱𝟬
⏰ Last Name: ⌥ 𝟬𝟰:𝟱𝟭
⏰ Last Name: ⌥ 𝟬𝟰:𝟱𝟮
⏰ Last Name: ⌥ 𝟬𝟰:𝟱𝟯
⏰ Last Name: ⌥ 𝟬𝟰:𝟱𝟰
⏰ Last Name: ⌥ 𝟬𝟰:𝟱𝟱
⏰ Last Name: ⌥ 𝟬𝟰:𝟱𝟲
⏰ Last Name: ⌥ 𝟬𝟰:𝟱𝟳
⏰ Last Name: ⌥ 𝟬𝟰:𝟱𝟴
⏰ Last Name: ⌥ 𝟬𝟰:𝟱𝟵
⏰ Last Name: ⌥ 𝟬𝟱:𝟬𝟬
⏰ Last Name: ⌥ 𝟬𝟱:𝟬𝟭
⏰ Last Name: ⌥ 𝟬𝟱:𝟬𝟮
⏰ Last Name: ⌥ 𝟬𝟱:𝟬𝟯
⏰ Last Name: ⌥ 𝟬𝟱:𝟬𝟰
⏰ Last Name: ⌥ 𝟬𝟱:𝟬𝟱
⏰ Last Name: ⌥ 𝟬𝟱:𝟬𝟲
⏰ Last Name: ⌥ 𝟬𝟱:𝟬𝟳
⏰ Last Name: ⌥ 𝟬𝟱:𝟬𝟴
⏰ Last Name: ⌥ 𝟬𝟱:𝟬𝟵
⏰ Last Name: ⌥ 𝟬𝟱:𝟭𝟬
⏰ Last Name: ⌥ 𝟬𝟱:𝟭𝟭
⏰ Last Name: ⌥ 𝟬𝟱:𝟭𝟮
⏰ Last Name: ⌥ 𝟬𝟱:𝟭𝟯
⏰ Last Name: ⌥ 𝟬𝟱:𝟭𝟰
⏰ Last Name: ⌥ 𝟬𝟱:𝟭𝟱
⏰ Last Name: ⌥ 𝟬𝟱:𝟭𝟲
⏰ Last Name: ⌥ 𝟬𝟱:𝟭𝟳
⏰ Last Name: ⌥ 𝟬𝟱:𝟭𝟴
⏰ Last Name: ⌥ 𝟬𝟱:𝟭𝟵
⏰ Last Name: ⌥ 𝟬𝟱:𝟮𝟬
⏰ Last Name: ⌥ 𝟬𝟱:𝟮𝟭
⏰ Last Name: ⌥ 𝟬𝟱:𝟮𝟮
⏰ Last Name: ⌥ 𝟬𝟱:𝟮𝟯
⏰ Last Name: ⌥ 𝟬𝟱:𝟮𝟰
⏰ Last Name: ⌥ 𝟬𝟱:𝟮𝟱
⏰ Last Name: ⌥ 𝟬𝟱:𝟮𝟲
⏰ Last Name: ⌥ 𝟬𝟱:𝟮𝟳
⏰ Last Name: ⌥ 𝟬𝟱:𝟮𝟴
⏰ Last Name: ⌥ 𝟬𝟱:𝟮𝟵
⏰ Last Name: ⌥ 𝟬𝟱:𝟯𝟬
⏰ Last Name: ⌥ 𝟬𝟱:𝟯𝟭
⏰ Last Name: ⌥ 𝟬𝟱:𝟯𝟮
⏰ Last Name: ⌥ 𝟬𝟱:𝟯𝟯
⏰ Last Name: ⌥ 𝟬𝟱:𝟯𝟰
⏰ Last Name: ⌥ 𝟬𝟱:𝟯𝟱
⏰ Last Name: ⌥ 𝟬𝟱:𝟯𝟲
⏰ Last Name: ⌥ 𝟬𝟱:𝟯𝟳
⏰ Last Name: ⌥ 𝟬𝟱:𝟯𝟴
⏰ Last Name: ⌥ 𝟬𝟱:𝟯𝟵
⏰ Last Name: ⌥ 𝟬𝟱:𝟰𝟬
⏰ Last Name: ⌥ 𝟬𝟱:𝟰𝟭
⏰ Last Name: ⌥ 𝟬𝟱:𝟰𝟮
⏰ Last Name: ⌥ 𝟬𝟱:𝟰𝟯
⏰ Last Name: ⌥ 𝟬𝟱:𝟰𝟰
⏰ Last Name: ⌥ 𝟬𝟱:𝟰𝟱
⏰ Last Name: ⌥ 𝟬𝟱:𝟰𝟲
⏰ Last Name: ⌥ 𝟬𝟱:𝟰𝟳
⏰ Last Name: ⌥ 𝟬𝟱:𝟰𝟴
⏰ Last Name: ⌥ 𝟬𝟱:𝟰𝟵
⏰ Last Name: ⌥ 𝟬𝟱:𝟱𝟬
⏰ Last Name: ⌥ 𝟬𝟱:𝟱𝟭
⏰ Last Name: ⌥ 𝟬𝟱:𝟱𝟮
⏰ Last Name: ⌥ 𝟬𝟱:𝟱𝟯
⏰ Last Name: ⌥ 𝟬𝟱:𝟱𝟰
⏰ Last Name: ⌥ 𝟬𝟱:𝟱𝟱
⏰ Last Name: ⌥ 𝟬𝟱:𝟱𝟲
⏰ Last Name: ⌥ 𝟬𝟱:𝟱𝟳
⏰ Last Name: ⌥ 𝟬𝟱:𝟱𝟴
⏰ Last Name: ⌥ 𝟬𝟱:𝟱𝟵
⏰ Last Name: ⌥ 𝟬𝟲:𝟬𝟬
⏰ Last Name: ⌥ 𝟬𝟲:𝟬𝟭
⏰ Last Name: ⌥ 𝟬𝟲:𝟬𝟮
⏰ Last Name: ⌥ 𝟬𝟲:𝟬𝟯
⏰ Last Name: ⌥ 𝟬𝟲:𝟬𝟰
⏰ Last Name: ⌥ 𝟬𝟲:𝟬𝟱
⏰ Last Name: ⌥ 𝟬𝟲:𝟬𝟲
⏰ Last Name: ⌥ 𝟬𝟲:𝟬𝟳
⏰ Last Name: ⌥ 𝟬𝟲:𝟬𝟴
⏰ Last Name: ⌥ 𝟬𝟲:𝟬𝟵
⏰ Last Name: ⌥ 𝟬𝟲:𝟭𝟬
⏰ Last Name: ⌥ 𝟬𝟲:𝟭𝟭
⏰ Last Name: ⌥ 𝟬𝟲:𝟭𝟮
⏰ Last Name: ⌥ 𝟬𝟲:𝟭𝟯
⏰ Last Name: ⌥ 𝟬𝟲:𝟭𝟰
⏰ Last Name: ⌥ 𝟬𝟲:𝟭𝟱
⏰ Last Name: ⌥ 𝟬𝟲:𝟭𝟲
⏰ Last Name: ⌥ 𝟬𝟲:𝟭𝟳
⏰ Last Name: ⌥ 𝟬𝟲:𝟭𝟴
⏰ Last Name: ⌥ 𝟬𝟲:𝟭𝟵
⏰ Last Name: ⌥ 𝟬𝟲:𝟮𝟬
⏰ Last Name: ⌥ 𝟬𝟲:𝟮𝟭
⏰ Last Name: ⌥ 𝟬𝟲:𝟮𝟮
⏰ Last Name: ⌥ 𝟬𝟲:𝟮𝟯
⏰ Last Name: ⌥ 𝟬𝟲:𝟮𝟰
⏰ Last Name: ⌥ 𝟬𝟲:𝟮𝟱
⏰ Last Name: ⌥ 𝟬𝟲:𝟮𝟲
⏰ Last Name: ⌥ 𝟬𝟲:𝟮𝟳
⏰ Last Name: ⌥ 𝟬𝟲:𝟮𝟴
⏰ Last Name: ⌥ 𝟬𝟲:𝟮𝟵
⏰ Last Name: ⌥ 𝟬𝟲:𝟯𝟬
⏰ Last Name: ⌥ 𝟬𝟲:𝟯𝟭
⏰ Last Name: ⌥ 𝟬𝟲:𝟯𝟮
⏰ Last Name: ⌥ 𝟬𝟲:𝟯𝟯
⏰ Last Name: ⌥ 𝟬𝟲:𝟯𝟰
⏰ Last Name: ⌥ 𝟬𝟲:𝟯𝟱
⏰ Last Name: ⌥ 𝟬𝟲:𝟯𝟲
⏰ Last Name: ⌥ 𝟬𝟲:𝟯𝟳
⏰ Last Name: ⌥ 𝟬𝟲:𝟯𝟴
⏰ Last Name: ⌥ 𝟬𝟲:𝟯𝟵
⏰ Last Name: ⌥ 𝟬𝟲:𝟰𝟬
⏰ Last Name: ⌥ 𝟬𝟲:𝟰𝟭
⏰ Last Name: ⌥ 𝟬𝟲:𝟰𝟮
⏰ Last Name: ⌥ 𝟬𝟲:𝟰𝟯
⏰ Last Name: ⌥ 𝟬𝟲:𝟰𝟰
⏰ Last Name: ⌥ 𝟬𝟲:𝟰𝟱
⏰ Last Name: ⌥ 𝟬𝟲:𝟰𝟲
⏰ Last Name: ⌥ 𝟬𝟲:𝟰𝟳
⏰ Last Name: ⌥ 𝟬𝟲:𝟰𝟴
⏰ Last Name: ⌥ 𝟬𝟲:𝟰𝟵
⏰ Last Name: ⌥ 𝟬𝟲:𝟱𝟬
⏰ Last Name: ⌥ 𝟬𝟲:𝟱𝟭
⏰ Last Name: ⌥ 𝟬𝟲:𝟱𝟮
⏰ Last Name: ⌥ 𝟬𝟲:𝟱𝟯
⏰ Last Name: ⌥ 𝟬𝟲:𝟱𝟰
⏰ Last Name: ⌥ 𝟬𝟲:𝟱𝟱
⏰ Last Name: ⌥ 𝟬𝟲:𝟱𝟲
⏰ Last Name: ⌥ 𝟬𝟲:𝟱𝟳
⏰ Last Name: ⌥ 𝟬𝟲:𝟱𝟴
⏰ Last Name: ⌥ 𝟬𝟲:𝟱𝟵
⏰ Last Name: ⌥ 𝟬𝟳:𝟬𝟬
⏰ Last Name: ⌥ 𝟬𝟳:𝟬𝟭
⏰ Last Name: ⌥ 𝟬𝟳:𝟬𝟮
⏰ Last Name: ⌥ 𝟬𝟳:𝟬𝟯
⏰ Last Name: ⌥ 𝟬𝟳:𝟬𝟰
⏰ Last Name: ⌥ 𝟬𝟳:𝟬𝟱
⏰ Last Name: ⌥ 𝟬𝟳:𝟬𝟲
⏰ Last Name: ⌥ 𝟬𝟳:𝟬𝟳
⏰ Last Name: ⌥ 𝟬𝟳:𝟬𝟴
⏰ Last Name: ⌥ 𝟬𝟳:𝟬𝟵
⏰ Last Name: ⌥ 𝟬𝟳:𝟭𝟬
⏰ Last Name: ⌥ 𝟬𝟳:𝟭𝟭
⏰ Last Name: ⌥ 𝟬𝟳:𝟭𝟮
⏰ Last Name: ⌥ 𝟬𝟳:𝟭𝟯
⏰ Last Name: ⌥ 𝟬𝟳:𝟭𝟰
⏰ Last Name: ⌥ 𝟬𝟳:𝟭𝟱
⏰ Last Name: ⌥ 𝟬𝟳:𝟭𝟲
⏰ Last Name: ⌥ 𝟬𝟳:𝟭𝟳
⏰ Last Name: ⌥ 𝟬𝟳:𝟭𝟴
⏰ Last Name: ⌥ 𝟬𝟳:𝟭𝟵
⏰ Last Name: ⌥ 𝟬𝟳:𝟮𝟬
⏰ Last Name: ⌥ 𝟬𝟳:𝟮𝟭
⏰ Last Name: ⌥ 𝟬𝟳:𝟮𝟮
⏰ Last Name: ⌥ 𝟬𝟳:𝟮𝟯
⏰ Last Name: ⌥ 𝟬𝟳:𝟮𝟰
⏰ Last Name: ⌥ 𝟬𝟳:𝟮𝟱
⏰ Last Name: ⌥ 𝟬𝟳:𝟮𝟲
⏰ Last Name: ⌥ 𝟬𝟳:𝟮𝟳
⏰ Last Name: ⌥ 𝟬𝟳:𝟮𝟴
⏰ Last Name: ⌥ 𝟬𝟳:𝟮𝟵
⏰ Last Name: ⌥ 𝟬𝟳:𝟯𝟬
⏰ Last Name: ⌥ 𝟬𝟳:𝟯𝟭
⏰ Last Name: ⌥ 𝟬𝟳:𝟯𝟮
⏰ Last Name: ⌥ 𝟬𝟳:𝟯𝟯
⏰ Last Name: ⌥ 𝟬𝟳:𝟯𝟰
⏰ Last Name: ⌥ 𝟬𝟳:𝟯𝟱
⏰ Last Name: ⌥ 𝟬𝟳:𝟯𝟲
⏰ Last Name: ⌥ 𝟬𝟳:𝟯𝟳
⏰ Last Name: ⌥ 𝟬𝟳:𝟯𝟴
⏰ Last Name: ⌥ 𝟬𝟳:𝟯𝟵
⏰ Last Name: ⌥ 𝟬𝟳:𝟰𝟬
⏰ Last Name: ⌥ 𝟬𝟳:𝟰𝟭
⏰ Last Name: ⌥ 𝟬𝟳:𝟰𝟮
⏰ Last Name: ⌥ 𝟬𝟳:𝟰𝟯
⏰ Last Name: ⌥ 𝟬𝟳:𝟰𝟰
⏰ Last Name: ⌥ 𝟬𝟳:𝟰𝟱
⏰ Last Name: ⌥ 𝟬𝟳:𝟰𝟲
⏰ Last Name: ⌥ 𝟬𝟳:𝟰𝟳
⏰ Last Name: ⌥ 𝟬𝟳:𝟰𝟴
⏰ Last Name: ⌥ 𝟬𝟳:𝟰𝟵
⏰ Last Name: ⌥ 𝟬𝟳:𝟱𝟬
⏰ Last Name: ⌥ 𝟬𝟳:𝟱𝟭
⏰ Last Name: ⌥ 𝟬𝟳:𝟱𝟮
⏰ Last Name: ⌥ 𝟬𝟳:𝟱𝟯
⏰ Last Name: ⌥ 𝟬𝟳:𝟱𝟰
⏰ Last Name: ⌥ 𝟬𝟳:𝟱𝟱
⏰ Last Name: ⌥ 𝟬𝟳:𝟱𝟲
⏰ Last Name: ⌥ 𝟬𝟳:𝟱𝟳
⏰ Last Name: ⌥ 𝟬𝟳:𝟱𝟴
⏰ Last Name: ⌥ 𝟬𝟳:𝟱𝟵
⏰ Last Name: ⌥ 𝟬𝟴:𝟬𝟬
⏰ Last Name: ⌥ 𝟬𝟴:𝟬𝟭
⏰ Last Name: ⌥ 𝟬𝟴:𝟬𝟮
⏰ Last Name: ⌥ 𝟬𝟴:𝟬𝟯
⏰ Last Name: ⌥ 𝟬𝟴:𝟬𝟰
⏰ Last Name: ⌥ 𝟬𝟴:𝟬𝟱
⏰ Last Name: ⌥ 𝟬𝟴:𝟬𝟲
⏰ Last Name: ⌥ 𝟬𝟴:𝟬𝟳
⏰ Last Name: ⌥ 𝟬𝟴:𝟬𝟴
⏰ Last Name: ⌥ 𝟬𝟴:𝟬𝟵
⏰ Last Name: ⌥ 𝟬𝟴:𝟭𝟬
⏰ Last Name: ⌥ 𝟬𝟴:𝟭𝟭
⏰ Last Name: ⌥ 𝟬𝟴:𝟭𝟮
⏰ Last Name: ⌥ 𝟬𝟴:𝟭𝟯
⏰ Last Name: ⌥ 𝟬𝟴:𝟭𝟰
⏰ Last Name: ⌥ 𝟬𝟴:𝟭𝟱
⏰ Last Name: ⌥ 𝟬𝟴:𝟭𝟲
⏰ Last Name: ⌥ 𝟬𝟴:𝟭𝟳
⏰ Last Name: ⌥ 𝟬𝟴:𝟭𝟴
⏰ Last Name: ⌥ 𝟬𝟴:𝟭𝟵
⏰ Last Name: ⌥ 𝟬𝟴:𝟮𝟬
⏰ Last Name: ⌥ 𝟬𝟴:𝟮𝟭
⏰ Last Name: ⌥ 𝟬𝟴:𝟮𝟮
⏰ Last Name: ⌥ 𝟬𝟴:𝟮𝟯
⏰ Last Name: ⌥ 𝟬𝟴:𝟮𝟰
⏰ Last Name: ⌥ 𝟬𝟴:𝟮𝟱
⏰ Last Name: ⌥ 𝟬𝟴:𝟮𝟲
⏰ Last Name: ⌥ 𝟬𝟴:𝟮𝟳
⏰ Last Name: ⌥ 𝟬𝟴:𝟮𝟴
⏰ Last Name: ⌥ 𝟬𝟴:𝟮𝟵
⏰ Last Name: ⌥ 𝟬𝟴:𝟯𝟬
⏰ Last Name: ⌥ 𝟬𝟴:𝟯𝟭
⏰ Last Name: ⌥ 𝟬𝟴:𝟯𝟮
⏰ Last Name: ⌥ 𝟬𝟴:𝟯𝟯
⏰ Last Name: ⌥ 𝟬𝟴:𝟯𝟰
⏰ Last Name: ⌥ 𝟬𝟴:𝟯𝟱
⏰ Last Name: ⌥ 𝟬𝟴:𝟯𝟲
⏰ Last Name: ⌥ 𝟬𝟴:𝟯𝟳
⏰ Last Name: ⌥ 𝟬𝟴:𝟯𝟴
⏰ Last Name: ⌥ 𝟬𝟴:𝟯𝟵
⏰ Last Name: ⌥ 𝟬𝟴:𝟰𝟬
⏰ Last Name: ⌥ 𝟬𝟴:𝟰𝟭
⏰ Last Name: ⌥ 𝟬𝟴:𝟰𝟮
⏰ Last Name: ⌥ 𝟬𝟴:𝟰𝟯
⏰ Last Name: ⌥ 𝟬𝟴:𝟰𝟰
⏰ Last Name: ⌥ 𝟬𝟴:𝟰𝟱
⏰ Last Name: ⌥ 𝟬𝟴:𝟰𝟲
⏰ Last Name: ⌥ 𝟬𝟴:𝟰𝟳
⏰ Last Name: ⌥ 𝟬𝟴:𝟰𝟴
⏰ Last Name: ⌥ 𝟬𝟴:𝟰𝟵
⏰ Last Name: ⌥ 𝟬𝟴:𝟱𝟬
⏰ Last Name: ⌥ 𝟬𝟴:𝟱𝟭
⏰ Last Name: ⌥ 𝟬𝟴:𝟱𝟮
⏰ Last Name: ⌥ 𝟬𝟴:𝟱𝟯
⏰ Last Name: ⌥ 𝟬𝟴:𝟱𝟰
⏰ Last Name: ⌥ 𝟬𝟴:𝟱𝟱
⏰ Last Name: ⌥ 𝟬𝟴:𝟱𝟲
⏰ Last Name: ⌥ 𝟬𝟴:𝟱𝟳
⏰ Last Name: ⌥ 𝟬𝟴:𝟱𝟴
⏰ Last Name: ⌥ 𝟬𝟴:𝟱𝟵
⏰ Last Name: ⌥ 𝟬𝟵:𝟬𝟬
⏰ Last Name: ⌥ 𝟬𝟵:𝟬𝟭
⏰ Last Name: ⌥ 𝟬𝟵:𝟬𝟮
⏰ Last Name: ⌥ 𝟬𝟵:𝟬𝟯
⏰ Last Name: ⌥ 𝟬𝟵:𝟬𝟰
⏰ Last Name: ⌥ 𝟬𝟵:𝟬𝟱
⏰ Last Name: ⌥ 𝟬𝟵:𝟬𝟲
⏰ Last Name: ⌥ 𝟬𝟵:𝟬𝟳
⏰ Last Name: ⌥ 𝟬𝟵:𝟬𝟴
⏰ Last Name: ⌥ 𝟬𝟵:𝟬𝟵
⏰ Last Name: ⌥ 𝟬𝟵:𝟭𝟬
⏰ Last Name: ⌥ 𝟬𝟵:𝟭𝟭
⏰ Last Name: ⌥ 𝟬𝟵:𝟭𝟮
⏰ Last Name: ⌥ 𝟬𝟵:𝟭𝟯
⏰ Last Name: ⌥ 𝟬𝟵:𝟭𝟰
⏰ Last Name: ⌥ 𝟬𝟵:𝟭𝟱
⏰ Last Name: ⌥ 𝟬𝟵:𝟭𝟲
⏰ Last Name: ⌥ 𝟬𝟵:𝟭𝟳
⏰ Last Name: ⌥ 𝟬𝟵:𝟭𝟴
⏰ Last Name: ⌥ 𝟬𝟵:𝟭𝟵
⏰ Last Name: ⌥ 𝟬𝟵:𝟮𝟬
⏰ Last Name: ⌥ 𝟬𝟵:𝟮𝟭
⏰ Last Name: ⌥ 𝟬𝟵:𝟮𝟮
⏰ Last Name: ⌥ 𝟬𝟵:𝟮𝟯
⏰ Last Name: ⌥ 𝟬𝟵:𝟮𝟰
⏰ Last Name: ⌥ 𝟬𝟵:𝟮𝟱
⏰ Last Name: ⌥ 𝟬𝟵:𝟮𝟲
⏰ Last Name: ⌥ 𝟬𝟵:𝟮𝟳
⏰ Last Name: ⌥ 𝟬𝟵:𝟮𝟴
⏰ Last Name: ⌥ 𝟬𝟵:𝟮𝟵
⏰ Last Name: ⌥ 𝟬𝟵:𝟯𝟬
⏰ Last Name: ⌥ 𝟬𝟵:𝟯𝟭
⏰ Last Name: ⌥ 𝟬𝟵:𝟯𝟮
⏰ Last Name: ⌥ 𝟬𝟵:𝟯𝟯
⏰ Last Name: ⌥ 𝟬𝟵:𝟯𝟰
⏰ Last Name: ⌥ 𝟬𝟵:𝟯𝟱
⏰ Last Name: ⌥ 𝟬𝟵:𝟯𝟲
⏰ Last Name: ⌥ 𝟬𝟵:𝟯𝟳
⏰ Last Name: ⌥ 𝟬𝟵:𝟯𝟴
⏰ Last Name: ⌥ 𝟬𝟵:𝟯𝟵
⏰ Last Name: ⌥ 𝟬𝟵:𝟰𝟬
⏰ Last Name: ⌥ 𝟬𝟵:𝟰𝟭
⏰ Last Name: ⌥ 𝟬𝟵:𝟰𝟮
⏰ Last Name: ⌥ 𝟬𝟵:𝟰𝟯
⏰ Last Name: ⌥ 𝟬𝟵:𝟰𝟰
⏰ Last Name: ⌥ 𝟬𝟵:𝟰𝟱
⏰ Last Name: ⌥ 𝟬𝟵:𝟰𝟲
⏰ Last Name: ⌥ 𝟬𝟵:𝟰𝟳
⏰ Last Name: ⌥ 𝟬𝟵:𝟰𝟴
⏰ Last Name: ⌥ 𝟬𝟵:𝟰𝟵
⏰ Last Name: ⌥ 𝟬𝟵:𝟱𝟬
⏰ Last Name: ⌥ 𝟬𝟵:𝟱𝟭
⏰ Last Name: ⌥ 𝟬𝟵:𝟱𝟮
⏰ Last Name: ⌥ 𝟬𝟵:𝟱𝟯
⏰ Last Name: ⌥ 𝟬𝟵:𝟱𝟰
⏰ Last Name: ⌥ 𝟬𝟵:𝟱𝟱
⏰ Last Name: ⌥ 𝟬𝟵:𝟱𝟲
⏰ Last Name: ⌥ 𝟬𝟵:𝟱𝟳
⏰ Last Name: ⌥ 𝟬𝟵:𝟱𝟴
⏰ Last Name: ⌥ 𝟬𝟵:𝟱𝟵
⏰ Last Name: ⌥ 𝟭𝟬:𝟬𝟬
⏰ Last Name: ⌥ 𝟭𝟬:𝟬𝟭
⏰ Last Name: ⌥ 𝟭𝟬:𝟬𝟮
⏰ Last Name: ⌥ 𝟭𝟬:𝟬𝟯
⏰ Last Name: ⌥ 𝟭𝟬:𝟬𝟰
⏰ Last Name: ⌥ 𝟭𝟬:𝟬𝟱
⏰ Last Name: ⌥ 𝟭𝟬:𝟬𝟲
⏰ Last Name: ⌥ 𝟭𝟬:𝟬𝟳
⏰ Last Name: ⌥ 𝟭𝟬:𝟬𝟴
⏰ Last Name: ⌥ 𝟭𝟬:𝟬𝟵
⏰ Last Name: ⌥ 𝟭𝟬:𝟭𝟬
⏰ Last Name: ⌥ 𝟭𝟬:𝟭𝟭
⏰ Last Name: ⌥ 𝟭𝟬:𝟭𝟮
⏰ Last Name: ⌥ 𝟭𝟬:𝟭𝟯
⏰ Last Name: ⌥ 𝟭𝟬:𝟭𝟰
⏰ Last Name: ⌥ 𝟭𝟬:𝟭𝟱
⏰ Last Name: ⌥ 𝟭𝟬:𝟭𝟲
⏰ Last Name: ⌥ 𝟭𝟬:𝟭𝟳
⏰ Last Name: ⌥ 𝟭𝟬:𝟭𝟴
⏰ Last Name: ⌥ 𝟭𝟬:𝟭𝟵
⏰ Last Name: ⌥ 𝟭𝟬:𝟮𝟬
⏰ Last Name: ⌥ 𝟭𝟬:𝟮𝟭
⏰ Last Name: ⌥ 𝟭𝟬:𝟮𝟮
⏰ Last Name: ⌥ 𝟭𝟬:𝟮𝟯
⏰ Last Name: ⌥ 𝟭𝟬:𝟮𝟰
⏰ Last Name: ⌥ 𝟭𝟬:𝟮𝟱
⏰ Last Name: ⌥ 𝟭𝟬:𝟮𝟲
⏰ Last Name: ⌥ 𝟭𝟬:𝟮𝟳
⏰ Last Name: ⌥ 𝟭𝟬:𝟮𝟴
⏰ Last Name: ⌥ 𝟭𝟬:𝟮𝟵
⏰ Last Name: ⌥ 𝟭𝟬:𝟯𝟬
⏰ Last Name: ⌥ 𝟭𝟬:𝟯𝟭
⏰ Last Name: ⌥ 𝟭𝟬:𝟯𝟮
⏰ Last Name: ⌥ 𝟭𝟬:𝟯𝟯
⏰ Last Name: ⌥ 𝟭𝟬:𝟯𝟰
⏰ Last Name: ⌥ 𝟭𝟬:𝟯𝟱
⏰ Last Name: ⌥ 𝟭𝟬:𝟯𝟲
⏰ Last Name: ⌥ 𝟭𝟬:𝟯𝟳
⏰ Last Name: ⌥ 𝟭𝟬:𝟯𝟴
⏰ Last Name: ⌥ 𝟭𝟬:𝟯𝟵
⏰ Last Name: ⌥ 𝟭𝟬:𝟰𝟬
⏰ Last Name: ⌥ 𝟭𝟬:𝟰𝟭
⏰ Last Name: ⌥ 𝟭𝟬:𝟰𝟮
⏰ Last Name: ⌥ 𝟭𝟬:𝟰𝟯
⏰ Last Name: ⌥ 𝟭𝟬:𝟰𝟰
⏰ Last Name: ⌥ 𝟭𝟬:𝟰𝟱
⏰ Last Name: ⌥ 𝟭𝟬:𝟰𝟲
⏰ Last Name: ⌥ 𝟭𝟬:𝟰𝟳
⏰ Last Name: ⌥ 𝟭𝟬:𝟰𝟴
⏰ Last Name: ⌥ 𝟭𝟬:𝟰𝟵
⏰ Last Name: ⌥ 𝟭𝟬:𝟱𝟬
⏰ Last Name: ⌥ 𝟭𝟬:𝟱𝟭
⏰ Last Name: ⌥ 𝟭𝟬:𝟱𝟮
⏰ Last Name: ⌥ 𝟭𝟬:𝟱𝟯
⏰ Last Name: ⌥ 𝟭𝟬:𝟱𝟰
⏰ Last Name: ⌥ 𝟭𝟬:𝟱𝟱
⏰ Last Name: ⌥ 𝟭𝟬:𝟱𝟲
⏰ Last Name: ⌥ 𝟭𝟬:𝟱𝟳
⏰ Last Name: ⌥ 𝟭𝟬:𝟱𝟴
⏰ Last Name: ⌥ 𝟭𝟬:𝟱𝟵
⏰ Last Name: ⌥ 𝟭𝟭:𝟬𝟬
⏰ Last Name: ⌥ 𝟭𝟭:𝟬𝟭
⏰ Last Name: ⌥ 𝟭𝟭:𝟬𝟮
⏰ Last Name: ⌥ 𝟭𝟭:𝟬𝟯
⏰ Last Name: ⌥ 𝟭𝟭:𝟬𝟰
⏰ Last Name: ⌥ 𝟭𝟭:𝟬𝟱
⏰ Last Name: ⌥ 𝟭𝟭:𝟬𝟲
⏰ Last Name: ⌥ 𝟭𝟭:𝟬𝟳
💜 Auto React [user:6990187779]: ❤️
⏰ Last Name: ⌥ 𝟭𝟭:𝟬𝟴
🎨 اعمال افکت‌های ['mention'] روی: من که پلیر اینجا نیستم یه دو دیقه شب اول نکشید
✅ افکت اعمال شد
⏰ Last Name: ⌥ 𝟭𝟭:𝟬𝟵
⏰ Last Name: ⌥ 𝟭𝟭:𝟭𝟬
🎨 اعمال افکت‌های ['mention'] روی: گورم
✅ افکت اعمال شد
⏰ Last Name: ⌥ 𝟭𝟭:𝟭𝟭
⏰ Last Name: ⌥ 𝟭𝟭:𝟭𝟮
🎨 اعمال افکت‌های ['mention'] روی: تو ریش سفیدی📚اگه گرگا بخورنت بار اول زنده میمونی،و
⚠️ خطا در ویرایش: The specified message ID is invalid or you can't do that operation on such message (caused by EditMe
⏰ Last Name: ⌥ 𝟭𝟭:𝟭𝟯
⏰ Last Name: ⌥ 𝟭𝟭:𝟭𝟰
⏰ Last Name: ⌥ 𝟭𝟭:𝟭𝟱
⏰ Last Name: ⌥ 𝟭𝟭:𝟭𝟲
⏰ Last Name: ⌥ 𝟭𝟭:𝟭𝟳
⏰ Last Name: ⌥ 𝟭𝟭:𝟭𝟴
⏰ Last Name: ⌥ 𝟭𝟭:𝟭𝟵
🎨 اعمال افکت‌های ['mention'] روی: خب چه باتی
✅ افکت اعمال شد
⏰ Last Name: ⌥ 𝟭𝟭:𝟮𝟬
🎨 اعمال افکت‌های ['mention'] روی: ببین بچه ها هستن
✅ افکت اعمال شد
⏰ Last Name: ⌥ 𝟭𝟭:𝟮𝟭
🎨 اعمال افکت‌های ['mention'] روی: @AmirgodratH
✅ افکت اعمال شد
⏰ Last Name: ⌥ 𝟭𝟭:𝟮𝟮
⏰ Last Name: ⌥ 𝟭𝟭:𝟮𝟯
⏰ Last Name: ⌥ 𝟭𝟭:𝟮𝟰
💜 Auto React [user:7433542559]: 😐
💜 Auto React [user:7433542559]: 😐
💜 Auto React [user:7433542559]: 😐
⏰ Last Name: ⌥ 𝟭𝟭:𝟮𝟱
💜 Auto React [user:7433542559]: 😐
⏰ Last Name: ⌥ 𝟭𝟭:𝟮𝟲
🎨 اعمال افکت‌های ['mention'] روی: خیلی نوبی وگرنه باهات میومدم
✅ افکت اعمال شد
⏰ Last Name: ⌥ 𝟭𝟭:𝟮𝟳
⏰ Last Name: ⌥ 𝟭𝟭:𝟮𝟴
⏰ Last Name: ⌥ 𝟭𝟭:𝟮𝟵
💜 Auto React [user:7433542559]: 😐
⏰ Last Name: ⌥ 𝟭𝟭:𝟯𝟬
💜 Auto React [user:6990187779]: ❤️
⏰ Last Name: ⌥ 𝟭𝟭:𝟯𝟭
⏰ Last Name: ⌥ 𝟭𝟭:𝟯𝟮
🎨 اعمال افکت‌های ['mention'] روی: مستم
✅ افکت اعمال شد
💜 Auto React [user:7433542559]: 😐
💜 Auto React [user:7433542559]: 😐
💜 Auto React [user:7433542559]: 😐
🎨 اعمال افکت‌های ['mention'] روی: نمد
✅ افکت اعمال شد
💜 Auto React [user:7433542559]: 😐
⏰ Last Name: ⌥ 𝟭𝟭:𝟯𝟯
💜 Auto React [user:7433542559]: 😐
💜 Auto React [user:7433542559]: 😐
💜 Auto React [user:7433542559]: 😐
⏰ Last Name: ⌥ 𝟭𝟭:𝟯𝟰
💜 Auto React [user:7433542559]: 😐
⏰ Last Name: ⌥ 𝟭𝟭:𝟯𝟱
⏰ Last Name: ⌥ 𝟭𝟭:𝟯𝟲
⏰ Last Name: ⌥ 𝟭𝟭:𝟯𝟳
⏰ Last Name: ⌥ 𝟭𝟭:𝟯𝟴
🎨 اعمال افکت‌های ['mention'] روی: عه بزنم؟
✅ افکت اعمال شد
💜 Auto React [user:7433542559]: 😐
💜 Auto React [user:7433542559]: 😐
💜 Auto React [user:7433542559]: 😐
💜 Auto React [user:7433542559]: 😐
🎨 اعمال افکت‌های ['mention'] روی: 4 نفریم که
✅ افکت اعمال شد
💜 Auto React [user:7433542559]: 😐
⏰ Last Name: ⌥ 𝟭𝟭:𝟯𝟵
💜 Auto React [user:7433542559]: 😐
💜 Auto React [user:7433542559]: 😐
💜 Auto React [user:7433542559]: 😐
🎨 اعمال افکت‌های ['mention'] روی: یه بار بشمار
✅ افکت اعمال شد
⏰ Last Name: ⌥ 𝟭𝟭:𝟰𝟬
💜 Auto React [user:7433542559]: 😐
💜 Auto React [user:7433542559]: 😐
🎨 اعمال افکت‌های ['mention'] روی: متین نیست که
✅ افکت اعمال شد
💜 Auto React [user:7433542559]: 😐
🎨 اعمال افکت‌های ['mention'] روی: @Matinlucky 
زنده ای
✅ افکت اعمال شد
💜 Auto React [user:7433542559]: 😐
💜 Auto React [user:6990187779]: ❤️
💜 Auto React [user:7433542559]: 😐
💜 Auto React [user:7433542559]: 😐
⏰ Last Name: ⌥ 𝟭𝟭:𝟰𝟭
🎨 اعمال افکت‌های ['mention'] روی: زدم
✅ افکت اعمال شد
🎨 اعمال افکت‌های ['mention'] روی: عه
✅ افکت اعمال شد
💜 Auto React [user:7433542559]: 😐
💜 Auto React [user:7433542559]: 😐
💜 Auto React [user:7433542559]: 😐
🎨 اعمال افکت‌های ['mention'] روی: 18.184.187.201:42682
✅ افکت اعمال شد
⏰ Last Name: ⌥ 𝟭𝟭:𝟰𝟮
⏰ Last Name: ⌥ 𝟭𝟭:𝟰𝟯
⏰ Last Name: ⌥ 𝟭𝟭:𝟰𝟰
⏰ Last Name: ⌥ 𝟭𝟭:𝟰𝟱
💜 Auto React [user:6990187779]: ❤️
⏰ Last Name: ⌥ 𝟭𝟭:𝟰𝟲
⏰ Last Name: ⌥ 𝟭𝟭:𝟰𝟳
⏰ Last Name: ⌥ 𝟭𝟭:𝟰𝟴
💜 Auto React [user:6990187779]: ❤️
⏰ Last Name: ⌥ 𝟭𝟭:𝟰𝟵
⏰ Last Name: ⌥ 𝟭𝟭:𝟱𝟬
⏰ Last Name: ⌥ 𝟭𝟭:𝟱𝟭
⏰ Last Name: ⌥ 𝟭𝟭:𝟱𝟮
💜 Auto React [user:6990187779]: ❤️
⏰ Last Name: ⌥ 𝟭𝟭:𝟱𝟯
💜 Auto React [user:6990187779]: ❤️
💜 Auto React [user:6990187779]: ❤️
⏰ Last Name: ⌥ 𝟭𝟭:𝟱𝟰
⏰ Last Name: ⌥ 𝟭𝟭:𝟱𝟱
⏰ Last Name: ⌥ 𝟭𝟭:𝟱𝟲
⏰ Last Name: ⌥ 𝟭𝟭:𝟱𝟳
⏰ Last Name: ⌥ 𝟭𝟭:𝟱𝟴
⏰ Last Name: ⌥ 𝟭𝟭:𝟱𝟵
⏰ Last Name: ⌥ 𝟭𝟮:𝟬𝟬
⏰ Last Name: ⌥ 𝟭𝟮:𝟬𝟭
⏰ Last Name: ⌥ 𝟭𝟮:𝟬𝟮
⏰ Last Name: ⌥ 𝟭𝟮:𝟬𝟯
⏰ Last Name: ⌥ 𝟭𝟮:𝟬𝟰
⏰ Last Name: ⌥ 𝟭𝟮:𝟬𝟱
⏰ Last Name: ⌥ 𝟭𝟮:𝟬𝟲
💜 Auto React [user:7433542559]: 😐
⏰ Last Name: ⌥ 𝟭𝟮:𝟬𝟳
💜 Auto React [user:7433542559]: 😐
💜 Auto React [user:7433542559]: 😐
💜 Auto React [user:6990187779]: ❤️
⏰ Last Name: ⌥ 𝟭𝟮:𝟬𝟴
💜 Auto React [user:7433542559]: 😐
💜 Auto React [user:7433542559]: 😐
💜 Auto React [user:7433542559]: 😐
⏰ Last Name: ⌥ 𝟭𝟮:𝟬𝟵
⏰ Last Name: ⌥ 𝟭𝟮:𝟭𝟬
⏰ Last Name: ⌥ 𝟭𝟮:𝟭𝟭
⏰ Last Name: ⌥ 𝟭𝟮:𝟭𝟮
⏰ Last Name: ⌥ 𝟭𝟮:𝟭𝟯
⏰ Last Name: ⌥ 𝟭𝟮:𝟭𝟰
⏰ Last Name: ⌥ 𝟭𝟮:𝟭𝟱
⏰ Last Name: ⌥ 𝟭𝟮:𝟭𝟲
⏰ Last Name: ⌥ 𝟭𝟮:𝟭𝟳
⏰ Last Name: ⌥ 𝟭𝟮:𝟭𝟴
⏰ Last Name: ⌥ 𝟭𝟮:𝟭𝟵
⏰ Last Name: ⌥ 𝟭𝟮:𝟮𝟬
⏰ Last Name: ⌥ 𝟭𝟮:𝟮𝟭
⏰ Last Name: ⌥ 𝟭𝟮:𝟮𝟮
⏰ Last Name: ⌥ 𝟭𝟮:𝟮𝟯
⏰ Last Name: ⌥ 𝟭𝟮:𝟮𝟰
⏰ Last Name: ⌥ 𝟭𝟮:𝟮𝟱
⏰ Last Name: ⌥ 𝟭𝟮:𝟮𝟲
⏰ Last Name: ⌥ 𝟭𝟮:𝟮𝟳
⏰ Last Name: ⌥ 𝟭𝟮:𝟮𝟴
💜 Auto React [user:7433542559]: 😐
💜 Auto React [user:7433542559]: 😐
⏰ Last Name: ⌥ 𝟭𝟮:𝟮𝟵
💜 Auto React [user:7433542559]: 😐
💜 Auto React [user:7433542559]: 😐
💜 Auto React [user:7433542559]: 😐
💜 Auto React [user:7433542559]: 😐
💜 Auto React [user:6990187779]: ❤️
💜 Auto React [user:6990187779]: ❤️
⏰ Last Name: ⌥ 𝟭𝟮:𝟯𝟬
💜 Auto React [user:6990187779]: ❤️
⏰ Last Name: ⌥ 𝟭𝟮:𝟯𝟭
⏰ Last Name: ⌥ 𝟭𝟮:𝟯𝟮
💜 Auto React [user:6990187779]: ❤️
💜 Auto React [user:6990187779]: ❤️
💜 Auto React [user:6990187779]: ❤️
💜 Auto React [user:6990187779]: ❤️
⏰ Last Name: ⌥ 𝟭𝟮:𝟯𝟯
⏰ Last Name: ⌥ 𝟭𝟮:𝟯𝟰
💜 Auto React [user:6990187779]: ❤️
💜 Auto React [user:6990187779]: ❤️
⏰ Last Name: ⌥ 𝟭𝟮:𝟯𝟱
💜 Auto React [user:6990187779]: ❤️
⏰ Last Name: ⌥ 𝟭𝟮:𝟯𝟲
⏰ Last Name: ⌥ 𝟭𝟮:𝟯𝟳
⏰ Last Name: ⌥ 𝟭𝟮:𝟯𝟴
💜 Auto React [user:6990187779]: ❤️
💜 Auto React [user:6990187779]: ❤️
💜 Auto React [user:6990187779]: ❤️
⏰ Last Name: ⌥ 𝟭𝟮:𝟯𝟵
⏰ Last Name: ⌥ 𝟭𝟮:𝟰𝟬
💜 Auto React [user:7433542559]: 😐
💜 Auto React [user:7433542559]: 😐
⏰ Last Name: ⌥ 𝟭𝟮:𝟰𝟭
⏰ Last Name: ⌥ 𝟭𝟮:𝟰𝟮
⏰ Last Name: ⌥ 𝟭𝟮:𝟰𝟯
⏰ Last Name: ⌥ 𝟭𝟮:𝟰𝟰
⏰ Last Name: ⌥ 𝟭𝟮:𝟰𝟱
⏰ Last Name: ⌥ 𝟭𝟮:𝟰𝟲
⏰ Last Name: ⌥ 𝟭𝟮:𝟰𝟳
⏰ Last Name: ⌥ 𝟭𝟮:𝟰𝟴
⏰ Last Name: ⌥ 𝟭𝟮:𝟰𝟵
⏰ Last Name: ⌥ 𝟭𝟮:𝟱𝟬
⏰ Last Name: ⌥ 𝟭𝟮:𝟱𝟭
⏰ Last Name: ⌥ 𝟭𝟮:𝟱𝟮
⏰ Last Name: ⌥ 𝟭𝟮:𝟱𝟯
⏰ Last Name: ⌥ 𝟭𝟮:𝟱𝟰
⏰ Last Name: ⌥ 𝟭𝟮:𝟱𝟱
⏰ Last Name: ⌥ 𝟭𝟮:𝟱𝟲
⏰ Last Name: ⌥ 𝟭𝟮:𝟱𝟳
⏰ Last Name: ⌥ 𝟭𝟮:𝟱𝟴
⏰ Last Name: ⌥ 𝟭𝟮:𝟱𝟵
⏰ Last Name: ⌥ 𝟭𝟯:𝟬𝟬
⏰ Last Name: ⌥ 𝟭𝟯:𝟬𝟭
⏰ Last Name: ⌥ 𝟭𝟯:𝟬𝟮
⏰ Last Name: ⌥ 𝟭𝟯:𝟬𝟯
💜 Auto React [user:6990187779]: ❤️
💜 Auto React [user:6990187779]: ❤️
⏰ Last Name: ⌥ 𝟭𝟯:𝟬𝟰
💜 Auto React [user:6990187779]: ❤️
💜 Auto React [user:6990187779]: ❤️
⏰ Last Name: ⌥ 𝟭𝟯:𝟬𝟱
💜 Auto React [user:7433542559]: 😐
💜 Auto React [user:7433542559]: 😐
💜 Auto React [user:7433542559]: 😐
⏰ Last Name: ⌥ 𝟭𝟯:𝟬𝟲
💜 Auto React [user:7433542559]: 😐
💜 Auto React [user:7433542559]: 😐
⏰ Last Name: ⌥ 𝟭𝟯:𝟬𝟳
💜 Auto React [user:7433542559]: 😐
💜 Auto React [user:7433542559]: 😐
⏰ Last Name: ⌥ 𝟭𝟯:𝟬𝟴
💜 Auto React [user:7433542559]: 😐
💜 Auto React [user:7433542559]: 😐
⏰ Last Name: ⌥ 𝟭𝟯:𝟬𝟵
⏰ Last Name: ⌥ 𝟭𝟯:𝟭𝟬
⏰ Last Name: ⌥ 𝟭𝟯:𝟭𝟭
⏰ Last Name: ⌥ 𝟭𝟯:𝟭𝟮
🎨 اعمال افکت‌های ['mention'] روی: ها
✅ افکت اعمال شد
⏰ Last Name: ⌥ 𝟭𝟯:𝟭𝟯
⏰ Last Name: ⌥ 𝟭𝟯:𝟭𝟰
⏰ Last Name: ⌥ 𝟭𝟯:𝟭𝟱
⏰ Last Name: ⌥ 𝟭𝟯:𝟭𝟲
⏰ Last Name: ⌥ 𝟭𝟯:𝟭𝟳
⏰ Last Name: ⌥ 𝟭𝟯:𝟭𝟴
⏰ Last Name: ⌥ 𝟭𝟯:𝟭𝟵
⏰ Last Name: ⌥ 𝟭𝟯:𝟮𝟬
⏰ Last Name: ⌥ 𝟭𝟯:𝟮𝟭
⏰ Last Name: ⌥ 𝟭𝟯:𝟮𝟮
⏰ Last Name: ⌥ 𝟭𝟯:𝟮𝟯
⏰ Last Name: ⌥ 𝟭𝟯:𝟮𝟰
⏰ Last Name: ⌥ 𝟭𝟯:𝟮𝟱
💜 Auto React [user:6990187779]: ❤️
⏰ Last Name: ⌥ 𝟭𝟯:𝟮𝟲
💜 Auto React [user:6990187779]: ❤️
💜 Auto React [user:6990187779]: ❤️
🎨 اعمال افکت‌های ['mention'] روی: 🧠 I am 54 iq!
⚠️ خطا در ویرایش: The action must be performed through an inline bot callback (caused by EditMessageRequest)
💜 Auto React [user:6990187779]: ❤️
⏰ Last Name: ⌥ 𝟭𝟯:𝟮𝟳
🎨 اعمال افکت‌های ['mention'] روی: 🍆 My cock size is 2cm!
⚠️ خطا در ویرایش: The action must be performed through an inline bot callback (caused by EditMessageRequest)
🎨 اعمال افکت‌های ['mention'] روی: ای با من مشکل داره
✅ افکت اعمال شد
🎨 اعمال افکت‌های ['mention'] روی: 🧠 I am 4 iq!
⚠️ خطا در ویرایش: The action must be performed through an inline bot callback (caused by EditMessageRequest)
🎨 اعمال افکت‌های ['mention'] روی: 🎮 In games world, I'm: Ezio Auditore da Firenze
⚠️ خطا در ویرایش: The action must be performed through an inline bot callback (caused by EditMessageRequest)
⏰ Last Name: ⌥ 𝟭𝟯:𝟮𝟴
💜 Auto React [user:6990187779]: ❤️
💜 Auto React [user:6990187779]: ❤️
💜 Auto React [user:6990187779]: ❤️
⏰ Last Name: ⌥ 𝟭𝟯:𝟮𝟵
💜 Auto React [user:6990187779]: ❤️
💜 Auto React [user:6990187779]: ❤️
💜 Auto React [user:6958501715]: ❤️
💜 Auto React [user:6958501715]: ❤️
⏰ Last Name: ⌥ 𝟭𝟯:𝟯𝟬
💜 Auto React [user:6990187779]: ❤️
💜 Auto React [user:6990187779]: ❤️
💜 Auto React [user:6990187779]: ❤️
⏰ Last Name: ⌥ 𝟭𝟯:𝟯𝟭
⏰ Last Name: ⌥ 𝟭𝟯:𝟯𝟮
⏰ Last Name: ⌥ 𝟭𝟯:𝟯𝟯
⏰ Last Name: ⌥ 𝟭𝟯:𝟯𝟰
⏰ Last Name: ⌥ 𝟭𝟯:𝟯𝟱
⏰ Last Name: ⌥ 𝟭𝟯:𝟯𝟲
⏰ Last Name: ⌥ 𝟭𝟯:𝟯𝟳
⏰ Last Name: ⌥ 𝟭𝟯:𝟯𝟴
⏰ Last Name: ⌥ 𝟭𝟯:𝟯𝟵
⏰ Last Name: ⌥ 𝟭𝟯:𝟰𝟬
⏰ Last Name: ⌥ 𝟭𝟯:𝟰𝟭
⏰ Last Name: ⌥ 𝟭𝟯:𝟰𝟮
⏰ Last Name: ⌥ 𝟭𝟯:𝟰𝟯
⏰ Last Name: ⌥ 𝟭𝟯:𝟰𝟰
⏰ Last Name: ⌥ 𝟭𝟯:𝟰𝟱
⏰ Last Name: ⌥ 𝟭𝟯:𝟰𝟲
⏰ Last Name: ⌥ 𝟭𝟯:𝟰𝟳
⏰ Last Name: ⌥ 𝟭𝟯:𝟰𝟴
⏰ Last Name: ⌥ 𝟭𝟯:𝟰𝟵
⏰ Last Name: ⌥ 𝟭𝟯:𝟱𝟬
⏰ Last Name: ⌥ 𝟭𝟯:𝟱𝟭
⏰ Last Name: ⌥ 𝟭𝟯:𝟱𝟮
⏰ Last Name: ⌥ 𝟭𝟯:𝟱𝟯
⏰ Last Name: ⌥ 𝟭𝟯:𝟱𝟰
⏰ Last Name: ⌥ 𝟭𝟯:𝟱𝟱
⏰ Last Name: ⌥ 𝟭𝟯:𝟱𝟲
🎨 اعمال افکت‌های ['mention'] روی: نه نه نمیتونی فرار کنی
✅ افکت اعمال شد
⏰ Last Name: ⌥ 𝟭𝟯:𝟱𝟳
⏰ Last Name: ⌥ 𝟭𝟯:𝟱𝟴
⏰ Last Name: ⌥ 𝟭𝟯:𝟱𝟵
⏰ Last Name: ⌥ 𝟭𝟰:𝟬𝟬
⏰ Last Name: ⌥ 𝟭𝟰:𝟬𝟭
🎨 اعمال افکت‌های ['mention'] روی: تهش میچرخه میرسه به من اونم 50 سکه
✅ افکت اعمال شد
⏰ Last Name: ⌥ 𝟭𝟰:𝟬𝟮
🎨 اعمال افکت‌های ['mention'] روی: تا اعدام نکنید روسم
✅ افکت اعمال شد
⏰ Last Name: ⌥ 𝟭𝟰:𝟬𝟯
🎨 اعمال افکت‌های ['mention'] روی: بعدا میفهمی
✅ افکت اعمال شد
⏰ Last Name: ⌥ 𝟭𝟰:𝟬𝟰
🎨 اعمال افکت‌های ['mention'] روی: رای علی بلک
✅ افکت اعمال شد
🎨 اعمال افکت‌های ['mention'] روی: میگه به جا کردممم

م اول ن بزاری
✅ افکت اعمال شد
⏰ Last Name: ⌥ 𝟭𝟰:𝟬𝟱
🎨 اعمال افکت‌های ['mention'] روی: تیرات ندیدم
✅ افکت اعمال شد
⏰ Last Name: ⌥ 𝟭𝟰:𝟬𝟲
⏰ Last Name: ⌥ 𝟭𝟰:𝟬𝟳
⏰ Last Name: ⌥ 𝟭𝟰:𝟬𝟴
🎨 اعمال افکت‌های ['mention'] روی: آتیش داریم یه وصعیت کن
✅ افکت اعمال شد
🎨 اعمال افکت‌های ['mention'] روی: چیشو
✅ افکت اعمال شد
⏰ Last Name: ⌥ 𝟭𝟰:𝟬𝟵
⏰ Last Name: ⌥ 𝟭𝟰:𝟭𝟬
⏰ Last Name: ⌥ 𝟭𝟰:𝟭𝟭
⏰ Last Name: ⌥ 𝟭𝟰:𝟭𝟮
⏰ Last Name: ⌥ 𝟭𝟰:𝟭𝟯
⏰ Last Name: ⌥ 𝟭𝟰:𝟭𝟰
⏰ Last Name: ⌥ 𝟭𝟰:𝟭𝟱
⏰ Last Name: ⌥ 𝟭𝟰:𝟭𝟲
⏰ Last Name: ⌥ 𝟭𝟰:𝟭𝟳
⏰ Last Name: ⌥ 𝟭𝟰:𝟭𝟴
⏰ Last Name: ⌥ 𝟭𝟰:𝟭𝟵
🎨 اعمال افکت‌های ['mention'] روی: شکار بشه
✅ افکت اعمال شد
⏰ Last Name: ⌥ 𝟭𝟰:𝟮𝟬
🎨 اعمال افکت‌های ['mention'] روی: حس شکار ور داشتی
✅ افکت اعمال شد
⏰ Last Name: ⌥ 𝟭𝟰:𝟮𝟭
🎨 اعمال افکت‌های ['mention'] روی: تسلیت 
شکار آفه
✅ افکت اعمال شد
🎨 اعمال افکت‌های ['mention'] روی: کی تک فرا بود 
بزنمش فرقه شده
✅ افکت اعمال شد
⏰ Last Name: ⌥ 𝟭𝟰:𝟮𝟮
🎨 اعمال افکت‌های ['mention'] روی: یعتی اعدامش کنیم 

ساده هم زیاد داشتیم
✅ افکت اعمال شد
⏰ Last Name: ⌥ 𝟭𝟰:𝟮𝟯
⏰ Last Name: ⌥ 𝟭𝟰:𝟮𝟰
⏰ Last Name: ⌥ 𝟭𝟰:𝟮𝟱
⏰ Last Name: ⌥ 𝟭𝟰:𝟮𝟲
⏰ Last Name: ⌥ 𝟭𝟰:𝟮𝟳
⏰ Last Name: ⌥ 𝟭𝟰:𝟮𝟴
⏰ Last Name: ⌥ 𝟭𝟰:𝟮𝟵
🎨 اعمال افکت‌های ['mention'] روی: کیلت کیه
✅ افکت اعمال شد
⏰ Last Name: ⌥ 𝟭𝟰:𝟯𝟬
🎨 اعمال افکت‌های ['mention'] روی: من که میدونم آتیش یا فرقی میبره
✅ افکت اعمال شد
🎨 اعمال افکت‌های ['mention'] روی: رو چه حساب ]:
✅ افکت اعمال شد
⏰ Last Name: ⌥ 𝟭𝟰:𝟯𝟭
🎨 اعمال افکت‌های ['mention'] روی: دعوا نکنید یه مساوی بگیرم
✅ افکت اعمال شد
🎨 اعمال افکت‌های ['mention'] روی: عه نشد
✅ افکت اعمال شد
⏰ Last Name: ⌥ 𝟭𝟰:𝟯𝟮
⏰ Last Name: ⌥ 𝟭𝟰:𝟯𝟯
🎨 اعمال افکت‌های ['mention'] روی: فهمیدیم فرقه ای
✅ افکت اعمال شد
🎨 اعمال افکت‌های ['mention'] روی: نصف فرقه آن بقیه روس با یه گرگ
✅ افکت اعمال شد
🎨 اعمال افکت‌های ['mention'] روی: رای آیلین
✅ افکت اعمال شد
⏰ Last Name: ⌥ 𝟭𝟰:𝟯𝟰
🎨 اعمال افکت‌های ['mention'] روی: نه روس باید ببره
✅ افکت اعمال شد
⏰ Last Name: ⌥ 𝟭𝟰:𝟯𝟱
🎨 اعمال افکت‌های ['mention'] روی: اگه روسی بده آیلین
✅ افکت اعمال شد
🎨 اعمال افکت‌های ['mention'] روی: فرقه نبره
✅ افکت اعمال شد
🎨 اعمال افکت‌های ['mention'] روی: روسی ، درست رای بده
✅ افکت اعمال شد
🎨 اعمال افکت‌های ['mention'] روی: نیستن
✅ افکت اعمال شد
⏰ Last Name: ⌥ 𝟭𝟰:𝟯𝟲
🎨 اعمال افکت‌های ['mention'] روی: مساوی میشه
✅ افکت اعمال شد
🎨 اعمال افکت‌های ['mention'] روی: تو بده آیلین
✅ افکت اعمال شد
🎨 اعمال افکت‌های ['mention'] روی: رای نده
✅ افکت اعمال شد
🎨 اعمال افکت‌های ['mention'] روی: گولت میزنن
✅ افکت اعمال شد
🎨 اعمال افکت‌های ['mention'] روی: بده هیلی مساوی شه
✅ افکت اعمال شد
⏰ Last Name: ⌥ 𝟭𝟰:𝟯𝟳
⏰ Last Name: ⌥ 𝟭𝟰:𝟯𝟴
⏰ Last Name: ⌥ 𝟭𝟰:𝟯𝟵
⏰ Last Name: ⌥ 𝟭𝟰:𝟰𝟬
⏰ Last Name: ⌥ 𝟭𝟰:𝟰𝟭
⏰ Last Name: ⌥ 𝟭𝟰:𝟰𝟮
⏰ Last Name: ⌥ 𝟭𝟰:𝟰𝟯
⏰ Last Name: ⌥ 𝟭𝟰:𝟰𝟰
⏰ Last Name: ⌥ 𝟭𝟰:𝟰𝟱
🎨 اعمال افکت‌های ['mention'] روی: هه هه
✅ افکت اعمال شد
⏰ Last Name: ⌥ 𝟭𝟰:𝟰𝟲
⏰ Last Name: ⌥ 𝟭𝟰:𝟰𝟳
⏰ Last Name: ⌥ 𝟭𝟰:𝟰𝟴
⏰ Last Name: ⌥ 𝟭𝟰:𝟰𝟵
💜 Auto React [user:6990187779]: ❤️
💜 Auto React [user:6990187779]: ❤️
💜 Auto React [user:6990187779]: ❤️
⏰ Last Name: ⌥ 𝟭𝟰:𝟱𝟬
⏰ Last Name: ⌥ 𝟭𝟰:𝟱𝟭
⏰ Last Name: ⌥ 𝟭𝟰:𝟱𝟮
🎨 اعمال افکت‌های ['mention'] روی: یکی دیگه گفت نفرینه
✅ افکت اعمال شد
🎨 اعمال افکت‌های ['mention'] روی: من که میگم جفتشون اعدام کنیم
✅ افکت اعمال شد
⏰ Last Name: ⌥ 𝟭𝟰:𝟱𝟯
⏰ Last Name: ⌥ 𝟭𝟰:𝟱𝟰
🎨 اعمال افکت‌های ['mention'] روی: دونفر گفتن نفرین رای بده بهشون
✅ افکت اعمال شد
⏰ Last Name: ⌥ 𝟭𝟰:𝟱𝟱
⏰ Last Name: ⌥ 𝟭𝟰:𝟱𝟲
⏰ Last Name: ⌥ 𝟭𝟰:𝟱𝟳
🎨 اعمال افکت‌های ['mention'] روی: مست اعدام کردی ها
✅ افکت اعمال شد
⏰ Last Name: ⌥ 𝟭𝟰:𝟱𝟴
🎨 اعمال افکت‌های ['mention'] روی: منظورت منم دیگه
✅ افکت اعمال شد
⏰ Last Name: ⌥ 𝟭𝟰:𝟱𝟵
⏰ Last Name: ⌥ 𝟭𝟱:𝟬𝟬
⏰ Last Name: ⌥ 𝟭𝟱:𝟬𝟭
⏰ Last Name: ⌥ 𝟭𝟱:𝟬𝟮
⏰ Last Name: ⌥ 𝟭𝟱:𝟬𝟯
⏰ Last Name: ⌥ 𝟭𝟱:𝟬𝟰
🎨 اعمال افکت‌های ['mention'] روی: رای مصطفی
✅ افکت اعمال شد
⏰ Last Name: ⌥ 𝟭𝟱:𝟬𝟱
⏰ Last Name: ⌥ 𝟭𝟱:𝟬𝟲
⏰ Last Name: ⌥ 𝟭𝟱:𝟬𝟳
⏰ Last Name: ⌥ 𝟭𝟱:𝟬𝟴
💜 Auto React [user:6958501715]: ❤️
⏰ Last Name: ⌥ 𝟭𝟱:𝟬𝟵
⏰ Last Name: ⌥ 𝟭𝟱:𝟭𝟬
🎨 اعمال افکت‌های ['mention'] روی: یه لحظه فک کردم فوش داد
✅ افکت اعمال شد
⏰ Last Name: ⌥ 𝟭𝟱:𝟭𝟭
🎨 اعمال افکت‌های ['mention'] روی: خب الهه ام
✅ افکت اعمال شد
🎨 اعمال افکت‌های ['mention'] روی: رای ندید من
✅ افکت اعمال شد
🎨 اعمال افکت‌های ['mention'] روی: داره یه تنه روسو به کشتن میده این شکار
✅ افکت اعمال شد
⏰ Last Name: ⌥ 𝟭𝟱:𝟭𝟮
⏰ Last Name: ⌥ 𝟭𝟱:𝟭𝟯
⏰ Last Name: ⌥ 𝟭𝟱:𝟭𝟰
⏰ Last Name: ⌥ 𝟭𝟱:𝟭𝟱
⏰ Last Name: ⌥ 𝟭𝟱:𝟭𝟲
🎨 اعمال افکت‌های ['mention'] روی: موضوع به من ربطی نداره ولی مان جات بودم پولمو میگر
✅ افکت اعمال شد
⏰ Last Name: ⌥ 𝟭𝟱:𝟭𝟳
⏰ Last Name: ⌥ 𝟭𝟱:𝟭𝟴
⏰ Last Name: ⌥ 𝟭𝟱:𝟭𝟵
🎨 اعمال افکت‌های ['mention'] روی: دو شبه دارم منفی رو با روس لاور میکنم 
تاج نداره؟
✅ افکت اعمال شد
⏰ Last Name: ⌥ 𝟭𝟱:𝟮𝟬
⏰ Last Name: ⌥ 𝟭𝟱:𝟮𝟭
⏰ Last Name: ⌥ 𝟭𝟱:𝟮𝟮
⏰ Last Name: ⌥ 𝟭𝟱:𝟮𝟯
🎨 اعمال افکت‌های ['mention'] روی: 👤Morteza :
💰s932: 👊pun x10 -> 50 
🌎Telegram
⚠️ خطا در ویرایش: The specified message ID is invalid or you can't do that operation on such message (caused by EditMe
⏰ Last Name: ⌥ 𝟭𝟱:𝟮𝟰
⏰ Last Name: ⌥ 𝟭𝟱:𝟮𝟱
🎨 اعمال افکت‌های ['mention'] روی: خواهیم چه خواهد شد
✅ افکت اعمال شد
🎨 اعمال افکت‌های ['mention'] روی: دید
✅ افکت اعمال شد
⏰ Last Name: ⌥ 𝟭𝟱:𝟮𝟲
🎨 اعمال افکت‌های ['mention'] روی: خب کیو اعدام کنیم
✅ افکت اعمال شد
🎨 اعمال افکت‌های ['mention'] روی: گیر دادی ها
✅ افکت اعمال شد
⏰ Last Name: ⌥ 𝟭𝟱:𝟮𝟳
🎨 اعمال افکت‌های ['mention'] روی: من که میدونم کار کی بود ولی نمیتونم ثابت کنم
✅ افکت اعمال شد
⏰ Last Name: ⌥ 𝟭𝟱:𝟮𝟴
🎨 اعمال افکت‌های ['mention'] روی: بزار منم کیل نقاب بگیرم پس
✅ افکت اعمال شد
⏰ Last Name: ⌥ 𝟭𝟱:𝟮𝟵
⏰ Last Name: ⌥ 𝟭𝟱:𝟯𝟬
🎨 اعمال افکت‌های ['mention'] روی: الهه ام
✅ افکت اعمال شد
⏰ Last Name: ⌥ 𝟭𝟱:𝟯𝟭
🎨 اعمال افکت‌های ['mention'] روی: بکش بیرون از ما
✅ افکت اعمال شد
⏰ Last Name: ⌥ 𝟭𝟱:𝟯𝟮
🎨 اعمال افکت‌های ['mention'] روی: زینب یا ممد امین
✅ افکت اعمال شد
🎨 اعمال افکت‌های ['mention'] روی: استعلام بده حداقل
✅ افکت اعمال شد
⏰ Last Name: ⌥ 𝟭𝟱:𝟯𝟯
🎨 اعمال افکت‌های ['mention'] روی: بدیم زینب اول
✅ افکت اعمال شد
⏰ Last Name: ⌥ 𝟭𝟱:𝟯𝟰
🎨 اعمال افکت‌های ['mention'] روی: خب ممد امین آن شد
✅ افکت اعمال شد
🎨 اعمال افکت‌های ['mention'] روی: گرگه
✅ افکت اعمال شد
⏰ Last Name: ⌥ 𝟭𝟱:𝟯𝟱
🎨 اعمال افکت‌های ['mention'] روی: بله بله روس که مرد لاقل یه بلوف دیگه میزدی
✅ افکت اعمال شد
💜 Auto React [user:6990187779]: ❤️
🎨 اعمال افکت‌های ['mention'] روی: خب ربطی هم نداشته باشه
اون دردسر زده
منم الهه ام
✅ افکت اعمال شد
⏰ Last Name: ⌥ 𝟭𝟱:𝟯𝟲
⏰ Last Name: ⌥ 𝟭𝟱:𝟯𝟳
🎨 اعمال افکت‌های ['mention'] روی: @bahharie 
شانس بیاری دست بعد الهه نشم
✅ افکت اعمال شد
⏰ Last Name: ⌥ 𝟭𝟱:𝟯𝟴
⏰ Last Name: ⌥ 𝟭𝟱:𝟯𝟵
⏰ Last Name: ⌥ 𝟭𝟱:𝟰𝟬
⏰ Last Name: ⌥ 𝟭𝟱:𝟰𝟭
⏰ Last Name: ⌥ 𝟭𝟱:𝟰𝟮
⏰ Last Name: ⌥ 𝟭𝟱:𝟰𝟯
⏰ Last Name: ⌥ 𝟭𝟱:𝟰𝟰
⏰ Last Name: ⌥ 𝟭𝟱:𝟰𝟱
⏰ Last Name: ⌥ 𝟭𝟱:𝟰𝟲
⏰ Last Name: ⌥ 𝟭𝟱:𝟰𝟳
🎨 اعمال افکت‌های ['mention'] روی: مثل همیشه شکار آف
✅ افکت اعمال شد
⏰ Last Name: ⌥ 𝟭𝟱:𝟰𝟴
⏰ Last Name: ⌥ 𝟭𝟱:𝟰𝟵
⏰ Last Name: ⌥ 𝟭𝟱:𝟱𝟬
⏰ Last Name: ⌥ 𝟭𝟱:𝟱𝟭
⏰ Last Name: ⌥ 𝟭𝟱:𝟱𝟮
⏰ Last Name: ⌥ 𝟭𝟱:𝟱𝟯
⏰ Last Name: ⌥ 𝟭𝟱:𝟱𝟰
⏰ Last Name: ⌥ 𝟭𝟱:𝟱𝟱
⏰ Last Name: ⌥ 𝟭𝟱:𝟱𝟲
⏰ Last Name: ⌥ 𝟭𝟱:𝟱𝟳
💜 Auto React [user:6990187779]: ❤️
⏰ Last Name: ⌥ 𝟭𝟱:𝟱𝟴
⏰ Last Name: ⌥ 𝟭𝟱:𝟱𝟵
⏰ Last Name: ⌥ 𝟭𝟲:𝟬𝟬
⏰ Last Name: ⌥ 𝟭𝟲:𝟬𝟭
⏰ Last Name: ⌥ 𝟭𝟲:𝟬𝟮
⏰ Last Name: ⌥ 𝟭𝟲:𝟬𝟯
⏰ Last Name: ⌥ 𝟭𝟲:𝟬𝟰
⏰ Last Name: ⌥ 𝟭𝟲:𝟬𝟱
⏰ Last Name: ⌥ 𝟭𝟲:𝟬𝟲
⏰ Last Name: ⌥ 𝟭𝟲:𝟬𝟳
⏰ Last Name: ⌥ 𝟭𝟲:𝟬𝟴
⏰ Last Name: ⌥ 𝟭𝟲:𝟬𝟵
⏰ Last Name: ⌥ 𝟭𝟲:𝟭𝟬
⏰ Last Name: ⌥ 𝟭𝟲:𝟭𝟭
⏰ Last Name: ⌥ 𝟭𝟲:𝟭𝟮
⏰ Last Name: ⌥ 𝟭𝟲:𝟭𝟯
⏰ Last Name: ⌥ 𝟭𝟲:𝟭𝟰
⏰ Last Name: ⌥ 𝟭𝟲:𝟭𝟱
⏰ Last Name: ⌥ 𝟭𝟲:𝟭𝟲
⏰ Last Name: ⌥ 𝟭𝟲:𝟭𝟳
⏰ Last Name: ⌥ 𝟭𝟲:𝟭𝟴
⏰ Last Name: ⌥ 𝟭𝟲:𝟭𝟵
⏰ Last Name: ⌥ 𝟭𝟲:𝟮𝟬
⏰ Last Name: ⌥ 𝟭𝟲:𝟮𝟭
⏰ Last Name: ⌥ 𝟭𝟲:𝟮𝟮
⏰ Last Name: ⌥ 𝟭𝟲:𝟮𝟯
⏰ Last Name: ⌥ 𝟭𝟲:𝟮𝟰
⏰ Last Name: ⌥ 𝟭𝟲:𝟮𝟱
⏰ Last Name: ⌥ 𝟭𝟲:𝟮𝟲
⏰ Last Name: ⌥ 𝟭𝟲:𝟮𝟳
⏰ Last Name: ⌥ 𝟭𝟲:𝟮𝟴
⏰ Last Name: ⌥ 𝟭𝟲:𝟮𝟵
⏰ Last Name: ⌥ 𝟭𝟲:𝟯𝟬
⏰ Last Name: ⌥ 𝟭𝟲:𝟯𝟭
⏰ Last Name: ⌥ 𝟭𝟲:𝟯𝟮
⏰ Last Name: ⌥ 𝟭𝟲:𝟯𝟯
💜 Auto React [user:6990187779]: ❤️
💜 Auto React [user:6990187779]: ❤️
💜 Auto React [user:6990187779]: ❤️
⏰ Last Name: ⌥ 𝟭𝟲:𝟯𝟰
💜 Auto React [user:6990187779]: ❤️
💜 Auto React [user:6990187779]: ❤️
💜 Auto React [user:6990187779]: ❤️
💜 Auto React [user:6990187779]: ❤️
💜 Auto React [user:6990187779]: ❤️
⏰ Last Name: ⌥ 𝟭𝟲:𝟯𝟱
⏰ Last Name: ⌥ 𝟭𝟲:𝟯𝟲
⏰ Last Name: ⌥ 𝟭𝟲:𝟯𝟳
⏰ Last Name: ⌥ 𝟭𝟲:𝟯𝟴
⏰ Last Name: ⌥ 𝟭𝟲:𝟯𝟵
⏰ Last Name: ⌥ 𝟭𝟲:𝟰𝟬
⏰ Last Name: ⌥ 𝟭𝟲:𝟰𝟭
⏰ Last Name: ⌥ 𝟭𝟲:𝟰𝟮
⏰ Last Name: ⌥ 𝟭𝟲:𝟰𝟯
⏰ Last Name: ⌥ 𝟭𝟲:𝟰𝟰
⏰ Last Name: ⌥ 𝟭𝟲:𝟰𝟱
⏰ Last Name: ⌥ 𝟭𝟲:𝟰𝟲
⏰ Last Name: ⌥ 𝟭𝟲:𝟰𝟳
⏰ Last Name: ⌥ 𝟭𝟲:𝟰𝟴
⏰ Last Name: ⌥ 𝟭𝟲:𝟰𝟵
⏰ Last Name: ⌥ 𝟭𝟲:𝟱𝟬
⏰ Last Name: ⌥ 𝟭𝟲:𝟱𝟭
⏰ Last Name: ⌥ 𝟭𝟲:𝟱𝟮
⏰ Last Name: ⌥ 𝟭𝟲:𝟱𝟯
⏰ Last Name: ⌥ 𝟭𝟲:𝟱𝟰
⏰ Last Name: ⌥ 𝟭𝟲:𝟱𝟱
⏰ Last Name: ⌥ 𝟭𝟲:𝟱𝟲
⏰ Last Name: ⌥ 𝟭𝟲:𝟱𝟳
⏰ Last Name: ⌥ 𝟭𝟲:𝟱𝟴
⏰ Last Name: ⌥ 𝟭𝟲:𝟱𝟵
⏰ Last Name: ⌥ 𝟭𝟳:𝟬𝟬
⏰ Last Name: ⌥ 𝟭𝟳:𝟬𝟭
⏰ Last Name: ⌥ 𝟭𝟳:𝟬𝟮
⏰ Last Name: ⌥ 𝟭𝟳:𝟬𝟯
⏰ Last Name: ⌥ 𝟭𝟳:𝟬𝟰
⏰ Last Name: ⌥ 𝟭𝟳:𝟬𝟱
⏰ Last Name: ⌥ 𝟭𝟳:𝟬𝟲
⏰ Last Name: ⌥ 𝟭𝟳:𝟬𝟳
⏰ Last Name: ⌥ 𝟭𝟳:𝟬𝟴
⏰ Last Name: ⌥ 𝟭𝟳:𝟬𝟵
⏰ Last Name: ⌥ 𝟭𝟳:𝟭𝟬
⏰ Last Name: ⌥ 𝟭𝟳:𝟭𝟭
⏰ Last Name: ⌥ 𝟭𝟳:𝟭𝟮
⏰ Last Name: ⌥ 𝟭𝟳:𝟭𝟯
⏰ Last Name: ⌥ 𝟭𝟳:𝟭𝟰
⏰ Last Name: ⌥ 𝟭𝟳:𝟭𝟱
⏰ Last Name: ⌥ 𝟭𝟳:𝟭𝟲
⏰ Last Name: ⌥ 𝟭𝟳:𝟭𝟳
⏰ Last Name: ⌥ 𝟭𝟳:𝟭𝟴
⏰ Last Name: ⌥ 𝟭𝟳:𝟭𝟵
⏰ Last Name: ⌥ 𝟭𝟳:𝟮𝟬
⏰ Last Name: ⌥ 𝟭𝟳:𝟮𝟭
⏰ Last Name: ⌥ 𝟭𝟳:𝟮𝟮
⏰ Last Name: ⌥ 𝟭𝟳:𝟮𝟯
⏰ Last Name: ⌥ 𝟭𝟳:𝟮𝟰
⏰ Last Name: ⌥ 𝟭𝟳:𝟮𝟱
⏰ Last Name: ⌥ 𝟭𝟳:𝟮𝟲
⏰ Last Name: ⌥ 𝟭𝟳:𝟮𝟳
⏰ Last Name: ⌥ 𝟭𝟳:𝟮𝟴
⏰ Last Name: ⌥ 𝟭𝟳:𝟮𝟵
⏰ Last Name: ⌥ 𝟭𝟳:𝟯𝟬
⏰ Last Name: ⌥ 𝟭𝟳:𝟯𝟭
⏰ Last Name: ⌥ 𝟭𝟳:𝟯𝟮
⏰ Last Name: ⌥ 𝟭𝟳:𝟯𝟯
⏰ Last Name: ⌥ 𝟭𝟳:𝟯𝟰
⏰ Last Name: ⌥ 𝟭𝟳:𝟯𝟱
⏰ Last Name: ⌥ 𝟭𝟳:𝟯𝟲
⏰ Last Name: ⌥ 𝟭𝟳:𝟯𝟳
⏰ Last Name: ⌥ 𝟭𝟳:𝟯𝟴
⏰ Last Name: ⌥ 𝟭𝟳:𝟯𝟵
⏰ Last Name: ⌥ 𝟭𝟳:𝟰𝟬
💜 Auto React [user:6990187779]: ❤️
💜 Auto React [user:6990187779]: ❤️
💜 Auto React [user:8944291576]: 🍌
💜 Auto React [user:6990187779]: ❤️
💜 Auto React [user:8944291576]: 🍌
💜 Auto React [user:6990187779]: ❤️
⏰ Last Name: ⌥ 𝟭𝟳:𝟰𝟭
💜 Auto React [user:6990187779]: ❤️
💜 Auto React [user:8944291576]: 🍌
💜 Auto React [user:6990187779]: ❤️
💜 Auto React [user:8944291576]: 🍌
⏰ Last Name: ⌥ 𝟭𝟳:𝟰𝟮
⏰ Last Name: ⌥ 𝟭𝟳:𝟰𝟯
⏰ Last Name: ⌥ 𝟭𝟳:𝟰𝟰
⏰ Last Name: ⌥ 𝟭𝟳:𝟰𝟱
⏰ Last Name: ⌥ 𝟭𝟳:𝟰𝟲
⏰ Last Name: ⌥ 𝟭𝟳:𝟰𝟳
⏰ Last Name: ⌥ 𝟭𝟳:𝟰𝟴
⏰ Last Name: ⌥ 𝟭𝟳:𝟰𝟵
⏰ Last Name: ⌥ 𝟭𝟳:𝟱𝟬
⏰ Last Name: ⌥ 𝟭𝟳:𝟱𝟭
⏰ Last Name: ⌥ 𝟭𝟳:𝟱𝟮
⏰ Last Name: ⌥ 𝟭𝟳:𝟱𝟯
⏰ Last Name: ⌥ 𝟭𝟳:𝟱𝟰
⏰ Last Name: ⌥ 𝟭𝟳:𝟱𝟱
⏰ Last Name: ⌥ 𝟭𝟳:𝟱𝟲
⏰ Last Name: ⌥ 𝟭𝟳:𝟱𝟳
💜 Auto React [user:7433542559]: 😐
💜 Auto React [user:7433542559]: 😐
💜 Auto React [user:6958501715]: ❤️
⏰ Last Name: ⌥ 𝟭𝟳:𝟱𝟴
⏰ Last Name: ⌥ 𝟭𝟳:𝟱𝟵
⏰ Last Name: ⌥ 𝟭𝟴:𝟬𝟬
⏰ Last Name: ⌥ 𝟭𝟴:𝟬𝟭
⏰ Last Name: ⌥ 𝟭𝟴:𝟬𝟮
⏰ Last Name: ⌥ 𝟭𝟴:𝟬𝟯
⏰ Last Name: ⌥ 𝟭𝟴:𝟬𝟰
⏰ Last Name: ⌥ 𝟭𝟴:𝟬𝟱
⏰ Last Name: ⌥ 𝟭𝟴:𝟬𝟲
⏰ Last Name: ⌥ 𝟭𝟴:𝟬𝟳
⏰ Last Name: ⌥ 𝟭𝟴:𝟬𝟴
⏰ Last Name: ⌥ 𝟭𝟴:𝟬𝟵
⏰ Last Name: ⌥ 𝟭𝟴:𝟭𝟬
⏰ Last Name: ⌥ 𝟭𝟴:𝟭𝟭
⏰ Last Name: ⌥ 𝟭𝟴:𝟭𝟮
⏰ Last Name: ⌥ 𝟭𝟴:𝟭𝟯
⏰ Last Name: ⌥ 𝟭𝟴:𝟭𝟰
⏰ Last Name: ⌥ 𝟭𝟴:𝟭𝟱
⏰ Last Name: ⌥ 𝟭𝟴:𝟭𝟲
⏰ Last Name: ⌥ 𝟭𝟴:𝟭𝟳
⏰ Last Name: ⌥ 𝟭𝟴:𝟭𝟴
⏰ Last Name: ⌥ 𝟭𝟴:𝟭𝟵
⏰ Last Name: ⌥ 𝟭𝟴:𝟮𝟬
⏰ Last Name: ⌥ 𝟭𝟴:𝟮𝟭
⏰ Last Name: ⌥ 𝟭𝟴:𝟮𝟮
⏰ Last Name: ⌥ 𝟭𝟴:𝟮𝟯
⏰ Last Name: ⌥ 𝟭𝟴:𝟮𝟰
⏰ Last Name: ⌥ 𝟭𝟴:𝟮𝟱
⏰ Last Name: ⌥ 𝟭𝟴:𝟮𝟲
⏰ Last Name: ⌥ 𝟭𝟴:𝟮𝟳
⏰ Last Name: ⌥ 𝟭𝟴:𝟮𝟴
⏰ Last Name: ⌥ 𝟭𝟴:𝟮𝟵
⏰ Last Name: ⌥ 𝟭𝟴:𝟯𝟬
⏰ Last Name: ⌥ 𝟭𝟴:𝟯𝟭
⏰ Last Name: ⌥ 𝟭𝟴:𝟯𝟮
⏰ Last Name: ⌥ 𝟭𝟴:𝟯𝟯
⏰ Last Name: ⌥ 𝟭𝟴:𝟯𝟰
⏰ Last Name: ⌥ 𝟭𝟴:𝟯𝟱
⏰ Last Name: ⌥ 𝟭𝟴:𝟯𝟲
⏰ Last Name: ⌥ 𝟭𝟴:𝟯𝟳
⏰ Last Name: ⌥ 𝟭𝟴:𝟯𝟴
⏰ Last Name: ⌥ 𝟭𝟴:𝟯𝟵
⏰ Last Name: ⌥ 𝟭𝟴:𝟰𝟬
⏰ Last Name: ⌥ 𝟭𝟴:𝟰𝟭
⏰ Last Name: ⌥ 𝟭𝟴:𝟰𝟮
⏰ Last Name: ⌥ 𝟭𝟴:𝟰𝟯
⏰ Last Name: ⌥ 𝟭𝟴:𝟰𝟰
⏰ Last Name: ⌥ 𝟭𝟴:𝟰𝟱
⏰ Last Name: ⌥ 𝟭𝟴:𝟰𝟲
⏰ Last Name: ⌥ 𝟭𝟴:𝟰𝟳
⏰ Last Name: ⌥ 𝟭𝟴:𝟰𝟴
⏰ Last Name: ⌥ 𝟭𝟴:𝟰𝟵
⏰ Last Name: ⌥ 𝟭𝟴:𝟱𝟬
⏰ Last Name: ⌥ 𝟭𝟴:𝟱𝟭
⏰ Last Name: ⌥ 𝟭𝟴:𝟱𝟮
⏰ Last Name: ⌥ 𝟭𝟴:𝟱𝟯
⏰ Last Name: ⌥ 𝟭𝟴:𝟱𝟰
⏰ Last Name: ⌥ 𝟭𝟴:𝟱𝟱
⏰ Last Name: ⌥ 𝟭𝟴:𝟱𝟲
⏰ Last Name: ⌥ 𝟭𝟴:𝟱𝟳
⏰ Last Name: ⌥ 𝟭𝟴:𝟱𝟴
⏰ Last Name: ⌥ 𝟭𝟴:𝟱𝟵
⏰ Last Name: ⌥ 𝟭𝟵:𝟬𝟬
⏰ Last Name: ⌥ 𝟭𝟵:𝟬𝟭
⏰ Last Name: ⌥ 𝟭𝟵:𝟬𝟮
⏰ Last Name: ⌥ 𝟭𝟵:𝟬𝟯
💜 Auto React [user:6958501715]: ❤️
⏰ Last Name: ⌥ 𝟭𝟵:𝟬𝟰
⏰ Last Name: ⌥ 𝟭𝟵:𝟬𝟱
⏰ Last Name: ⌥ 𝟭𝟵:𝟬𝟲
⏰ Last Name: ⌥ 𝟭𝟵:𝟬𝟳
⏰ Last Name: ⌥ 𝟭𝟵:𝟬𝟴
⏰ Last Name: ⌥ 𝟭𝟵:𝟬𝟵
⏰ Last Name: ⌥ 𝟭𝟵:𝟭𝟬
⏰ Last Name: ⌥ 𝟭𝟵:𝟭𝟭
⏰ Last Name: ⌥ 𝟭𝟵:𝟭𝟮
⏰ Last Name: ⌥ 𝟭𝟵:𝟭𝟯
⏰ Last Name: ⌥ 𝟭𝟵:𝟭𝟰
⏰ Last Name: ⌥ 𝟭𝟵:𝟭𝟱
⏰ Last Name: ⌥ 𝟭𝟵:𝟭𝟲
⏰ Last Name: ⌥ 𝟭𝟵:𝟭𝟳
⏰ Last Name: ⌥ 𝟭𝟵:𝟭𝟴
⏰ Last Name: ⌥ 𝟭𝟵:𝟭𝟵
⏰ Last Name: ⌥ 𝟭𝟵:𝟮𝟬
⏰ Last Name: ⌥ 𝟭𝟵:𝟮𝟭
💜 Auto React [user:7433542559]: 😐
⏰ Last Name: ⌥ 𝟭𝟵:𝟮𝟮
⏰ Last Name: ⌥ 𝟭𝟵:𝟮𝟯
⏰ Last Name: ⌥ 𝟭𝟵:𝟮𝟰
⏰ Last Name: ⌥ 𝟭𝟵:𝟮𝟱
💜 Auto React [user:7433542559]: 😐
💜 Auto React [user:7433542559]: 😐
💜 Auto React [user:7433542559]: 😐
⏰ Last Name: ⌥ 𝟭𝟵:𝟮𝟲
⏰ Last Name: ⌥ 𝟭𝟵:𝟮𝟳
💜 Auto React [user:7433542559]: 😐
💜 Auto React [user:7433542559]: 😐
💜 Auto React [user:7433542559]: 😐
⏰ Last Name: ⌥ 𝟭𝟵:𝟮𝟴
💜 Auto React [user:7433542559]: 😐
💜 Auto React [user:7433542559]: 😐
💜 Auto React [user:7433542559]: 😐
💜 Auto React [user:7433542559]: 😐
💜 Auto React [user:7433542559]: 😐
⏰ Last Name: ⌥ 𝟭𝟵:𝟮𝟵
💜 Auto React [user:7433542559]: 😐
💜 Auto React [user:7433542559]: 😐
💜 Auto React [user:7433542559]: 😐
💜 Auto React [user:7433542559]: 😐
💜 Auto React [user:7433542559]: 😐
⏰ Last Name: ⌥ 𝟭𝟵:𝟯𝟬
⏰ Last Name: ⌥ 𝟭𝟵:𝟯𝟭
💜 Auto React [user:7433542559]: 😐
💜 Auto React [user:7433542559]: 😐
💜 Auto React [user:7433542559]: 😐
💜 Auto React [user:7433542559]: 😐
⏰ Last Name: ⌥ 𝟭𝟵:𝟯𝟮
⏰ Last Name: ⌥ 𝟭𝟵:𝟯𝟯
💜 Auto React [user:7433542559]: 😐
💜 Auto React [user:7433542559]: 😐
💜 Auto React [user:7433542559]: 😐
💜 Auto React [user:7433542559]: 😐
⏰ Last Name: ⌥ 𝟭𝟵:𝟯𝟰
⏰ Last Name: ⌥ 𝟭𝟵:𝟯𝟱
⏰ Last Name: ⌥ 𝟭𝟵:𝟯𝟲
⏰ Last Name: ⌥ 𝟭𝟵:𝟯𝟳
⏰ Last Name: ⌥ 𝟭𝟵:𝟯𝟴
⏰ Last Name: ⌥ 𝟭𝟵:𝟯𝟵
⏰ Last Name: ⌥ 𝟭𝟵:𝟰𝟬
⏰ Last Name: ⌥ 𝟭𝟵:𝟰𝟭
⏰ Last Name: ⌥ 𝟭𝟵:𝟰𝟮
⏰ Last Name: ⌥ 𝟭𝟵:𝟰𝟯
⏰ Last Name: ⌥ 𝟭𝟵:𝟰𝟰
⏰ Last Name: ⌥ 𝟭𝟵:𝟰𝟱
⏰ Last Name: ⌥ 𝟭𝟵:𝟰𝟲
⏰ Last Name: ⌥ 𝟭𝟵:𝟰𝟳
⏰ Last Name: ⌥ 𝟭𝟵:𝟰𝟴
⏰ Last Name: ⌥ 𝟭𝟵:𝟰𝟵
⏰ Last Name: ⌥ 𝟭𝟵:𝟱𝟬
⏰ Last Name: ⌥ 𝟭𝟵:𝟱𝟭
⏰ Last Name: ⌥ 𝟭𝟵:𝟱𝟮
⏰ Last Name: ⌥ 𝟭𝟵:𝟱𝟯
⏰ Last Name: ⌥ 𝟭𝟵:𝟱𝟰
⏰ Last Name: ⌥ 𝟭𝟵:𝟱𝟱
⏰ Last Name: ⌥ 𝟭𝟵:𝟱𝟲
⏰ Last Name: ⌥ 𝟭𝟵:𝟱𝟳
⏰ Last Name: ⌥ 𝟭𝟵:𝟱𝟴
⏰ Last Name: ⌥ 𝟭𝟵:𝟱𝟵
⏰ Last Name: ⌥ 𝟮𝟬:𝟬𝟬
⏰ Last Name: ⌥ 𝟮𝟬:𝟬𝟭
⏰ Last Name: ⌥ 𝟮𝟬:𝟬𝟮
⏰ Last Name: ⌥ 𝟮𝟬:𝟬𝟯
⏰ Last Name: ⌥ 𝟮𝟬:𝟬𝟰
⏰ Last Name: ⌥ 𝟮𝟬:𝟬𝟱
⏰ Last Name: ⌥ 𝟮𝟬:𝟬𝟲
⏰ Last Name: ⌥ 𝟮𝟬:𝟬𝟳
⏰ Last Name: ⌥ 𝟮𝟬:𝟬𝟴
⏰ Last Name: ⌥ 𝟮𝟬:𝟬𝟵
⏰ Last Name: ⌥ 𝟮𝟬:𝟭𝟬
⏰ Last Name: ⌥ 𝟮𝟬:𝟭𝟭
⏰ Last Name: ⌥ 𝟮𝟬:𝟭𝟮
⏰ Last Name: ⌥ 𝟮𝟬:𝟭𝟯
⏰ Last Name: ⌥ 𝟮𝟬:𝟭𝟰
⏰ Last Name: ⌥ 𝟮𝟬:𝟭𝟱
⏰ Last Name: ⌥ 𝟮𝟬:𝟭𝟲
⏰ Last Name: ⌥ 𝟮𝟬:𝟭𝟳
⏰ Last Name: ⌥ 𝟮𝟬:𝟭𝟴
⏰ Last Name: ⌥ 𝟮𝟬:𝟭𝟵
⏰ Last Name: ⌥ 𝟮𝟬:𝟮𝟬
⏰ Last Name: ⌥ 𝟮𝟬:𝟮𝟭
⏰ Last Name: ⌥ 𝟮𝟬:𝟮𝟮
⏰ Last Name: ⌥ 𝟮𝟬:𝟮𝟯
⏰ Last Name: ⌥ 𝟮𝟬:𝟮𝟰
⏰ Last Name: ⌥ 𝟮𝟬:𝟮𝟱
⏰ Last Name: ⌥ 𝟮𝟬:𝟮𝟲
⏰ Last Name: ⌥ 𝟮𝟬:𝟮𝟳
⏰ Last Name: ⌥ 𝟮𝟬:𝟮𝟴
⏰ Last Name: ⌥ 𝟮𝟬:𝟮𝟵
⏰ Last Name: ⌥ 𝟮𝟬:𝟯𝟬
⏰ Last Name: ⌥ 𝟮𝟬:𝟯𝟭
⏰ Last Name: ⌥ 𝟮𝟬:𝟯𝟮
⏰ Last Name: ⌥ 𝟮𝟬:𝟯𝟯
⏰ Last Name: ⌥ 𝟮𝟬:𝟯𝟰
⏰ Last Name: ⌥ 𝟮𝟬:𝟯𝟱
⏰ Last Name: ⌥ 𝟮𝟬:𝟯𝟲
⏰ Last Name: ⌥ 𝟮𝟬:𝟯𝟳
⏰ Last Name: ⌥ 𝟮𝟬:𝟯𝟴
⏰ Last Name: ⌥ 𝟮𝟬:𝟯𝟵
⏰ Last Name: ⌥ 𝟮𝟬:𝟰𝟬
⏰ Last Name: ⌥ 𝟮𝟬:𝟰𝟭
⏰ Last Name: ⌥ 𝟮𝟬:𝟰𝟮
⏰ Last Name: ⌥ 𝟮𝟬:𝟰𝟯
⏰ Last Name: ⌥ 𝟮𝟬:𝟰𝟰
⏰ Last Name: ⌥ 𝟮𝟬:𝟰𝟱
⏰ Last Name: ⌥ 𝟮𝟬:𝟰𝟲
⏰ Last Name: ⌥ 𝟮𝟬:𝟰𝟳
⏰ Last Name: ⌥ 𝟮𝟬:𝟰𝟴
⏰ Last Name: ⌥ 𝟮𝟬:𝟰𝟵
⏰ Last Name: ⌥ 𝟮𝟬:𝟱𝟬
⏰ Last Name: ⌥ 𝟮𝟬:𝟱𝟭
⏰ Last Name: ⌥ 𝟮𝟬:𝟱𝟮
⏰ Last Name: ⌥ 𝟮𝟬:𝟱𝟯
⏰ Last Name: ⌥ 𝟮𝟬:𝟱𝟰
⏰ Last Name: ⌥ 𝟮𝟬:𝟱𝟱
⏰ Last Name: ⌥ 𝟮𝟬:𝟱𝟲
⏰ Last Name: ⌥ 𝟮𝟬:𝟱𝟳
⏰ Last Name: ⌥ 𝟮𝟬:𝟱𝟴
⏰ Last Name: ⌥ 𝟮𝟬:𝟱𝟵
⏰ Last Name: ⌥ 𝟮𝟭:𝟬𝟬
⏰ Last Name: ⌥ 𝟮𝟭:𝟬𝟭
⏰ Last Name: ⌥ 𝟮𝟭:𝟬𝟮
⏰ Last Name: ⌥ 𝟮𝟭:𝟬𝟯
⏰ Last Name: ⌥ 𝟮𝟭:𝟬𝟰
⏰ Last Name: ⌥ 𝟮𝟭:𝟬𝟱
⏰ Last Name: ⌥ 𝟮𝟭:𝟬𝟲
⏰ Last Name: ⌥ 𝟮𝟭:𝟬𝟳
⏰ Last Name: ⌥ 𝟮𝟭:𝟬𝟴
⏰ Last Name: ⌥ 𝟮𝟭:𝟬𝟵
⏰ Last Name: ⌥ 𝟮𝟭:𝟭𝟬
⏰ Last Name: ⌥ 𝟮𝟭:𝟭𝟭
⏰ Last Name: ⌥ 𝟮𝟭:𝟭𝟮
⏰ Last Name: ⌥ 𝟮𝟭:𝟭𝟯
⏰ Last Name: ⌥ 𝟮𝟭:𝟭𝟰
⏰ Last Name: ⌥ 𝟮𝟭:𝟭𝟱
⏰ Last Name: ⌥ 𝟮𝟭:𝟭𝟲
⏰ Last Name: ⌥ 𝟮𝟭:𝟭𝟳
⏰ Last Name: ⌥ 𝟮𝟭:𝟭𝟴
⏰ Last Name: ⌥ 𝟮𝟭:𝟭𝟵
⏰ Last Name: ⌥ 𝟮𝟭:𝟮𝟬
⏰ Last Name: ⌥ 𝟮𝟭:𝟮𝟭
⏰ Last Name: ⌥ 𝟮𝟭:𝟮𝟮
⏰ Last Name: ⌥ 𝟮𝟭:𝟮𝟯
⏰ Last Name: ⌥ 𝟮𝟭:𝟮𝟰
⏰ Last Name: ⌥ 𝟮𝟭:𝟮𝟱
⏰ Last Name: ⌥ 𝟮𝟭:𝟮𝟲
⏰ Last Name: ⌥ 𝟮𝟭:𝟮𝟳
⏰ Last Name: ⌥ 𝟮𝟭:𝟮𝟴
⏰ Last Name: ⌥ 𝟮𝟭:𝟮𝟵
⏰ Last Name: ⌥ 𝟮𝟭:𝟯𝟬
⏰ Last Name: ⌥ 𝟮𝟭:𝟯𝟭
⏰ Last Name: ⌥ 𝟮𝟭:𝟯𝟮
⏰ Last Name: ⌥ 𝟮𝟭:𝟯𝟯
⏰ Last Name: ⌥ 𝟮𝟭:𝟯𝟰
⏰ Last Name: ⌥ 𝟮𝟭:𝟯𝟱
⏰ Last Name: ⌥ 𝟮𝟭:𝟯𝟲
⏰ Last Name: ⌥ 𝟮𝟭:𝟯𝟳
⏰ Last Name: ⌥ 𝟮𝟭:𝟯𝟴
⏰ Last Name: ⌥ 𝟮𝟭:𝟯𝟵
⏰ Last Name: ⌥ 𝟮𝟭:𝟰𝟬
⏰ Last Name: ⌥ 𝟮𝟭:𝟰𝟭
⏰ Last Name: ⌥ 𝟮𝟭:𝟰𝟮
⏰ Last Name: ⌥ 𝟮𝟭:𝟰𝟯
⏰ Last Name: ⌥ 𝟮𝟭:𝟰𝟰
⏰ Last Name: ⌥ 𝟮𝟭:𝟰𝟱
⏰ Last Name: ⌥ 𝟮𝟭:𝟰𝟲
⏰ Last Name: ⌥ 𝟮𝟭:𝟰𝟳
💜 Auto React [user:6990187779]: ❤️
⏰ Last Name: ⌥ 𝟮𝟭:𝟰𝟴
⏰ Last Name: ⌥ 𝟮𝟭:𝟰𝟵
⏰ Last Name: ⌥ 𝟮𝟭:𝟱𝟬
⏰ Last Name: ⌥ 𝟮𝟭:𝟱𝟭
⏰ Last Name: ⌥ 𝟮𝟭:𝟱𝟮
⏰ Last Name: ⌥ 𝟮𝟭:𝟱𝟯
⏰ Last Name: ⌥ 𝟮𝟭:𝟱𝟰
⏰ Last Name: ⌥ 𝟮𝟭:𝟱𝟱
⏰ Last Name: ⌥ 𝟮𝟭:𝟱𝟲
⏰ Last Name: ⌥ 𝟮𝟭:𝟱𝟳
⏰ Last Name: ⌥ 𝟮𝟭:𝟱𝟴
⏰ Last Name: ⌥ 𝟮𝟭:𝟱𝟵
⏰ Last Name: ⌥ 𝟮𝟮:𝟬𝟬
⏰ Last Name: ⌥ 𝟮𝟮:𝟬𝟭
⏰ Last Name: ⌥ 𝟮𝟮:𝟬𝟮
⏰ Last Name: ⌥ 𝟮𝟮:𝟬𝟯
⏰ Last Name: ⌥ 𝟮𝟮:𝟬𝟰
⏰ Last Name: ⌥ 𝟮𝟮:𝟬𝟱
⏰ Last Name: ⌥ 𝟮𝟮:𝟬𝟲
⏰ Last Name: ⌥ 𝟮𝟮:𝟬𝟳
⏰ Last Name: ⌥ 𝟮𝟮:𝟬𝟴
⏰ Last Name: ⌥ 𝟮𝟮:𝟬𝟵
⏰ Last Name: ⌥ 𝟮𝟮:𝟭𝟬
⏰ Last Name: ⌥ 𝟮𝟮:𝟭𝟭
⏰ Last Name: ⌥ 𝟮𝟮:𝟭𝟮
⏰ Last Name: ⌥ 𝟮𝟮:𝟭𝟯
⏰ Last Name: ⌥ 𝟮𝟮:𝟭𝟰
⏰ Last Name: ⌥ 𝟮𝟮:𝟭𝟱
⏰ Last Name: ⌥ 𝟮𝟮:𝟭𝟲
⏰ Last Name: ⌥ 𝟮𝟮:𝟭𝟳
⏰ Last Name: ⌥ 𝟮𝟮:𝟭𝟴
⏰ Last Name: ⌥ 𝟮𝟮:𝟭𝟵
⏰ Last Name: ⌥ 𝟮𝟮:𝟮𝟬
⏰ Last Name: ⌥ 𝟮𝟮:𝟮𝟭
⏰ Last Name: ⌥ 𝟮𝟮:𝟮𝟮
⏰ Last Name: ⌥ 𝟮𝟮:𝟮𝟯
⏰ Last Name: ⌥ 𝟮𝟮:𝟮𝟰
⏰ Last Name: ⌥ 𝟮𝟮:𝟮𝟱
⏰ Last Name: ⌥ 𝟮𝟮:𝟮𝟲
⏰ Last Name: ⌥ 𝟮𝟮:𝟮𝟳
⏰ Last Name: ⌥ 𝟮𝟮:𝟮𝟴
⏰ Last Name: ⌥ 𝟮𝟮:𝟮𝟵
⏰ Last Name: ⌥ 𝟮𝟮:𝟯𝟬
⏰ Last Name: ⌥ 𝟮𝟮:𝟯𝟭
⏰ Last Name: ⌥ 𝟮𝟮:𝟯𝟮
⏰ Last Name: ⌥ 𝟮𝟮:𝟯𝟯
⏰ Last Name: ⌥ 𝟮𝟮:𝟯𝟰
⏰ Last Name: ⌥ 𝟮𝟮:𝟯𝟱
⏰ Last Name: ⌥ 𝟮𝟮:𝟯𝟲
⏰ Last Name: ⌥ 𝟮𝟮:𝟯𝟳
⏰ Last Name: ⌥ 𝟮𝟮:𝟯𝟴
⏰ Last Name: ⌥ 𝟮𝟮:𝟯𝟵
⏰ Last Name: ⌥ 𝟮𝟮:𝟰𝟬
⏰ Last Name: ⌥ 𝟮𝟮:𝟰𝟭
⏰ Last Name: ⌥ 𝟮𝟮:𝟰𝟮
⏰ Last Name: ⌥ 𝟮𝟮:𝟰𝟯
⏰ Last Name: ⌥ 𝟮𝟮:𝟰𝟰
⏰ Last Name: ⌥ 𝟮𝟮:𝟰𝟱
⏰ Last Name: ⌥ 𝟮𝟮:𝟰𝟲
⏰ Last Name: ⌥ 𝟮𝟮:𝟰𝟳
⏰ Last Name: ⌥ 𝟮𝟮:𝟰𝟴
⏰ Last Name: ⌥ 𝟮𝟮:𝟰𝟵
⏰ Last Name: ⌥ 𝟮𝟮:𝟱𝟬
⏰ Last Name: ⌥ 𝟮𝟮:𝟱𝟭
⏰ Last Name: ⌥ 𝟮𝟮:𝟱𝟮
⏰ Last Name: ⌥ 𝟮𝟮:𝟱𝟯
⏰ Last Name: ⌥ 𝟮𝟮:𝟱𝟰
⏰ Last Name: ⌥ 𝟮𝟮:𝟱𝟱
⏰ Last Name: ⌥ 𝟮𝟮:𝟱𝟲
⏰ Last Name: ⌥ 𝟮𝟮:𝟱𝟳
⏰ Last Name: ⌥ 𝟮𝟮:𝟱𝟴
⏰ Last Name: ⌥ 𝟮𝟮:𝟱𝟵
⏰ Last Name: ⌥ 𝟮𝟯:𝟬𝟬
⏰ Last Name: ⌥ 𝟮𝟯:𝟬𝟭
⏰ Last Name: ⌥ 𝟮𝟯:𝟬𝟮
⏰ Last Name: ⌥ 𝟮𝟯:𝟬𝟯
⏰ Last Name: ⌥ 𝟮𝟯:𝟬𝟰
⏰ Last Name: ⌥ 𝟮𝟯:𝟬𝟱
⏰ Last Name: ⌥ 𝟮𝟯:𝟬𝟲
⏰ Last Name: ⌥ 𝟮𝟯:𝟬𝟳
💜 Auto React [user:6990187779]: ❤️
⏰ Last Name: ⌥ 𝟮𝟯:𝟬𝟴
⏰ Last Name: ⌥ 𝟮𝟯:𝟬𝟵
⏰ Last Name: ⌥ 𝟮𝟯:𝟭𝟬
⏰ Last Name: ⌥ 𝟮𝟯:𝟭𝟭
⏰ Last Name: ⌥ 𝟮𝟯:𝟭𝟮
⏰ Last Name: ⌥ 𝟮𝟯:𝟭𝟯
⏰ Last Name: ⌥ 𝟮𝟯:𝟭𝟰
⏰ Last Name: ⌥ 𝟮𝟯:𝟭𝟱
⏰ Last Name: ⌥ 𝟮𝟯:𝟭𝟲
⏰ Last Name: ⌥ 𝟮𝟯:𝟭𝟳
⏰ Last Name: ⌥ 𝟮𝟯:𝟭𝟴
⏰ Last Name: ⌥ 𝟮𝟯:𝟭𝟵
⏰ Last Name: ⌥ 𝟮𝟯:𝟮𝟬
⏰ Last Name: ⌥ 𝟮𝟯:𝟮𝟭
⏰ Last Name: ⌥ 𝟮𝟯:𝟮𝟮
💜 Auto React [user:7433542559]: 😐
⏰ Last Name: ⌥ 𝟮𝟯:𝟮𝟯
⏰ Last Name: ⌥ 𝟮𝟯:𝟮𝟰
⏰ Last Name: ⌥ 𝟮𝟯:𝟮𝟱
⏰ Last Name: ⌥ 𝟮𝟯:𝟮𝟲
⏰ Last Name: ⌥ 𝟮𝟯:𝟮𝟳
⏰ Last Name: ⌥ 𝟮𝟯:𝟮𝟴
⏰ Last Name: ⌥ 𝟮𝟯:𝟮𝟵
⏰ Last Name: ⌥ 𝟮𝟯:𝟯𝟬
⏰ Last Name: ⌥ 𝟮𝟯:𝟯𝟭
⏰ Last Name: ⌥ 𝟮𝟯:𝟯𝟮
⏰ Last Name: ⌥ 𝟮𝟯:𝟯𝟯
⏰ Last Name: ⌥ 𝟮𝟯:𝟯𝟰
⏰ Last Name: ⌥ 𝟮𝟯:𝟯𝟱
⏰ Last Name: ⌥ 𝟮𝟯:𝟯𝟲
⏰ Last Name: ⌥ 𝟮𝟯:𝟯𝟳
⏰ Last Name: ⌥ 𝟮𝟯:𝟯𝟴
⏰ Last Name: ⌥ 𝟮𝟯:𝟯𝟵
⏰ Last Name: ⌥ 𝟮𝟯:𝟰𝟬
⏰ Last Name: ⌥ 𝟮𝟯:𝟰𝟭
⏰ Last Name: ⌥ 𝟮𝟯:𝟰𝟮
⏰ Last Name: ⌥ 𝟮𝟯:𝟰𝟯
⏰ Last Name: ⌥ 𝟮𝟯:𝟰𝟰
⏰ Last Name: ⌥ 𝟮𝟯:𝟰𝟱
⏰ Last Name: ⌥ 𝟮𝟯:𝟰𝟲
⏰ Last Name: ⌥ 𝟮𝟯:𝟰𝟳
⏰ Last Name: ⌥ 𝟮𝟯:𝟰𝟴
⏰ Last Name: ⌥ 𝟮𝟯:𝟰𝟵
⏰ Last Name: ⌥ 𝟮𝟯:𝟱𝟬
⏰ Last Name: ⌥ 𝟮𝟯:𝟱𝟭
⏰ Last Name: ⌥ 𝟮𝟯:𝟱𝟮
⏰ Last Name: ⌥ 𝟮𝟯:𝟱𝟯
⏰ Last Name: ⌥ 𝟮𝟯:𝟱𝟰
⏰ Last Name: ⌥ 𝟮𝟯:𝟱𝟱
⏰ Last Name: ⌥ 𝟮𝟯:𝟱𝟲
⏰ Last Name: ⌥ 𝟮𝟯:𝟱𝟳
⏰ Last Name: ⌥ 𝟮𝟯:𝟱𝟴
⏰ Last Name: ⌥ 𝟮𝟯:𝟱𝟵
⏰ Last Name: ⌥ 𝟬𝟬:𝟬𝟬
⏰ Last Name: ⌥ 𝟬𝟬:𝟬𝟭
⏰ Last Name: ⌥ 𝟬𝟬:𝟬𝟮
⏰ Last Name: ⌥ 𝟬𝟬:𝟬𝟯
⏰ Last Name: ⌥ 𝟬𝟬:𝟬𝟰
⏰ Last Name: ⌥ 𝟬𝟬:𝟬𝟱
⏰ Last Name: ⌥ 𝟬𝟬:𝟬𝟲
⏰ Last Name: ⌥ 𝟬𝟬:𝟬𝟳
⏰ Last Name: ⌥ 𝟬𝟬:𝟬𝟴
⏰ Last Name: ⌥ 𝟬𝟬:𝟬𝟵
⏰ Last Name: ⌥ 𝟬𝟬:𝟭𝟬
⏰ Last Name: ⌥ 𝟬𝟬:𝟭𝟭
⏰ Last Name: ⌥ 𝟬𝟬:𝟭𝟮
⏰ Last Name: ⌥ 𝟬𝟬:𝟭𝟯
⏰ Last Name: ⌥ 𝟬𝟬:𝟭𝟰
⏰ Last Name: ⌥ 𝟬𝟬:𝟭𝟱
⏰ Last Name: ⌥ 𝟬𝟬:𝟭𝟲
⏰ Last Name: ⌥ 𝟬𝟬:𝟭𝟳
⏰ Last Name: ⌥ 𝟬𝟬:𝟭𝟴
⏰ Last Name: ⌥ 𝟬𝟬:𝟭𝟵
⏰ Last Name: ⌥ 𝟬𝟬:𝟮𝟬
⏰ Last Name: ⌥ 𝟬𝟬:𝟮𝟭
⏰ Last Name: ⌥ 𝟬𝟬:𝟮𝟮
⏰ Last Name: ⌥ 𝟬𝟬:𝟮𝟯
⏰ Last Name: ⌥ 𝟬𝟬:𝟮𝟰
⏰ Last Name: ⌥ 𝟬𝟬:𝟮𝟱
⏰ Last Name: ⌥ 𝟬𝟬:𝟮𝟲
⏰ Last Name: ⌥ 𝟬𝟬:𝟮𝟳
⏰ Last Name: ⌥ 𝟬𝟬:𝟮𝟴
⏰ Last Name: ⌥ 𝟬𝟬:𝟮𝟵
⏰ Last Name: ⌥ 𝟬𝟬:𝟯𝟬
⏰ Last Name: ⌥ 𝟬𝟬:𝟯𝟭
⏰ Last Name: ⌥ 𝟬𝟬:𝟯𝟮
⏰ Last Name: ⌥ 𝟬𝟬:𝟯𝟯
⏰ Last Name: ⌥ 𝟬𝟬:𝟯𝟰
⏰ Last Name: ⌥ 𝟬𝟬:𝟯𝟱
⏰ Last Name: ⌥ 𝟬𝟬:𝟯𝟲
⏰ Last Name: ⌥ 𝟬𝟬:𝟯𝟳
⏰ Last Name: ⌥ 𝟬𝟬:𝟯𝟴
⏰ Last Name: ⌥ 𝟬𝟬:𝟯𝟵
⏰ Last Name: ⌥ 𝟬𝟬:𝟰𝟬
⏰ Last Name: ⌥ 𝟬𝟬:𝟰𝟭
⏰ Last Name: ⌥ 𝟬𝟬:𝟰𝟮
⏰ Last Name: ⌥ 𝟬𝟬:𝟰𝟯
⏰ Last Name: ⌥ 𝟬𝟬:𝟰𝟰
⏰ Last Name: ⌥ 𝟬𝟬:𝟰𝟱
⏰ Last Name: ⌥ 𝟬𝟬:𝟰𝟲
⏰ Last Name: ⌥ 𝟬𝟬:𝟰𝟳
⏰ Last Name: ⌥ 𝟬𝟬:𝟰𝟴
⏰ Last Name: ⌥ 𝟬𝟬:𝟰𝟵
⏰ Last Name: ⌥ 𝟬𝟬:𝟱𝟬
⏰ Last Name: ⌥ 𝟬𝟬:𝟱𝟭
⏰ Last Name: ⌥ 𝟬𝟬:𝟱𝟮
⏰ Last Name: ⌥ 𝟬𝟬:𝟱𝟯
⏰ Last Name: ⌥ 𝟬𝟬:𝟱𝟰
⏰ Last Name: ⌥ 𝟬𝟬:𝟱𝟱
⏰ Last Name: ⌥ 𝟬𝟬:𝟱𝟲
⏰ Last Name: ⌥ 𝟬𝟬:𝟱𝟳
⏰ Last Name: ⌥ 𝟬𝟬:𝟱𝟴
💜 Auto React [user:6990187779]: ❤️
💜 Auto React [user:6990187779]: ❤️
💜 Auto React [user:6990187779]: ❤️
⏰ Last Name: ⌥ 𝟬𝟬:𝟱𝟵
⏰ Last Name: ⌥ 𝟬𝟭:𝟬𝟬
⏰ Last Name: ⌥ 𝟬𝟭:𝟬𝟭
⏰ Last Name: ⌥ 𝟬𝟭:𝟬𝟮
⏰ Last Name: ⌥ 𝟬𝟭:𝟬𝟯
⏰ Last Name: ⌥ 𝟬𝟭:𝟬𝟰
⏰ Last Name: ⌥ 𝟬𝟭:𝟬𝟱
⏰ Last Name: ⌥ 𝟬𝟭:𝟬𝟲
⏰ Last Name: ⌥ 𝟬𝟭:𝟬𝟳
⏰ Last Name: ⌥ 𝟬𝟭:𝟬𝟴
⏰ Last Name: ⌥ 𝟬𝟭:𝟬𝟵
💜 Auto React [user:6990187779]: ❤️
💜 Auto React [user:6990187779]: ❤️
⏰ Last Name: ⌥ 𝟬𝟭:𝟭𝟬
⏰ Last Name: ⌥ 𝟬𝟭:𝟭𝟭
⏰ Last Name: ⌥ 𝟬𝟭:𝟭𝟮
⏰ Last Name: ⌥ 𝟬𝟭:𝟭𝟯
⏰ Last Name: ⌥ 𝟬𝟭:𝟭𝟰
⏰ Last Name: ⌥ 𝟬𝟭:𝟭𝟱
⏰ Last Name: ⌥ 𝟬𝟭:𝟭𝟲
⏰ Last Name: ⌥ 𝟬𝟭:𝟭𝟳
⏰ Last Name: ⌥ 𝟬𝟭:𝟭𝟴
💜 Auto React [user:6990187779]: ❤️
⏰ Last Name: ⌥ 𝟬𝟭:𝟭𝟵
⏰ Last Name: ⌥ 𝟬𝟭:𝟮𝟬
⏰ Last Name: ⌥ 𝟬𝟭:𝟮𝟭
⏰ Last Name: ⌥ 𝟬𝟭:𝟮𝟮
⏰ Last Name: ⌥ 𝟬𝟭:𝟮𝟯
⏰ Last Name: ⌥ 𝟬𝟭:𝟮𝟰
⏰ Last Name: ⌥ 𝟬𝟭:𝟮𝟱
⏰ Last Name: ⌥ 𝟬𝟭:𝟮𝟲
⏰ Last Name: ⌥ 𝟬𝟭:𝟮𝟳
⏰ Last Name: ⌥ 𝟬𝟭:𝟮𝟴
⏰ Last Name: ⌥ 𝟬𝟭:𝟮𝟵
⏰ Last Name: ⌥ 𝟬𝟭:𝟯𝟬
⏰ Last Name: ⌥ 𝟬𝟭:𝟯𝟭
⏰ Last Name: ⌥ 𝟬𝟭:𝟯𝟮
⏰ Last Name: ⌥ 𝟬𝟭:𝟯𝟯
⏰ Last Name: ⌥ 𝟬𝟭:𝟯𝟰
⏰ Last Name: ⌥ 𝟬𝟭:𝟯𝟱
⏰ Last Name: ⌥ 𝟬𝟭:𝟯𝟲
⏰ Last Name: ⌥ 𝟬𝟭:𝟯𝟳
⏰ Last Name: ⌥ 𝟬𝟭:𝟯𝟴
⏰ Last Name: ⌥ 𝟬𝟭:𝟯𝟵
⏰ Last Name: ⌥ 𝟬𝟭:𝟰𝟬
⏰ Last Name: ⌥ 𝟬𝟭:𝟰𝟭
⏰ Last Name: ⌥ 𝟬𝟭:𝟰𝟮
⏰ Last Name: ⌥ 𝟬𝟭:𝟰𝟯
⏰ Last Name: ⌥ 𝟬𝟭:𝟰𝟰
⏰ Last Name: ⌥ 𝟬𝟭:𝟰𝟱
⏰ Last Name: ⌥ 𝟬𝟭:𝟰𝟲
⏰ Last Name: ⌥ 𝟬𝟭:𝟰𝟳
⏰ Last Name: ⌥ 𝟬𝟭:𝟰𝟴
⏰ Last Name: ⌥ 𝟬𝟭:𝟰𝟵
⏰ Last Name: ⌥ 𝟬𝟭:𝟱𝟬
⏰ Last Name: ⌥ 𝟬𝟭:𝟱𝟭
⏰ Last Name: ⌥ 𝟬𝟭:𝟱𝟮
⏰ Last Name: ⌥ 𝟬𝟭:𝟱𝟯
⏰ Last Name: ⌥ 𝟬𝟭:𝟱𝟰
⏰ Last Name: ⌥ 𝟬𝟭:𝟱𝟱
⏰ Last Name: ⌥ 𝟬𝟭:𝟱𝟲
⏰ Last Name: ⌥ 𝟬𝟭:𝟱𝟳
⏰ Last Name: ⌥ 𝟬𝟭:𝟱𝟴
⏰ Last Name: ⌥ 𝟬𝟭:𝟱𝟵
⏰ Last Name: ⌥ 𝟬𝟮:𝟬𝟬
⏰ Last Name: ⌥ 𝟬𝟮:𝟬𝟭
⏰ Last Name: ⌥ 𝟬𝟮:𝟬𝟮
⏰ Last Name: ⌥ 𝟬𝟮:𝟬𝟯
⏰ Last Name: ⌥ 𝟬𝟮:𝟬𝟰
⏰ Last Name: ⌥ 𝟬𝟮:𝟬𝟱
⏰ Last Name: ⌥ 𝟬𝟮:𝟬𝟲
💜 Auto React [user:6990187779]: ❤️
⏰ Last Name: ⌥ 𝟬𝟮:𝟬𝟳
⏰ Last Name: ⌥ 𝟬𝟮:𝟬𝟴
⏰ Last Name: ⌥ 𝟬𝟮:𝟬𝟵
⏰ Last Name: ⌥ 𝟬𝟮:𝟭𝟬
⏰ Last Name: ⌥ 𝟬𝟮:𝟭𝟭
⏰ Last Name: ⌥ 𝟬𝟮:𝟭𝟮
⏰ Last Name: ⌥ 𝟬𝟮:𝟭𝟯
⏰ Last Name: ⌥ 𝟬𝟮:𝟭𝟰
⏰ Last Name: ⌥ 𝟬𝟮:𝟭𝟱
⏰ Last Name: ⌥ 𝟬𝟮:𝟭𝟲
⏰ Last Name: ⌥ 𝟬𝟮:𝟭𝟳
⏰ Last Name: ⌥ 𝟬𝟮:𝟭𝟴
⏰ Last Name: ⌥ 𝟬𝟮:𝟭𝟵
⏰ Last Name: ⌥ 𝟬𝟮:𝟮𝟬
⏰ Last Name: ⌥ 𝟬𝟮:𝟮𝟭
⏰ Last Name: ⌥ 𝟬𝟮:𝟮𝟮
⏰ Last Name: ⌥ 𝟬𝟮:𝟮𝟯
⏰ Last Name: ⌥ 𝟬𝟮:𝟮𝟰
⏰ Last Name: ⌥ 𝟬𝟮:𝟮𝟱
⏰ Last Name: ⌥ 𝟬𝟮:𝟮𝟲
⏰ Last Name: ⌥ 𝟬𝟮:𝟮𝟳
⏰ Last Name: ⌥ 𝟬𝟮:𝟮𝟴
⏰ Last Name: ⌥ 𝟬𝟮:𝟮𝟵
⏰ Last Name: ⌥ 𝟬𝟮:𝟯𝟬
⏰ Last Name: ⌥ 𝟬𝟮:𝟯𝟭
⏰ Last Name: ⌥ 𝟬𝟮:𝟯𝟮
⏰ Last Name: ⌥ 𝟬𝟮:𝟯𝟯
⏰ Last Name: ⌥ 𝟬𝟮:𝟯𝟰
⏰ Last Name: ⌥ 𝟬𝟮:𝟯𝟱
⏰ Last Name: ⌥ 𝟬𝟮:𝟯𝟲
⏰ Last Name: ⌥ 𝟬𝟮:𝟯𝟳
⏰ Last Name: ⌥ 𝟬𝟮:𝟯𝟴
⏰ Last Name: ⌥ 𝟬𝟮:𝟯𝟵
⏰ Last Name: ⌥ 𝟬𝟮:𝟰𝟬
⏰ Last Name: ⌥ 𝟬𝟮:𝟰𝟭
⏰ Last Name: ⌥ 𝟬𝟮:𝟰𝟮
⏰ Last Name: ⌥ 𝟬𝟮:𝟰𝟯
⏰ Last Name: ⌥ 𝟬𝟮:𝟰𝟰
⏰ Last Name: ⌥ 𝟬𝟮:𝟰𝟱
⏰ Last Name: ⌥ 𝟬𝟮:𝟰𝟲
⏰ Last Name: ⌥ 𝟬𝟮:𝟰𝟳
⏰ Last Name: ⌥ 𝟬𝟮:𝟰𝟴
⏰ Last Name: ⌥ 𝟬𝟮:𝟰𝟵
⏰ Last Name: ⌥ 𝟬𝟮:𝟱𝟬
⏰ Last Name: ⌥ 𝟬𝟮:𝟱𝟭
⏰ Last Name: ⌥ 𝟬𝟮:𝟱𝟮
⏰ Last Name: ⌥ 𝟬𝟮:𝟱𝟯
⏰ Last Name: ⌥ 𝟬𝟮:𝟱𝟰
⏰ Last Name: ⌥ 𝟬𝟮:𝟱𝟱
⏰ Last Name: ⌥ 𝟬𝟮:𝟱𝟲
⏰ Last Name: ⌥ 𝟬𝟮:𝟱𝟳
⏰ Last Name: ⌥ 𝟬𝟮:𝟱𝟴
⏰ Last Name: ⌥ 𝟬𝟮:𝟱𝟵
⏰ Last Name: ⌥ 𝟬𝟯:𝟬𝟬
⏰ Last Name: ⌥ 𝟬𝟯:𝟬𝟭
⏰ Last Name: ⌥ 𝟬𝟯:𝟬𝟮
⏰ Last Name: ⌥ 𝟬𝟯:𝟬𝟯
⏰ Last Name: ⌥ 𝟬𝟯:𝟬𝟰
⏰ Last Name: ⌥ 𝟬𝟯:𝟬𝟱
⏰ Last Name: ⌥ 𝟬𝟯:𝟬𝟲
⏰ Last Name: ⌥ 𝟬𝟯:𝟬𝟳
⏰ Last Name: ⌥ 𝟬𝟯:𝟬𝟴
⏰ Last Name: ⌥ 𝟬𝟯:𝟬𝟵
⏰ Last Name: ⌥ 𝟬𝟯:𝟭𝟬
⏰ Last Name: ⌥ 𝟬𝟯:𝟭𝟭
⏰ Last Name: ⌥ 𝟬𝟯:𝟭𝟮
⏰ Last Name: ⌥ 𝟬𝟯:𝟭𝟯
⏰ Last Name: ⌥ 𝟬𝟯:𝟭𝟰
⏰ Last Name: ⌥ 𝟬𝟯:𝟭𝟱
⏰ Last Name: ⌥ 𝟬𝟯:𝟭𝟲
⏰ Last Name: ⌥ 𝟬𝟯:𝟭𝟳
⏰ Last Name: ⌥ 𝟬𝟯:𝟭𝟴
⏰ Last Name: ⌥ 𝟬𝟯:𝟭𝟵
⏰ Last Name: ⌥ 𝟬𝟯:𝟮𝟬
⏰ Last Name: ⌥ 𝟬𝟯:𝟮𝟭
⏰ Last Name: ⌥ 𝟬𝟯:𝟮𝟮
⏰ Last Name: ⌥ 𝟬𝟯:𝟮𝟯
⏰ Last Name: ⌥ 𝟬𝟯:𝟮𝟰
⏰ Last Name: ⌥ 𝟬𝟯:𝟮𝟱
⏰ Last Name: ⌥ 𝟬𝟯:𝟮𝟲
⏰ Last Name: ⌥ 𝟬𝟯:𝟮𝟳
⏰ Last Name: ⌥ 𝟬𝟯:𝟮𝟴
⏰ Last Name: ⌥ 𝟬𝟯:𝟮𝟵
⏰ Last Name: ⌥ 𝟬𝟯:𝟯𝟬
⏰ Last Name: ⌥ 𝟬𝟯:𝟯𝟭
⏰ Last Name: ⌥ 𝟬𝟯:𝟯𝟮
⏰ Last Name: ⌥ 𝟬𝟯:𝟯𝟯
⏰ Last Name: ⌥ 𝟬𝟯:𝟯𝟰
⏰ Last Name: ⌥ 𝟬𝟯:𝟯𝟱
⏰ Last Name: ⌥ 𝟬𝟯:𝟯𝟲
⏰ Last Name: ⌥ 𝟬𝟯:𝟯𝟳
⏰ Last Name: ⌥ 𝟬𝟯:𝟯𝟴
⏰ Last Name: ⌥ 𝟬𝟯:𝟯𝟵
⏰ Last Name: ⌥ 𝟬𝟯:𝟰𝟬
⏰ Last Name: ⌥ 𝟬𝟯:𝟰𝟭
⏰ Last Name: ⌥ 𝟬𝟯:𝟰𝟮
⏰ Last Name: ⌥ 𝟬𝟯:𝟰𝟯
⏰ Last Name: ⌥ 𝟬𝟯:𝟰𝟰
⏰ Last Name: ⌥ 𝟬𝟯:𝟰𝟱
⏰ Last Name: ⌥ 𝟬𝟯:𝟰𝟲
⏰ Last Name: ⌥ 𝟬𝟯:𝟰𝟳
⏰ Last Name: ⌥ 𝟬𝟯:𝟰𝟴
⏰ Last Name: ⌥ 𝟬𝟯:𝟰𝟵
⏰ Last Name: ⌥ 𝟬𝟯:𝟱𝟬
⏰ Last Name: ⌥ 𝟬𝟯:𝟱𝟭
⏰ Last Name: ⌥ 𝟬𝟯:𝟱𝟮
⏰ Last Name: ⌥ 𝟬𝟯:𝟱𝟯
⏰ Last Name: ⌥ 𝟬𝟯:𝟱𝟰
⏰ Last Name: ⌥ 𝟬𝟯:𝟱𝟱
⏰ Last Name: ⌥ 𝟬𝟯:𝟱𝟲
⏰ Last Name: ⌥ 𝟬𝟯:𝟱𝟳
⏰ Last Name: ⌥ 𝟬𝟯:𝟱𝟴
⏰ Last Name: ⌥ 𝟬𝟯:𝟱𝟵
⏰ Last Name: ⌥ 𝟬𝟰:𝟬𝟬
⏰ Last Name: ⌥ 𝟬𝟰:𝟬𝟭
⏰ Last Name: ⌥ 𝟬𝟰:𝟬𝟮
⏰ Last Name: ⌥ 𝟬𝟰:𝟬𝟯
⏰ Last Name: ⌥ 𝟬𝟰:𝟬𝟰
⏰ Last Name: ⌥ 𝟬𝟰:𝟬𝟱
⏰ Last Name: ⌥ 𝟬𝟰:𝟬𝟲
⏰ Last Name: ⌥ 𝟬𝟰:𝟬𝟳
⏰ Last Name: ⌥ 𝟬𝟰:𝟬𝟴
⏰ Last Name: ⌥ 𝟬𝟰:𝟬𝟵
⏰ Last Name: ⌥ 𝟬𝟰:𝟭𝟬
⏰ Last Name: ⌥ 𝟬𝟰:𝟭𝟭
⏰ Last Name: ⌥ 𝟬𝟰:𝟭𝟮
⏰ Last Name: ⌥ 𝟬𝟰:𝟭𝟯
⏰ Last Name: ⌥ 𝟬𝟰:𝟭𝟰
⏰ Last Name: ⌥ 𝟬𝟰:𝟭𝟱
⏰ Last Name: ⌥ 𝟬𝟰:𝟭𝟲
⏰ Last Name: ⌥ 𝟬𝟰:𝟭𝟳
⏰ Last Name: ⌥ 𝟬𝟰:𝟭𝟴
⏰ Last Name: ⌥ 𝟬𝟰:𝟭𝟵
⏰ Last Name: ⌥ 𝟬𝟰:𝟮𝟬
⏰ Last Name: ⌥ 𝟬𝟰:𝟮𝟭
⏰ Last Name: ⌥ 𝟬𝟰:𝟮𝟮
⏰ Last Name: ⌥ 𝟬𝟰:𝟮𝟯
⏰ Last Name: ⌥ 𝟬𝟰:𝟮𝟰
⏰ Last Name: ⌥ 𝟬𝟰:𝟮𝟱
⏰ Last Name: ⌥ 𝟬𝟰:𝟮𝟲
⏰ Last Name: ⌥ 𝟬𝟰:𝟮𝟳
⏰ Last Name: ⌥ 𝟬𝟰:𝟮𝟴
⏰ Last Name: ⌥ 𝟬𝟰:𝟮𝟵
⏰ Last Name: ⌥ 𝟬𝟰:𝟯𝟬
⏰ Last Name: ⌥ 𝟬𝟰:𝟯𝟭
⏰ Last Name: ⌥ 𝟬𝟰:𝟯𝟮
⏰ Last Name: ⌥ 𝟬𝟰:𝟯𝟯
⏰ Last Name: ⌥ 𝟬𝟰:𝟯𝟰
⏰ Last Name: ⌥ 𝟬𝟰:𝟯𝟱
⏰ Last Name: ⌥ 𝟬𝟰:𝟯𝟲
⏰ Last Name: ⌥ 𝟬𝟰:𝟯𝟳
⏰ Last Name: ⌥ 𝟬𝟰:𝟯𝟴
💜 Auto React [user:6990187779]: ❤️
⏰ Last Name: ⌥ 𝟬𝟰:𝟯𝟵
⏰ Last Name: ⌥ 𝟬𝟰:𝟰𝟬
⏰ Last Name: ⌥ 𝟬𝟰:𝟰𝟭
⏰ Last Name: ⌥ 𝟬𝟰:𝟰𝟮
⏰ Last Name: ⌥ 𝟬𝟰:𝟰𝟯
⏰ Last Name: ⌥ 𝟬𝟰:𝟰𝟰
⏰ Last Name: ⌥ 𝟬𝟰:𝟰𝟱
⏰ Last Name: ⌥ 𝟬𝟰:𝟰𝟲
⏰ Last Name: ⌥ 𝟬𝟰:𝟰𝟳
⏰ Last Name: ⌥ 𝟬𝟰:𝟰𝟴
⏰ Last Name: ⌥ 𝟬𝟰:𝟰𝟵
⏰ Last Name: ⌥ 𝟬𝟰:𝟱𝟬
⏰ Last Name: ⌥ 𝟬𝟰:𝟱𝟭
⏰ Last Name: ⌥ 𝟬𝟰:𝟱𝟮
⏰ Last Name: ⌥ 𝟬𝟰:𝟱𝟯
⏰ Last Name: ⌥ 𝟬𝟰:𝟱𝟰
⏰ Last Name: ⌥ 𝟬𝟰:𝟱𝟱
⏰ Last Name: ⌥ 𝟬𝟰:𝟱𝟲
⏰ Last Name: ⌥ 𝟬𝟰:𝟱𝟳
⏰ Last Name: ⌥ 𝟬𝟰:𝟱𝟴
⏰ Last Name: ⌥ 𝟬𝟰:𝟱𝟵
⏰ Last Name: ⌥ 𝟬𝟱:𝟬𝟬
⏰ Last Name: ⌥ 𝟬𝟱:𝟬𝟭
⏰ Last Name: ⌥ 𝟬𝟱:𝟬𝟮
⏰ Last Name: ⌥ 𝟬𝟱:𝟬𝟯
⏰ Last Name: ⌥ 𝟬𝟱:𝟬𝟰
⏰ Last Name: ⌥ 𝟬𝟱:𝟬𝟱
⏰ Last Name: ⌥ 𝟬𝟱:𝟬𝟲
⏰ Last Name: ⌥ 𝟬𝟱:𝟬𝟳
⏰ Last Name: ⌥ 𝟬𝟱:𝟬𝟴
⏰ Last Name: ⌥ 𝟬𝟱:𝟬𝟵
⏰ Last Name: ⌥ 𝟬𝟱:𝟭𝟬
⏰ Last Name: ⌥ 𝟬𝟱:𝟭𝟭
⏰ Last Name: ⌥ 𝟬𝟱:𝟭𝟮
⏰ Last Name: ⌥ 𝟬𝟱:𝟭𝟯
⏰ Last Name: ⌥ 𝟬𝟱:𝟭𝟰
⏰ Last Name: ⌥ 𝟬𝟱:𝟭𝟱
⏰ Last Name: ⌥ 𝟬𝟱:𝟭𝟲
⏰ Last Name: ⌥ 𝟬𝟱:𝟭𝟳
⏰ Last Name: ⌥ 𝟬𝟱:𝟭𝟴
⏰ Last Name: ⌥ 𝟬𝟱:𝟭𝟵
⏰ Last Name: ⌥ 𝟬𝟱:𝟮𝟬
⏰ Last Name: ⌥ 𝟬𝟱:𝟮𝟭
⏰ Last Name: ⌥ 𝟬𝟱:𝟮𝟮
⏰ Last Name: ⌥ 𝟬𝟱:𝟮𝟯
⏰ Last Name: ⌥ 𝟬𝟱:𝟮𝟰
⏰ Last Name: ⌥ 𝟬𝟱:𝟮𝟱
⏰ Last Name: ⌥ 𝟬𝟱:𝟮𝟲
⏰ Last Name: ⌥ 𝟬𝟱:𝟮𝟳
⏰ Last Name: ⌥ 𝟬𝟱:𝟮𝟴
⏰ Last Name: ⌥ 𝟬𝟱:𝟮𝟵
⏰ Last Name: ⌥ 𝟬𝟱:𝟯𝟬
⏰ Last Name: ⌥ 𝟬𝟱:𝟯𝟭
⏰ Last Name: ⌥ 𝟬𝟱:𝟯𝟮
⏰ Last Name: ⌥ 𝟬𝟱:𝟯𝟯
⏰ Last Name: ⌥ 𝟬𝟱:𝟯𝟰
⏰ Last Name: ⌥ 𝟬𝟱:𝟯𝟱
⏰ Last Name: ⌥ 𝟬𝟱:𝟯𝟲
⏰ Last Name: ⌥ 𝟬𝟱:𝟯𝟳
⏰ Last Name: ⌥ 𝟬𝟱:𝟯𝟴
⏰ Last Name: ⌥ 𝟬𝟱:𝟯𝟵
⏰ Last Name: ⌥ 𝟬𝟱:𝟰𝟬
⏰ Last Name: ⌥ 𝟬𝟱:𝟰𝟭
⏰ Last Name: ⌥ 𝟬𝟱:𝟰𝟮
⏰ Last Name: ⌥ 𝟬𝟱:𝟰𝟯
⏰ Last Name: ⌥ 𝟬𝟱:𝟰𝟰
⏰ Last Name: ⌥ 𝟬𝟱:𝟰𝟱
⏰ Last Name: ⌥ 𝟬𝟱:𝟰𝟲
⏰ Last Name: ⌥ 𝟬𝟱:𝟰𝟳
⏰ Last Name: ⌥ 𝟬𝟱:𝟰𝟴
⏰ Last Name: ⌥ 𝟬𝟱:𝟰𝟵
⏰ Last Name: ⌥ 𝟬𝟱:𝟱𝟬
⏰ Last Name: ⌥ 𝟬𝟱:𝟱𝟭
⏰ Last Name: ⌥ 𝟬𝟱:𝟱𝟮
⏰ Last Name: ⌥ 𝟬𝟱:𝟱𝟯
⏰ Last Name: ⌥ 𝟬𝟱:𝟱𝟰
⏰ Last Name: ⌥ 𝟬𝟱:𝟱𝟱
⏰ Last Name: ⌥ 𝟬𝟱:𝟱𝟲
⏰ Last Name: ⌥ 𝟬𝟱:𝟱𝟳
⏰ Last Name: ⌥ 𝟬𝟱:𝟱𝟴
⏰ Last Name: ⌥ 𝟬𝟱:𝟱𝟵
⏰ Last Name: ⌥ 𝟬𝟲:𝟬𝟬
⏰ Last Name: ⌥ 𝟬𝟲:𝟬𝟭
⏰ Last Name: ⌥ 𝟬𝟲:𝟬𝟮
⏰ Last Name: ⌥ 𝟬𝟲:𝟬𝟯
⏰ Last Name: ⌥ 𝟬𝟲:𝟬𝟰
⏰ Last Name: ⌥ 𝟬𝟲:𝟬𝟱
⏰ Last Name: ⌥ 𝟬𝟲:𝟬𝟲
⏰ Last Name: ⌥ 𝟬𝟲:𝟬𝟳
⏰ Last Name: ⌥ 𝟬𝟲:𝟬𝟴
⏰ Last Name: ⌥ 𝟬𝟲:𝟬𝟵
⏰ Last Name: ⌥ 𝟬𝟲:𝟭𝟬
⏰ Last Name: ⌥ 𝟬𝟲:𝟭𝟭
⏰ Last Name: ⌥ 𝟬𝟲:𝟭𝟮
⏰ Last Name: ⌥ 𝟬𝟲:𝟭𝟯
⏰ Last Name: ⌥ 𝟬𝟲:𝟭𝟰
⏰ Last Name: ⌥ 𝟬𝟲:𝟭𝟱
⏰ Last Name: ⌥ 𝟬𝟲:𝟭𝟲
⏰ Last Name: ⌥ 𝟬𝟲:𝟭𝟳
⏰ Last Name: ⌥ 𝟬𝟲:𝟭𝟴
⏰ Last Name: ⌥ 𝟬𝟲:𝟭𝟵
⏰ Last Name: ⌥ 𝟬𝟲:𝟮𝟬
⏰ Last Name: ⌥ 𝟬𝟲:𝟮𝟭
⏰ Last Name: ⌥ 𝟬𝟲:𝟮𝟮
⏰ Last Name: ⌥ 𝟬𝟲:𝟮𝟯
⏰ Last Name: ⌥ 𝟬𝟲:𝟮𝟰
⏰ Last Name: ⌥ 𝟬𝟲:𝟮𝟱
⏰ Last Name: ⌥ 𝟬𝟲:𝟮𝟲
⏰ Last Name: ⌥ 𝟬𝟲:𝟮𝟳
⏰ Last Name: ⌥ 𝟬𝟲:𝟮𝟴
⏰ Last Name: ⌥ 𝟬𝟲:𝟮𝟵
⏰ Last Name: ⌥ 𝟬𝟲:𝟯𝟬
⏰ Last Name: ⌥ 𝟬𝟲:𝟯𝟭
⏰ Last Name: ⌥ 𝟬𝟲:𝟯𝟮
⏰ Last Name: ⌥ 𝟬𝟲:𝟯𝟯
⏰ Last Name: ⌥ 𝟬𝟲:𝟯𝟰
⏰ Last Name: ⌥ 𝟬𝟲:𝟯𝟱
⏰ Last Name: ⌥ 𝟬𝟲:𝟯𝟲
⏰ Last Name: ⌥ 𝟬𝟲:𝟯𝟳
⏰ Last Name: ⌥ 𝟬𝟲:𝟯𝟴
⏰ Last Name: ⌥ 𝟬𝟲:𝟯𝟵
⏰ Last Name: ⌥ 𝟬𝟲:𝟰𝟬
⏰ Last Name: ⌥ 𝟬𝟲:𝟰𝟭
⏰ Last Name: ⌥ 𝟬𝟲:𝟰𝟮
⏰ Last Name: ⌥ 𝟬𝟲:𝟰𝟯
⏰ Last Name: ⌥ 𝟬𝟲:𝟰𝟰
⏰ Last Name: ⌥ 𝟬𝟲:𝟰𝟱
⏰ Last Name: ⌥ 𝟬𝟲:𝟰𝟲
⏰ Last Name: ⌥ 𝟬𝟲:𝟰𝟳
⏰ Last Name: ⌥ 𝟬𝟲:𝟰𝟴
⏰ Last Name: ⌥ 𝟬𝟲:𝟰𝟵
⏰ Last Name: ⌥ 𝟬𝟲:𝟱𝟬
⏰ Last Name: ⌥ 𝟬𝟲:𝟱𝟭
⏰ Last Name: ⌥ 𝟬𝟲:𝟱𝟮
⏰ Last Name: ⌥ 𝟬𝟲:𝟱𝟯
⏰ Last Name: ⌥ 𝟬𝟲:𝟱𝟰
⏰ Last Name: ⌥ 𝟬𝟲:𝟱𝟱
⏰ Last Name: ⌥ 𝟬𝟲:𝟱𝟲
⏰ Last Name: ⌥ 𝟬𝟲:𝟱𝟳
⏰ Last Name: ⌥ 𝟬𝟲:𝟱𝟴
⏰ Last Name: ⌥ 𝟬𝟲:𝟱𝟵
⏰ Last Name: ⌥ 𝟬𝟳:𝟬𝟬
⏰ Last Name: ⌥ 𝟬𝟳:𝟬𝟭
⏰ Last Name: ⌥ 𝟬𝟳:𝟬𝟮
⏰ Last Name: ⌥ 𝟬𝟳:𝟬𝟯
⏰ Last Name: ⌥ 𝟬𝟳:𝟬𝟰
⏰ Last Name: ⌥ 𝟬𝟳:𝟬𝟱
⏰ Last Name: ⌥ 𝟬𝟳:𝟬𝟲
⏰ Last Name: ⌥ 𝟬𝟳:𝟬𝟳
⏰ Last Name: ⌥ 𝟬𝟳:𝟬𝟴
⏰ Last Name: ⌥ 𝟬𝟳:𝟬𝟵
⏰ Last Name: ⌥ 𝟬𝟳:𝟭𝟬
⏰ Last Name: ⌥ 𝟬𝟳:𝟭𝟭
⏰ Last Name: ⌥ 𝟬𝟳:𝟭𝟮
⏰ Last Name: ⌥ 𝟬𝟳:𝟭𝟯
⏰ Last Name: ⌥ 𝟬𝟳:𝟭𝟰
⏰ Last Name: ⌥ 𝟬𝟳:𝟭𝟱
⏰ Last Name: ⌥ 𝟬𝟳:𝟭𝟲
⏰ Last Name: ⌥ 𝟬𝟳:𝟭𝟳
⏰ Last Name: ⌥ 𝟬𝟳:𝟭𝟴
⏰ Last Name: ⌥ 𝟬𝟳:𝟭𝟵
⏰ Last Name: ⌥ 𝟬𝟳:𝟮𝟬
⏰ Last Name: ⌥ 𝟬𝟳:𝟮𝟭
⏰ Last Name: ⌥ 𝟬𝟳:𝟮𝟮
⏰ Last Name: ⌥ 𝟬𝟳:𝟮𝟯
⏰ Last Name: ⌥ 𝟬𝟳:𝟮𝟰
⏰ Last Name: ⌥ 𝟬𝟳:𝟮𝟱
⏰ Last Name: ⌥ 𝟬𝟳:𝟮𝟲
⏰ Last Name: ⌥ 𝟬𝟳:𝟮𝟳
⏰ Last Name: ⌥ 𝟬𝟳:𝟮𝟴
⏰ Last Name: ⌥ 𝟬𝟳:𝟮𝟵
⏰ Last Name: ⌥ 𝟬𝟳:𝟯𝟬
⏰ Last Name: ⌥ 𝟬𝟳:𝟯𝟭
⏰ Last Name: ⌥ 𝟬𝟳:𝟯𝟮
⏰ Last Name: ⌥ 𝟬𝟳:𝟯𝟯
⏰ Last Name: ⌥ 𝟬𝟳:𝟯𝟰
⏰ Last Name: ⌥ 𝟬𝟳:𝟯𝟱
⏰ Last Name: ⌥ 𝟬𝟳:𝟯𝟲
⏰ Last Name: ⌥ 𝟬𝟳:𝟯𝟳
⏰ Last Name: ⌥ 𝟬𝟳:𝟯𝟴
💜 Auto React [user:6990187779]: ❤️
💜 Auto React [user:6990187779]: ❤️
⏰ Last Name: ⌥ 𝟬𝟳:𝟯𝟵
💜 Auto React [user:6990187779]: ❤️
💜 Auto React [user:8944291576]: 🍌
⏰ Last Name: ⌥ 𝟬𝟳:𝟰𝟬
💜 Auto React [user:6990187779]: ❤️
💜 Auto React [user:8944291576]: 🍌
💜 Auto React [user:6990187779]: ❤️
💜 Auto React [user:8944291576]: 🍌
⏰ Last Name: ⌥ 𝟬𝟳:𝟰𝟭
💜 Auto React [user:6990187779]: ❤️
⏰ Last Name: ⌥ 𝟬𝟳:𝟰𝟮
⏰ Last Name: ⌥ 𝟬𝟳:𝟰𝟯
⏰ Last Name: ⌥ 𝟬𝟳:𝟰𝟰
⏰ Last Name: ⌥ 𝟬𝟳:𝟰𝟱
⏰ Last Name: ⌥ 𝟬𝟳:𝟰𝟲
⏰ Last Name: ⌥ 𝟬𝟳:𝟰𝟳
⏰ Last Name: ⌥ 𝟬𝟳:𝟰𝟴
⏰ Last Name: ⌥ 𝟬𝟳:𝟰𝟵
⏰ Last Name: ⌥ 𝟬𝟳:𝟱𝟬
⏰ Last Name: ⌥ 𝟬𝟳:𝟱𝟭
⏰ Last Name: ⌥ 𝟬𝟳:𝟱𝟮
⏰ Last Name: ⌥ 𝟬𝟳:𝟱𝟯
⏰ Last Name: ⌥ 𝟬𝟳:𝟱𝟰
⏰ Last Name: ⌥ 𝟬𝟳:𝟱𝟱
⏰ Last Name: ⌥ 𝟬𝟳:𝟱𝟲
⏰ Last Name: ⌥ 𝟬𝟳:𝟱𝟳
⏰ Last Name: ⌥ 𝟬𝟳:𝟱𝟴
⏰ Last Name: ⌥ 𝟬𝟳:𝟱𝟵
⏰ Last Name: ⌥ 𝟬𝟴:𝟬𝟬
⏰ Last Name: ⌥ 𝟬𝟴:𝟬𝟭
⏰ Last Name: ⌥ 𝟬𝟴:𝟬𝟮
⏰ Last Name: ⌥ 𝟬𝟴:𝟬𝟯
⏰ Last Name: ⌥ 𝟬𝟴:𝟬𝟰
⏰ Last Name: ⌥ 𝟬𝟴:𝟬𝟱
⏰ Last Name: ⌥ 𝟬𝟴:𝟬𝟲
⏰ Last Name: ⌥ 𝟬𝟴:𝟬𝟳
⏰ Last Name: ⌥ 𝟬𝟴:𝟬𝟴
⏰ Last Name: ⌥ 𝟬𝟴:𝟬𝟵
⏰ Last Name: ⌥ 𝟬𝟴:𝟭𝟬
⏰ Last Name: ⌥ 𝟬𝟴:𝟭𝟭
⏰ Last Name: ⌥ 𝟬𝟴:𝟭𝟮
⏰ Last Name: ⌥ 𝟬𝟴:𝟭𝟯
⏰ Last Name: ⌥ 𝟬𝟴:𝟭𝟰
⏰ Last Name: ⌥ 𝟬𝟴:𝟭𝟱
⏰ Last Name: ⌥ 𝟬𝟴:𝟭𝟲
⏰ Last Name: ⌥ 𝟬𝟴:𝟭𝟳
⏰ Last Name: ⌥ 𝟬𝟴:𝟭𝟴
⏰ Last Name: ⌥ 𝟬𝟴:𝟭𝟵
⏰ Last Name: ⌥ 𝟬𝟴:𝟮𝟬
⏰ Last Name: ⌥ 𝟬𝟴:𝟮𝟭
⏰ Last Name: ⌥ 𝟬𝟴:𝟮𝟮
⏰ Last Name: ⌥ 𝟬𝟴:𝟮𝟯
⏰ Last Name: ⌥ 𝟬𝟴:𝟮𝟰
⏰ Last Name: ⌥ 𝟬𝟴:𝟮𝟱
⏰ Last Name: ⌥ 𝟬𝟴:𝟮𝟲
⏰ Last Name: ⌥ 𝟬𝟴:𝟮𝟳
⏰ Last Name: ⌥ 𝟬𝟴:𝟮𝟴
⏰ Last Name: ⌥ 𝟬𝟴:𝟮𝟵
⏰ Last Name: ⌥ 𝟬𝟴:𝟯𝟬
⏰ Last Name: ⌥ 𝟬𝟴:𝟯𝟭
⏰ Last Name: ⌥ 𝟬𝟴:𝟯𝟮
⏰ Last Name: ⌥ 𝟬𝟴:𝟯𝟯
⏰ Last Name: ⌥ 𝟬𝟴:𝟯𝟰
⏰ Last Name: ⌥ 𝟬𝟴:𝟯𝟱
⏰ Last Name: ⌥ 𝟬𝟴:𝟯𝟲
⏰ Last Name: ⌥ 𝟬𝟴:𝟯𝟳
⏰ Last Name: ⌥ 𝟬𝟴:𝟯𝟴
⏰ Last Name: ⌥ 𝟬𝟴:𝟯𝟵
⏰ Last Name: ⌥ 𝟬𝟴:𝟰𝟬
⏰ Last Name: ⌥ 𝟬𝟴:𝟰𝟭
⏰ Last Name: ⌥ 𝟬𝟴:𝟰𝟮
⏰ Last Name: ⌥ 𝟬𝟴:𝟰𝟯
⏰ Last Name: ⌥ 𝟬𝟴:𝟰𝟰
⏰ Last Name: ⌥ 𝟬𝟴:𝟰𝟱
⏰ Last Name: ⌥ 𝟬𝟴:𝟰𝟲
⏰ Last Name: ⌥ 𝟬𝟴:𝟰𝟳
⏰ Last Name: ⌥ 𝟬𝟴:𝟰𝟴
⏰ Last Name: ⌥ 𝟬𝟴:𝟰𝟵
⏰ Last Name: ⌥ 𝟬𝟴:𝟱𝟬
⏰ Last Name: ⌥ 𝟬𝟴:𝟱𝟭
⏰ Last Name: ⌥ 𝟬𝟴:𝟱𝟮
💜 Auto React [user:6990187779]: ❤️
⏰ Last Name: ⌥ 𝟬𝟴:𝟱𝟯
⏰ Last Name: ⌥ 𝟬𝟴:𝟱𝟰
⏰ Last Name: ⌥ 𝟬𝟴:𝟱𝟱
⏰ Last Name: ⌥ 𝟬𝟴:𝟱𝟲
⏰ Last Name: ⌥ 𝟬𝟴:𝟱𝟳
⏰ Last Name: ⌥ 𝟬𝟴:𝟱𝟴
⏰ Last Name: ⌥ 𝟬𝟴:𝟱𝟵
⏰ Last Name: ⌥ 𝟬𝟵:𝟬𝟬
⏰ Last Name: ⌥ 𝟬𝟵:𝟬𝟭
⏰ Last Name: ⌥ 𝟬𝟵:𝟬𝟮
⏰ Last Name: ⌥ 𝟬𝟵:𝟬𝟯
⏰ Last Name: ⌥ 𝟬𝟵:𝟬𝟰
⏰ Last Name: ⌥ 𝟬𝟵:𝟬𝟱
⏰ Last Name: ⌥ 𝟬𝟵:𝟬𝟲
⏰ Last Name: ⌥ 𝟬𝟵:𝟬𝟳
⏰ Last Name: ⌥ 𝟬𝟵:𝟬𝟴
⏰ Last Name: ⌥ 𝟬𝟵:𝟬𝟵
⏰ Last Name: ⌥ 𝟬𝟵:𝟭𝟬
⏰ Last Name: ⌥ 𝟬𝟵:𝟭𝟭
⏰ Last Name: ⌥ 𝟬𝟵:𝟭𝟮
⏰ Last Name: ⌥ 𝟬𝟵:𝟭𝟯
⏰ Last Name: ⌥ 𝟬𝟵:𝟭𝟰
⏰ Last Name: ⌥ 𝟬𝟵:𝟭𝟱
⏰ Last Name: ⌥ 𝟬𝟵:𝟭𝟲
⏰ Last Name: ⌥ 𝟬𝟵:𝟭𝟳
⏰ Last Name: ⌥ 𝟬𝟵:𝟭𝟴
⏰ Last Name: ⌥ 𝟬𝟵:𝟭𝟵
⏰ Last Name: ⌥ 𝟬𝟵:𝟮𝟬
⏰ Last Name: ⌥ 𝟬𝟵:𝟮𝟭
⏰ Last Name: ⌥ 𝟬𝟵:𝟮𝟮
⏰ Last Name: ⌥ 𝟬𝟵:𝟮𝟯
⏰ Last Name: ⌥ 𝟬𝟵:𝟮𝟰
⏰ Last Name: ⌥ 𝟬𝟵:𝟮𝟱
⏰ Last Name: ⌥ 𝟬𝟵:𝟮𝟲
⏰ Last Name: ⌥ 𝟬𝟵:𝟮𝟳
⏰ Last Name: ⌥ 𝟬𝟵:𝟮𝟴
⏰ Last Name: ⌥ 𝟬𝟵:𝟮𝟵
⏰ Last Name: ⌥ 𝟬𝟵:𝟯𝟬
⏰ Last Name: ⌥ 𝟬𝟵:𝟯𝟭
⏰ Last Name: ⌥ 𝟬𝟵:𝟯𝟮
⏰ Last Name: ⌥ 𝟬𝟵:𝟯𝟯
⏰ Last Name: ⌥ 𝟬𝟵:𝟯𝟰
⏰ Last Name: ⌥ 𝟬𝟵:𝟯𝟱
⏰ Last Name: ⌥ 𝟬𝟵:𝟯𝟲
⏰ Last Name: ⌥ 𝟬𝟵:𝟯𝟳
⏰ Last Name: ⌥ 𝟬𝟵:𝟯𝟴
⏰ Last Name: ⌥ 𝟬𝟵:𝟯𝟵
⏰ Last Name: ⌥ 𝟬𝟵:𝟰𝟬
⏰ Last Name: ⌥ 𝟬𝟵:𝟰𝟭
⏰ Last Name: ⌥ 𝟬𝟵:𝟰𝟮
⏰ Last Name: ⌥ 𝟬𝟵:𝟰𝟯
⏰ Last Name: ⌥ 𝟬𝟵:𝟰𝟰
⏰ Last Name: ⌥ 𝟬𝟵:𝟰𝟱
⏰ Last Name: ⌥ 𝟬𝟵:𝟰𝟲
⏰ Last Name: ⌥ 𝟬𝟵:𝟰𝟳
⏰ Last Name: ⌥ 𝟬𝟵:𝟰𝟴
⏰ Last Name: ⌥ 𝟬𝟵:𝟰𝟵
💜 Auto React [user:7433542559]: 😐
⏰ Last Name: ⌥ 𝟬𝟵:𝟱𝟬
💜 Auto React [user:7433542559]: 😐
💜 Auto React [user:7433542559]: 😐
💜 Auto React [user:7433542559]: 😐
⏰ Last Name: ⌥ 𝟬𝟵:𝟱𝟭
💜 Auto React [user:7433542559]: 😐
💜 Auto React [user:7433542559]: 😐
💜 Auto React [user:7433542559]: 😐
⏰ Last Name: ⌥ 𝟬𝟵:𝟱𝟮
💜 Auto React [user:7433542559]: 😐
💜 Auto React [user:7433542559]: 😐
💜 Auto React [user:7433542559]: 😐
⏰ Last Name: ⌥ 𝟬𝟵:𝟱𝟯
💜 Auto React [user:7433542559]: 😐
💜 Auto React [user:7433542559]: 😐
⏰ Last Name: ⌥ 𝟬𝟵:𝟱𝟰
💜 Auto React [user:7433542559]: 😐
💜 Auto React [user:7433542559]: 😐
💜 Auto React [user:7433542559]: 😐
⏰ Last Name: ⌥ 𝟬𝟵:𝟱𝟱
💜 Auto React [user:7433542559]: 😐
💜 Auto React [user:7433542559]: 😐
⏰ Last Name: ⌥ 𝟬𝟵:𝟱𝟲
💜 Auto React [user:7433542559]: 😐
💜 Auto React [user:7433542559]: 😐
⏰ Last Name: ⌥ 𝟬𝟵:𝟱𝟳
💜 Auto React [user:7433542559]: 😐
💜 Auto React [user:7433542559]: 😐
⏰ Last Name: ⌥ 𝟬𝟵:𝟱𝟴
⏰ Last Name: ⌥ 𝟬𝟵:𝟱𝟵
⏰ Last Name: ⌥ 𝟭𝟬:𝟬𝟬
⏰ Last Name: ⌥ 𝟭𝟬:𝟬𝟭
⏰ Last Name: ⌥ 𝟭𝟬:𝟬𝟮
⏰ Last Name: ⌥ 𝟭𝟬:𝟬𝟯
⏰ Last Name: ⌥ 𝟭𝟬:𝟬𝟰
⏰ Last Name: ⌥ 𝟭𝟬:𝟬𝟱
⏰ Last Name: ⌥ 𝟭𝟬:𝟬𝟲
⏰ Last Name: ⌥ 𝟭𝟬:𝟬𝟳
⏰ Last Name: ⌥ 𝟭𝟬:𝟬𝟴
⏰ Last Name: ⌥ 𝟭𝟬:𝟬𝟵
⏰ Last Name: ⌥ 𝟭𝟬:𝟭𝟬
⏰ Last Name: ⌥ 𝟭𝟬:𝟭𝟭
⏰ Last Name: ⌥ 𝟭𝟬:𝟭𝟮
⏰ Last Name: ⌥ 𝟭𝟬:𝟭𝟯
⏰ Last Name: ⌥ 𝟭𝟬:𝟭𝟰
⏰ Last Name: ⌥ 𝟭𝟬:𝟭𝟱
⏰ Last Name: ⌥ 𝟭𝟬:𝟭𝟲
⏰ Last Name: ⌥ 𝟭𝟬:𝟭𝟳
⏰ Last Name: ⌥ 𝟭𝟬:𝟭𝟴
⏰ Last Name: ⌥ 𝟭𝟬:𝟭𝟵
⏰ Last Name: ⌥ 𝟭𝟬:𝟮𝟬
⏰ Last Name: ⌥ 𝟭𝟬:𝟮𝟭
⏰ Last Name: ⌥ 𝟭𝟬:𝟮𝟮
⏰ Last Name: ⌥ 𝟭𝟬:𝟮𝟯
⏰ Last Name: ⌥ 𝟭𝟬:𝟮𝟰
⏰ Last Name: ⌥ 𝟭𝟬:𝟮𝟱
⏰ Last Name: ⌥ 𝟭𝟬:𝟮𝟲
⏰ Last Name: ⌥ 𝟭𝟬:𝟮𝟳
⏰ Last Name: ⌥ 𝟭𝟬:𝟮𝟴
⏰ Last Name: ⌥ 𝟭𝟬:𝟮𝟵
⏰ Last Name: ⌥ 𝟭𝟬:𝟯𝟬
⏰ Last Name: ⌥ 𝟭𝟬:𝟯𝟭
⏰ Last Name: ⌥ 𝟭𝟬:𝟯𝟮
⏰ Last Name: ⌥ 𝟭𝟬:𝟯𝟯
⏰ Last Name: ⌥ 𝟭𝟬:𝟯𝟰
⏰ Last Name: ⌥ 𝟭𝟬:𝟯𝟱
⏰ Last Name: ⌥ 𝟭𝟬:𝟯𝟲
⏰ Last Name: ⌥ 𝟭𝟬:𝟯𝟳
⏰ Last Name: ⌥ 𝟭𝟬:𝟯𝟴
⏰ Last Name: ⌥ 𝟭𝟬:𝟯𝟵
⏰ Last Name: ⌥ 𝟭𝟬:𝟰𝟬
⏰ Last Name: ⌥ 𝟭𝟬:𝟰𝟭
⏰ Last Name: ⌥ 𝟭𝟬:𝟰𝟮
⏰ Last Name: ⌥ 𝟭𝟬:𝟰𝟯
⏰ Last Name: ⌥ 𝟭𝟬:𝟰𝟰
⏰ Last Name: ⌥ 𝟭𝟬:𝟰𝟱
⏰ Last Name: ⌥ 𝟭𝟬:𝟰𝟲
⏰ Last Name: ⌥ 𝟭𝟬:𝟰𝟳
⏰ Last Name: ⌥ 𝟭𝟬:𝟰𝟴
⏰ Last Name: ⌥ 𝟭𝟬:𝟰𝟵
⏰ Last Name: ⌥ 𝟭𝟬:𝟱𝟬
⏰ Last Name: ⌥ 𝟭𝟬:𝟱𝟭
⏰ Last Name: ⌥ 𝟭𝟬:𝟱𝟮
⏰ Last Name: ⌥ 𝟭𝟬:𝟱𝟯
⏰ Last Name: ⌥ 𝟭𝟬:𝟱𝟰
⏰ Last Name: ⌥ 𝟭𝟬:𝟱𝟱
⏰ Last Name: ⌥ 𝟭𝟬:𝟱𝟲
⏰ Last Name: ⌥ 𝟭𝟬:𝟱𝟳
⏰ Last Name: ⌥ 𝟭𝟬:𝟱𝟴
⏰ Last Name: ⌥ 𝟭𝟬:𝟱𝟵
⏰ Last Name: ⌥ 𝟭𝟭:𝟬𝟬
⏰ Last Name: ⌥ 𝟭𝟭:𝟬𝟭
⏰ Last Name: ⌥ 𝟭𝟭:𝟬𝟮
⏰ Last Name: ⌥ 𝟭𝟭:𝟬𝟯
⏰ Last Name: ⌥ 𝟭𝟭:𝟬𝟰
⏰ Last Name: ⌥ 𝟭𝟭:𝟬𝟱
⏰ Last Name: ⌥ 𝟭𝟭:𝟬𝟲
⏰ Last Name: ⌥ 𝟭𝟭:𝟬𝟳
⏰ Last Name: ⌥ 𝟭𝟭:𝟬𝟴
⏰ Last Name: ⌥ 𝟭𝟭:𝟬𝟵
⏰ Last Name: ⌥ 𝟭𝟭:𝟭𝟬
⏰ Last Name: ⌥ 𝟭𝟭:𝟭𝟭
⏰ Last Name: ⌥ 𝟭𝟭:𝟭𝟮
⏰ Last Name: ⌥ 𝟭𝟭:𝟭𝟯
⏰ Last Name: ⌥ 𝟭𝟭:𝟭𝟰
⏰ Last Name: ⌥ 𝟭𝟭:𝟭𝟱
⏰ Last Name: ⌥ 𝟭𝟭:𝟭𝟲
⏰ Last Name: ⌥ 𝟭𝟭:𝟭𝟳
⏰ Last Name: ⌥ 𝟭𝟭:𝟭𝟴
⏰ Last Name: ⌥ 𝟭𝟭:𝟭𝟵
⏰ Last Name: ⌥ 𝟭𝟭:𝟮𝟬
⏰ Last Name: ⌥ 𝟭𝟭:𝟮𝟭
⏰ Last Name: ⌥ 𝟭𝟭:𝟮𝟮
⏰ Last Name: ⌥ 𝟭𝟭:𝟮𝟯
⏰ Last Name: ⌥ 𝟭𝟭:𝟮𝟰
⏰ Last Name: ⌥ 𝟭𝟭:𝟮𝟱
⏰ Last Name: ⌥ 𝟭𝟭:𝟮𝟲
⏰ Last Name: ⌥ 𝟭𝟭:𝟮𝟳
⏰ Last Name: ⌥ 𝟭𝟭:𝟮𝟴
⏰ Last Name: ⌥ 𝟭𝟭:𝟮𝟵
⏰ Last Name: ⌥ 𝟭𝟭:𝟯𝟬
⏰ Last Name: ⌥ 𝟭𝟭:𝟯𝟭
⏰ Last Name: ⌥ 𝟭𝟭:𝟯𝟮
⏰ Last Name: ⌥ 𝟭𝟭:𝟯𝟯
⏰ Last Name: ⌥ 𝟭𝟭:𝟯𝟰
⏰ Last Name: ⌥ 𝟭𝟭:𝟯𝟱
⏰ Last Name: ⌥ 𝟭𝟭:𝟯𝟲
⏰ Last Name: ⌥ 𝟭𝟭:𝟯𝟳
⏰ Last Name: ⌥ 𝟭𝟭:𝟯𝟴
⏰ Last Name: ⌥ 𝟭𝟭:𝟯𝟵
⏰ Last Name: ⌥ 𝟭𝟭:𝟰𝟬
⏰ Last Name: ⌥ 𝟭𝟭:𝟰𝟭
⏰ Last Name: ⌥ 𝟭𝟭:𝟰𝟮
⏰ Last Name: ⌥ 𝟭𝟭:𝟰𝟯
⏰ Last Name: ⌥ 𝟭𝟭:𝟰𝟰
⏰ Last Name: ⌥ 𝟭𝟭:𝟰𝟱
⏰ Last Name: ⌥ 𝟭𝟭:𝟰𝟲
⏰ Last Name: ⌥ 𝟭𝟭:𝟰𝟳
⏰ Last Name: ⌥ 𝟭𝟭:𝟰𝟴
⏰ Last Name: ⌥ 𝟭𝟭:𝟰𝟵
⏰ Last Name: ⌥ 𝟭𝟭:𝟱𝟬
⏰ Last Name: ⌥ 𝟭𝟭:𝟱𝟭
⏰ Last Name: ⌥ 𝟭𝟭:𝟱𝟮
⏰ Last Name: ⌥ 𝟭𝟭:𝟱𝟯
⏰ Last Name: ⌥ 𝟭𝟭:𝟱𝟰
⏰ Last Name: ⌥ 𝟭𝟭:𝟱𝟱
⏰ Last Name: ⌥ 𝟭𝟭:𝟱𝟲
⏰ Last Name: ⌥ 𝟭𝟭:𝟱𝟳
⏰ Last Name: ⌥ 𝟭𝟭:𝟱𝟴
⏰ Last Name: ⌥ 𝟭𝟭:𝟱𝟵
⏰ Last Name: ⌥ 𝟭𝟮:𝟬𝟬
⏰ Last Name: ⌥ 𝟭𝟮:𝟬𝟭
⏰ Last Name: ⌥ 𝟭𝟮:𝟬𝟮
⏰ Last Name: ⌥ 𝟭𝟮:𝟬𝟯
⏰ Last Name: ⌥ 𝟭𝟮:𝟬𝟰
⏰ Last Name: ⌥ 𝟭𝟮:𝟬𝟱
⏰ Last Name: ⌥ 𝟭𝟮:𝟬𝟲
⏰ Last Name: ⌥ 𝟭𝟮:𝟬𝟳
⏰ Last Name: ⌥ 𝟭𝟮:𝟬𝟴
⏰ Last Name: ⌥ 𝟭𝟮:𝟬𝟵
⏰ Last Name: ⌥ 𝟭𝟮:𝟭𝟬
⏰ Last Name: ⌥ 𝟭𝟮:𝟭𝟭
⏰ Last Name: ⌥ 𝟭𝟮:𝟭𝟮
⏰ Last Name: ⌥ 𝟭𝟮:𝟭𝟯
⏰ Last Name: ⌥ 𝟭𝟮:𝟭𝟰
⏰ Last Name: ⌥ 𝟭𝟮:𝟭𝟱
⏰ Last Name: ⌥ 𝟭𝟮:𝟭𝟲
⏰ Last Name: ⌥ 𝟭𝟮:𝟭𝟳
⏰ Last Name: ⌥ 𝟭𝟮:𝟭𝟴
⏰ Last Name: ⌥ 𝟭𝟮:𝟭𝟵
⏰ Last Name: ⌥ 𝟭𝟮:𝟮𝟬
⏰ Last Name: ⌥ 𝟭𝟮:𝟮𝟭
⏰ Last Name: ⌥ 𝟭𝟮:𝟮𝟮
⏰ Last Name: ⌥ 𝟭𝟮:𝟮𝟯
⏰ Last Name: ⌥ 𝟭𝟮:𝟮𝟰
⏰ Last Name: ⌥ 𝟭𝟮:𝟮𝟱
⏰ Last Name: ⌥ 𝟭𝟮:𝟮𝟲
⏰ Last Name: ⌥ 𝟭𝟮:𝟮𝟳
⏰ Last Name: ⌥ 𝟭𝟮:𝟮𝟴
⏰ Last Name: ⌥ 𝟭𝟮:𝟮𝟵
⏰ Last Name: ⌥ 𝟭𝟮:𝟯𝟬
⏰ Last Name: ⌥ 𝟭𝟮:𝟯𝟭
⏰ Last Name: ⌥ 𝟭𝟮:𝟯𝟮
⏰ Last Name: ⌥ 𝟭𝟮:𝟯𝟯
⏰ Last Name: ⌥ 𝟭𝟮:𝟯𝟰
⏰ Last Name: ⌥ 𝟭𝟮:𝟯𝟱
⏰ Last Name: ⌥ 𝟭𝟮:𝟯𝟲
⏰ Last Name: ⌥ 𝟭𝟮:𝟯𝟳
⏰ Last Name: ⌥ 𝟭𝟮:𝟯𝟴
⏰ Last Name: ⌥ 𝟭𝟮:𝟯𝟵
⏰ Last Name: ⌥ 𝟭𝟮:𝟰𝟬
⏰ Last Name: ⌥ 𝟭𝟮:𝟰𝟭
⏰ Last Name: ⌥ 𝟭𝟮:𝟰𝟮
⏰ Last Name: ⌥ 𝟭𝟮:𝟰𝟯
⏰ Last Name: ⌥ 𝟭𝟮:𝟰𝟰
⏰ Last Name: ⌥ 𝟭𝟮:𝟰𝟱
⏰ Last Name: ⌥ 𝟭𝟮:𝟰𝟲
⏰ Last Name: ⌥ 𝟭𝟮:𝟰𝟳
⏰ Last Name: ⌥ 𝟭𝟮:𝟰𝟴
⏰ Last Name: ⌥ 𝟭𝟮:𝟰𝟵
⏰ Last Name: ⌥ 𝟭𝟮:𝟱𝟬
⏰ Last Name: ⌥ 𝟭𝟮:𝟱𝟭
⏰ Last Name: ⌥ 𝟭𝟮:𝟱𝟮
⏰ Last Name: ⌥ 𝟭𝟮:𝟱𝟯
⏰ Last Name: ⌥ 𝟭𝟮:𝟱𝟰
⏰ Last Name: ⌥ 𝟭𝟮:𝟱𝟱
⏰ Last Name: ⌥ 𝟭𝟮:𝟱𝟲
⏰ Last Name: ⌥ 𝟭𝟮:𝟱𝟳
⏰ Last Name: ⌥ 𝟭𝟮:𝟱𝟴
⏰ Last Name: ⌥ 𝟭𝟮:𝟱𝟵
⏰ Last Name: ⌥ 𝟭𝟯:𝟬𝟬
⏰ Last Name: ⌥ 𝟭𝟯:𝟬𝟭
⏰ Last Name: ⌥ 𝟭𝟯:𝟬𝟮
⏰ Last Name: ⌥ 𝟭𝟯:𝟬𝟯
⏰ Last Name: ⌥ 𝟭𝟯:𝟬𝟰
⏰ Last Name: ⌥ 𝟭𝟯:𝟬𝟱
⏰ Last Name: ⌥ 𝟭𝟯:𝟬𝟲
⏰ Last Name: ⌥ 𝟭𝟯:𝟬𝟳
⏰ Last Name: ⌥ 𝟭𝟯:𝟬𝟴
⏰ Last Name: ⌥ 𝟭𝟯:𝟬𝟵
⏰ Last Name: ⌥ 𝟭𝟯:𝟭𝟬
⏰ Last Name: ⌥ 𝟭𝟯:𝟭𝟭
⏰ Last Name: ⌥ 𝟭𝟯:𝟭𝟮
⏰ Last Name: ⌥ 𝟭𝟯:𝟭𝟯
⏰ Last Name: ⌥ 𝟭𝟯:𝟭𝟰
⏰ Last Name: ⌥ 𝟭𝟯:𝟭𝟱
⏰ Last Name: ⌥ 𝟭𝟯:𝟭𝟲
⏰ Last Name: ⌥ 𝟭𝟯:𝟭𝟳
⏰ Last Name: ⌥ 𝟭𝟯:𝟭𝟴
⏰ Last Name: ⌥ 𝟭𝟯:𝟭𝟵
⏰ Last Name: ⌥ 𝟭𝟯:𝟮𝟬
⏰ Last Name: ⌥ 𝟭𝟯:𝟮𝟭
⏰ Last Name: ⌥ 𝟭𝟯:𝟮𝟮
⏰ Last Name: ⌥ 𝟭𝟯:𝟮𝟯
⏰ Last Name: ⌥ 𝟭𝟯:𝟮𝟰
💜 Auto React [user:7433542559]: 😐
⏰ Last Name: ⌥ 𝟭𝟯:𝟮𝟱
💜 Auto React [user:7433542559]: 😐
💜 Auto React [user:7433542559]: 😐
⏰ Last Name: ⌥ 𝟭𝟯:𝟮𝟲
⏰ Last Name: ⌥ 𝟭𝟯:𝟮𝟳
⏰ Last Name: ⌥ 𝟭𝟯:𝟮𝟴
💜 Auto React [user:7433542559]: 😐
💜 Auto React [user:7433542559]: 😐
💜 Auto React [user:7433542559]: 😐
💜 Auto React [user:7433542559]: 😐
💜 Auto React [user:7433542559]: 😐
💜 Auto React [user:7433542559]: 😐
⏰ Last Name: ⌥ 𝟭𝟯:𝟮𝟵
💜 Auto React [user:7433542559]: 😐
💜 Auto React [user:7433542559]: 😐
💜 Auto React [user:7433542559]: 😐
💜 Auto React [user:7433542559]: 😐
⏰ Last Name: ⌥ 𝟭𝟯:𝟯𝟬
💜 Auto React [user:7433542559]: 😐
💜 Auto React [user:7433542559]: 😐
💜 Auto React [user:7433542559]: 😐
💜 Auto React [user:7433542559]: 😐
💜 Auto React [user:7433542559]: 😐
⏰ Last Name: ⌥ 𝟭𝟯:𝟯𝟭
💜 Auto React [user:7433542559]: 😐
⏰ Last Name: ⌥ 𝟭𝟯:𝟯𝟮
💜 Auto React [user:7433542559]: 😐
💜 Auto React [user:7433542559]: 😐
⏰ Last Name: ⌥ 𝟭𝟯:𝟯𝟯
⏰ Last Name: ⌥ 𝟭𝟯:𝟯𝟰
💜 Auto React [user:7433542559]: 😐
⏰ Last Name: ⌥ 𝟭𝟯:𝟯𝟱
⏰ Last Name: ⌥ 𝟭𝟯:𝟯𝟲
⏰ Last Name: ⌥ 𝟭𝟯:𝟯𝟳
⏰ Last Name: ⌥ 𝟭𝟯:𝟯𝟴
⏰ Last Name: ⌥ 𝟭𝟯:𝟯𝟵
⏰ Last Name: ⌥ 𝟭𝟯:𝟰𝟬
⏰ Last Name: ⌥ 𝟭𝟯:𝟰𝟭
⏰ Last Name: ⌥ 𝟭𝟯:𝟰𝟮
⏰ Last Name: ⌥ 𝟭𝟯:𝟰𝟯
💜 Auto React [user:7433542559]: 😐
⏰ Last Name: ⌥ 𝟭𝟯:𝟰𝟰
💜 Auto React [user:7433542559]: 😐
⏰ Last Name: ⌥ 𝟭𝟯:𝟰𝟱
💜 Auto React [user:7433542559]: 😐
⏰ Last Name: ⌥ 𝟭𝟯:𝟰𝟲
⏰ Last Name: ⌥ 𝟭𝟯:𝟰𝟳
⏰ Last Name: ⌥ 𝟭𝟯:𝟰𝟴
⏰ Last Name: ⌥ 𝟭𝟯:𝟰𝟵
⏰ Last Name: ⌥ 𝟭𝟯:𝟱𝟬
⏰ Last Name: ⌥ 𝟭𝟯:𝟱𝟭
💜 Auto React [user:7433542559]: 😐
💜 Auto React [user:7433542559]: 😐
⏰ Last Name: ⌥ 𝟭𝟯:𝟱𝟮
⏰ Last Name: ⌥ 𝟭𝟯:𝟱𝟯
💜 Auto React [user:7433542559]: 😐
💜 Auto React [user:7433542559]: 😐
⏰ Last Name: ⌥ 𝟭𝟯:𝟱𝟰
💜 Auto React [user:7433542559]: 😐
⏰ Last Name: ⌥ 𝟭𝟯:𝟱𝟱
⏰ Last Name: ⌥ 𝟭𝟯:𝟱𝟲
⏰ Last Name: ⌥ 𝟭𝟯:𝟱𝟳
💜 Auto React [user:7433542559]: 😐
⏰ Last Name: ⌥ 𝟭𝟯:𝟱𝟴
⏰ Last Name: ⌥ 𝟭𝟯:𝟱𝟵
⏰ Last Name: ⌥ 𝟭𝟰:𝟬𝟬
⏰ Last Name: ⌥ 𝟭𝟰:𝟬𝟭
⏰ Last Name: ⌥ 𝟭𝟰:𝟬𝟮
⏰ Last Name: ⌥ 𝟭𝟰:𝟬𝟯
⏰ Last Name: ⌥ 𝟭𝟰:𝟬𝟰
⏰ Last Name: ⌥ 𝟭𝟰:𝟬𝟱
⏰ Last Name: ⌥ 𝟭𝟰:𝟬𝟲
⏰ Last Name: ⌥ 𝟭𝟰:𝟬𝟳
⏰ Last Name: ⌥ 𝟭𝟰:𝟬𝟴
⏰ Last Name: ⌥ 𝟭𝟰:𝟬𝟵
⏰ Last Name: ⌥ 𝟭𝟰:𝟭𝟬
⏰ Last Name: ⌥ 𝟭𝟰:𝟭𝟭
⏰ Last Name: ⌥ 𝟭𝟰:𝟭𝟮
⏰ Last Name: ⌥ 𝟭𝟰:𝟭𝟯
⏰ Last Name: ⌥ 𝟭𝟰:𝟭𝟰
⏰ Last Name: ⌥ 𝟭𝟰:𝟭𝟱
⏰ Last Name: ⌥ 𝟭𝟰:𝟭𝟲
⏰ Last Name: ⌥ 𝟭𝟰:𝟭𝟳
⏰ Last Name: ⌥ 𝟭𝟰:𝟭𝟴
⏰ Last Name: ⌥ 𝟭𝟰:𝟭𝟵
⏰ Last Name: ⌥ 𝟭𝟰:𝟮𝟬
⏰ Last Name: ⌥ 𝟭𝟰:𝟮𝟭
⏰ Last Name: ⌥ 𝟭𝟰:𝟮𝟮
⏰ Last Name: ⌥ 𝟭𝟰:𝟮𝟯
⏰ Last Name: ⌥ 𝟭𝟰:𝟮𝟰
⏰ Last Name: ⌥ 𝟭𝟰:𝟮𝟱
⏰ Last Name: ⌥ 𝟭𝟰:𝟮𝟲
⏰ Last Name: ⌥ 𝟭𝟰:𝟮𝟳
⏰ Last Name: ⌥ 𝟭𝟰:𝟮𝟴
⏰ Last Name: ⌥ 𝟭𝟰:𝟮𝟵
⏰ Last Name: ⌥ 𝟭𝟰:𝟯𝟬
⏰ Last Name: ⌥ 𝟭𝟰:𝟯𝟭
⏰ Last Name: ⌥ 𝟭𝟰:𝟯𝟮
⏰ Last Name: ⌥ 𝟭𝟰:𝟯𝟯
⏰ Last Name: ⌥ 𝟭𝟰:𝟯𝟰
⏰ Last Name: ⌥ 𝟭𝟰:𝟯𝟱
⏰ Last Name: ⌥ 𝟭𝟰:𝟯𝟲
⏰ Last Name: ⌥ 𝟭𝟰:𝟯𝟳
⏰ Last Name: ⌥ 𝟭𝟰:𝟯𝟴
⏰ Last Name: ⌥ 𝟭𝟰:𝟯𝟵
⏰ Last Name: ⌥ 𝟭𝟰:𝟰𝟬
⏰ Last Name: ⌥ 𝟭𝟰:𝟰𝟭
⏰ Last Name: ⌥ 𝟭𝟰:𝟰𝟮
⏰ Last Name: ⌥ 𝟭𝟰:𝟰𝟯
⏰ Last Name: ⌥ 𝟭𝟰:𝟰𝟰
⏰ Last Name: ⌥ 𝟭𝟰:𝟰𝟱
⏰ Last Name: ⌥ 𝟭𝟰:𝟰𝟲
⏰ Last Name: ⌥ 𝟭𝟰:𝟰𝟳
⏰ Last Name: ⌥ 𝟭𝟰:𝟰𝟴
⏰ Last Name: ⌥ 𝟭𝟰:𝟰𝟵
⏰ Last Name: ⌥ 𝟭𝟰:𝟱𝟬
⏰ Last Name: ⌥ 𝟭𝟰:𝟱𝟭
⏰ Last Name: ⌥ 𝟭𝟰:𝟱𝟮
⏰ Last Name: ⌥ 𝟭𝟰:𝟱𝟯
⏰ Last Name: ⌥ 𝟭𝟰:𝟱𝟰
⏰ Last Name: ⌥ 𝟭𝟰:𝟱𝟱
⏰ Last Name: ⌥ 𝟭𝟰:𝟱𝟲
⏰ Last Name: ⌥ 𝟭𝟰:𝟱𝟳
⏰ Last Name: ⌥ 𝟭𝟰:𝟱𝟴
⏰ Last Name: ⌥ 𝟭𝟰:𝟱𝟵
⏰ Last Name: ⌥ 𝟭𝟱:𝟬𝟬
⏰ Last Name: ⌥ 𝟭𝟱:𝟬𝟭
⏰ Last Name: ⌥ 𝟭𝟱:𝟬𝟮
⏰ Last Name: ⌥ 𝟭𝟱:𝟬𝟯
⏰ Last Name: ⌥ 𝟭𝟱:𝟬𝟰
⏰ Last Name: ⌥ 𝟭𝟱:𝟬𝟱
⏰ Last Name: ⌥ 𝟭𝟱:𝟬𝟲
⏰ Last Name: ⌥ 𝟭𝟱:𝟬𝟳
⏰ Last Name: ⌥ 𝟭𝟱:𝟬𝟴
⏰ Last Name: ⌥ 𝟭𝟱:𝟬𝟵
⏰ Last Name: ⌥ 𝟭𝟱:𝟭𝟬
⏰ Last Name: ⌥ 𝟭𝟱:𝟭𝟭
⏰ Last Name: ⌥ 𝟭𝟱:𝟭𝟮
⏰ Last Name: ⌥ 𝟭𝟱:𝟭𝟯
⏰ Last Name: ⌥ 𝟭𝟱:𝟭𝟰
⏰ Last Name: ⌥ 𝟭𝟱:𝟭𝟱
⏰ Last Name: ⌥ 𝟭𝟱:𝟭𝟲
⏰ Last Name: ⌥ 𝟭𝟱:𝟭𝟳
⏰ Last Name: ⌥ 𝟭𝟱:𝟭𝟴
⏰ Last Name: ⌥ 𝟭𝟱:𝟭𝟵
⏰ Last Name: ⌥ 𝟭𝟱:𝟮𝟬
⏰ Last Name: ⌥ 𝟭𝟱:𝟮𝟭
⏰ Last Name: ⌥ 𝟭𝟱:𝟮𝟮
⏰ Last Name: ⌥ 𝟭𝟱:𝟮𝟯
⏰ Last Name: ⌥ 𝟭𝟱:𝟮𝟰
⏰ Last Name: ⌥ 𝟭𝟱:𝟮𝟱
⏰ Last Name: ⌥ 𝟭𝟱:𝟮𝟲
⏰ Last Name: ⌥ 𝟭𝟱:𝟮𝟳
⏰ Last Name: ⌥ 𝟭𝟱:𝟮𝟴
⏰ Last Name: ⌥ 𝟭𝟱:𝟮𝟵
⏰ Last Name: ⌥ 𝟭𝟱:𝟯𝟬
⏰ Last Name: ⌥ 𝟭𝟱:𝟯𝟭
💜 Auto React [user:7433542559]: 😐
⏰ Last Name: ⌥ 𝟭𝟱:𝟯𝟮
💜 Auto React [user:7433542559]: 😐
💜 Auto React [user:7433542559]: 😐
⏰ Last Name: ⌥ 𝟭𝟱:𝟯𝟯
⏰ Last Name: ⌥ 𝟭𝟱:𝟯𝟰
⏰ Last Name: ⌥ 𝟭𝟱:𝟯𝟱
⏰ Last Name: ⌥ 𝟭𝟱:𝟯𝟲
💜 Auto React [user:6990187779]: ❤️
💜 Auto React [user:6990187779]: ❤️
⏰ Last Name: ⌥ 𝟭𝟱:𝟯𝟳
⏰ Last Name: ⌥ 𝟭𝟱:𝟯𝟴
⏰ Last Name: ⌥ 𝟭𝟱:𝟯𝟵
⏰ Last Name: ⌥ 𝟭𝟱:𝟰𝟬
⏰ Last Name: ⌥ 𝟭𝟱:𝟰𝟭
⏰ Last Name: ⌥ 𝟭𝟱:𝟰𝟮
⏰ Last Name: ⌥ 𝟭𝟱:𝟰𝟯
⏰ Last Name: ⌥ 𝟭𝟱:𝟰𝟰
⏰ Last Name: ⌥ 𝟭𝟱:𝟰𝟱
⏰ Last Name: ⌥ 𝟭𝟱:𝟰𝟲
⏰ Last Name: ⌥ 𝟭𝟱:𝟰𝟳
⏰ Last Name: ⌥ 𝟭𝟱:𝟰𝟴
⏰ Last Name: ⌥ 𝟭𝟱:𝟰𝟵
⏰ Last Name: ⌥ 𝟭𝟱:𝟱𝟬
⏰ Last Name: ⌥ 𝟭𝟱:𝟱𝟭
⏰ Last Name: ⌥ 𝟭𝟱:𝟱𝟮
⏰ Last Name: ⌥ 𝟭𝟱:𝟱𝟯
⏰ Last Name: ⌥ 𝟭𝟱:𝟱𝟰
⏰ Last Name: ⌥ 𝟭𝟱:𝟱𝟱
⏰ Last Name: ⌥ 𝟭𝟱:𝟱𝟲
⏰ Last Name: ⌥ 𝟭𝟱:𝟱𝟳
⏰ Last Name: ⌥ 𝟭𝟱:𝟱𝟴
⏰ Last Name: ⌥ 𝟭𝟱:𝟱𝟵
⏰ Last Name: ⌥ 𝟭𝟲:𝟬𝟬
⏰ Last Name: ⌥ 𝟭𝟲:𝟬𝟭
💜 Auto React [user:6990187779]: ❤️
💜 Auto React [user:8944291576]: 🍌
⏰ Last Name: ⌥ 𝟭𝟲:𝟬𝟮
⏰ Last Name: ⌥ 𝟭𝟲:𝟬𝟯
⏰ Last Name: ⌥ 𝟭𝟲:𝟬𝟰
💜 Auto React [user:8944291576]: 🍌
💜 Auto React [user:6990187779]: ❤️
⏰ Last Name: ⌥ 𝟭𝟲:𝟬𝟱
💜 Auto React [user:6990187779]: ❤️
💜 Auto React [user:6990187779]: ❤️
⏰ Last Name: ⌥ 𝟭𝟲:𝟬𝟲
💜 Auto React [user:6990187779]: ❤️
⏰ Last Name: ⌥ 𝟭𝟲:𝟬𝟳
💜 Auto React [user:6990187779]: ❤️
⏰ Last Name: ⌥ 𝟭𝟲:𝟬𝟴
💜 Auto React [user:6990187779]: ❤️
💜 Auto React [user:6990187779]: ❤️
💜 Auto React [user:6990187779]: ❤️
⏰ Last Name: ⌥ 𝟭𝟲:𝟬𝟵
⏰ Last Name: ⌥ 𝟭𝟲:𝟭𝟬
💜 Auto React [user:6990187779]: ❤️
💜 Auto React [user:6990187779]: ❤️
⏰ Last Name: ⌥ 𝟭𝟲:𝟭𝟭
💜 Auto React [user:6990187779]: ❤️
💜 Auto React [user:6990187779]: ❤️
💜 Auto React [user:6990187779]: ❤️
⏰ Last Name: ⌥ 𝟭𝟲:𝟭𝟮
⏰ Last Name: ⌥ 𝟭𝟲:𝟭𝟯
💜 Auto React [user:6990187779]: ❤️
💜 Auto React [user:6990187779]: ❤️
⏰ Last Name: ⌥ 𝟭𝟲:𝟭𝟰
💜 Auto React [user:6990187779]: ❤️
⏰ Last Name: ⌥ 𝟭𝟲:𝟭𝟱
⏰ Last Name: ⌥ 𝟭𝟲:𝟭𝟲
💜 Auto React [user:6990187779]: ❤️
💜 Auto React [user:6990187779]: ❤️
💜 Auto React [user:6990187779]: ❤️
⏰ Last Name: ⌥ 𝟭𝟲:𝟭𝟳
💜 Auto React [user:6990187779]: ❤️
💜 Auto React [user:6990187779]: ❤️
⏰ Last Name: ⌥ 𝟭𝟲:𝟭𝟴
💜 Auto React [user:8944291576]: 🍌
⏰ Last Name: ⌥ 𝟭𝟲:𝟭𝟵
💜 Auto React [user:6990187779]: ❤️
⏰ Last Name: ⌥ 𝟭𝟲:𝟮𝟬
⏰ Last Name: ⌥ 𝟭𝟲:𝟮𝟭
💜 Auto React [user:6990187779]: ❤️
💜 Auto React [user:6990187779]: ❤️
💜 Auto React [user:6990187779]: ❤️
⏰ Last Name: ⌥ 𝟭𝟲:𝟮𝟮
💜 Auto React [user:6990187779]: ❤️
💜 Auto React [user:8944291576]: 🍌
💜 Auto React [user:6990187779]: ❤️
💜 Auto React [user:8944291576]: 🍌
⏰ Last Name: ⌥ 𝟭𝟲:𝟮𝟯
⏰ Last Name: ⌥ 𝟭𝟲:𝟮𝟰
💜 Auto React [user:6990187779]: ❤️
💜 Auto React [user:6990187779]: ❤️
💜 Auto React [user:7433542559]: 😐
💜 Auto React [user:8944291576]: 🍌
💜 Auto React [user:8944291576]: 🍌
⏰ Last Name: ⌥ 𝟭𝟲:𝟮𝟱
💜 Auto React [user:7433542559]: 😐
💜 Auto React [user:8944291576]: 🍌
💜 Auto React [user:8944291576]: 🍌
💜 Auto React [user:7433542559]: 😐
💜 Auto React [user:8944291576]: 🍌
💜 Auto React [user:8944291576]: 🍌
💜 Auto React [user:7433542559]: 😐
💜 Auto React [user:7433542559]: 😐
⏰ Last Name: ⌥ 𝟭𝟲:𝟮𝟲
💜 Auto React [user:7433542559]: 😐
💜 Auto React [user:7433542559]: 😐
⏰ Last Name: ⌥ 𝟭𝟲:𝟮𝟳
💜 Auto React [user:7433542559]: 😐
💜 Auto React [user:7433542559]: 😐
💜 Auto React [user:7433542559]: 😐
💜 Auto React [user:7433542559]: 😐
💜 Auto React [user:7433542559]: 😐
💜 Auto React [user:7433542559]: 😐
⏰ Last Name: ⌥ 𝟭𝟲:𝟮𝟴
💜 Auto React [user:7433542559]: 😐
💜 Auto React [user:7433542559]: 😐
💜 Auto React [user:7433542559]: 😐
💜 Auto React [user:7433542559]: 😐
💜 Auto React [user:7433542559]: 😐
⏰ Last Name: ⌥ 𝟭𝟲:𝟮𝟵
💜 Auto React [user:7433542559]: 😐
💜 Auto React [user:7433542559]: 😐
⏰ Last Name: ⌥ 𝟭𝟲:𝟯𝟬
💜 Auto React [user:7433542559]: 😐
💜 Auto React [user:7433542559]: 😐
⏰ Last Name: ⌥ 𝟭𝟲:𝟯𝟭
⏰ Last Name: ⌥ 𝟭𝟲:𝟯𝟮
⏰ Last Name: ⌥ 𝟭𝟲:𝟯𝟯
⏰ Last Name: ⌥ 𝟭𝟲:𝟯𝟰
⏰ Last Name: ⌥ 𝟭𝟲:𝟯𝟱
⏰ Last Name: ⌥ 𝟭𝟲:𝟯𝟲
⏰ Last Name: ⌥ 𝟭𝟲:𝟯𝟳
⏰ Last Name: ⌥ 𝟭𝟲:𝟯𝟴
⏰ Last Name: ⌥ 𝟭𝟲:𝟯𝟵
⏰ Last Name: ⌥ 𝟭𝟲:𝟰𝟬
⏰ Last Name: ⌥ 𝟭𝟲:𝟰𝟭
⏰ Last Name: ⌥ 𝟭𝟲:𝟰𝟮
💜 Auto React [user:7433542559]: 😐
💜 Auto React [user:7433542559]: 😐
💜 Auto React [user:7433542559]: 😐
⏰ Last Name: ⌥ 𝟭𝟲:𝟰𝟯
⏰ Last Name: ⌥ 𝟭𝟲:𝟰𝟰
⏰ Last Name: ⌥ 𝟭𝟲:𝟰𝟱
⏰ Last Name: ⌥ 𝟭𝟲:𝟰𝟲
⏰ Last Name: ⌥ 𝟭𝟲:𝟰𝟳
⏰ Last Name: ⌥ 𝟭𝟲:𝟰𝟴
⏰ Last Name: ⌥ 𝟭𝟲:𝟰𝟵
⏰ Last Name: ⌥ 𝟭𝟲:𝟱𝟬
⏰ Last Name: ⌥ 𝟭𝟲:𝟱𝟭
⏰ Last Name: ⌥ 𝟭𝟲:𝟱𝟮
⏰ Last Name: ⌥ 𝟭𝟲:𝟱𝟯
⏰ Last Name: ⌥ 𝟭𝟲:𝟱𝟰
⏰ Last Name: ⌥ 𝟭𝟲:𝟱𝟱
⏰ Last Name: ⌥ 𝟭𝟲:𝟱𝟲
⏰ Last Name: ⌥ 𝟭𝟲:𝟱𝟳
⏰ Last Name: ⌥ 𝟭𝟲:𝟱𝟴
⏰ Last Name: ⌥ 𝟭𝟲:𝟱𝟵
⏰ Last Name: ⌥ 𝟭𝟳:𝟬𝟬
⏰ Last Name: ⌥ 𝟭𝟳:𝟬𝟭
⏰ Last Name: ⌥ 𝟭𝟳:𝟬𝟮
⏰ Last Name: ⌥ 𝟭𝟳:𝟬𝟯
⏰ Last Name: ⌥ 𝟭𝟳:𝟬𝟰
⏰ Last Name: ⌥ 𝟭𝟳:𝟬𝟱
⏰ Last Name: ⌥ 𝟭𝟳:𝟬𝟲
⏰ Last Name: ⌥ 𝟭𝟳:𝟬𝟳
⏰ Last Name: ⌥ 𝟭𝟳:𝟬𝟴
⏰ Last Name: ⌥ 𝟭𝟳:𝟬𝟵
⏰ Last Name: ⌥ 𝟭𝟳:𝟭𝟬
⏰ Last Name: ⌥ 𝟭𝟳:𝟭𝟭
⏰ Last Name: ⌥ 𝟭𝟳:𝟭𝟮
⏰ Last Name: ⌥ 𝟭𝟳:𝟭𝟯
⏰ Last Name: ⌥ 𝟭𝟳:𝟭𝟰
⏰ Last Name: ⌥ 𝟭𝟳:𝟭𝟱
⏰ Last Name: ⌥ 𝟭𝟳:𝟭𝟲
⏰ Last Name: ⌥ 𝟭𝟳:𝟭𝟳
⏰ Last Name: ⌥ 𝟭𝟳:𝟭𝟴
⏰ Last Name: ⌥ 𝟭𝟳:𝟭𝟵
💜 Auto React [user:7433542559]: 😐
💜 Auto React [user:7433542559]: 😐
⏰ Last Name: ⌥ 𝟭𝟳:𝟮𝟬
💜 Auto React [user:7433542559]: 😐
💜 Auto React [user:7433542559]: 😐
⏰ Last Name: ⌥ 𝟭𝟳:𝟮𝟭
⏰ Last Name: ⌥ 𝟭𝟳:𝟮𝟮
⏰ Last Name: ⌥ 𝟭𝟳:𝟮𝟯
⏰ Last Name: ⌥ 𝟭𝟳:𝟮𝟰
💜 Auto React [user:6990187779]: ❤️
💜 Auto React [user:6990187779]: ❤️
💜 Auto React [user:6990187779]: ❤️
💜 Auto React [user:6990187779]: ❤️
⏰ Last Name: ⌥ 𝟭𝟳:𝟮𝟱
💜 Auto React [user:7433542559]: 😐
💜 Auto React [user:6990187779]: ❤️
💜 Auto React [user:7433542559]: 😐
💜 Auto React [user:7433542559]: 😐
⏰ Last Name: ⌥ 𝟭𝟳:𝟮𝟲
💜 Auto React [user:6990187779]: ❤️
💜 Auto React [user:6990187779]: ❤️
💜 Auto React [user:6990187779]: ❤️
⏰ Last Name: ⌥ 𝟭𝟳:𝟮𝟳
💜 Auto React [user:7433542559]: 😐
💜 Auto React [user:7433542559]: 😐
⏰ Last Name: ⌥ 𝟭𝟳:𝟮𝟴
💜 Auto React [user:7433542559]: 😐
💜 Auto React [user:7433542559]: 😐
💜 Auto React [user:7433542559]: 😐
⏰ Last Name: ⌥ 𝟭𝟳:𝟮𝟵
⏰ Last Name: ⌥ 𝟭𝟳:𝟯𝟬
💜 Auto React [user:7433542559]: 😐
💜 Auto React [user:7433542559]: 😐
💜 Auto React [user:7433542559]: 😐
⏰ Last Name: ⌥ 𝟭𝟳:𝟯𝟭
⏰ Last Name: ⌥ 𝟭𝟳:𝟯𝟮
⏰ Last Name: ⌥ 𝟭𝟳:𝟯𝟯
⏰ Last Name: ⌥ 𝟭𝟳:𝟯𝟰
⏰ Last Name: ⌥ 𝟭𝟳:𝟯𝟱
⏰ Last Name: ⌥ 𝟭𝟳:𝟯𝟲
⏰ Last Name: ⌥ 𝟭𝟳:𝟯𝟳
⏰ Last Name: ⌥ 𝟭𝟳:𝟯𝟴
⏰ Last Name: ⌥ 𝟭𝟳:𝟯𝟵
⏰ Last Name: ⌥ 𝟭𝟳:𝟰𝟬
⏰ Last Name: ⌥ 𝟭𝟳:𝟰𝟭
💜 Auto React [user:7433542559]: 😐
⏰ Last Name: ⌥ 𝟭𝟳:𝟰𝟮
⏰ Last Name: ⌥ 𝟭𝟳:𝟰𝟯
⏰ Last Name: ⌥ 𝟭𝟳:𝟰𝟰
⏰ Last Name: ⌥ 𝟭𝟳:𝟰𝟱
⏰ Last Name: ⌥ 𝟭𝟳:𝟰𝟲
⏰ Last Name: ⌥ 𝟭𝟳:𝟰𝟳
⏰ Last Name: ⌥ 𝟭𝟳:𝟰𝟴
⏰ Last Name: ⌥ 𝟭𝟳:𝟰𝟵
⏰ Last Name: ⌥ 𝟭𝟳:𝟱𝟬
⏰ Last Name: ⌥ 𝟭𝟳:𝟱𝟭
⏰ Last Name: ⌥ 𝟭𝟳:𝟱𝟮
⏰ Last Name: ⌥ 𝟭𝟳:𝟱𝟯
⏰ Last Name: ⌥ 𝟭𝟳:𝟱𝟰
⏰ Last Name: ⌥ 𝟭𝟳:𝟱𝟱
⏰ Last Name: ⌥ 𝟭𝟳:𝟱𝟲
⏰ Last Name: ⌥ 𝟭𝟳:𝟱𝟳
⏰ Last Name: ⌥ 𝟭𝟳:𝟱𝟴
⏰ Last Name: ⌥ 𝟭𝟳:𝟱𝟵
⏰ Last Name: ⌥ 𝟭𝟴:𝟬𝟬
⏰ Last Name: ⌥ 𝟭𝟴:𝟬𝟭
⏰ Last Name: ⌥ 𝟭𝟴:𝟬𝟮
⏰ Last Name: ⌥ 𝟭𝟴:𝟬𝟯
⏰ Last Name: ⌥ 𝟭𝟴:𝟬𝟰
⏰ Last Name: ⌥ 𝟭𝟴:𝟬𝟱
⏰ Last Name: ⌥ 𝟭𝟴:𝟬𝟲
⏰ Last Name: ⌥ 𝟭𝟴:𝟬𝟳
⏰ Last Name: ⌥ 𝟭𝟴:𝟬𝟴
⏰ Last Name: ⌥ 𝟭𝟴:𝟬𝟵
⏰ Last Name: ⌥ 𝟭𝟴:𝟭𝟬
⏰ Last Name: ⌥ 𝟭𝟴:𝟭𝟭
⏰ Last Name: ⌥ 𝟭𝟴:𝟭𝟮
⏰ Last Name: ⌥ 𝟭𝟴:𝟭𝟯
⏰ Last Name: ⌥ 𝟭𝟴:𝟭𝟰
⏰ Last Name: ⌥ 𝟭𝟴:𝟭𝟱
⏰ Last Name: ⌥ 𝟭𝟴:𝟭𝟲
⏰ Last Name: ⌥ 𝟭𝟴:𝟭𝟳
⏰ Last Name: ⌥ 𝟭𝟴:𝟭𝟴
⏰ Last Name: ⌥ 𝟭𝟴:𝟭𝟵
⏰ Last Name: ⌥ 𝟭𝟴:𝟮𝟬
⏰ Last Name: ⌥ 𝟭𝟴:𝟮𝟭
⏰ Last Name: ⌥ 𝟭𝟴:𝟮𝟮
⏰ Last Name: ⌥ 𝟭𝟴:𝟮𝟯
⏰ Last Name: ⌥ 𝟭𝟴:𝟮𝟰
⏰ Last Name: ⌥ 𝟭𝟴:𝟮𝟱
⏰ Last Name: ⌥ 𝟭𝟴:𝟮𝟲
⏰ Last Name: ⌥ 𝟭𝟴:𝟮𝟳
⏰ Last Name: ⌥ 𝟭𝟴:𝟮𝟴
⏰ Last Name: ⌥ 𝟭𝟴:𝟮𝟵
⏰ Last Name: ⌥ 𝟭𝟴:𝟯𝟬
⏰ Last Name: ⌥ 𝟭𝟴:𝟯𝟭
⏰ Last Name: ⌥ 𝟭𝟴:𝟯𝟮
⏰ Last Name: ⌥ 𝟭𝟴:𝟯𝟯
⏰ Last Name: ⌥ 𝟭𝟴:𝟯𝟰
⏰ Last Name: ⌥ 𝟭𝟴:𝟯𝟱
⏰ Last Name: ⌥ 𝟭𝟴:𝟯𝟲
⏰ Last Name: ⌥ 𝟭𝟴:𝟯𝟳
⏰ Last Name: ⌥ 𝟭𝟴:𝟯𝟴
⏰ Last Name: ⌥ 𝟭𝟴:𝟯𝟵
⏰ Last Name: ⌥ 𝟭𝟴:𝟰𝟬
⏰ Last Name: ⌥ 𝟭𝟴:𝟰𝟭
⏰ Last Name: ⌥ 𝟭𝟴:𝟰𝟮
⏰ Last Name: ⌥ 𝟭𝟴:𝟰𝟯
⏰ Last Name: ⌥ 𝟭𝟴:𝟰𝟰
⏰ Last Name: ⌥ 𝟭𝟴:𝟰𝟱
⏰ Last Name: ⌥ 𝟭𝟴:𝟰𝟲
⏰ Last Name: ⌥ 𝟭𝟴:𝟰𝟳
⏰ Last Name: ⌥ 𝟭𝟴:𝟰𝟴
⏰ Last Name: ⌥ 𝟭𝟴:𝟰𝟵
⏰ Last Name: ⌥ 𝟭𝟴:𝟱𝟬
⏰ Last Name: ⌥ 𝟭𝟴:𝟱𝟭
⏰ Last Name: ⌥ 𝟭𝟴:𝟱𝟮
⏰ Last Name: ⌥ 𝟭𝟴:𝟱𝟯
⏰ Last Name: ⌥ 𝟭𝟴:𝟱𝟰
⏰ Last Name: ⌥ 𝟭𝟴:𝟱𝟱
⏰ Last Name: ⌥ 𝟭𝟴:𝟱𝟲
⏰ Last Name: ⌥ 𝟭𝟴:𝟱𝟳
⏰ Last Name: ⌥ 𝟭𝟴:𝟱𝟴
⏰ Last Name: ⌥ 𝟭𝟴:𝟱𝟵
⏰ Last Name: ⌥ 𝟭𝟵:𝟬𝟬
⏰ Last Name: ⌥ 𝟭𝟵:𝟬𝟭
⏰ Last Name: ⌥ 𝟭𝟵:𝟬𝟮
⏰ Last Name: ⌥ 𝟭𝟵:𝟬𝟯
⏰ Last Name: ⌥ 𝟭𝟵:𝟬𝟰
⏰ Last Name: ⌥ 𝟭𝟵:𝟬𝟱
⏰ Last Name: ⌥ 𝟭𝟵:𝟬𝟲
⏰ Last Name: ⌥ 𝟭𝟵:𝟬𝟳
⏰ Last Name: ⌥ 𝟭𝟵:𝟬𝟴
⏰ Last Name: ⌥ 𝟭𝟵:𝟬𝟵
⏰ Last Name: ⌥ 𝟭𝟵:𝟭𝟬
⏰ Last Name: ⌥ 𝟭𝟵:𝟭𝟭
⏰ Last Name: ⌥ 𝟭𝟵:𝟭𝟮
⏰ Last Name: ⌥ 𝟭𝟵:𝟭𝟯
⏰ Last Name: ⌥ 𝟭𝟵:𝟭𝟰
⏰ Last Name: ⌥ 𝟭𝟵:𝟭𝟱
⏰ Last Name: ⌥ 𝟭𝟵:𝟭𝟲
⏰ Last Name: ⌥ 𝟭𝟵:𝟭𝟳
⏰ Last Name: ⌥ 𝟭𝟵:𝟭𝟴
⏰ Last Name: ⌥ 𝟭𝟵:𝟭𝟵
⏰ Last Name: ⌥ 𝟭𝟵:𝟮𝟬
⏰ Last Name: ⌥ 𝟭𝟵:𝟮𝟭
⏰ Last Name: ⌥ 𝟭𝟵:𝟮𝟮
⏰ Last Name: ⌥ 𝟭𝟵:𝟮𝟯
⏰ Last Name: ⌥ 𝟭𝟵:𝟮𝟰
⏰ Last Name: ⌥ 𝟭𝟵:𝟮𝟱
⏰ Last Name: ⌥ 𝟭𝟵:𝟮𝟲
⏰ Last Name: ⌥ 𝟭𝟵:𝟮𝟳
⏰ Last Name: ⌥ 𝟭𝟵:𝟮𝟴
⏰ Last Name: ⌥ 𝟭𝟵:𝟮𝟵
⏰ Last Name: ⌥ 𝟭𝟵:𝟯𝟬
⏰ Last Name: ⌥ 𝟭𝟵:𝟯𝟭
⏰ Last Name: ⌥ 𝟭𝟵:𝟯𝟮
⏰ Last Name: ⌥ 𝟭𝟵:𝟯𝟯
⏰ Last Name: ⌥ 𝟭𝟵:𝟯𝟰
⏰ Last Name: ⌥ 𝟭𝟵:𝟯𝟱
⏰ Last Name: ⌥ 𝟭𝟵:𝟯𝟲
⏰ Last Name: ⌥ 𝟭𝟵:𝟯𝟳
💜 Auto React [user:6990187779]: ❤️
⏰ Last Name: ⌥ 𝟭𝟵:𝟯𝟴
⏰ Last Name: ⌥ 𝟭𝟵:𝟯𝟵
⏰ Last Name: ⌥ 𝟭𝟵:𝟰𝟬
⏰ Last Name: ⌥ 𝟭𝟵:𝟰𝟭
⏰ Last Name: ⌥ 𝟭𝟵:𝟰𝟮
⏰ Last Name: ⌥ 𝟭𝟵:𝟰𝟯
⏰ Last Name: ⌥ 𝟭𝟵:𝟰𝟰
⏰ Last Name: ⌥ 𝟭𝟵:𝟰𝟱
💜 Auto React [user:6990187779]: ❤️
⏰ Last Name: ⌥ 𝟭𝟵:𝟰𝟲
⏰ Last Name: ⌥ 𝟭𝟵:𝟰𝟳
⏰ Last Name: ⌥ 𝟭𝟵:𝟰𝟴
⏰ Last Name: ⌥ 𝟭𝟵:𝟰𝟵
⏰ Last Name: ⌥ 𝟭𝟵:𝟱𝟬
⏰ Last Name: ⌥ 𝟭𝟵:𝟱𝟭
⏰ Last Name: ⌥ 𝟭𝟵:𝟱𝟮
⏰ Last Name: ⌥ 𝟭𝟵:𝟱𝟯
⏰ Last Name: ⌥ 𝟭𝟵:𝟱𝟰
⏰ Last Name: ⌥ 𝟭𝟵:𝟱𝟱
⏰ Last Name: ⌥ 𝟭𝟵:𝟱𝟲
⏰ Last Name: ⌥ 𝟭𝟵:𝟱𝟳
⏰ Last Name: ⌥ 𝟭𝟵:𝟱𝟴
⏰ Last Name: ⌥ 𝟭𝟵:𝟱𝟵
⏰ Last Name: ⌥ 𝟮𝟬:𝟬𝟬
⏰ Last Name: ⌥ 𝟮𝟬:𝟬𝟭
⏰ Last Name: ⌥ 𝟮𝟬:𝟬𝟮
⏰ Last Name: ⌥ 𝟮𝟬:𝟬𝟯
⏰ Last Name: ⌥ 𝟮𝟬:𝟬𝟰
⏰ Last Name: ⌥ 𝟮𝟬:𝟬𝟱
⏰ Last Name: ⌥ 𝟮𝟬:𝟬𝟲
⏰ Last Name: ⌥ 𝟮𝟬:𝟬𝟳
⏰ Last Name: ⌥ 𝟮𝟬:𝟬𝟴
⏰ Last Name: ⌥ 𝟮𝟬:𝟬𝟵
💜 Auto React [user:6958501715]: ❤️
⏰ Last Name: ⌥ 𝟮𝟬:𝟭𝟬
⏰ Last Name: ⌥ 𝟮𝟬:𝟭𝟭
⏰ Last Name: ⌥ 𝟮𝟬:𝟭𝟮
⏰ Last Name: ⌥ 𝟮𝟬:𝟭𝟯
⏰ Last Name: ⌥ 𝟮𝟬:𝟭𝟰
⏰ Last Name: ⌥ 𝟮𝟬:𝟭𝟱
⏰ Last Name: ⌥ 𝟮𝟬:𝟭𝟲
⏰ Last Name: ⌥ 𝟮𝟬:𝟭𝟳
⏰ Last Name: ⌥ 𝟮𝟬:𝟭𝟴
⏰ Last Name: ⌥ 𝟮𝟬:𝟭𝟵
⏰ Last Name: ⌥ 𝟮𝟬:𝟮𝟬
⏰ Last Name: ⌥ 𝟮𝟬:𝟮𝟭
⏰ Last Name: ⌥ 𝟮𝟬:𝟮𝟮
⏰ Last Name: ⌥ 𝟮𝟬:𝟮𝟯
⏰ Last Name: ⌥ 𝟮𝟬:𝟮𝟰
⏰ Last Name: ⌥ 𝟮𝟬:𝟮𝟱
⏰ Last Name: ⌥ 𝟮𝟬:𝟮𝟲
⏰ Last Name: ⌥ 𝟮𝟬:𝟮𝟳
⏰ Last Name: ⌥ 𝟮𝟬:𝟮𝟴
⏰ Last Name: ⌥ 𝟮𝟬:𝟮𝟵
⏰ Last Name: ⌥ 𝟮𝟬:𝟯𝟬
⏰ Last Name: ⌥ 𝟮𝟬:𝟯𝟭
⏰ Last Name: ⌥ 𝟮𝟬:𝟯𝟮
⏰ Last Name: ⌥ 𝟮𝟬:𝟯𝟯
⏰ Last Name: ⌥ 𝟮𝟬:𝟯𝟰
⏰ Last Name: ⌥ 𝟮𝟬:𝟯𝟱
⏰ Last Name: ⌥ 𝟮𝟬:𝟯𝟲
⏰ Last Name: ⌥ 𝟮𝟬:𝟯𝟳
⏰ Last Name: ⌥ 𝟮𝟬:𝟯𝟴
⏰ Last Name: ⌥ 𝟮𝟬:𝟯𝟵
⏰ Last Name: ⌥ 𝟮𝟬:𝟰𝟬
⏰ Last Name: ⌥ 𝟮𝟬:𝟰𝟭
⏰ Last Name: ⌥ 𝟮𝟬:𝟰𝟮
⏰ Last Name: ⌥ 𝟮𝟬:𝟰𝟯
⏰ Last Name: ⌥ 𝟮𝟬:𝟰𝟰
⏰ Last Name: ⌥ 𝟮𝟬:𝟰𝟱
⏰ Last Name: ⌥ 𝟮𝟬:𝟰𝟲
⏰ Last Name: ⌥ 𝟮𝟬:𝟰𝟳
⏰ Last Name: ⌥ 𝟮𝟬:𝟰𝟴
⏰ Last Name: ⌥ 𝟮𝟬:𝟰𝟵
⏰ Last Name: ⌥ 𝟮𝟬:𝟱𝟬
⏰ Last Name: ⌥ 𝟮𝟬:𝟱𝟭
⏰ Last Name: ⌥ 𝟮𝟬:𝟱𝟮
⏰ Last Name: ⌥ 𝟮𝟬:𝟱𝟯
⏰ Last Name: ⌥ 𝟮𝟬:𝟱𝟰
⏰ Last Name: ⌥ 𝟮𝟬:𝟱𝟱
⏰ Last Name: ⌥ 𝟮𝟬:𝟱𝟲
⏰ Last Name: ⌥ 𝟮𝟬:𝟱𝟳
💜 Auto React [user:6990187779]: ❤️
⏰ Last Name: ⌥ 𝟮𝟬:𝟱𝟴
⏰ Last Name: ⌥ 𝟮𝟬:𝟱𝟵
⏰ Last Name: ⌥ 𝟮𝟭:𝟬𝟬
💜 Auto React [user:6990187779]: ❤️
💜 Auto React [user:6990187779]: ❤️
⏰ Last Name: ⌥ 𝟮𝟭:𝟬𝟭
💜 Auto React [user:6990187779]: ❤️
💜 Auto React [user:6990187779]: ❤️
⏰ Last Name: ⌥ 𝟮𝟭:𝟬𝟮
⏰ Last Name: ⌥ 𝟮𝟭:𝟬𝟯
💜 Auto React [user:6958501715]: ❤️
⏰ Last Name: ⌥ 𝟮𝟭:𝟬𝟰
⏰ Last Name: ⌥ 𝟮𝟭:𝟬𝟱
⏰ Last Name: ⌥ 𝟮𝟭:𝟬𝟲
⏰ Last Name: ⌥ 𝟮𝟭:𝟬𝟳
⏰ Last Name: ⌥ 𝟮𝟭:𝟬𝟴
💜 Auto React [user:6958501715]: ❤️
💜 Auto React [user:6958501715]: ❤️
⏰ Last Name: ⌥ 𝟮𝟭:𝟬𝟵
💜 Auto React [user:6958501715]: ❤️
💜 Auto React [user:6958501715]: ❤️
💜 Auto React [user:6958501715]: ❤️
⏰ Last Name: ⌥ 𝟮𝟭:𝟭𝟬
💜 Auto React [user:6958501715]: ❤️
💜 Auto React [user:6958501715]: ❤️
💜 Auto React [user:6958501715]: ❤️
⏰ Last Name: ⌥ 𝟮𝟭:𝟭𝟭
💜 Auto React [user:6958501715]: ❤️
⏰ Last Name: ⌥ 𝟮𝟭:𝟭𝟮
💜 Auto React [user:6958501715]: ❤️
💜 Auto React [user:6958501715]: ❤️
💜 Auto React [user:6958501715]: ❤️
💜 Auto React [user:6958501715]: ❤️
💜 Auto React [user:6958501715]: ❤️
💜 Auto React [user:6958501715]: ❤️
⏰ Last Name: ⌥ 𝟮𝟭:𝟭𝟯
⏰ Last Name: ⌥ 𝟮𝟭:𝟭𝟰
⏰ Last Name: ⌥ 𝟮𝟭:𝟭𝟱
⏰ Last Name: ⌥ 𝟮𝟭:𝟭𝟲
⏰ Last Name: ⌥ 𝟮𝟭:𝟭𝟳
⏰ Last Name: ⌥ 𝟮𝟭:𝟭𝟴
⏰ Last Name: ⌥ 𝟮𝟭:𝟭𝟵
⏰ Last Name: ⌥ 𝟮𝟭:𝟮𝟬
⏰ Last Name: ⌥ 𝟮𝟭:𝟮𝟭
⏰ Last Name: ⌥ 𝟮𝟭:𝟮𝟮
⏰ Last Name: ⌥ 𝟮𝟭:𝟮𝟯
⏰ Last Name: ⌥ 𝟮𝟭:𝟮𝟰
💜 Auto React [user:6990187779]: ❤️
⏰ Last Name: ⌥ 𝟮𝟭:𝟮𝟱
💜 Auto React [user:6990187779]: ❤️
⏰ Last Name: ⌥ 𝟮𝟭:𝟮𝟲
⏰ Last Name: ⌥ 𝟮𝟭:𝟮𝟳
⏰ Last Name: ⌥ 𝟮𝟭:𝟮𝟴
⏰ Last Name: ⌥ 𝟮𝟭:𝟮𝟵
⏰ Last Name: ⌥ 𝟮𝟭:𝟯𝟬
⏰ Last Name: ⌥ 𝟮𝟭:𝟯𝟭
💜 Auto React [user:6990187779]: ❤️
⏰ Last Name: ⌥ 𝟮𝟭:𝟯𝟮
⏰ Last Name: ⌥ 𝟮𝟭:𝟯𝟯
💜 Auto React [user:6990187779]: ❤️
💜 Auto React [user:6990187779]: ❤️
💜 Auto React [user:6990187779]: ❤️
💜 Auto React [user:6990187779]: ❤️
⏰ Last Name: ⌥ 𝟮𝟭:𝟯𝟰
💜 Auto React [user:6990187779]: ❤️
💜 Auto React [user:6990187779]: ❤️
💜 Auto React [user:6990187779]: ❤️
⏰ Last Name: ⌥ 𝟮𝟭:𝟯𝟱
⏰ Last Name: ⌥ 𝟮𝟭:𝟯𝟲
💜 Auto React [user:6990187779]: ❤️
💜 Auto React [user:6990187779]: ❤️
💜 Auto React [user:6990187779]: ❤️
💜 Auto React [user:6990187779]: ❤️
⏰ Last Name: ⌥ 𝟮𝟭:𝟯𝟳
💜 Auto React [user:6990187779]: ❤️
⏰ Last Name: ⌥ 𝟮𝟭:𝟯𝟴
💜 Auto React [user:6990187779]: ❤️
💜 Auto React [user:6990187779]: ❤️
⏰ Last Name: ⌥ 𝟮𝟭:𝟯𝟵
💜 Auto React [user:6990187779]: ❤️
⏰ Last Name: ⌥ 𝟮𝟭:𝟰𝟬
⏰ Last Name: ⌥ 𝟮𝟭:𝟰𝟭
⏰ Last Name: ⌥ 𝟮𝟭:𝟰𝟮
💜 Auto React [user:6990187779]: ❤️
⏰ Last Name: ⌥ 𝟮𝟭:𝟰𝟯
💜 Auto React [user:6990187779]: ❤️
⏰ Last Name: ⌥ 𝟮𝟭:𝟰𝟰
💜 Auto React [user:6990187779]: ❤️
💜 Auto React [user:6990187779]: ❤️
⏰ Last Name: ⌥ 𝟮𝟭:𝟰𝟱
⏰ Last Name: ⌥ 𝟮𝟭:𝟰𝟲
💜 Auto React [user:6990187779]: ❤️
💜 Auto React [user:6990187779]: ❤️
💜 Auto React [user:6990187779]: ❤️
⏰ Last Name: ⌥ 𝟮𝟭:𝟰𝟳
💜 Auto React [user:6990187779]: ❤️
⏰ Last Name: ⌥ 𝟮𝟭:𝟰𝟴
⏰ Last Name: ⌥ 𝟮𝟭:𝟰𝟵
💜 Auto React [user:6990187779]: ❤️
⏰ Last Name: ⌥ 𝟮𝟭:𝟱𝟬
💜 Auto React [user:6990187779]: ❤️
⏰ Last Name: ⌥ 𝟮𝟭:𝟱𝟭
💜 Auto React [user:6990187779]: ❤️
💜 Auto React [user:6990187779]: ❤️
⏰ Last Name: ⌥ 𝟮𝟭:𝟱𝟮
💜 Auto React [user:6990187779]: ❤️
⏰ Last Name: ⌥ 𝟮𝟭:𝟱𝟯
⏰ Last Name: ⌥ 𝟮𝟭:𝟱𝟰
⏰ Last Name: ⌥ 𝟮𝟭:𝟱𝟱
⏰ Last Name: ⌥ 𝟮𝟭:𝟱𝟲
⏰ Last Name: ⌥ 𝟮𝟭:𝟱𝟳
⏰ Last Name: ⌥ 𝟮𝟭:𝟱𝟴
💜 Auto React [user:6990187779]: ❤️
⏰ Last Name: ⌥ 𝟮𝟭:𝟱𝟵
⏰ Last Name: ⌥ 𝟮𝟮:𝟬𝟬
⏰ Last Name: ⌥ 𝟮𝟮:𝟬𝟭
⏰ Last Name: ⌥ 𝟮𝟮:𝟬𝟮
⏰ Last Name: ⌥ 𝟮𝟮:𝟬𝟯
⏰ Last Name: ⌥ 𝟮𝟮:𝟬𝟰
⏰ Last Name: ⌥ 𝟮𝟮:𝟬𝟱
💜 Auto React [user:6990187779]: ❤️
⏰ Last Name: ⌥ 𝟮𝟮:𝟬𝟲
⏰ Last Name: ⌥ 𝟮𝟮:𝟬𝟳
⏰ Last Name: ⌥ 𝟮𝟮:𝟬𝟴
⏰ Last Name: ⌥ 𝟮𝟮:𝟬𝟵
⏰ Last Name: ⌥ 𝟮𝟮:𝟭𝟬
⏰ Last Name: ⌥ 𝟮𝟮:𝟭𝟭
⏰ Last Name: ⌥ 𝟮𝟮:𝟭𝟮
⏰ Last Name: ⌥ 𝟮𝟮:𝟭𝟯
⏰ Last Name: ⌥ 𝟮𝟮:𝟭𝟰
⏰ Last Name: ⌥ 𝟮𝟮:𝟭𝟱
⏰ Last Name: ⌥ 𝟮𝟮:𝟭𝟲
⏰ Last Name: ⌥ 𝟮𝟮:𝟭𝟳
💜 Auto React [user:6990187779]: ❤️
⏰ Last Name: ⌥ 𝟮𝟮:𝟭𝟴
⏰ Last Name: ⌥ 𝟮𝟮:𝟭𝟵
💜 Auto React [user:6990187779]: ❤️
💜 Auto React [user:6990187779]: ❤️
⏰ Last Name: ⌥ 𝟮𝟮:𝟮𝟬
💜 Auto React [user:6990187779]: ❤️
⏰ Last Name: ⌥ 𝟮𝟮:𝟮𝟭
⏰ Last Name: ⌥ 𝟮𝟮:𝟮𝟮
💜 Auto React [user:6990187779]: ❤️
⏰ Last Name: ⌥ 𝟮𝟮:𝟮𝟯
⏰ Last Name: ⌥ 𝟮𝟮:𝟮𝟰
⏰ Last Name: ⌥ 𝟮𝟮:𝟮𝟱
⏰ Last Name: ⌥ 𝟮𝟮:𝟮𝟲
⏰ Last Name: ⌥ 𝟮𝟮:𝟮𝟳
⏰ Last Name: ⌥ 𝟮𝟮:𝟮𝟴
⏰ Last Name: ⌥ 𝟮𝟮:𝟮𝟵
⏰ Last Name: ⌥ 𝟮𝟮:𝟯𝟬
⏰ Last Name: ⌥ 𝟮𝟮:𝟯𝟭
⏰ Last Name: ⌥ 𝟮𝟮:𝟯𝟮
💜 Auto React [user:7433542559]: 😐
⏰ Last Name: ⌥ 𝟮𝟮:𝟯𝟯
⏰ Last Name: ⌥ 𝟮𝟮:𝟯𝟰
💜 Auto React [user:7433542559]: 😐
⏰ Last Name: ⌥ 𝟮𝟮:𝟯𝟱
⏰ Last Name: ⌥ 𝟮𝟮:𝟯𝟲
⏰ Last Name: ⌥ 𝟮𝟮:𝟯𝟳
⏰ Last Name: ⌥ 𝟮𝟮:𝟯𝟴
⏰ Last Name: ⌥ 𝟮𝟮:𝟯𝟵
⏰ Last Name: ⌥ 𝟮𝟮:𝟰𝟬
⏰ Last Name: ⌥ 𝟮𝟮:𝟰𝟭
⏰ Last Name: ⌥ 𝟮𝟮:𝟰𝟮
⏰ Last Name: ⌥ 𝟮𝟮:𝟰𝟯
⏰ Last Name: ⌥ 𝟮𝟮:𝟰𝟰
⏰ Last Name: ⌥ 𝟮𝟮:𝟰𝟱
⏰ Last Name: ⌥ 𝟮𝟮:𝟰𝟲
⏰ Last Name: ⌥ 𝟮𝟮:𝟰𝟳
⏰ Last Name: ⌥ 𝟮𝟮:𝟰𝟴
⏰ Last Name: ⌥ 𝟮𝟮:𝟰𝟵
⏰ Last Name: ⌥ 𝟮𝟮:𝟱𝟬
⏰ Last Name: ⌥ 𝟮𝟮:𝟱𝟭
⏰ Last Name: ⌥ 𝟮𝟮:𝟱𝟮
⏰ Last Name: ⌥ 𝟮𝟮:𝟱𝟯
⏰ Last Name: ⌥ 𝟮𝟮:𝟱𝟰
⏰ Last Name: ⌥ 𝟮𝟮:𝟱𝟱
⏰ Last Name: ⌥ 𝟮𝟮:𝟱𝟲
⏰ Last Name: ⌥ 𝟮𝟮:𝟱𝟳
⏰ Last Name: ⌥ 𝟮𝟮:𝟱𝟴
⏰ Last Name: ⌥ 𝟮𝟮:𝟱𝟵
⏰ Last Name: ⌥ 𝟮𝟯:𝟬𝟬
⏰ Last Name: ⌥ 𝟮𝟯:𝟬𝟭
⏰ Last Name: ⌥ 𝟮𝟯:𝟬𝟮
⏰ Last Name: ⌥ 𝟮𝟯:𝟬𝟯
⏰ Last Name: ⌥ 𝟮𝟯:𝟬𝟰
⏰ Last Name: ⌥ 𝟮𝟯:𝟬𝟱
⏰ Last Name: ⌥ 𝟮𝟯:𝟬𝟲
⏰ Last Name: ⌥ 𝟮𝟯:𝟬𝟳
⏰ Last Name: ⌥ 𝟮𝟯:𝟬𝟴
⏰ Last Name: ⌥ 𝟮𝟯:𝟬𝟵
⏰ Last Name: ⌥ 𝟮𝟯:𝟭𝟬
⏰ Last Name: ⌥ 𝟮𝟯:𝟭𝟭
⏰ Last Name: ⌥ 𝟮𝟯:𝟭𝟮
⏰ Last Name: ⌥ 𝟮𝟯:𝟭𝟯
⏰ Last Name: ⌥ 𝟮𝟯:𝟭𝟰
⏰ Last Name: ⌥ 𝟮𝟯:𝟭𝟱
⏰ Last Name: ⌥ 𝟮𝟯:𝟭𝟲
⏰ Last Name: ⌥ 𝟮𝟯:𝟭𝟳
⏰ Last Name: ⌥ 𝟮𝟯:𝟭𝟴
⏰ Last Name: ⌥ 𝟮𝟯:𝟭𝟵
⏰ Last Name: ⌥ 𝟮𝟯:𝟮𝟬
⏰ Last Name: ⌥ 𝟮𝟯:𝟮𝟭
⏰ Last Name: ⌥ 𝟮𝟯:𝟮𝟮
⏰ Last Name: ⌥ 𝟮𝟯:𝟮𝟯
⏰ Last Name: ⌥ 𝟮𝟯:𝟮𝟰
⏰ Last Name: ⌥ 𝟮𝟯:𝟮𝟱
⏰ Last Name: ⌥ 𝟮𝟯:𝟮𝟲
⏰ Last Name: ⌥ 𝟮𝟯:𝟮𝟳
⏰ Last Name: ⌥ 𝟮𝟯:𝟮𝟴
⏰ Last Name: ⌥ 𝟮𝟯:𝟮𝟵
💜 Auto React [user:7433542559]: 😐
💜 Auto React [user:7433542559]: 😐
💜 Auto React [user:7433542559]: 😐
💜 Auto React [user:7433542559]: 😐
⏰ Last Name: ⌥ 𝟮𝟯:𝟯𝟬
💜 Auto React [user:7433542559]: 😐
💜 Auto React [user:7433542559]: 😐
⏰ Last Name: ⌥ 𝟮𝟯:𝟯𝟭
💜 Auto React [user:7433542559]: 😐
⏰ Last Name: ⌥ 𝟮𝟯:𝟯𝟮
⏰ Last Name: ⌥ 𝟮𝟯:𝟯𝟯
⏰ Last Name: ⌥ 𝟮𝟯:𝟯𝟰
⏰ Last Name: ⌥ 𝟮𝟯:𝟯𝟱
⏰ Last Name: ⌥ 𝟮𝟯:𝟯𝟲
⏰ Last Name: ⌥ 𝟮𝟯:𝟯𝟳
⏰ Last Name: ⌥ 𝟮𝟯:𝟯𝟴
⏰ Last Name: ⌥ 𝟮𝟯:𝟯𝟵
⏰ Last Name: ⌥ 𝟮𝟯:𝟰𝟬
⏰ Last Name: ⌥ 𝟮𝟯:𝟰𝟭
⏰ Last Name: ⌥ 𝟮𝟯:𝟰𝟮
⏰ Last Name: ⌥ 𝟮𝟯:𝟰𝟯
⏰ Last Name: ⌥ 𝟮𝟯:𝟰𝟰
⏰ Last Name: ⌥ 𝟮𝟯:𝟰𝟱
⏰ Last Name: ⌥ 𝟮𝟯:𝟰𝟲
⏰ Last Name: ⌥ 𝟮𝟯:𝟰𝟳
⏰ Last Name: ⌥ 𝟮𝟯:𝟰𝟴
⏰ Last Name: ⌥ 𝟮𝟯:𝟰𝟵
⏰ Last Name: ⌥ 𝟮𝟯:𝟱𝟬
⏰ Last Name: ⌥ 𝟮𝟯:𝟱𝟭
⏰ Last Name: ⌥ 𝟮𝟯:𝟱𝟮
⏰ Last Name: ⌥ 𝟮𝟯:𝟱𝟯
⏰ Last Name: ⌥ 𝟮𝟯:𝟱𝟰
⏰ Last Name: ⌥ 𝟮𝟯:𝟱𝟱
⏰ Last Name: ⌥ 𝟮𝟯:𝟱𝟲
⏰ Last Name: ⌥ 𝟮𝟯:𝟱𝟳
⏰ Last Name: ⌥ 𝟮𝟯:𝟱𝟴
⏰ Last Name: ⌥ 𝟮𝟯:𝟱𝟵
⏰ Last Name: ⌥ 𝟬𝟬:𝟬𝟬
⏰ Last Name: ⌥ 𝟬𝟬:𝟬𝟭
⏰ Last Name: ⌥ 𝟬𝟬:𝟬𝟮
⏰ Last Name: ⌥ 𝟬𝟬:𝟬𝟯
⏰ Last Name: ⌥ 𝟬𝟬:𝟬𝟰
⏰ Last Name: ⌥ 𝟬𝟬:𝟬𝟱
⏰ Last Name: ⌥ 𝟬𝟬:𝟬𝟲
⏰ Last Name: ⌥ 𝟬𝟬:𝟬𝟳
💜 Auto React [user:7433542559]: 😐
💜 Auto React [user:7433542559]: 😐
⏰ Last Name: ⌥ 𝟬𝟬:𝟬𝟴
⏰ Last Name: ⌥ 𝟬𝟬:𝟬𝟵
💜 Auto React [user:7433542559]: 😐
💜 Auto React [user:7433542559]: 😐
⏰ Last Name: ⌥ 𝟬𝟬:𝟭𝟬
💜 Auto React [user:7433542559]: 😐
💜 Auto React [user:7433542559]: 😐
⏰ Last Name: ⌥ 𝟬𝟬:𝟭𝟭
💜 Auto React [user:7433542559]: 😐
💜 Auto React [user:7433542559]: 😐
💜 Auto React [user:7433542559]: 😐
⏰ Last Name: ⌥ 𝟬𝟬:𝟭𝟮
💜 Auto React [user:7433542559]: 😐
💜 Auto React [user:7433542559]: 😐
💜 Auto React [user:7433542559]: 😐
💜 Auto React [user:7433542559]: 😐
⏰ Last Name: ⌥ 𝟬𝟬:𝟭𝟯
⏰ Last Name: ⌥ 𝟬𝟬:𝟭𝟰
⏰ Last Name: ⌥ 𝟬𝟬:𝟭𝟱
⏰ Last Name: ⌥ 𝟬𝟬:𝟭𝟲
⏰ Last Name: ⌥ 𝟬𝟬:𝟭𝟳
⏰ Last Name: ⌥ 𝟬𝟬:𝟭𝟴
💜 Auto React [user:6990187779]: ❤️
⏰ Last Name: ⌥ 𝟬𝟬:𝟭𝟵
💜 Auto React [user:6990187779]: ❤️
💜 Auto React [user:6990187779]: ❤️
⏰ Last Name: ⌥ 𝟬𝟬:𝟮𝟬
⏰ Last Name: ⌥ 𝟬𝟬:𝟮𝟭
⏰ Last Name: ⌥ 𝟬𝟬:𝟮𝟮
⏰ Last Name: ⌥ 𝟬𝟬:𝟮𝟯
⏰ Last Name: ⌥ 𝟬𝟬:𝟮𝟰
⏰ Last Name: ⌥ 𝟬𝟬:𝟮𝟱
⏰ Last Name: ⌥ 𝟬𝟬:𝟮𝟲
⏰ Last Name: ⌥ 𝟬𝟬:𝟮𝟳
⏰ Last Name: ⌥ 𝟬𝟬:𝟮𝟴
⏰ Last Name: ⌥ 𝟬𝟬:𝟮𝟵
⏰ Last Name: ⌥ 𝟬𝟬:𝟯𝟬
⏰ Last Name: ⌥ 𝟬𝟬:𝟯𝟭
💜 Auto React [user:6990187779]: ❤️
💜 Auto React [user:6990187779]: ❤️
⏰ Last Name: ⌥ 𝟬𝟬:𝟯𝟮
⏰ Last Name: ⌥ 𝟬𝟬:𝟯𝟯
⏰ Last Name: ⌥ 𝟬𝟬:𝟯𝟰
⏰ Last Name: ⌥ 𝟬𝟬:𝟯𝟱
⏰ Last Name: ⌥ 𝟬𝟬:𝟯𝟲
⏰ Last Name: ⌥ 𝟬𝟬:𝟯𝟳
⏰ Last Name: ⌥ 𝟬𝟬:𝟯𝟴
⏰ Last Name: ⌥ 𝟬𝟬:𝟯𝟵
⏰ Last Name: ⌥ 𝟬𝟬:𝟰𝟬
⏰ Last Name: ⌥ 𝟬𝟬:𝟰𝟭
⏰ Last Name: ⌥ 𝟬𝟬:𝟰𝟮
⏰ Last Name: ⌥ 𝟬𝟬:𝟰𝟯
⏰ Last Name: ⌥ 𝟬𝟬:𝟰𝟰
⏰ Last Name: ⌥ 𝟬𝟬:𝟰𝟱
⏰ Last Name: ⌥ 𝟬𝟬:𝟰𝟲
⏰ Last Name: ⌥ 𝟬𝟬:𝟰𝟳
⏰ Last Name: ⌥ 𝟬𝟬:𝟰𝟴
⏰ Last Name: ⌥ 𝟬𝟬:𝟰𝟵
⏰ Last Name: ⌥ 𝟬𝟬:𝟱𝟬
⏰ Last Name: ⌥ 𝟬𝟬:𝟱𝟭
⏰ Last Name: ⌥ 𝟬𝟬:𝟱𝟮
⏰ Last Name: ⌥ 𝟬𝟬:𝟱𝟯
⏰ Last Name: ⌥ 𝟬𝟬:𝟱𝟰
⏰ Last Name: ⌥ 𝟬𝟬:𝟱𝟱
⏰ Last Name: ⌥ 𝟬𝟬:𝟱𝟲
⏰ Last Name: ⌥ 𝟬𝟬:𝟱𝟳
⏰ Last Name: ⌥ 𝟬𝟬:𝟱𝟴
⏰ Last Name: ⌥ 𝟬𝟬:𝟱𝟵
⏰ Last Name: ⌥ 𝟬𝟭:𝟬𝟬
⏰ Last Name: ⌥ 𝟬𝟭:𝟬𝟭
⏰ Last Name: ⌥ 𝟬𝟭:𝟬𝟮
⏰ Last Name: ⌥ 𝟬𝟭:𝟬𝟯
⏰ Last Name: ⌥ 𝟬𝟭:𝟬𝟰
⏰ Last Name: ⌥ 𝟬𝟭:𝟬𝟱
⏰ Last Name: ⌥ 𝟬𝟭:𝟬𝟲
⏰ Last Name: ⌥ 𝟬𝟭:𝟬𝟳
⏰ Last Name: ⌥ 𝟬𝟭:𝟬𝟴
⏰ Last Name: ⌥ 𝟬𝟭:𝟬𝟵
⏰ Last Name: ⌥ 𝟬𝟭:𝟭𝟬
⏰ Last Name: ⌥ 𝟬𝟭:𝟭𝟭
⏰ Last Name: ⌥ 𝟬𝟭:𝟭𝟮
⏰ Last Name: ⌥ 𝟬𝟭:𝟭𝟯
⏰ Last Name: ⌥ 𝟬𝟭:𝟭𝟰
⏰ Last Name: ⌥ 𝟬𝟭:𝟭𝟱
⏰ Last Name: ⌥ 𝟬𝟭:𝟭𝟲
⏰ Last Name: ⌥ 𝟬𝟭:𝟭𝟳
⏰ Last Name: ⌥ 𝟬𝟭:𝟭𝟴
⏰ Last Name: ⌥ 𝟬𝟭:𝟭𝟵
⏰ Last Name: ⌥ 𝟬𝟭:𝟮𝟬
⏰ Last Name: ⌥ 𝟬𝟭:𝟮𝟭
⏰ Last Name: ⌥ 𝟬𝟭:𝟮𝟮
⏰ Last Name: ⌥ 𝟬𝟭:𝟮𝟯
⏰ Last Name: ⌥ 𝟬𝟭:𝟮𝟰
⏰ Last Name: ⌥ 𝟬𝟭:𝟮𝟱
⏰ Last Name: ⌥ 𝟬𝟭:𝟮𝟲
⏰ Last Name: ⌥ 𝟬𝟭:𝟮𝟳
⏰ Last Name: ⌥ 𝟬𝟭:𝟮𝟴
⏰ Last Name: ⌥ 𝟬𝟭:𝟮𝟵
⏰ Last Name: ⌥ 𝟬𝟭:𝟯𝟬
⏰ Last Name: ⌥ 𝟬𝟭:𝟯𝟭
⏰ Last Name: ⌥ 𝟬𝟭:𝟯𝟮
⏰ Last Name: ⌥ 𝟬𝟭:𝟯𝟯
⏰ Last Name: ⌥ 𝟬𝟭:𝟯𝟰
⏰ Last Name: ⌥ 𝟬𝟭:𝟯𝟱
⏰ Last Name: ⌥ 𝟬𝟭:𝟯𝟲
⏰ Last Name: ⌥ 𝟬𝟭:𝟯𝟳
⏰ Last Name: ⌥ 𝟬𝟭:𝟯𝟴
⏰ Last Name: ⌥ 𝟬𝟭:𝟯𝟵
⏰ Last Name: ⌥ 𝟬𝟭:𝟰𝟬
⏰ Last Name: ⌥ 𝟬𝟭:𝟰𝟭
⏰ Last Name: ⌥ 𝟬𝟭:𝟰𝟮
⏰ Last Name: ⌥ 𝟬𝟭:𝟰𝟯
⏰ Last Name: ⌥ 𝟬𝟭:𝟰𝟰
⏰ Last Name: ⌥ 𝟬𝟭:𝟰𝟱
⏰ Last Name: ⌥ 𝟬𝟭:𝟰𝟲
⏰ Last Name: ⌥ 𝟬𝟭:𝟰𝟳
⏰ Last Name: ⌥ 𝟬𝟭:𝟰𝟴
⏰ Last Name: ⌥ 𝟬𝟭:𝟰𝟵
⏰ Last Name: ⌥ 𝟬𝟭:𝟱𝟬
⏰ Last Name: ⌥ 𝟬𝟭:𝟱𝟭
⏰ Last Name: ⌥ 𝟬𝟭:𝟱𝟮
⏰ Last Name: ⌥ 𝟬𝟭:𝟱𝟯
⏰ Last Name: ⌥ 𝟬𝟭:𝟱𝟰
⏰ Last Name: ⌥ 𝟬𝟭:𝟱𝟱
⏰ Last Name: ⌥ 𝟬𝟭:𝟱𝟲
⏰ Last Name: ⌥ 𝟬𝟭:𝟱𝟳
⏰ Last Name: ⌥ 𝟬𝟭:𝟱𝟴
⏰ Last Name: ⌥ 𝟬𝟭:𝟱𝟵
⏰ Last Name: ⌥ 𝟬𝟮:𝟬𝟬
⏰ Last Name: ⌥ 𝟬𝟮:𝟬𝟭
⏰ Last Name: ⌥ 𝟬𝟮:𝟬𝟮
⏰ Last Name: ⌥ 𝟬𝟮:𝟬𝟯
⏰ Last Name: ⌥ 𝟬𝟮:𝟬𝟰
⏰ Last Name: ⌥ 𝟬𝟮:𝟬𝟱
⏰ Last Name: ⌥ 𝟬𝟮:𝟬𝟲
⏰ Last Name: ⌥ 𝟬𝟮:𝟬𝟳
⏰ Last Name: ⌥ 𝟬𝟮:𝟬𝟴
⏰ Last Name: ⌥ 𝟬𝟮:𝟬𝟵
⏰ Last Name: ⌥ 𝟬𝟮:𝟭𝟬
⏰ Last Name: ⌥ 𝟬𝟮:𝟭𝟭
⏰ Last Name: ⌥ 𝟬𝟮:𝟭𝟮
⏰ Last Name: ⌥ 𝟬𝟮:𝟭𝟯
⏰ Last Name: ⌥ 𝟬𝟮:𝟭𝟰
⏰ Last Name: ⌥ 𝟬𝟮:𝟭𝟱
⏰ Last Name: ⌥ 𝟬𝟮:𝟭𝟲
⏰ Last Name: ⌥ 𝟬𝟮:𝟭𝟳
⏰ Last Name: ⌥ 𝟬𝟮:𝟭𝟴
⏰ Last Name: ⌥ 𝟬𝟮:𝟭𝟵
⏰ Last Name: ⌥ 𝟬𝟮:𝟮𝟬
⏰ Last Name: ⌥ 𝟬𝟮:𝟮𝟭
⏰ Last Name: ⌥ 𝟬𝟮:𝟮𝟮
⏰ Last Name: ⌥ 𝟬𝟮:𝟮𝟯
⏰ Last Name: ⌥ 𝟬𝟮:𝟮𝟰
⏰ Last Name: ⌥ 𝟬𝟮:𝟮𝟱
⏰ Last Name: ⌥ 𝟬𝟮:𝟮𝟲
⏰ Last Name: ⌥ 𝟬𝟮:𝟮𝟳
⏰ Last Name: ⌥ 𝟬𝟮:𝟮𝟴
⏰ Last Name: ⌥ 𝟬𝟮:𝟮𝟵
⏰ Last Name: ⌥ 𝟬𝟮:𝟯𝟬
💜 Auto React [user:6990187779]: ❤️
⏰ Last Name: ⌥ 𝟬𝟮:𝟯𝟭
⏰ Last Name: ⌥ 𝟬𝟮:𝟯𝟮
💜 Auto React [user:6990187779]: ❤️
⏰ Last Name: ⌥ 𝟬𝟮:𝟯𝟯
⏰ Last Name: ⌥ 𝟬𝟮:𝟯𝟰
⏰ Last Name: ⌥ 𝟬𝟮:𝟯𝟱
⏰ Last Name: ⌥ 𝟬𝟮:𝟯𝟲
⏰ Last Name: ⌥ 𝟬𝟮:𝟯𝟳
💜 Auto React [user:6990187779]: ❤️
⏰ Last Name: ⌥ 𝟬𝟮:𝟯𝟴
⏰ Last Name: ⌥ 𝟬𝟮:𝟯𝟵
⏰ Last Name: ⌥ 𝟬𝟮:𝟰𝟬
💜 Auto React [user:6990187779]: ❤️
⏰ Last Name: ⌥ 𝟬𝟮:𝟰𝟭
⏰ Last Name: ⌥ 𝟬𝟮:𝟰𝟮
⏰ Last Name: ⌥ 𝟬𝟮:𝟰𝟯
⏰ Last Name: ⌥ 𝟬𝟮:𝟰𝟰
⏰ Last Name: ⌥ 𝟬𝟮:𝟰𝟱
⏰ Last Name: ⌥ 𝟬𝟮:𝟰𝟲
⏰ Last Name: ⌥ 𝟬𝟮:𝟰𝟳
⏰ Last Name: ⌥ 𝟬𝟮:𝟰𝟴
⏰ Last Name: ⌥ 𝟬𝟮:𝟰𝟵
⏰ Last Name: ⌥ 𝟬𝟮:𝟱𝟬
⏰ Last Name: ⌥ 𝟬𝟮:𝟱𝟭
⏰ Last Name: ⌥ 𝟬𝟮:𝟱𝟮
⏰ Last Name: ⌥ 𝟬𝟮:𝟱𝟯
⏰ Last Name: ⌥ 𝟬𝟮:𝟱𝟰
⏰ Last Name: ⌥ 𝟬𝟮:𝟱𝟱
⏰ Last Name: ⌥ 𝟬𝟮:𝟱𝟲
⏰ Last Name: ⌥ 𝟬𝟮:𝟱𝟳
⏰ Last Name: ⌥ 𝟬𝟮:𝟱𝟴
⏰ Last Name: ⌥ 𝟬𝟮:𝟱𝟵
⏰ Last Name: ⌥ 𝟬𝟯:𝟬𝟬
⏰ Last Name: ⌥ 𝟬𝟯:𝟬𝟭
⏰ Last Name: ⌥ 𝟬𝟯:𝟬𝟮
⏰ Last Name: ⌥ 𝟬𝟯:𝟬𝟯
⏰ Last Name: ⌥ 𝟬𝟯:𝟬𝟰
⏰ Last Name: ⌥ 𝟬𝟯:𝟬𝟱
⏰ Last Name: ⌥ 𝟬𝟯:𝟬𝟲
⏰ Last Name: ⌥ 𝟬𝟯:𝟬𝟳
⏰ Last Name: ⌥ 𝟬𝟯:𝟬𝟴
⏰ Last Name: ⌥ 𝟬𝟯:𝟬𝟵
⏰ Last Name: ⌥ 𝟬𝟯:𝟭𝟬
⏰ Last Name: ⌥ 𝟬𝟯:𝟭𝟭
⏰ Last Name: ⌥ 𝟬𝟯:𝟭𝟮
⏰ Last Name: ⌥ 𝟬𝟯:𝟭𝟯
⏰ Last Name: ⌥ 𝟬𝟯:𝟭𝟰
⏰ Last Name: ⌥ 𝟬𝟯:𝟭𝟱
⏰ Last Name: ⌥ 𝟬𝟯:𝟭𝟲
⏰ Last Name: ⌥ 𝟬𝟯:𝟭𝟳
⏰ Last Name: ⌥ 𝟬𝟯:𝟭𝟴
⏰ Last Name: ⌥ 𝟬𝟯:𝟭𝟵
⏰ Last Name: ⌥ 𝟬𝟯:𝟮𝟬
⏰ Last Name: ⌥ 𝟬𝟯:𝟮𝟭
⏰ Last Name: ⌥ 𝟬𝟯:𝟮𝟮
⏰ Last Name: ⌥ 𝟬𝟯:𝟮𝟯
⏰ Last Name: ⌥ 𝟬𝟯:𝟮𝟰
⏰ Last Name: ⌥ 𝟬𝟯:𝟮𝟱
⏰ Last Name: ⌥ 𝟬𝟯:𝟮𝟲
⏰ Last Name: ⌥ 𝟬𝟯:𝟮𝟳
⏰ Last Name: ⌥ 𝟬𝟯:𝟮𝟴
⏰ Last Name: ⌥ 𝟬𝟯:𝟮𝟵
⏰ Last Name: ⌥ 𝟬𝟯:𝟯𝟬
⏰ Last Name: ⌥ 𝟬𝟯:𝟯𝟭
⏰ Last Name: ⌥ 𝟬𝟯:𝟯𝟮
⏰ Last Name: ⌥ 𝟬𝟯:𝟯𝟯
⏰ Last Name: ⌥ 𝟬𝟯:𝟯𝟰
⏰ Last Name: ⌥ 𝟬𝟯:𝟯𝟱
⏰ Last Name: ⌥ 𝟬𝟯:𝟯𝟲
⏰ Last Name: ⌥ 𝟬𝟯:𝟯𝟳
⏰ Last Name: ⌥ 𝟬𝟯:𝟯𝟴
⏰ Last Name: ⌥ 𝟬𝟯:𝟯𝟵
⏰ Last Name: ⌥ 𝟬𝟯:𝟰𝟬
⏰ Last Name: ⌥ 𝟬𝟯:𝟰𝟭
⏰ Last Name: ⌥ 𝟬𝟯:𝟰𝟮
⏰ Last Name: ⌥ 𝟬𝟯:𝟰𝟯
⏰ Last Name: ⌥ 𝟬𝟯:𝟰𝟰
⏰ Last Name: ⌥ 𝟬𝟯:𝟰𝟱
⏰ Last Name: ⌥ 𝟬𝟯:𝟰𝟲
⏰ Last Name: ⌥ 𝟬𝟯:𝟰𝟳
⏰ Last Name: ⌥ 𝟬𝟯:𝟰𝟴
⏰ Last Name: ⌥ 𝟬𝟯:𝟰𝟵
⏰ Last Name: ⌥ 𝟬𝟯:𝟱𝟬
⏰ Last Name: ⌥ 𝟬𝟯:𝟱𝟭
⏰ Last Name: ⌥ 𝟬𝟯:𝟱𝟮
⏰ Last Name: ⌥ 𝟬𝟯:𝟱𝟯
⏰ Last Name: ⌥ 𝟬𝟯:𝟱𝟰
⏰ Last Name: ⌥ 𝟬𝟯:𝟱𝟱
⏰ Last Name: ⌥ 𝟬𝟯:𝟱𝟲
⏰ Last Name: ⌥ 𝟬𝟯:𝟱𝟳
⏰ Last Name: ⌥ 𝟬𝟯:𝟱𝟴
⏰ Last Name: ⌥ 𝟬𝟯:𝟱𝟵
⏰ Last Name: ⌥ 𝟬𝟰:𝟬𝟬
⏰ Last Name: ⌥ 𝟬𝟰:𝟬𝟭
⏰ Last Name: ⌥ 𝟬𝟰:𝟬𝟮
⏰ Last Name: ⌥ 𝟬𝟰:𝟬𝟯
⏰ Last Name: ⌥ 𝟬𝟰:𝟬𝟰
⏰ Last Name: ⌥ 𝟬𝟰:𝟬𝟱
⏰ Last Name: ⌥ 𝟬𝟰:𝟬𝟲
⏰ Last Name: ⌥ 𝟬𝟰:𝟬𝟳
⏰ Last Name: ⌥ 𝟬𝟰:𝟬𝟴
⏰ Last Name: ⌥ 𝟬𝟰:𝟬𝟵
⏰ Last Name: ⌥ 𝟬𝟰:𝟭𝟬
⏰ Last Name: ⌥ 𝟬𝟰:𝟭𝟭
⏰ Last Name: ⌥ 𝟬𝟰:𝟭𝟮
⏰ Last Name: ⌥ 𝟬𝟰:𝟭𝟯
⏰ Last Name: ⌥ 𝟬𝟰:𝟭𝟰
⏰ Last Name: ⌥ 𝟬𝟰:𝟭𝟱
⏰ Last Name: ⌥ 𝟬𝟰:𝟭𝟲
⏰ Last Name: ⌥ 𝟬𝟰:𝟭𝟳
⏰ Last Name: ⌥ 𝟬𝟰:𝟭𝟴
⏰ Last Name: ⌥ 𝟬𝟰:𝟭𝟵
⏰ Last Name: ⌥ 𝟬𝟰:𝟮𝟬
⏰ Last Name: ⌥ 𝟬𝟰:𝟮𝟭
⏰ Last Name: ⌥ 𝟬𝟰:𝟮𝟮
⏰ Last Name: ⌥ 𝟬𝟰:𝟮𝟯
⏰ Last Name: ⌥ 𝟬𝟰:𝟮𝟰
⏰ Last Name: ⌥ 𝟬𝟰:𝟮𝟱
⏰ Last Name: ⌥ 𝟬𝟰:𝟮𝟲
⏰ Last Name: ⌥ 𝟬𝟰:𝟮𝟳
⏰ Last Name: ⌥ 𝟬𝟰:𝟮𝟴
⏰ Last Name: ⌥ 𝟬𝟰:𝟮𝟵
⏰ Last Name: ⌥ 𝟬𝟰:𝟯𝟬
⏰ Last Name: ⌥ 𝟬𝟰:𝟯𝟭
⏰ Last Name: ⌥ 𝟬𝟰:𝟯𝟮
⏰ Last Name: ⌥ 𝟬𝟰:𝟯𝟯
⏰ Last Name: ⌥ 𝟬𝟰:𝟯𝟰
⏰ Last Name: ⌥ 𝟬𝟰:𝟯𝟱
⏰ Last Name: ⌥ 𝟬𝟰:𝟯𝟲
⏰ Last Name: ⌥ 𝟬𝟰:𝟯𝟳
⏰ Last Name: ⌥ 𝟬𝟰:𝟯𝟴
⏰ Last Name: ⌥ 𝟬𝟰:𝟯𝟵
⏰ Last Name: ⌥ 𝟬𝟰:𝟰𝟬
⏰ Last Name: ⌥ 𝟬𝟰:𝟰𝟭
⏰ Last Name: ⌥ 𝟬𝟰:𝟰𝟮
⏰ Last Name: ⌥ 𝟬𝟰:𝟰𝟯
⏰ Last Name: ⌥ 𝟬𝟰:𝟰𝟰
⏰ Last Name: ⌥ 𝟬𝟰:𝟰𝟱
⏰ Last Name: ⌥ 𝟬𝟰:𝟰𝟲
⏰ Last Name: ⌥ 𝟬𝟰:𝟰𝟳
⏰ Last Name: ⌥ 𝟬𝟰:𝟰𝟴
⏰ Last Name: ⌥ 𝟬𝟰:𝟰𝟵
⏰ Last Name: ⌥ 𝟬𝟰:𝟱𝟬
⏰ Last Name: ⌥ 𝟬𝟰:𝟱𝟭
⏰ Last Name: ⌥ 𝟬𝟰:𝟱𝟮
⏰ Last Name: ⌥ 𝟬𝟰:𝟱𝟯
⏰ Last Name: ⌥ 𝟬𝟰:𝟱𝟰
⏰ Last Name: ⌥ 𝟬𝟰:𝟱𝟱
⏰ Last Name: ⌥ 𝟬𝟰:𝟱𝟲
⏰ Last Name: ⌥ 𝟬𝟰:𝟱𝟳
⏰ Last Name: ⌥ 𝟬𝟰:𝟱𝟴
⏰ Last Name: ⌥ 𝟬𝟰:𝟱𝟵
⏰ Last Name: ⌥ 𝟬𝟱:𝟬𝟬
⏰ Last Name: ⌥ 𝟬𝟱:𝟬𝟭
⏰ Last Name: ⌥ 𝟬𝟱:𝟬𝟮
⏰ Last Name: ⌥ 𝟬𝟱:𝟬𝟯
⏰ Last Name: ⌥ 𝟬𝟱:𝟬𝟰
⏰ Last Name: ⌥ 𝟬𝟱:𝟬𝟱
⏰ Last Name: ⌥ 𝟬𝟱:𝟬𝟲
⏰ Last Name: ⌥ 𝟬𝟱:𝟬𝟳
⏰ Last Name: ⌥ 𝟬𝟱:𝟬𝟴
⏰ Last Name: ⌥ 𝟬𝟱:𝟬𝟵
⏰ Last Name: ⌥ 𝟬𝟱:𝟭𝟬
⏰ Last Name: ⌥ 𝟬𝟱:𝟭𝟭
⏰ Last Name: ⌥ 𝟬𝟱:𝟭𝟮
⏰ Last Name: ⌥ 𝟬𝟱:𝟭𝟯
⏰ Last Name: ⌥ 𝟬𝟱:𝟭𝟰
⏰ Last Name: ⌥ 𝟬𝟱:𝟭𝟱
⏰ Last Name: ⌥ 𝟬𝟱:𝟭𝟲
⏰ Last Name: ⌥ 𝟬𝟱:𝟭𝟳
⏰ Last Name: ⌥ 𝟬𝟱:𝟭𝟴
⏰ Last Name: ⌥ 𝟬𝟱:𝟭𝟵
⏰ Last Name: ⌥ 𝟬𝟱:𝟮𝟬
⏰ Last Name: ⌥ 𝟬𝟱:𝟮𝟭
⏰ Last Name: ⌥ 𝟬𝟱:𝟮𝟮
⏰ Last Name: ⌥ 𝟬𝟱:𝟮𝟯
⏰ Last Name: ⌥ 𝟬𝟱:𝟮𝟰
⏰ Last Name: ⌥ 𝟬𝟱:𝟮𝟱
⏰ Last Name: ⌥ 𝟬𝟱:𝟮𝟲
⏰ Last Name: ⌥ 𝟬𝟱:𝟮𝟳
⏰ Last Name: ⌥ 𝟬𝟱:𝟮𝟴
⏰ Last Name: ⌥ 𝟬𝟱:𝟮𝟵
⏰ Last Name: ⌥ 𝟬𝟱:𝟯𝟬
⏰ Last Name: ⌥ 𝟬𝟱:𝟯𝟭
⏰ Last Name: ⌥ 𝟬𝟱:𝟯𝟮
⏰ Last Name: ⌥ 𝟬𝟱:𝟯𝟯
⏰ Last Name: ⌥ 𝟬𝟱:𝟯𝟰
⏰ Last Name: ⌥ 𝟬𝟱:𝟯𝟱
⏰ Last Name: ⌥ 𝟬𝟱:𝟯𝟲
⏰ Last Name: ⌥ 𝟬𝟱:𝟯𝟳
⏰ Last Name: ⌥ 𝟬𝟱:𝟯𝟴
⏰ Last Name: ⌥ 𝟬𝟱:𝟯𝟵
⏰ Last Name: ⌥ 𝟬𝟱:𝟰𝟬
⏰ Last Name: ⌥ 𝟬𝟱:𝟰𝟭
⏰ Last Name: ⌥ 𝟬𝟱:𝟰𝟮
⏰ Last Name: ⌥ 𝟬𝟱:𝟰𝟯
⏰ Last Name: ⌥ 𝟬𝟱:𝟰𝟰
⏰ Last Name: ⌥ 𝟬𝟱:𝟰𝟱
⏰ Last Name: ⌥ 𝟬𝟱:𝟰𝟲
⏰ Last Name: ⌥ 𝟬𝟱:𝟰𝟳
⏰ Last Name: ⌥ 𝟬𝟱:𝟰𝟴
⏰ Last Name: ⌥ 𝟬𝟱:𝟰𝟵
⏰ Last Name: ⌥ 𝟬𝟱:𝟱𝟬
⏰ Last Name: ⌥ 𝟬𝟱:𝟱𝟭
⏰ Last Name: ⌥ 𝟬𝟱:𝟱𝟮
⏰ Last Name: ⌥ 𝟬𝟱:𝟱𝟯
⏰ Last Name: ⌥ 𝟬𝟱:𝟱𝟰
⏰ Last Name: ⌥ 𝟬𝟱:𝟱𝟱
⏰ Last Name: ⌥ 𝟬𝟱:𝟱𝟲
⏰ Last Name: ⌥ 𝟬𝟱:𝟱𝟳
⏰ Last Name: ⌥ 𝟬𝟱:𝟱𝟴
⏰ Last Name: ⌥ 𝟬𝟱:𝟱𝟵
⏰ Last Name: ⌥ 𝟬𝟲:𝟬𝟬
⏰ Last Name: ⌥ 𝟬𝟲:𝟬𝟭
⏰ Last Name: ⌥ 𝟬𝟲:𝟬𝟮
⏰ Last Name: ⌥ 𝟬𝟲:𝟬𝟯
⏰ Last Name: ⌥ 𝟬𝟲:𝟬𝟰
⏰ Last Name: ⌥ 𝟬𝟲:𝟬𝟱
⏰ Last Name: ⌥ 𝟬𝟲:𝟬𝟲
⏰ Last Name: ⌥ 𝟬𝟲:𝟬𝟳
⏰ Last Name: ⌥ 𝟬𝟲:𝟬𝟴
⏰ Last Name: ⌥ 𝟬𝟲:𝟬𝟵
⏰ Last Name: ⌥ 𝟬𝟲:𝟭𝟬
⏰ Last Name: ⌥ 𝟬𝟲:𝟭𝟭
⏰ Last Name: ⌥ 𝟬𝟲:𝟭𝟮
⏰ Last Name: ⌥ 𝟬𝟲:𝟭𝟯
⏰ Last Name: ⌥ 𝟬𝟲:𝟭𝟰
⏰ Last Name: ⌥ 𝟬𝟲:𝟭𝟱
⏰ Last Name: ⌥ 𝟬𝟲:𝟭𝟲
⏰ Last Name: ⌥ 𝟬𝟲:𝟭𝟳
⏰ Last Name: ⌥ 𝟬𝟲:𝟭𝟴
⏰ Last Name: ⌥ 𝟬𝟲:𝟭𝟵
⏰ Last Name: ⌥ 𝟬𝟲:𝟮𝟬
⏰ Last Name: ⌥ 𝟬𝟲:𝟮𝟭
⏰ Last Name: ⌥ 𝟬𝟲:𝟮𝟮
⏰ Last Name: ⌥ 𝟬𝟲:𝟮𝟯
⏰ Last Name: ⌥ 𝟬𝟲:𝟮𝟰
⏰ Last Name: ⌥ 𝟬𝟲:𝟮𝟱
⏰ Last Name: ⌥ 𝟬𝟲:𝟮𝟲
⏰ Last Name: ⌥ 𝟬𝟲:𝟮𝟳
⏰ Last Name: ⌥ 𝟬𝟲:𝟮𝟴
⏰ Last Name: ⌥ 𝟬𝟲:𝟮𝟵
⏰ Last Name: ⌥ 𝟬𝟲:𝟯𝟬
⏰ Last Name: ⌥ 𝟬𝟲:𝟯𝟭
⏰ Last Name: ⌥ 𝟬𝟲:𝟯𝟮
⏰ Last Name: ⌥ 𝟬𝟲:𝟯𝟯
⏰ Last Name: ⌥ 𝟬𝟲:𝟯𝟰
⏰ Last Name: ⌥ 𝟬𝟲:𝟯𝟱
⏰ Last Name: ⌥ 𝟬𝟲:𝟯𝟲
⏰ Last Name: ⌥ 𝟬𝟲:𝟯𝟳
⏰ Last Name: ⌥ 𝟬𝟲:𝟯𝟴
⏰ Last Name: ⌥ 𝟬𝟲:𝟯𝟵
⏰ Last Name: ⌥ 𝟬𝟲:𝟰𝟬
⏰ Last Name: ⌥ 𝟬𝟲:𝟰𝟭
⏰ Last Name: ⌥ 𝟬𝟲:𝟰𝟮
⏰ Last Name: ⌥ 𝟬𝟲:𝟰𝟯
⏰ Last Name: ⌥ 𝟬𝟲:𝟰𝟰
⏰ Last Name: ⌥ 𝟬𝟲:𝟰𝟱
⏰ Last Name: ⌥ 𝟬𝟲:𝟰𝟲
⏰ Last Name: ⌥ 𝟬𝟲:𝟰𝟳
⏰ Last Name: ⌥ 𝟬𝟲:𝟰𝟴
⏰ Last Name: ⌥ 𝟬𝟲:𝟰𝟵
⏰ Last Name: ⌥ 𝟬𝟲:𝟱𝟬
⏰ Last Name: ⌥ 𝟬𝟲:𝟱𝟭
⏰ Last Name: ⌥ 𝟬𝟲:𝟱𝟮
⏰ Last Name: ⌥ 𝟬𝟲:𝟱𝟯
⏰ Last Name: ⌥ 𝟬𝟲:𝟱𝟰
⏰ Last Name: ⌥ 𝟬𝟲:𝟱𝟱
⏰ Last Name: ⌥ 𝟬𝟲:𝟱𝟲
⏰ Last Name: ⌥ 𝟬𝟲:𝟱𝟳
⏰ Last Name: ⌥ 𝟬𝟲:𝟱𝟴
⏰ Last Name: ⌥ 𝟬𝟲:𝟱𝟵
⏰ Last Name: ⌥ 𝟬𝟳:𝟬𝟬
⏰ Last Name: ⌥ 𝟬𝟳:𝟬𝟭
⏰ Last Name: ⌥ 𝟬𝟳:𝟬𝟮
⏰ Last Name: ⌥ 𝟬𝟳:𝟬𝟯
⏰ Last Name: ⌥ 𝟬𝟳:𝟬𝟰
⏰ Last Name: ⌥ 𝟬𝟳:𝟬𝟱
⏰ Last Name: ⌥ 𝟬𝟳:𝟬𝟲
⏰ Last Name: ⌥ 𝟬𝟳:𝟬𝟳
⏰ Last Name: ⌥ 𝟬𝟳:𝟬𝟴
⏰ Last Name: ⌥ 𝟬𝟳:𝟬𝟵
⏰ Last Name: ⌥ 𝟬𝟳:𝟭𝟬
⏰ Last Name: ⌥ 𝟬𝟳:𝟭𝟭
⏰ Last Name: ⌥ 𝟬𝟳:𝟭𝟮
⏰ Last Name: ⌥ 𝟬𝟳:𝟭𝟯
⏰ Last Name: ⌥ 𝟬𝟳:𝟭𝟰
⏰ Last Name: ⌥ 𝟬𝟳:𝟭𝟱
⏰ Last Name: ⌥ 𝟬𝟳:𝟭𝟲
⏰ Last Name: ⌥ 𝟬𝟳:𝟭𝟳
⏰ Last Name: ⌥ 𝟬𝟳:𝟭𝟴
⏰ Last Name: ⌥ 𝟬𝟳:𝟭𝟵
⏰ Last Name: ⌥ 𝟬𝟳:𝟮𝟬
⏰ Last Name: ⌥ 𝟬𝟳:𝟮𝟭
⏰ Last Name: ⌥ 𝟬𝟳:𝟮𝟮
⏰ Last Name: ⌥ 𝟬𝟳:𝟮𝟯
⏰ Last Name: ⌥ 𝟬𝟳:𝟮𝟰
⏰ Last Name: ⌥ 𝟬𝟳:𝟮𝟱
⏰ Last Name: ⌥ 𝟬𝟳:𝟮𝟲
⏰ Last Name: ⌥ 𝟬𝟳:𝟮𝟳
⏰ Last Name: ⌥ 𝟬𝟳:𝟮𝟴
⏰ Last Name: ⌥ 𝟬𝟳:𝟮𝟵
⏰ Last Name: ⌥ 𝟬𝟳:𝟯𝟬
⏰ Last Name: ⌥ 𝟬𝟳:𝟯𝟭
⏰ Last Name: ⌥ 𝟬𝟳:𝟯𝟮
⏰ Last Name: ⌥ 𝟬𝟳:𝟯𝟯
⏰ Last Name: ⌥ 𝟬𝟳:𝟯𝟰
⏰ Last Name: ⌥ 𝟬𝟳:𝟯𝟱
⏰ Last Name: ⌥ 𝟬𝟳:𝟯𝟲
⏰ Last Name: ⌥ 𝟬𝟳:𝟯𝟳
⏰ Last Name: ⌥ 𝟬𝟳:𝟯𝟴
⏰ Last Name: ⌥ 𝟬𝟳:𝟯𝟵
⏰ Last Name: ⌥ 𝟬𝟳:𝟰𝟬
⏰ Last Name: ⌥ 𝟬𝟳:𝟰𝟭
⏰ Last Name: ⌥ 𝟬𝟳:𝟰𝟮
⏰ Last Name: ⌥ 𝟬𝟳:𝟰𝟯
⏰ Last Name: ⌥ 𝟬𝟳:𝟰𝟰
⏰ Last Name: ⌥ 𝟬𝟳:𝟰𝟱
⏰ Last Name: ⌥ 𝟬𝟳:𝟰𝟲
⏰ Last Name: ⌥ 𝟬𝟳:𝟰𝟳
⏰ Last Name: ⌥ 𝟬𝟳:𝟰𝟴
⏰ Last Name: ⌥ 𝟬𝟳:𝟰𝟵
⏰ Last Name: ⌥ 𝟬𝟳:𝟱𝟬
⏰ Last Name: ⌥ 𝟬𝟳:𝟱𝟭
⏰ Last Name: ⌥ 𝟬𝟳:𝟱𝟮
⏰ Last Name: ⌥ 𝟬𝟳:𝟱𝟯
⏰ Last Name: ⌥ 𝟬𝟳:𝟱𝟰
⏰ Last Name: ⌥ 𝟬𝟳:𝟱𝟱
⏰ Last Name: ⌥ 𝟬𝟳:𝟱𝟲
⏰ Last Name: ⌥ 𝟬𝟳:𝟱𝟳
⏰ Last Name: ⌥ 𝟬𝟳:𝟱𝟴
⏰ Last Name: ⌥ 𝟬𝟳:𝟱𝟵
⏰ Last Name: ⌥ 𝟬𝟴:𝟬𝟬
⏰ Last Name: ⌥ 𝟬𝟴:𝟬𝟭
⏰ Last Name: ⌥ 𝟬𝟴:𝟬𝟮
⏰ Last Name: ⌥ 𝟬𝟴:𝟬𝟯
⏰ Last Name: ⌥ 𝟬𝟴:𝟬𝟰
⏰ Last Name: ⌥ 𝟬𝟴:𝟬𝟱
⏰ Last Name: ⌥ 𝟬𝟴:𝟬𝟲
⏰ Last Name: ⌥ 𝟬𝟴:𝟬𝟳
⏰ Last Name: ⌥ 𝟬𝟴:𝟬𝟴
⏰ Last Name: ⌥ 𝟬𝟴:𝟬𝟵
⏰ Last Name: ⌥ 𝟬𝟴:𝟭𝟬
⏰ Last Name: ⌥ 𝟬𝟴:𝟭𝟭
⏰ Last Name: ⌥ 𝟬𝟴:𝟭𝟮
⏰ Last Name: ⌥ 𝟬𝟴:𝟭𝟯
⏰ Last Name: ⌥ 𝟬𝟴:𝟭𝟰
⏰ Last Name: ⌥ 𝟬𝟴:𝟭𝟱
⏰ Last Name: ⌥ 𝟬𝟴:𝟭𝟲
⏰ Last Name: ⌥ 𝟬𝟴:𝟭𝟳
⏰ Last Name: ⌥ 𝟬𝟴:𝟭𝟴
⏰ Last Name: ⌥ 𝟬𝟴:𝟭𝟵
⏰ Last Name: ⌥ 𝟬𝟴:𝟮𝟬
⏰ Last Name: ⌥ 𝟬𝟴:𝟮𝟭
⏰ Last Name: ⌥ 𝟬𝟴:𝟮𝟮
⏰ Last Name: ⌥ 𝟬𝟴:𝟮𝟯
⏰ Last Name: ⌥ 𝟬𝟴:𝟮𝟰
⏰ Last Name: ⌥ 𝟬𝟴:𝟮𝟱
⏰ Last Name: ⌥ 𝟬𝟴:𝟮𝟲
⏰ Last Name: ⌥ 𝟬𝟴:𝟮𝟳
⏰ Last Name: ⌥ 𝟬𝟴:𝟮𝟴
⏰ Last Name: ⌥ 𝟬𝟴:𝟮𝟵
⏰ Last Name: ⌥ 𝟬𝟴:𝟯𝟬
⏰ Last Name: ⌥ 𝟬𝟴:𝟯𝟭
⏰ Last Name: ⌥ 𝟬𝟴:𝟯𝟮
⏰ Last Name: ⌥ 𝟬𝟴:𝟯𝟯
⏰ Last Name: ⌥ 𝟬𝟴:𝟯𝟰
⏰ Last Name: ⌥ 𝟬𝟴:𝟯𝟱
⏰ Last Name: ⌥ 𝟬𝟴:𝟯𝟲
⏰ Last Name: ⌥ 𝟬𝟴:𝟯𝟳
⏰ Last Name: ⌥ 𝟬𝟴:𝟯𝟴
⏰ Last Name: ⌥ 𝟬𝟴:𝟯𝟵
⏰ Last Name: ⌥ 𝟬𝟴:𝟰𝟬
⏰ Last Name: ⌥ 𝟬𝟴:𝟰𝟭
⏰ Last Name: ⌥ 𝟬𝟴:𝟰𝟮
⏰ Last Name: ⌥ 𝟬𝟴:𝟰𝟯
⏰ Last Name: ⌥ 𝟬𝟴:𝟰𝟰
⏰ Last Name: ⌥ 𝟬𝟴:𝟰𝟱
⏰ Last Name: ⌥ 𝟬𝟴:𝟰𝟲
⏰ Last Name: ⌥ 𝟬𝟴:𝟰𝟳
⏰ Last Name: ⌥ 𝟬𝟴:𝟰𝟴
⏰ Last Name: ⌥ 𝟬𝟴:𝟰𝟵
⏰ Last Name: ⌥ 𝟬𝟴:𝟱𝟬
⏰ Last Name: ⌥ 𝟬𝟴:𝟱𝟭
⏰ Last Name: ⌥ 𝟬𝟴:𝟱𝟮
⏰ Last Name: ⌥ 𝟬𝟴:𝟱𝟯
⏰ Last Name: ⌥ 𝟬𝟴:𝟱𝟰
⏰ Last Name: ⌥ 𝟬𝟴:𝟱𝟱
⏰ Last Name: ⌥ 𝟬𝟴:𝟱𝟲
⏰ Last Name: ⌥ 𝟬𝟴:𝟱𝟳
⏰ Last Name: ⌥ 𝟬𝟴:𝟱𝟴
⏰ Last Name: ⌥ 𝟬𝟴:𝟱𝟵
⏰ Last Name: ⌥ 𝟬𝟵:𝟬𝟬
⏰ Last Name: ⌥ 𝟬𝟵:𝟬𝟭
⏰ Last Name: ⌥ 𝟬𝟵:𝟬𝟮
⏰ Last Name: ⌥ 𝟬𝟵:𝟬𝟯
⏰ Last Name: ⌥ 𝟬𝟵:𝟬𝟰
⏰ Last Name: ⌥ 𝟬𝟵:𝟬𝟱
⏰ Last Name: ⌥ 𝟬𝟵:𝟬𝟲
⏰ Last Name: ⌥ 𝟬𝟵:𝟬𝟳
⏰ Last Name: ⌥ 𝟬𝟵:𝟬𝟴
⏰ Last Name: ⌥ 𝟬𝟵:𝟬𝟵
⏰ Last Name: ⌥ 𝟬𝟵:𝟭𝟬
⏰ Last Name: ⌥ 𝟬𝟵:𝟭𝟭
⏰ Last Name: ⌥ 𝟬𝟵:𝟭𝟮
⏰ Last Name: ⌥ 𝟬𝟵:𝟭𝟯
⏰ Last Name: ⌥ 𝟬𝟵:𝟭𝟰
⏰ Last Name: ⌥ 𝟬𝟵:𝟭𝟱
⏰ Last Name: ⌥ 𝟬𝟵:𝟭𝟲
⏰ Last Name: ⌥ 𝟬𝟵:𝟭𝟳
⏰ Last Name: ⌥ 𝟬𝟵:𝟭𝟴
⏰ Last Name: ⌥ 𝟬𝟵:𝟭𝟵
⏰ Last Name: ⌥ 𝟬𝟵:𝟮𝟬
⏰ Last Name: ⌥ 𝟬𝟵:𝟮𝟭
⏰ Last Name: ⌥ 𝟬𝟵:𝟮𝟮
⏰ Last Name: ⌥ 𝟬𝟵:𝟮𝟯
⏰ Last Name: ⌥ 𝟬𝟵:𝟮𝟰
⏰ Last Name: ⌥ 𝟬𝟵:𝟮𝟱
⏰ Last Name: ⌥ 𝟬𝟵:𝟮𝟲
⏰ Last Name: ⌥ 𝟬𝟵:𝟮𝟳
⏰ Last Name: ⌥ 𝟬𝟵:𝟮𝟴
⏰ Last Name: ⌥ 𝟬𝟵:𝟮𝟵
⏰ Last Name: ⌥ 𝟬𝟵:𝟯𝟬
💜 Auto React [user:8944291576]: 🍌
💜 Auto React [user:8944291576]: 🍌
💜 Auto React [user:8944291576]: 🍌
💜 Auto React [user:8944291576]: 🍌
💜 Auto React [user:8944291576]: 🍌
💜 Auto React [user:8944291576]: 🍌
⏰ Last Name: ⌥ 𝟬𝟵:𝟯𝟭
💜 Auto React [user:8944291576]: 🍌
💜 Auto React [user:8944291576]: 🍌
💜 Auto React [user:8944291576]: 🍌
💜 Auto React [user:8944291576]: 🍌
⏰ Last Name: ⌥ 𝟬𝟵:𝟯𝟮
💜 Auto React [user:8944291576]: 🍌
⏰ Last Name: ⌥ 𝟬𝟵:𝟯𝟯
⏰ Last Name: ⌥ 𝟬𝟵:𝟯𝟰
⏰ Last Name: ⌥ 𝟬𝟵:𝟯𝟱
⏰ Last Name: ⌥ 𝟬𝟵:𝟯𝟲
⏰ Last Name: ⌥ 𝟬𝟵:𝟯𝟳
⏰ Last Name: ⌥ 𝟬𝟵:𝟯𝟴
⏰ Last Name: ⌥ 𝟬𝟵:𝟯𝟵
⏰ Last Name: ⌥ 𝟬𝟵:𝟰𝟬
⏰ Last Name: ⌥ 𝟬𝟵:𝟰𝟭
⏰ Last Name: ⌥ 𝟬𝟵:𝟰𝟮
⏰ Last Name: ⌥ 𝟬𝟵:𝟰𝟯
⏰ Last Name: ⌥ 𝟬𝟵:𝟰𝟰
⏰ Last Name: ⌥ 𝟬𝟵:𝟰𝟱
⏰ Last Name: ⌥ 𝟬𝟵:𝟰𝟲
⏰ Last Name: ⌥ 𝟬𝟵:𝟰𝟳
⏰ Last Name: ⌥ 𝟬𝟵:𝟰𝟴
⏰ Last Name: ⌥ 𝟬𝟵:𝟰𝟵
⏰ Last Name: ⌥ 𝟬𝟵:𝟱𝟬
⏰ Last Name: ⌥ 𝟬𝟵:𝟱𝟭
⏰ Last Name: ⌥ 𝟬𝟵:𝟱𝟮
⏰ Last Name: ⌥ 𝟬𝟵:𝟱𝟯
⏰ Last Name: ⌥ 𝟬𝟵:𝟱𝟰
⏰ Last Name: ⌥ 𝟬𝟵:𝟱𝟱
⏰ Last Name: ⌥ 𝟬𝟵:𝟱𝟲
⏰ Last Name: ⌥ 𝟬𝟵:𝟱𝟳
⏰ Last Name: ⌥ 𝟬𝟵:𝟱𝟴
⏰ Last Name: ⌥ 𝟬𝟵:𝟱𝟵
⏰ Last Name: ⌥ 𝟭𝟬:𝟬𝟬
⏰ Last Name: ⌥ 𝟭𝟬:𝟬𝟭
⏰ Last Name: ⌥ 𝟭𝟬:𝟬𝟮
⏰ Last Name: ⌥ 𝟭𝟬:𝟬𝟯
⏰ Last Name: ⌥ 𝟭𝟬:𝟬𝟰
⏰ Last Name: ⌥ 𝟭𝟬:𝟬𝟱
⏰ Last Name: ⌥ 𝟭𝟬:𝟬𝟲
⏰ Last Name: ⌥ 𝟭𝟬:𝟬𝟳
⏰ Last Name: ⌥ 𝟭𝟬:𝟬𝟴
⏰ Last Name: ⌥ 𝟭𝟬:𝟬𝟵
⏰ Last Name: ⌥ 𝟭𝟬:𝟭𝟬
⏰ Last Name: ⌥ 𝟭𝟬:𝟭𝟭
⏰ Last Name: ⌥ 𝟭𝟬:𝟭𝟮
⏰ Last Name: ⌥ 𝟭𝟬:𝟭𝟯
⏰ Last Name: ⌥ 𝟭𝟬:𝟭𝟰
⏰ Last Name: ⌥ 𝟭𝟬:𝟭𝟱
⏰ Last Name: ⌥ 𝟭𝟬:𝟭𝟲
⏰ Last Name: ⌥ 𝟭𝟬:𝟭𝟳
⏰ Last Name: ⌥ 𝟭𝟬:𝟭𝟴
⏰ Last Name: ⌥ 𝟭𝟬:𝟭𝟵
⏰ Last Name: ⌥ 𝟭𝟬:𝟮𝟬
⏰ Last Name: ⌥ 𝟭𝟬:𝟮𝟭
⏰ Last Name: ⌥ 𝟭𝟬:𝟮𝟮
⏰ Last Name: ⌥ 𝟭𝟬:𝟮𝟯
⏰ Last Name: ⌥ 𝟭𝟬:𝟮𝟰
⏰ Last Name: ⌥ 𝟭𝟬:𝟮𝟱
⏰ Last Name: ⌥ 𝟭𝟬:𝟮𝟲
⏰ Last Name: ⌥ 𝟭𝟬:𝟮𝟳
⏰ Last Name: ⌥ 𝟭𝟬:𝟮𝟴
⏰ Last Name: ⌥ 𝟭𝟬:𝟮𝟵
💜 Auto React [user:7433542559]: 😐
⏰ Last Name: ⌥ 𝟭𝟬:𝟯𝟬
⏰ Last Name: ⌥ 𝟭𝟬:𝟯𝟭
⏰ Last Name: ⌥ 𝟭𝟬:𝟯𝟮
💜 Auto React [user:7433542559]: 😐
💜 Auto React [user:7433542559]: 😐
⏰ Last Name: ⌥ 𝟭𝟬:𝟯𝟯
⏰ Last Name: ⌥ 𝟭𝟬:𝟯𝟰
⏰ Last Name: ⌥ 𝟭𝟬:𝟯𝟱
⏰ Last Name: ⌥ 𝟭𝟬:𝟯𝟲
⏰ Last Name: ⌥ 𝟭𝟬:𝟯𝟳
⏰ Last Name: ⌥ 𝟭𝟬:𝟯𝟴
⏰ Last Name: ⌥ 𝟭𝟬:𝟯𝟵
⏰ Last Name: ⌥ 𝟭𝟬:𝟰𝟬
⏰ Last Name: ⌥ 𝟭𝟬:𝟰𝟭
⏰ Last Name: ⌥ 𝟭𝟬:𝟰𝟮
⏰ Last Name: ⌥ 𝟭𝟬:𝟰𝟯
⏰ Last Name: ⌥ 𝟭𝟬:𝟰𝟰
⏰ Last Name: ⌥ 𝟭𝟬:𝟰𝟱
⏰ Last Name: ⌥ 𝟭𝟬:𝟰𝟲
⏰ Last Name: ⌥ 𝟭𝟬:𝟰𝟳
⏰ Last Name: ⌥ 𝟭𝟬:𝟰𝟴
⏰ Last Name: ⌥ 𝟭𝟬:𝟰𝟵
⏰ Last Name: ⌥ 𝟭𝟬:𝟱𝟬
⏰ Last Name: ⌥ 𝟭𝟬:𝟱𝟭
⏰ Last Name: ⌥ 𝟭𝟬:𝟱𝟮
⏰ Last Name: ⌥ 𝟭𝟬:𝟱𝟯
⏰ Last Name: ⌥ 𝟭𝟬:𝟱𝟰
⏰ Last Name: ⌥ 𝟭𝟬:𝟱𝟱
⏰ Last Name: ⌥ 𝟭𝟬:𝟱𝟲
⏰ Last Name: ⌥ 𝟭𝟬:𝟱𝟳
⏰ Last Name: ⌥ 𝟭𝟬:𝟱𝟴
⏰ Last Name: ⌥ 𝟭𝟬:𝟱𝟵
⏰ Last Name: ⌥ 𝟭𝟭:𝟬𝟬
⏰ Last Name: ⌥ 𝟭𝟭:𝟬𝟭
⏰ Last Name: ⌥ 𝟭𝟭:𝟬𝟮
⏰ Last Name: ⌥ 𝟭𝟭:𝟬𝟯
⏰ Last Name: ⌥ 𝟭𝟭:𝟬𝟰
⏰ Last Name: ⌥ 𝟭𝟭:𝟬𝟱
⏰ Last Name: ⌥ 𝟭𝟭:𝟬𝟲
⏰ Last Name: ⌥ 𝟭𝟭:𝟬𝟳
⏰ Last Name: ⌥ 𝟭𝟭:𝟬𝟴
⏰ Last Name: ⌥ 𝟭𝟭:𝟬𝟵
⏰ Last Name: ⌥ 𝟭𝟭:𝟭𝟬
⏰ Last Name: ⌥ 𝟭𝟭:𝟭𝟭
⏰ Last Name: ⌥ 𝟭𝟭:𝟭𝟮
⏰ Last Name: ⌥ 𝟭𝟭:𝟭𝟯
⏰ Last Name: ⌥ 𝟭𝟭:𝟭𝟰
⏰ Last Name: ⌥ 𝟭𝟭:𝟭𝟱
⏰ Last Name: ⌥ 𝟭𝟭:𝟭𝟲
⏰ Last Name: ⌥ 𝟭𝟭:𝟭𝟳
💜 Auto React [user:7433542559]: 😐
⏰ Last Name: ⌥ 𝟭𝟭:𝟭𝟴
⏰ Last Name: ⌥ 𝟭𝟭:𝟭𝟵
⏰ Last Name: ⌥ 𝟭𝟭:𝟮𝟬
⏰ Last Name: ⌥ 𝟭𝟭:𝟮𝟭
⏰ Last Name: ⌥ 𝟭𝟭:𝟮𝟮
⏰ Last Name: ⌥ 𝟭𝟭:𝟮𝟯
⏰ Last Name: ⌥ 𝟭𝟭:𝟮𝟰
💜 Auto React [user:6990187779]: ❤️
💜 Auto React [user:6990187779]: ❤️
💜 Auto React [user:6990187779]: ❤️
⏰ Last Name: ⌥ 𝟭𝟭:𝟮𝟱
💜 Auto React [user:6990187779]: ❤️
⏰ Last Name: ⌥ 𝟭𝟭:𝟮𝟲
⏰ Last Name: ⌥ 𝟭𝟭:𝟮𝟳
💜 Auto React [user:7433542559]: 😐
⏰ Last Name: ⌥ 𝟭𝟭:𝟮𝟴
⏰ Last Name: ⌥ 𝟭𝟭:𝟮𝟵
⏰ Last Name: ⌥ 𝟭𝟭:𝟯𝟬
⏰ Last Name: ⌥ 𝟭𝟭:𝟯𝟭
⏰ Last Name: ⌥ 𝟭𝟭:𝟯𝟮
💜 Auto React [user:7433542559]: 😐
⏰ Last Name: ⌥ 𝟭𝟭:𝟯𝟯
💜 Auto React [user:7433542559]: 😐
💜 Auto React [user:7433542559]: 😐
💜 Auto React [user:8944291576]: 🍌
💜 Auto React [user:7433542559]: 😐
💜 Auto React [user:8944291576]: 🍌
💜 Auto React [user:8944291576]: 🍌
⏰ Last Name: ⌥ 𝟭𝟭:𝟯𝟰
⏰ Last Name: ⌥ 𝟭𝟭:𝟯𝟱
⏰ Last Name: ⌥ 𝟭𝟭:𝟯𝟲
⏰ Last Name: ⌥ 𝟭𝟭:𝟯𝟳
💜 Auto React [user:7433542559]: 😐
⏰ Last Name: ⌥ 𝟭𝟭:𝟯𝟴
💜 Auto React [user:7433542559]: 😐
⏰ Last Name: ⌥ 𝟭𝟭:𝟯𝟵
💜 Auto React [user:7433542559]: 😐
💜 Auto React [user:6990187779]: ❤️
💜 Auto React [user:7433542559]: 😐
💜 Auto React [user:7433542559]: 😐
💜 Auto React [user:7433542559]: 😐
⏰ Last Name: ⌥ 𝟭𝟭:𝟰𝟬
💜 Auto React [user:7433542559]: 😐
⏰ Last Name: ⌥ 𝟭𝟭:𝟰𝟭
⏰ Last Name: ⌥ 𝟭𝟭:𝟰𝟮
⏰ Last Name: ⌥ 𝟭𝟭:𝟰𝟯
⏰ Last Name: ⌥ 𝟭𝟭:𝟰𝟰
⏰ Last Name: ⌥ 𝟭𝟭:𝟰𝟱
⏰ Last Name: ⌥ 𝟭𝟭:𝟰𝟲
⏰ Last Name: ⌥ 𝟭𝟭:𝟰𝟳
💜 Auto React [user:6990187779]: ❤️
💜 Auto React [user:6990187779]: ❤️
⏰ Last Name: ⌥ 𝟭𝟭:𝟰𝟴
⏰ Last Name: ⌥ 𝟭𝟭:𝟰𝟵
⏰ Last Name: ⌥ 𝟭𝟭:𝟱𝟬
⏰ Last Name: ⌥ 𝟭𝟭:𝟱𝟭
⏰ Last Name: ⌥ 𝟭𝟭:𝟱𝟮
⏰ Last Name: ⌥ 𝟭𝟭:𝟱𝟯
⏰ Last Name: ⌥ 𝟭𝟭:𝟱𝟰
⏰ Last Name: ⌥ 𝟭𝟭:𝟱𝟱
⏰ Last Name: ⌥ 𝟭𝟭:𝟱𝟲
💜 Auto React [user:6990187779]: ❤️
💜 Auto React [user:6990187779]: ❤️
⏰ Last Name: ⌥ 𝟭𝟭:𝟱𝟳
💜 Auto React [user:6990187779]: ❤️
💜 Auto React [user:6990187779]: ❤️
⏰ Last Name: ⌥ 𝟭𝟭:𝟱𝟴
⏰ Last Name: ⌥ 𝟭𝟭:𝟱𝟵
⏰ Last Name: ⌥ 𝟭𝟮:𝟬𝟬
⏰ Last Name: ⌥ 𝟭𝟮:𝟬𝟭
⏰ Last Name: ⌥ 𝟭𝟮:𝟬𝟮
⏰ Last Name: ⌥ 𝟭𝟮:𝟬𝟯
⏰ Last Name: ⌥ 𝟭𝟮:𝟬𝟰
⏰ Last Name: ⌥ 𝟭𝟮:𝟬𝟱
⏰ Last Name: ⌥ 𝟭𝟮:𝟬𝟲
⏰ Last Name: ⌥ 𝟭𝟮:𝟬𝟳
⏰ Last Name: ⌥ 𝟭𝟮:𝟬𝟴
⏰ Last Name: ⌥ 𝟭𝟮:𝟬𝟵
⏰ Last Name: ⌥ 𝟭𝟮:𝟭𝟬
⏰ Last Name: ⌥ 𝟭𝟮:𝟭𝟭
⏰ Last Name: ⌥ 𝟭𝟮:𝟭𝟮
⏰ Last Name: ⌥ 𝟭𝟮:𝟭𝟯
⏰ Last Name: ⌥ 𝟭𝟮:𝟭𝟰
⏰ Last Name: ⌥ 𝟭𝟮:𝟭𝟱
⏰ Last Name: ⌥ 𝟭𝟮:𝟭𝟲
⏰ Last Name: ⌥ 𝟭𝟮:𝟭𝟳
⏰ Last Name: ⌥ 𝟭𝟮:𝟭𝟴
⏰ Last Name: ⌥ 𝟭𝟮:𝟭𝟵
⏰ Last Name: ⌥ 𝟭𝟮:𝟮𝟬
💜 Auto React [user:7433542559]: 😐
⏰ Last Name: ⌥ 𝟭𝟮:𝟮𝟭
💜 Auto React [user:6990187779]: ❤️
💜 Auto React [user:6990187779]: ❤️
⏰ Last Name: ⌥ 𝟭𝟮:𝟮𝟮
💜 Auto React [user:6990187779]: ❤️
⏰ Last Name: ⌥ 𝟭𝟮:𝟮𝟯
💜 Auto React [user:8944291576]: 🍌
⏰ Last Name: ⌥ 𝟭𝟮:𝟮𝟰
⏰ Last Name: ⌥ 𝟭𝟮:𝟮𝟱
⏰ Last Name: ⌥ 𝟭𝟮:𝟮𝟲
⏰ Last Name: ⌥ 𝟭𝟮:𝟮𝟳
⏰ Last Name: ⌥ 𝟭𝟮:𝟮𝟴
⏰ Last Name: ⌥ 𝟭𝟮:𝟮𝟵
💜 Auto React [user:6990187779]: ❤️
⏰ Last Name: ⌥ 𝟭𝟮:𝟯𝟬
⏰ Last Name: ⌥ 𝟭𝟮:𝟯𝟭
⏰ Last Name: ⌥ 𝟭𝟮:𝟯𝟮
⏰ Last Name: ⌥ 𝟭𝟮:𝟯𝟯
💜 Auto React [user:8944291576]: 🍌
⏰ Last Name: ⌥ 𝟭𝟮:𝟯𝟰
⏰ Last Name: ⌥ 𝟭𝟮:𝟯𝟱
⏰ Last Name: ⌥ 𝟭𝟮:𝟯𝟲
⏰ Last Name: ⌥ 𝟭𝟮:𝟯𝟳
⏰ Last Name: ⌥ 𝟭𝟮:𝟯𝟴
💜 Auto React [user:6990187779]: ❤️
⏰ Last Name: ⌥ 𝟭𝟮:𝟯𝟵
⏰ Last Name: ⌥ 𝟭𝟮:𝟰𝟬
⏰ Last Name: ⌥ 𝟭𝟮:𝟰𝟭
⏰ Last Name: ⌥ 𝟭𝟮:𝟰𝟮
⏰ Last Name: ⌥ 𝟭𝟮:𝟰𝟯
⏰ Last Name: ⌥ 𝟭𝟮:𝟰𝟰
⏰ Last Name: ⌥ 𝟭𝟮:𝟰𝟱
⏰ Last Name: ⌥ 𝟭𝟮:𝟰𝟲
⏰ Last Name: ⌥ 𝟭𝟮:𝟰𝟳
⏰ Last Name: ⌥ 𝟭𝟮:𝟰𝟴
💜 Auto React [user:6990187779]: ❤️
💜 Auto React [user:6990187779]: ❤️
⏰ Last Name: ⌥ 𝟭𝟮:𝟰𝟵
⏰ Last Name: ⌥ 𝟭𝟮:𝟱𝟬
⏰ Last Name: ⌥ 𝟭𝟮:𝟱𝟭
⏰ Last Name: ⌥ 𝟭𝟮:𝟱𝟮
⏰ Last Name: ⌥ 𝟭𝟮:𝟱𝟯
⏰ Last Name: ⌥ 𝟭𝟮:𝟱𝟰
⏰ Last Name: ⌥ 𝟭𝟮:𝟱𝟱
⏰ Last Name: ⌥ 𝟭𝟮:𝟱𝟲
⏰ Last Name: ⌥ 𝟭𝟮:𝟱𝟳
⏰ Last Name: ⌥ 𝟭𝟮:𝟱𝟴
⏰ Last Name: ⌥ 𝟭𝟮:𝟱𝟵
⏰ Last Name: ⌥ 𝟭𝟯:𝟬𝟬
⏰ Last Name: ⌥ 𝟭𝟯:𝟬𝟭
⏰ Last Name: ⌥ 𝟭𝟯:𝟬𝟮
⏰ Last Name: ⌥ 𝟭𝟯:𝟬𝟯
⏰ Last Name: ⌥ 𝟭𝟯:𝟬𝟰
⏰ Last Name: ⌥ 𝟭𝟯:𝟬𝟱
⏰ Last Name: ⌥ 𝟭𝟯:𝟬𝟲
⏰ Last Name: ⌥ 𝟭𝟯:𝟬𝟳
⏰ Last Name: ⌥ 𝟭𝟯:𝟬𝟴
⏰ Last Name: ⌥ 𝟭𝟯:𝟬𝟵
⏰ Last Name: ⌥ 𝟭𝟯:𝟭𝟬
⏰ Last Name: ⌥ 𝟭𝟯:𝟭𝟭
⏰ Last Name: ⌥ 𝟭𝟯:𝟭𝟮
⏰ Last Name: ⌥ 𝟭𝟯:𝟭𝟯
⏰ Last Name: ⌥ 𝟭𝟯:𝟭𝟰
⏰ Last Name: ⌥ 𝟭𝟯:𝟭𝟱
⏰ Last Name: ⌥ 𝟭𝟯:𝟭𝟲
⏰ Last Name: ⌥ 𝟭𝟯:𝟭𝟳
⏰ Last Name: ⌥ 𝟭𝟯:𝟭𝟴
⏰ Last Name: ⌥ 𝟭𝟯:𝟭𝟵
⏰ Last Name: ⌥ 𝟭𝟯:𝟮𝟬
⏰ Last Name: ⌥ 𝟭𝟯:𝟮𝟭
⏰ Last Name: ⌥ 𝟭𝟯:𝟮𝟮
⏰ Last Name: ⌥ 𝟭𝟯:𝟮𝟯
⏰ Last Name: ⌥ 𝟭𝟯:𝟮𝟰
⏰ Last Name: ⌥ 𝟭𝟯:𝟮𝟱
⏰ Last Name: ⌥ 𝟭𝟯:𝟮𝟲
⏰ Last Name: ⌥ 𝟭𝟯:𝟮𝟳
⏰ Last Name: ⌥ 𝟭𝟯:𝟮𝟴
⏰ Last Name: ⌥ 𝟭𝟯:𝟮𝟵
⏰ Last Name: ⌥ 𝟭𝟯:𝟯𝟬
⏰ Last Name: ⌥ 𝟭𝟯:𝟯𝟭
⏰ Last Name: ⌥ 𝟭𝟯:𝟯𝟮
⏰ Last Name: ⌥ 𝟭𝟯:𝟯𝟯
⏰ Last Name: ⌥ 𝟭𝟯:𝟯𝟰
⏰ Last Name: ⌥ 𝟭𝟯:𝟯𝟱
⏰ Last Name: ⌥ 𝟭𝟯:𝟯𝟲
⏰ Last Name: ⌥ 𝟭𝟯:𝟯𝟳
⏰ Last Name: ⌥ 𝟭𝟯:𝟯𝟴
⏰ Last Name: ⌥ 𝟭𝟯:𝟯𝟵
⏰ Last Name: ⌥ 𝟭𝟯:𝟰𝟬
⏰ Last Name: ⌥ 𝟭𝟯:𝟰𝟭
⏰ Last Name: ⌥ 𝟭𝟯:𝟰𝟮
⏰ Last Name: ⌥ 𝟭𝟯:𝟰𝟯
⏰ Last Name: ⌥ 𝟭𝟯:𝟰𝟰
⏰ Last Name: ⌥ 𝟭𝟯:𝟰𝟱
⏰ Last Name: ⌥ 𝟭𝟯:𝟰𝟲
💜 Auto React [user:6990187779]: ❤️
⏰ Last Name: ⌥ 𝟭𝟯:𝟰𝟳
⏰ Last Name: ⌥ 𝟭𝟯:𝟰𝟴
⏰ Last Name: ⌥ 𝟭𝟯:𝟰𝟵
⏰ Last Name: ⌥ 𝟭𝟯:𝟱𝟬
⏰ Last Name: ⌥ 𝟭𝟯:𝟱𝟭
⏰ Last Name: ⌥ 𝟭𝟯:𝟱𝟮
⏰ Last Name: ⌥ 𝟭𝟯:𝟱𝟯
⏰ Last Name: ⌥ 𝟭𝟯:𝟱𝟰
⏰ Last Name: ⌥ 𝟭𝟯:𝟱𝟱
⏰ Last Name: ⌥ 𝟭𝟯:𝟱𝟲
⏰ Last Name: ⌥ 𝟭𝟯:𝟱𝟳
⏰ Last Name: ⌥ 𝟭𝟯:𝟱𝟴
⏰ Last Name: ⌥ 𝟭𝟯:𝟱𝟵
⏰ Last Name: ⌥ 𝟭𝟰:𝟬𝟬
⏰ Last Name: ⌥ 𝟭𝟰:𝟬𝟭
⏰ Last Name: ⌥ 𝟭𝟰:𝟬𝟮
💜 Auto React [user:7433542559]: 😐
⏰ Last Name: ⌥ 𝟭𝟰:𝟬𝟯
💜 Auto React [user:7433542559]: 😐
⏰ Last Name: ⌥ 𝟭𝟰:𝟬𝟰
⏰ Last Name: ⌥ 𝟭𝟰:𝟬𝟱
⏰ Last Name: ⌥ 𝟭𝟰:𝟬𝟲
💜 Auto React [user:7433542559]: 😐
💜 Auto React [user:7433542559]: 😐
⏰ Last Name: ⌥ 𝟭𝟰:𝟬𝟳
⏰ Last Name: ⌥ 𝟭𝟰:𝟬𝟴
⏰ Last Name: ⌥ 𝟭𝟰:𝟬𝟵
⏰ Last Name: ⌥ 𝟭𝟰:𝟭𝟬
💜 Auto React [user:7433542559]: 😐
💜 Auto React [user:7433542559]: 😐
⏰ Last Name: ⌥ 𝟭𝟰:𝟭𝟭
💜 Auto React [user:7433542559]: 😐
💜 Auto React [user:7433542559]: 😐
💜 Auto React [user:7433542559]: 😐
⏰ Last Name: ⌥ 𝟭𝟰:𝟭𝟮
💜 Auto React [user:7433542559]: 😐
💜 Auto React [user:8944291576]: 🍌
💜 Auto React [user:8944291576]: 🍌
💜 Auto React [user:8944291576]: 🍌
⏰ Last Name: ⌥ 𝟭𝟰:𝟭𝟯
⏰ Last Name: ⌥ 𝟭𝟰:𝟭𝟰
⏰ Last Name: ⌥ 𝟭𝟰:𝟭𝟱
⏰ Last Name: ⌥ 𝟭𝟰:𝟭𝟲
💜 Auto React [user:6990187779]: ❤️
⏰ Last Name: ⌥ 𝟭𝟰:𝟭𝟳
💜 Auto React [user:6990187779]: ❤️
⏰ Last Name: ⌥ 𝟭𝟰:𝟭𝟴
⏰ Last Name: ⌥ 𝟭𝟰:𝟭𝟵
⏰ Last Name: ⌥ 𝟭𝟰:𝟮𝟬
⏰ Last Name: ⌥ 𝟭𝟰:𝟮𝟭
⏰ Last Name: ⌥ 𝟭𝟰:𝟮𝟮
⏰ Last Name: ⌥ 𝟭𝟰:𝟮𝟯
💜 Auto React [user:8944291576]: 🍌
⏰ Last Name: ⌥ 𝟭𝟰:𝟮𝟰
⏰ Last Name: ⌥ 𝟭𝟰:𝟮𝟱
⏰ Last Name: ⌥ 𝟭𝟰:𝟮𝟲
⏰ Last Name: ⌥ 𝟭𝟰:𝟮𝟳
⏰ Last Name: ⌥ 𝟭𝟰:𝟮𝟴
⏰ Last Name: ⌥ 𝟭𝟰:𝟮𝟵
💜 Auto React [user:7433542559]: 😐
⏰ Last Name: ⌥ 𝟭𝟰:𝟯𝟬
⏰ Last Name: ⌥ 𝟭𝟰:𝟯𝟭
⏰ Last Name: ⌥ 𝟭𝟰:𝟯𝟮
⏰ Last Name: ⌥ 𝟭𝟰:𝟯𝟯
⏰ Last Name: ⌥ 𝟭𝟰:𝟯𝟰
⏰ Last Name: ⌥ 𝟭𝟰:𝟯𝟱
⏰ Last Name: ⌥ 𝟭𝟰:𝟯𝟲
⏰ Last Name: ⌥ 𝟭𝟰:𝟯𝟳
⏰ Last Name: ⌥ 𝟭𝟰:𝟯𝟴
⏰ Last Name: ⌥ 𝟭𝟰:𝟯𝟵
⏰ Last Name: ⌥ 𝟭𝟰:𝟰𝟬
⏰ Last Name: ⌥ 𝟭𝟰:𝟰𝟭
⏰ Last Name: ⌥ 𝟭𝟰:𝟰𝟮
⏰ Last Name: ⌥ 𝟭𝟰:𝟰𝟯
⏰ Last Name: ⌥ 𝟭𝟰:𝟰𝟰
💜 Auto React [user:6990187779]: ❤️
💜 Auto React [user:6990187779]: ❤️
💜 Auto React [user:6990187779]: ❤️
⏰ Last Name: ⌥ 𝟭𝟰:𝟰𝟱
💜 Auto React [user:6990187779]: ❤️
💜 Auto React [user:6990187779]: ❤️
💜 Auto React [user:6990187779]: ❤️
💜 Auto React [user:6990187779]: ❤️
💜 Auto React [user:6990187779]: ❤️
⏰ Last Name: ⌥ 𝟭𝟰:𝟰𝟲
💜 Auto React [user:6990187779]: ❤️
💜 Auto React [user:6990187779]: ❤️
⏰ Last Name: ⌥ 𝟭𝟰:𝟰𝟳
💜 Auto React [user:6990187779]: ❤️
💜 Auto React [user:6990187779]: ❤️
⏰ Last Name: ⌥ 𝟭𝟰:𝟰𝟴
💜 Auto React [user:6990187779]: ❤️
⏰ Last Name: ⌥ 𝟭𝟰:𝟰𝟵
💜 Auto React [user:6990187779]: ❤️
💜 Auto React [user:6990187779]: ❤️
⏰ Last Name: ⌥ 𝟭𝟰:𝟱𝟬
💜 Auto React [user:6990187779]: ❤️
💜 Auto React [user:6990187779]: ❤️
⏰ Last Name: ⌥ 𝟭𝟰:𝟱𝟭
⏰ Last Name: ⌥ 𝟭𝟰:𝟱𝟮
⏰ Last Name: ⌥ 𝟭𝟰:𝟱𝟯
💜 Auto React [user:8944291576]: 🍌
💜 Auto React [user:6990187779]: ❤️
💜 Auto React [user:8944291576]: 🍌
💜 Auto React [user:6990187779]: ❤️
💜 Auto React [user:6990187779]: ❤️
⏰ Last Name: ⌥ 𝟭𝟰:𝟱𝟰
💜 Auto React [user:6990187779]: ❤️
⏰ Last Name: ⌥ 𝟭𝟰:𝟱𝟱
⏰ Last Name: ⌥ 𝟭𝟰:𝟱𝟲
💜 Auto React [user:6990187779]: ❤️
💜 Auto React [user:6990187779]: ❤️
⏰ Last Name: ⌥ 𝟭𝟰:𝟱𝟳
💜 Auto React [user:6990187779]: ❤️
⏰ Last Name: ⌥ 𝟭𝟰:𝟱𝟴
⏰ Last Name: ⌥ 𝟭𝟰:𝟱𝟵
⏰ Last Name: ⌥ 𝟭𝟱:𝟬𝟬
⏰ Last Name: ⌥ 𝟭𝟱:𝟬𝟭
⏰ Last Name: ⌥ 𝟭𝟱:𝟬𝟮
⏰ Last Name: ⌥ 𝟭𝟱:𝟬𝟯
⏰ Last Name: ⌥ 𝟭𝟱:𝟬𝟰
⏰ Last Name: ⌥ 𝟭𝟱:𝟬𝟱
⏰ Last Name: ⌥ 𝟭𝟱:𝟬𝟲
⏰ Last Name: ⌥ 𝟭𝟱:𝟬𝟳
⏰ Last Name: ⌥ 𝟭𝟱:𝟬𝟴
⏰ Last Name: ⌥ 𝟭𝟱:𝟬𝟵
⏰ Last Name: ⌥ 𝟭𝟱:𝟭𝟬
⏰ Last Name: ⌥ 𝟭𝟱:𝟭𝟭
⏰ Last Name: ⌥ 𝟭𝟱:𝟭𝟮
⏰ Last Name: ⌥ 𝟭𝟱:𝟭𝟯
💜 Auto React [user:8944291576]: 🍌
⏰ Last Name: ⌥ 𝟭𝟱:𝟭𝟰
⏰ Last Name: ⌥ 𝟭𝟱:𝟭𝟱
⏰ Last Name: ⌥ 𝟭𝟱:𝟭𝟲
⏰ Last Name: ⌥ 𝟭𝟱:𝟭𝟳
⏰ Last Name: ⌥ 𝟭𝟱:𝟭𝟴
⏰ Last Name: ⌥ 𝟭𝟱:𝟭𝟵
⏰ Last Name: ⌥ 𝟭𝟱:𝟮𝟬
⏰ Last Name: ⌥ 𝟭𝟱:𝟮𝟭
⏰ Last Name: ⌥ 𝟭𝟱:𝟮𝟮
⏰ Last Name: ⌥ 𝟭𝟱:𝟮𝟯
⏰ Last Name: ⌥ 𝟭𝟱:𝟮𝟰
⏰ Last Name: ⌥ 𝟭𝟱:𝟮𝟱
⏰ Last Name: ⌥ 𝟭𝟱:𝟮𝟲
⏰ Last Name: ⌥ 𝟭𝟱:𝟮𝟳
⏰ Last Name: ⌥ 𝟭𝟱:𝟮𝟴
⏰ Last Name: ⌥ 𝟭𝟱:𝟮𝟵
⏰ Last Name: ⌥ 𝟭𝟱:𝟯𝟬
⏰ Last Name: ⌥ 𝟭𝟱:𝟯𝟭
⏰ Last Name: ⌥ 𝟭𝟱:𝟯𝟮
⏰ Last Name: ⌥ 𝟭𝟱:𝟯𝟯
⏰ Last Name: ⌥ 𝟭𝟱:𝟯𝟰
⏰ Last Name: ⌥ 𝟭𝟱:𝟯𝟱
⏰ Last Name: ⌥ 𝟭𝟱:𝟯𝟲
💜 Auto React [user:6990187779]: ❤️
⏰ Last Name: ⌥ 𝟭𝟱:𝟯𝟳
⏰ Last Name: ⌥ 𝟭𝟱:𝟯𝟴
⏰ Last Name: ⌥ 𝟭𝟱:𝟯𝟵
⏰ Last Name: ⌥ 𝟭𝟱:𝟰𝟬
⏰ Last Name: ⌥ 𝟭𝟱:𝟰𝟭
⏰ Last Name: ⌥ 𝟭𝟱:𝟰𝟮
⏰ Last Name: ⌥ 𝟭𝟱:𝟰𝟯
⏰ Last Name: ⌥ 𝟭𝟱:𝟰𝟰
⏰ Last Name: ⌥ 𝟭𝟱:𝟰𝟱
⏰ Last Name: ⌥ 𝟭𝟱:𝟰𝟲
⏰ Last Name: ⌥ 𝟭𝟱:𝟰𝟳
⏰ Last Name: ⌥ 𝟭𝟱:𝟰𝟴
⏰ Last Name: ⌥ 𝟭𝟱:𝟰𝟵
⏰ Last Name: ⌥ 𝟭𝟱:𝟱𝟬
⏰ Last Name: ⌥ 𝟭𝟱:𝟱𝟭
⏰ Last Name: ⌥ 𝟭𝟱:𝟱𝟮
⏰ Last Name: ⌥ 𝟭𝟱:𝟱𝟯
⏰ Last Name: ⌥ 𝟭𝟱:𝟱𝟰
⏰ Last Name: ⌥ 𝟭𝟱:𝟱𝟱
⏰ Last Name: ⌥ 𝟭𝟱:𝟱𝟲
⏰ Last Name: ⌥ 𝟭𝟱:𝟱𝟳
⏰ Last Name: ⌥ 𝟭𝟱:𝟱𝟴
⏰ Last Name: ⌥ 𝟭𝟱:𝟱𝟵
⏰ Last Name: ⌥ 𝟭𝟲:𝟬𝟬
⏰ Last Name: ⌥ 𝟭𝟲:𝟬𝟭
⏰ Last Name: ⌥ 𝟭𝟲:𝟬𝟮
⏰ Last Name: ⌥ 𝟭𝟲:𝟬𝟯
⏰ Last Name: ⌥ 𝟭𝟲:𝟬𝟰
💜 Auto React [user:6990187779]: ❤️
⏰ Last Name: ⌥ 𝟭𝟲:𝟬𝟱
⏰ Last Name: ⌥ 𝟭𝟲:𝟬𝟲
⏰ Last Name: ⌥ 𝟭𝟲:𝟬𝟳
⏰ Last Name: ⌥ 𝟭𝟲:𝟬𝟴
⏰ Last Name: ⌥ 𝟭𝟲:𝟬𝟵
⏰ Last Name: ⌥ 𝟭𝟲:𝟭𝟬
⏰ Last Name: ⌥ 𝟭𝟲:𝟭𝟭
⏰ Last Name: ⌥ 𝟭𝟲:𝟭𝟮
⏰ Last Name: ⌥ 𝟭𝟲:𝟭𝟯
⏰ Last Name: ⌥ 𝟭𝟲:𝟭𝟰
⏰ Last Name: ⌥ 𝟭𝟲:𝟭𝟱
⏰ Last Name: ⌥ 𝟭𝟲:𝟭𝟲
⏰ Last Name: ⌥ 𝟭𝟲:𝟭𝟳
⏰ Last Name: ⌥ 𝟭𝟲:𝟭𝟴
⏰ Last Name: ⌥ 𝟭𝟲:𝟭𝟵
⏰ Last Name: ⌥ 𝟭𝟲:𝟮𝟬
⏰ Last Name: ⌥ 𝟭𝟲:𝟮𝟭
⏰ Last Name: ⌥ 𝟭𝟲:𝟮𝟮
⏰ Last Name: ⌥ 𝟭𝟲:𝟮𝟯
💜 Auto React [user:8299996037]: 🤣
⏰ Last Name: ⌥ 𝟭𝟲:𝟮𝟰
💜 Auto React [user:8299996037]: 🤣
💜 Auto React [user:8299996037]: 🤣
💜 Auto React [user:8299996037]: 🤣
💜 Auto React [user:8299996037]: 🤣
💜 Auto React [user:8299996037]: 🤣
💜 Auto React [user:8299996037]: 🤣
💜 Auto React [user:8299996037]: 🤣
💜 Auto React [user:8299996037]: 🤣
💜 Auto React [user:8299996037]: 🤣
💜 Auto React [user:8299996037]: 🤣
💜 Auto React [user:8299996037]: 🤣
⏰ Last Name: ⌥ 𝟭𝟲:𝟮𝟱
💜 Auto React [user:8299996037]: 🤣
💜 Auto React [user:8299996037]: 🤣
💜 Auto React [user:8299996037]: 🤣
⏰ Last Name: ⌥ 𝟭𝟲:𝟮𝟲
⏰ Last Name: ⌥ 𝟭𝟲:𝟮𝟳
⏰ Last Name: ⌥ 𝟭𝟲:𝟮𝟴
⏰ Last Name: ⌥ 𝟭𝟲:𝟮𝟵
⏰ Last Name: ⌥ 𝟭𝟲:𝟯𝟬
⏰ Last Name: ⌥ 𝟭𝟲:𝟯𝟭
⏰ Last Name: ⌥ 𝟭𝟲:𝟯𝟮
⏰ Last Name: ⌥ 𝟭𝟲:𝟯𝟯
⏰ Last Name: ⌥ 𝟭𝟲:𝟯𝟰
⏰ Last Name: ⌥ 𝟭𝟲:𝟯𝟱
⏰ Last Name: ⌥ 𝟭𝟲:𝟯𝟲
⏰ Last Name: ⌥ 𝟭𝟲:𝟯𝟳
⏰ Last Name: ⌥ 𝟭𝟲:𝟯𝟴
⏰ Last Name: ⌥ 𝟭𝟲:𝟯𝟵
⏰ Last Name: ⌥ 𝟭𝟲:𝟰𝟬
💜 Auto React [user:8299996037]: 🤣
💜 Auto React [user:8299996037]: 🤣
💜 Auto React [user:8299996037]: 🤣
⏰ Last Name: ⌥ 𝟭𝟲:𝟰𝟭
💜 Auto React [user:8299996037]: 🤣
💜 Auto React [user:8299996037]: 🤣
💜 Auto React [user:8299996037]: 🤣
💜 Auto React [user:8299996037]: 🤣
💜 Auto React [user:8299996037]: 🤣
💜 Auto React [user:8299996037]: 🤣
💜 Auto React [user:8299996037]: 🤣
💜 Auto React [user:8299996037]: 🤣
💜 Auto React [user:8299996037]: 🤣
💜 Auto React [user:8299996037]: 🤣
💜 Auto React [user:8299996037]: 🤣
💜 Auto React [user:8299996037]: 🤣
⏰ Last Name: ⌥ 𝟭𝟲:𝟰𝟮
💜 Auto React [user:8299996037]: 🤣
💜 Auto React [user:8299996037]: 🤣
💜 Auto React [user:8299996037]: 🤣
💜 Auto React [user:8299996037]: 🤣
💜 Auto React [user:8299996037]: 🤣
💜 Auto React [user:8299996037]: 🤣
⏰ Last Name: ⌥ 𝟭𝟲:𝟰𝟯
💜 Auto React [user:8299996037]: 🤣
💜 Auto React [user:8299996037]: 🤣
💜 Auto React [user:8299996037]: 🤣
💜 Auto React [user:8299996037]: 🤣
💜 Auto React [user:8299996037]: 🤣
💜 Auto React [user:8299996037]: 🤣
💜 Auto React [user:8299996037]: 🤣
💜 Auto React [user:8299996037]: 🤣
⏰ Last Name: ⌥ 𝟭𝟲:𝟰𝟰
💜 Auto React [user:8299996037]: 🤣
💜 Auto React [user:8299996037]: 🤣
💜 Auto React [user:8299996037]: 🤣
💜 Auto React [user:8299996037]: 🤣
💜 Auto React [user:8299996037]: 🤣
💜 Auto React [user:8299996037]: 🤣
💜 Auto React [user:8299996037]: 🤣
⏰ Last Name: ⌥ 𝟭𝟲:𝟰𝟱
💜 Auto React [user:8299996037]: 🤣
💜 Auto React [user:8299996037]: 🤣
💜 Auto React [user:8299996037]: 🤣
💜 Auto React [user:8299996037]: 🤣
⏰ Last Name: ⌥ 𝟭𝟲:𝟰𝟲
⏰ Last Name: ⌥ 𝟭𝟲:𝟰𝟳
⏰ Last Name: ⌥ 𝟭𝟲:𝟰𝟴
⏰ Last Name: ⌥ 𝟭𝟲:𝟰𝟵
⏰ Last Name: ⌥ 𝟭𝟲:𝟱𝟬
⏰ Last Name: ⌥ 𝟭𝟲:𝟱𝟭
⏰ Last Name: ⌥ 𝟭𝟲:𝟱𝟮
⏰ Last Name: ⌥ 𝟭𝟲:𝟱𝟯
⏰ Last Name: ⌥ 𝟭𝟲:𝟱𝟰
⏰ Last Name: ⌥ 𝟭𝟲:𝟱𝟱
⏰ Last Name: ⌥ 𝟭𝟲:𝟱𝟲
⏰ Last Name: ⌥ 𝟭𝟲:𝟱𝟳
⏰ Last Name: ⌥ 𝟭𝟲:𝟱𝟴
⏰ Last Name: ⌥ 𝟭𝟲:𝟱𝟵
💜 Auto React [user:8299996037]: 🤣
💜 Auto React [user:8299996037]: 🤣
💜 Auto React [user:8299996037]: 🤣
💜 Auto React [user:8299996037]: 🤣
⏰ Last Name: ⌥ 𝟭𝟳:𝟬𝟬
💜 Auto React [user:8299996037]: 🤣
💜 Auto React [user:8299996037]: 🤣
💜 Auto React [user:8299996037]: 🤣
💜 Auto React [user:8299996037]: 🤣
💜 Auto React [user:8299996037]: 🤣
💜 Auto React [user:8299996037]: 🤣
💜 Auto React [user:8299996037]: 🤣
💜 Auto React [user:8299996037]: 🤣
💜 Auto React [user:8299996037]: 🤣
⏰ Last Name: ⌥ 𝟭𝟳:𝟬𝟭
💜 Auto React [user:8299996037]: 🤣
💜 Auto React [user:8299996037]: 🤣
💜 Auto React [user:8299996037]: 🤣
💜 Auto React [user:8299996037]: 🤣
💜 Auto React [user:8299996037]: 🤣
💜 Auto React [user:8299996037]: 🤣
💜 Auto React [user:8299996037]: 🤣
💜 Auto React [user:8299996037]: 🤣
💜 Auto React [user:8299996037]: 🤣
💜 Auto React [user:8299996037]: 🤣
⏰ Last Name: ⌥ 𝟭𝟳:𝟬𝟮
⏰ Last Name: ⌥ 𝟭𝟳:𝟬𝟯
⏰ Last Name: ⌥ 𝟭𝟳:𝟬𝟰
⏰ Last Name: ⌥ 𝟭𝟳:𝟬𝟱
⏰ Last Name: ⌥ 𝟭𝟳:𝟬𝟲
⏰ Last Name: ⌥ 𝟭𝟳:𝟬𝟳
⏰ Last Name: ⌥ 𝟭𝟳:𝟬𝟴
⏰ Last Name: ⌥ 𝟭𝟳:𝟬𝟵
⏰ Last Name: ⌥ 𝟭𝟳:𝟭𝟬
⏰ Last Name: ⌥ 𝟭𝟳:𝟭𝟭
⏰ Last Name: ⌥ 𝟭𝟳:𝟭𝟮
⏰ Last Name: ⌥ 𝟭𝟳:𝟭𝟯
⏰ Last Name: ⌥ 𝟭𝟳:𝟭𝟰
⏰ Last Name: ⌥ 𝟭𝟳:𝟭𝟱
⏰ Last Name: ⌥ 𝟭𝟳:𝟭𝟲
💜 Auto React [user:8299996037]: 🤣
💜 Auto React [user:8299996037]: 🤣
💜 Auto React [user:8299996037]: 🤣
💜 Auto React [user:8299996037]: 🤣
💜 Auto React [user:8299996037]: 🤣
⏰ Last Name: ⌥ 𝟭𝟳:𝟭𝟳
💜 Auto React [user:8299996037]: 🤣
💜 Auto React [user:8299996037]: 🤣
💜 Auto React [user:8299996037]: 🤣
💜 Auto React [user:8299996037]: 🤣
💜 Auto React [user:8299996037]: 🤣
💜 Auto React [user:8299996037]: 🤣
⏰ Last Name: ⌥ 𝟭𝟳:𝟭𝟴
💜 Auto React [user:8299996037]: 🤣
💜 Auto React [user:8299996037]: 🤣
💜 Auto React [user:8299996037]: 🤣
💜 Auto React [user:8299996037]: 🤣
💜 Auto React [user:8299996037]: 🤣
💜 Auto React [user:8299996037]: 🤣
⏰ Last Name: ⌥ 𝟭𝟳:𝟭𝟵
💜 Auto React [user:8299996037]: 🤣
💜 Auto React [user:8299996037]: 🤣
💜 Auto React [user:8299996037]: 🤣
💜 Auto React [user:8299996037]: 🤣
💜 Auto React [user:8299996037]: 🤣
💜 Auto React [user:8299996037]: 🤣
⏰ Last Name: ⌥ 𝟭𝟳:𝟮𝟬
💜 Auto React [user:8299996037]: 🤣
💜 Auto React [user:8299996037]: 🤣
💜 Auto React [user:8299996037]: 🤣
💜 Auto React [user:8299996037]: 🤣
💜 Auto React [user:8299996037]: 🤣
💜 Auto React [user:8299996037]: 🤣
💜 Auto React [user:8299996037]: 🤣
⏰ Last Name: ⌥ 𝟭𝟳:𝟮𝟭
💜 Auto React [user:8299996037]: 🤣
💜 Auto React [user:8299996037]: 🤣
💜 Auto React [user:8299996037]: 🤣
💜 Auto React [user:8299996037]: 🤣
💜 Auto React [user:8299996037]: 🤣
💜 Auto React [user:8299996037]: 🤣
💜 Auto React [user:8299996037]: 🤣
💜 Auto React [user:8299996037]: 🤣
💜 Auto React [user:8299996037]: 🤣
💜 Auto React [user:8299996037]: 🤣
💜 Auto React [user:8299996037]: 🤣
💜 Auto React [user:8299996037]: 🤣
⏰ Last Name: ⌥ 𝟭𝟳:𝟮𝟮
💜 Auto React [user:8299996037]: 🤣
💜 Auto React [user:8299996037]: 🤣
💜 Auto React [user:8299996037]: 🤣
💜 Auto React [user:8299996037]: 🤣
💜 Auto React [user:8299996037]: 🤣
💜 Auto React [user:8299996037]: 🤣
💜 Auto React [user:8299996037]: 🤣
💜 Auto React [user:8299996037]: 🤣
💜 Auto React [user:8299996037]: 🤣
💜 Auto React [user:8299996037]: 🤣
⏰ Last Name: ⌥ 𝟭𝟳:𝟮𝟯
💜 Auto React [user:8299996037]: 🤣
⏰ Last Name: ⌥ 𝟭𝟳:𝟮𝟰
⏰ Last Name: ⌥ 𝟭𝟳:𝟮𝟱
⏰ Last Name: ⌥ 𝟭𝟳:𝟮𝟲
⏰ Last Name: ⌥ 𝟭𝟳:𝟮𝟳
⏰ Last Name: ⌥ 𝟭𝟳:𝟮𝟴
⏰ Last Name: ⌥ 𝟭𝟳:𝟮𝟵
⏰ Last Name: ⌥ 𝟭𝟳:𝟯𝟬
⏰ Last Name: ⌥ 𝟭𝟳:𝟯𝟭
⏰ Last Name: ⌥ 𝟭𝟳:𝟯𝟮
⏰ Last Name: ⌥ 𝟭𝟳:𝟯𝟯
⏰ Last Name: ⌥ 𝟭𝟳:𝟯𝟰
⏰ Last Name: ⌥ 𝟭𝟳:𝟯𝟱
⏰ Last Name: ⌥ 𝟭𝟳:𝟯𝟲
⏰ Last Name: ⌥ 𝟭𝟳:𝟯𝟳
💜 Auto React [user:8299996037]: 🤣
💜 Auto React [user:8299996037]: 🤣
💜 Auto React [user:8299996037]: 🤣
💜 Auto React [user:8299996037]: 🤣
💜 Auto React [user:8299996037]: 🤣
💜 Auto React [user:8299996037]: 🤣
⏰ Last Name: ⌥ 𝟭𝟳:𝟯𝟴
💜 Auto React [user:8299996037]: 🤣
💜 Auto React [user:8299996037]: 🤣
💜 Auto React [user:8299996037]: 🤣
💜 Auto React [user:8299996037]: 🤣
⏰ Last Name: ⌥ 𝟭𝟳:𝟯𝟵
⏰ Last Name: ⌥ 𝟭𝟳:𝟰𝟬
⏰ Last Name: ⌥ 𝟭𝟳:𝟰𝟭
⏰ Last Name: ⌥ 𝟭𝟳:𝟰𝟮
⏰ Last Name: ⌥ 𝟭𝟳:𝟰𝟯
⏰ Last Name: ⌥ 𝟭𝟳:𝟰𝟰
⏰ Last Name: ⌥ 𝟭𝟳:𝟰𝟱
⏰ Last Name: ⌥ 𝟭𝟳:𝟰𝟲
⏰ Last Name: ⌥ 𝟭𝟳:𝟰𝟳
⏰ Last Name: ⌥ 𝟭𝟳:𝟰𝟴
⏰ Last Name: ⌥ 𝟭𝟳:𝟰𝟵
⏰ Last Name: ⌥ 𝟭𝟳:𝟱𝟬
⏰ Last Name: ⌥ 𝟭𝟳:𝟱𝟭
💜 Auto React [user:7433542559]: 😐
💜 Auto React [user:7433542559]: 😐
⏰ Last Name: ⌥ 𝟭𝟳:𝟱𝟮
⏰ Last Name: ⌥ 𝟭𝟳:𝟱𝟯
⏰ Last Name: ⌥ 𝟭𝟳:𝟱𝟰
⏰ Last Name: ⌥ 𝟭𝟳:𝟱𝟱
⏰ Last Name: ⌥ 𝟭𝟳:𝟱𝟲
⏰ Last Name: ⌥ 𝟭𝟳:𝟱𝟳
⏰ Last Name: ⌥ 𝟭𝟳:𝟱𝟴
⏰ Last Name: ⌥ 𝟭𝟳:𝟱𝟵
⏰ Last Name: ⌥ 𝟭𝟴:𝟬𝟬
⏰ Last Name: ⌥ 𝟭𝟴:𝟬𝟭
⏰ Last Name: ⌥ 𝟭𝟴:𝟬𝟮
⏰ Last Name: ⌥ 𝟭𝟴:𝟬𝟯
⏰ Last Name: ⌥ 𝟭𝟴:𝟬𝟰
⏰ Last Name: ⌥ 𝟭𝟴:𝟬𝟱
⏰ Last Name: ⌥ 𝟭𝟴:𝟬𝟲
⏰ Last Name: ⌥ 𝟭𝟴:𝟬𝟳
💜 Auto React [user:8299996037]: 🤣
💜 Auto React [user:8299996037]: 🤣
💜 Auto React [user:8299996037]: 🤣
💜 Auto React [user:8299996037]: 🤣
💜 Auto React [user:8299996037]: 🤣
💜 Auto React [user:8299996037]: 🤣
💜 Auto React [user:8299996037]: 🤣
💜 Auto React [user:8299996037]: 🤣
⏰ Last Name: ⌥ 𝟭𝟴:𝟬𝟴
💜 Auto React [user:8299996037]: 🤣
💜 Auto React [user:8299996037]: 🤣
💜 Auto React [user:8299996037]: 🤣
💜 Auto React [user:8299996037]: 🤣
💜 Auto React [user:8299996037]: 🤣
💜 Auto React [user:8299996037]: 🤣
💜 Auto React [user:8299996037]: 🤣
💜 Auto React [user:8299996037]: 🤣
💜 Auto React [user:8299996037]: 🤣
⏰ Last Name: ⌥ 𝟭𝟴:𝟬𝟵
💜 Auto React [user:8299996037]: 🤣
💜 Auto React [user:8299996037]: 🤣
⏰ Last Name: ⌥ 𝟭𝟴:𝟭𝟬
⏰ Last Name: ⌥ 𝟭𝟴:𝟭𝟭
⏰ Last Name: ⌥ 𝟭𝟴:𝟭𝟮
⏰ Last Name: ⌥ 𝟭𝟴:𝟭𝟯
⏰ Last Name: ⌥ 𝟭𝟴:𝟭𝟰
⏰ Last Name: ⌥ 𝟭𝟴:𝟭𝟱
⏰ Last Name: ⌥ 𝟭𝟴:𝟭𝟲
⏰ Last Name: ⌥ 𝟭𝟴:𝟭𝟳
⏰ Last Name: ⌥ 𝟭𝟴:𝟭𝟴
⏰ Last Name: ⌥ 𝟭𝟴:𝟭𝟵
⏰ Last Name: ⌥ 𝟭𝟴:𝟮𝟬
⏰ Last Name: ⌥ 𝟭𝟴:𝟮𝟭
⏰ Last Name: ⌥ 𝟭𝟴:𝟮𝟮
⏰ Last Name: ⌥ 𝟭𝟴:𝟮𝟯
💜 Auto React [user:8299996037]: 🤣
⏰ Last Name: ⌥ 𝟭𝟴:𝟮𝟰
💜 Auto React [user:8299996037]: 🤣
💜 Auto React [user:8299996037]: 🤣
💜 Auto React [user:8299996037]: 🤣
💜 Auto React [user:8299996037]: 🤣
💜 Auto React [user:8299996037]: 🤣
⏰ Last Name: ⌥ 𝟭𝟴:𝟮𝟱
💜 Auto React [user:8299996037]: 🤣
⏰ Last Name: ⌥ 𝟭𝟴:𝟮𝟲
⏰ Last Name: ⌥ 𝟭𝟴:𝟮𝟳
⏰ Last Name: ⌥ 𝟭𝟴:𝟮𝟴
⏰ Last Name: ⌥ 𝟭𝟴:𝟮𝟵
⏰ Last Name: ⌥ 𝟭𝟴:𝟯𝟬
⏰ Last Name: ⌥ 𝟭𝟴:𝟯𝟭
⏰ Last Name: ⌥ 𝟭𝟴:𝟯𝟮
⏰ Last Name: ⌥ 𝟭𝟴:𝟯𝟯
⏰ Last Name: ⌥ 𝟭𝟴:𝟯𝟰
⏰ Last Name: ⌥ 𝟭𝟴:𝟯𝟱
⏰ Last Name: ⌥ 𝟭𝟴:𝟯𝟲
⏰ Last Name: ⌥ 𝟭𝟴:𝟯𝟳
⏰ Last Name: ⌥ 𝟭𝟴:𝟯𝟴
⏰ Last Name: ⌥ 𝟭𝟴:𝟯𝟵
💜 Auto React [user:8299996037]: 🤣
💜 Auto React [user:8299996037]: 🤣
⏰ Last Name: ⌥ 𝟭𝟴:𝟰𝟬
💜 Auto React [user:8299996037]: 🤣
💜 Auto React [user:8299996037]: 🤣
💜 Auto React [user:8299996037]: 🤣
💜 Auto React [user:8299996037]: 🤣
💜 Auto React [user:8299996037]: 🤣
💜 Auto React [user:8299996037]: 🤣
💜 Auto React [user:8299996037]: 🤣
💜 Auto React [user:8299996037]: 🤣
💜 Auto React [user:8299996037]: 🤣
💜 Auto React [user:8299996037]: 🤣
💜 Auto React [user:8299996037]: 🤣
⏰ Last Name: ⌥ 𝟭𝟴:𝟰𝟭
💜 Auto React [user:8299996037]: 🤣
💜 Auto React [user:8299996037]: 🤣
💜 Auto React [user:8299996037]: 🤣
💜 Auto React [user:8299996037]: 🤣
💜 Auto React [user:8299996037]: 🤣
💜 Auto React [user:8299996037]: 🤣
💜 Auto React [user:8299996037]: 🤣
💜 Auto React [user:8299996037]: 🤣
💜 Auto React [user:8299996037]: 🤣
💜 Auto React [user:8299996037]: 🤣
💜 Auto React [user:8299996037]: 🤣
💜 Auto React [user:8299996037]: 🤣
💜 Auto React [user:8299996037]: 🤣
💜 Auto React [user:8299996037]: 🤣
💜 Auto React [user:8299996037]: 🤣
⏰ Last Name: ⌥ 𝟭𝟴:𝟰𝟮
💜 Auto React [user:8299996037]: 🤣
💜 Auto React [user:8299996037]: 🤣
💜 Auto React [user:8299996037]: 🤣
💜 Auto React [user:8299996037]: 🤣
💜 Auto React [user:8299996037]: 🤣
💜 Auto React [user:8299996037]: 🤣
⏰ Last Name: ⌥ 𝟭𝟴:𝟰𝟯
💜 Auto React [user:8299996037]: 🤣
💜 Auto React [user:8299996037]: 🤣
💜 Auto React [user:8299996037]: 🤣
⏰ Last Name: ⌥ 𝟭𝟴:𝟰𝟰
💜 Auto React [user:8299996037]: 🤣
⏰ Last Name: ⌥ 𝟭𝟴:𝟰𝟱
⏰ Last Name: ⌥ 𝟭𝟴:𝟰𝟲
⏰ Last Name: ⌥ 𝟭𝟴:𝟰𝟳
⏰ Last Name: ⌥ 𝟭𝟴:𝟰𝟴
⏰ Last Name: ⌥ 𝟭𝟴:𝟰𝟵
⏰ Last Name: ⌥ 𝟭𝟴:𝟱𝟬
⏰ Last Name: ⌥ 𝟭𝟴:𝟱𝟭
⏰ Last Name: ⌥ 𝟭𝟴:𝟱𝟮
⏰ Last Name: ⌥ 𝟭𝟴:𝟱𝟯
⏰ Last Name: ⌥ 𝟭𝟴:𝟱𝟰
⏰ Last Name: ⌥ 𝟭𝟴:𝟱𝟱
⏰ Last Name: ⌥ 𝟭𝟴:𝟱𝟲
⏰ Last Name: ⌥ 𝟭𝟴:𝟱𝟳
⏰ Last Name: ⌥ 𝟭𝟴:𝟱𝟴
💜 Auto React [user:8299996037]: 🤣
💜 Auto React [user:8299996037]: 🤣
💜 Auto React [user:8299996037]: 🤣
💜 Auto React [user:8299996037]: 🤣
💜 Auto React [user:8299996037]: 🤣
💜 Auto React [user:8299996037]: 🤣
⏰ Last Name: ⌥ 𝟭𝟴:𝟱𝟵
💜 Auto React [user:8299996037]: 🤣
💜 Auto React [user:8299996037]: 🤣
⏰ Last Name: ⌥ 𝟭𝟵:𝟬𝟬
⏰ Last Name: ⌥ 𝟭𝟵:𝟬𝟭
⏰ Last Name: ⌥ 𝟭𝟵:𝟬𝟮
⏰ Last Name: ⌥ 𝟭𝟵:𝟬𝟯
⏰ Last Name: ⌥ 𝟭𝟵:𝟬𝟰
⏰ Last Name: ⌥ 𝟭𝟵:𝟬𝟱
⏰ Last Name: ⌥ 𝟭𝟵:𝟬𝟲
⏰ Last Name: ⌥ 𝟭𝟵:𝟬𝟳
⏰ Last Name: ⌥ 𝟭𝟵:𝟬𝟴
⏰ Last Name: ⌥ 𝟭𝟵:𝟬𝟵
⏰ Last Name: ⌥ 𝟭𝟵:𝟭𝟬
⏰ Last Name: ⌥ 𝟭𝟵:𝟭𝟭
⏰ Last Name: ⌥ 𝟭𝟵:𝟭𝟮
⏰ Last Name: ⌥ 𝟭𝟵:𝟭𝟯
💜 Auto React [user:8299996037]: 🤣
💜 Auto React [user:8299996037]: 🤣
💜 Auto React [user:8299996037]: 🤣
⏰ Last Name: ⌥ 𝟭𝟵:𝟭𝟰
💜 Auto React [user:8299996037]: 🤣
💜 Auto React [user:8299996037]: 🤣
💜 Auto React [user:8299996037]: 🤣
💜 Auto React [user:8299996037]: 🤣
💜 Auto React [user:8299996037]: 🤣
💜 Auto React [user:8299996037]: 🤣
💜 Auto React [user:8299996037]: 🤣
⏰ Last Name: ⌥ 𝟭𝟵:𝟭𝟱
💜 Auto React [user:8299996037]: 🤣
💜 Auto React [user:8299996037]: 🤣
💜 Auto React [user:8299996037]: 🤣
💜 Auto React [user:8299996037]: 🤣
💜 Auto React [user:8299996037]: 🤣
💜 Auto React [user:8299996037]: 🤣
⏰ Last Name: ⌥ 𝟭𝟵:𝟭𝟲
⏰ Last Name: ⌥ 𝟭𝟵:𝟭𝟳
⏰ Last Name: ⌥ 𝟭𝟵:𝟭𝟴
⏰ Last Name: ⌥ 𝟭𝟵:𝟭𝟵
⏰ Last Name: ⌥ 𝟭𝟵:𝟮𝟬
⏰ Last Name: ⌥ 𝟭𝟵:𝟮𝟭
⏰ Last Name: ⌥ 𝟭𝟵:𝟮𝟮
⏰ Last Name: ⌥ 𝟭𝟵:𝟮𝟯
⏰ Last Name: ⌥ 𝟭𝟵:𝟮𝟰
⏰ Last Name: ⌥ 𝟭𝟵:𝟮𝟱
⏰ Last Name: ⌥ 𝟭𝟵:𝟮𝟲
⏰ Last Name: ⌥ 𝟭𝟵:𝟮𝟳
⏰ Last Name: ⌥ 𝟭𝟵:𝟮𝟴
⏰ Last Name: ⌥ 𝟭𝟵:𝟮𝟵
💜 Auto React [user:8299996037]: 🤣
💜 Auto React [user:8299996037]: 🤣
💜 Auto React [user:8299996037]: 🤣
💜 Auto React [user:8299996037]: 🤣
⏰ Last Name: ⌥ 𝟭𝟵:𝟯𝟬
💜 Auto React [user:8299996037]: 🤣
💜 Auto React [user:8299996037]: 🤣
💜 Auto React [user:8299996037]: 🤣
💜 Auto React [user:8299996037]: 🤣
💜 Auto React [user:8299996037]: 🤣
💜 Auto React [user:8299996037]: 🤣
💜 Auto React [user:8299996037]: 🤣
💜 Auto React [user:8299996037]: 🤣
💜 Auto React [user:8299996037]: 🤣
💜 Auto React [user:8299996037]: 🤣
⏰ Last Name: ⌥ 𝟭𝟵:𝟯𝟭
💜 Auto React [user:8299996037]: 🤣
💜 Auto React [user:8299996037]: 🤣
💜 Auto React [user:8299996037]: 🤣
💜 Auto React [user:8299996037]: 🤣
💜 Auto React [user:8299996037]: 🤣
💜 Auto React [user:8299996037]: 🤣
💜 Auto React [user:8299996037]: 🤣
💜 Auto React [user:8299996037]: 🤣
💜 Auto React [user:8299996037]: 🤣
💜 Auto React [user:8299996037]: 🤣
💜 Auto React [user:8299996037]: 🤣
💜 Auto React [user:8299996037]: 🤣
💜 Auto React [user:8299996037]: 🤣
💜 Auto React [user:8299996037]: 🤣
💜 Auto React [user:8299996037]: 🤣
💜 Auto React [user:8299996037]: 🤣
💜 Auto React [user:8299996037]: 🤣
💜 Auto React [user:8299996037]: 🤣
⏰ Last Name: ⌥ 𝟭𝟵:𝟯𝟮
💜 Auto React [user:8299996037]: 🤣
💜 Auto React [user:8299996037]: 🤣
💜 Auto React [user:8299996037]: 🤣
⏰ Last Name: ⌥ 𝟭𝟵:𝟯𝟯
💜 Auto React [user:8299996037]: 🤣
💜 Auto React [user:8299996037]: 🤣
💜 Auto React [user:8299996037]: 🤣
💜 Auto React [user:8299996037]: 🤣
💜 Auto React [user:8299996037]: 🤣
💜 Auto React [user:8299996037]: 🤣
⏰ Last Name: ⌥ 𝟭𝟵:𝟯𝟰
💜 Auto React [user:8299996037]: 🤣
💜 Auto React [user:8299996037]: 🤣
💜 Auto React [user:8299996037]: 🤣
💜 Auto React [user:8299996037]: 🤣
💜 Auto React [user:8299996037]: 🤣
💜 Auto React [user:8299996037]: 🤣
💜 Auto React [user:8299996037]: 🤣
💜 Auto React [user:8299996037]: 🤣
⏰ Last Name: ⌥ 𝟭𝟵:𝟯𝟱
💜 Auto React [user:8299996037]: 🤣
💜 Auto React [user:8299996037]: 🤣
💜 Auto React [user:8299996037]: 🤣
💜 Auto React [user:8299996037]: 🤣
💜 Auto React [user:8299996037]: 🤣
💜 Auto React [user:8299996037]: 🤣
💜 Auto React [user:8299996037]: 🤣
💜 Auto React [user:8299996037]: 🤣
💜 Auto React [user:8299996037]: 🤣
💜 Auto React [user:8299996037]: 🤣
💜 Auto React [user:8299996037]: 🤣
⏰ Last Name: ⌥ 𝟭𝟵:𝟯𝟲
💜 Auto React [user:8299996037]: 🤣
💜 Auto React [user:8299996037]: 🤣
💜 Auto React [user:8299996037]: 🤣
💜 Auto React [user:8299996037]: 🤣
💜 Auto React [user:8299996037]: 🤣
💜 Auto React [user:8299996037]: 🤣
💜 Auto React [user:8299996037]: 🤣
💜 Auto React [user:8299996037]: 🤣
💜 Auto React [user:8299996037]: 🤣
💜 Auto React [user:8299996037]: 🤣
💜 Auto React [user:8299996037]: 🤣
💜 Auto React [user:8299996037]: 🤣
💜 Auto React [user:8299996037]: 🤣
⏰ Last Name: ⌥ 𝟭𝟵:𝟯𝟳
💜 Auto React [user:8299996037]: 🤣
💜 Auto React [user:8299996037]: 🤣
💜 Auto React [user:8299996037]: 🤣
💜 Auto React [user:8299996037]: 🤣
💜 Auto React [user:8299996037]: 🤣
⏰ Last Name: ⌥ 𝟭𝟵:𝟯𝟴
💜 Auto React [user:8299996037]: 🤣
💜 Auto React [user:8299996037]: 🤣
💜 Auto React [user:8299996037]: 🤣
💜 Auto React [user:8299996037]: 🤣
💜 Auto React [user:8299996037]: 🤣
💜 Auto React [user:8299996037]: 🤣
💜 Auto React [user:8299996037]: 🤣
💜 Auto React [user:8299996037]: 🤣
💜 Auto React [user:8299996037]: 🤣
💜 Auto React [user:8299996037]: 🤣
⏰ Last Name: ⌥ 𝟭𝟵:𝟯𝟵
💜 Auto React [user:8299996037]: 🤣
💜 Auto React [user:8299996037]: 🤣
⏰ Last Name: ⌥ 𝟭𝟵:𝟰𝟬
⏰ Last Name: ⌥ 𝟭𝟵:𝟰𝟭
⏰ Last Name: ⌥ 𝟭𝟵:𝟰𝟮
⏰ Last Name: ⌥ 𝟭𝟵:𝟰𝟯
⏰ Last Name: ⌥ 𝟭𝟵:𝟰𝟰
⏰ Last Name: ⌥ 𝟭𝟵:𝟰𝟱
⏰ Last Name: ⌥ 𝟭𝟵:𝟰𝟲
⏰ Last Name: ⌥ 𝟭𝟵:𝟰𝟳
⏰ Last Name: ⌥ 𝟭𝟵:𝟰𝟴
💜 Auto React [user:6990187779]: ❤️
💜 Auto React [user:6990187779]: ❤️
💜 Auto React [user:6990187779]: ❤️
⏰ Last Name: ⌥ 𝟭𝟵:𝟰𝟵
💜 Auto React [user:6990187779]: ❤️
💜 Auto React [user:6990187779]: ❤️
💜 Auto React [user:6990187779]: ❤️
⏰ Last Name: ⌥ 𝟭𝟵:𝟱𝟬
💜 Auto React [user:6990187779]: ❤️
⏰ Last Name: ⌥ 𝟭𝟵:𝟱𝟭
⏰ Last Name: ⌥ 𝟭𝟵:𝟱𝟮
⏰ Last Name: ⌥ 𝟭𝟵:𝟱𝟯
💜 Auto React [user:8299996037]: 🤣
💜 Auto React [user:8299996037]: 🤣
💜 Auto React [user:6990187779]: ❤️
💜 Auto React [user:6990187779]: ❤️
💜 Auto React [user:6990187779]: ❤️
⏰ Last Name: ⌥ 𝟭𝟵:𝟱𝟰
💜 Auto React [user:8299996037]: 🤣
💜 Auto React [user:8299996037]: 🤣
💜 Auto React [user:8299996037]: 🤣
⏰ Last Name: ⌥ 𝟭𝟵:𝟱𝟱
💜 Auto React [user:6990187779]: ❤️
⏰ Last Name: ⌥ 𝟭𝟵:𝟱𝟲
💜 Auto React [user:6990187779]: ❤️
💜 Auto React [user:6990187779]: ❤️
⏰ Last Name: ⌥ 𝟭𝟵:𝟱𝟳
💜 Auto React [user:6990187779]: ❤️
💜 Auto React [user:6990187779]: ❤️
⏰ Last Name: ⌥ 𝟭𝟵:𝟱𝟴
⏰ Last Name: ⌥ 𝟭𝟵:𝟱𝟵
⏰ Last Name: ⌥ 𝟮𝟬:𝟬𝟬
⏰ Last Name: ⌥ 𝟮𝟬:𝟬𝟭
⏰ Last Name: ⌥ 𝟮𝟬:𝟬𝟮
⏰ Last Name: ⌥ 𝟮𝟬:𝟬𝟯
⏰ Last Name: ⌥ 𝟮𝟬:𝟬𝟰
⏰ Last Name: ⌥ 𝟮𝟬:𝟬𝟱
⏰ Last Name: ⌥ 𝟮𝟬:𝟬𝟲
⏰ Last Name: ⌥ 𝟮𝟬:𝟬𝟳
⏰ Last Name: ⌥ 𝟮𝟬:𝟬𝟴
💜 Auto React [user:8299996037]: 🤣
💜 Auto React [user:8299996037]: 🤣
⏰ Last Name: ⌥ 𝟮𝟬:𝟬𝟵
💜 Auto React [user:8299996037]: 🤣
💜 Auto React [user:8299996037]: 🤣
💜 Auto React [user:8299996037]: 🤣
💜 Auto React [user:8299996037]: 🤣
💜 Auto React [user:8299996037]: 🤣
💜 Auto React [user:8299996037]: 🤣
💜 Auto React [user:8299996037]: 🤣
💜 Auto React [user:8299996037]: 🤣
💜 Auto React [user:8299996037]: 🤣
💜 Auto React [user:8299996037]: 🤣
💜 Auto React [user:8299996037]: 🤣
⏰ Last Name: ⌥ 𝟮𝟬:𝟭𝟬
💜 Auto React [user:8299996037]: 🤣
💜 Auto React [user:8299996037]: 🤣
⏰ Last Name: ⌥ 𝟮𝟬:𝟭𝟭
⏰ Last Name: ⌥ 𝟮𝟬:𝟭𝟮
⏰ Last Name: ⌥ 𝟮𝟬:𝟭𝟯
⏰ Last Name: ⌥ 𝟮𝟬:𝟭𝟰
⏰ Last Name: ⌥ 𝟮𝟬:𝟭𝟱
⏰ Last Name: ⌥ 𝟮𝟬:𝟭𝟲
💜 Auto React [user:6990187779]: ❤️
⏰ Last Name: ⌥ 𝟮𝟬:𝟭𝟳
⏰ Last Name: ⌥ 𝟮𝟬:𝟭𝟴
⏰ Last Name: ⌥ 𝟮𝟬:𝟭𝟵
⏰ Last Name: ⌥ 𝟮𝟬:𝟮𝟬
⏰ Last Name: ⌥ 𝟮𝟬:𝟮𝟭
⏰ Last Name: ⌥ 𝟮𝟬:𝟮𝟮
⏰ Last Name: ⌥ 𝟮𝟬:𝟮𝟯
⏰ Last Name: ⌥ 𝟮𝟬:𝟮𝟰
💜 Auto React [user:8299996037]: 🤣
💜 Auto React [user:8299996037]: 🤣
💜 Auto React [user:8299996037]: 🤣
⏰ Last Name: ⌥ 𝟮𝟬:𝟮𝟱
💜 Auto React [user:8299996037]: 🤣
💜 Auto React [user:8299996037]: 🤣
💜 Auto React [user:8299996037]: 🤣
💜 Auto React [user:8299996037]: 🤣
💜 Auto React [user:8299996037]: 🤣
💜 Auto React [user:8299996037]: 🤣
💜 Auto React [user:8299996037]: 🤣
💜 Auto React [user:8299996037]: 🤣
💜 Auto React [user:8299996037]: 🤣
💜 Auto React [user:8299996037]: 🤣
⏰ Last Name: ⌥ 𝟮𝟬:𝟮𝟲
💜 Auto React [user:8299996037]: 🤣
💜 Auto React [user:8299996037]: 🤣
💜 Auto React [user:8299996037]: 🤣
⏰ Last Name: ⌥ 𝟮𝟬:𝟮𝟳
💜 Auto React [user:8299996037]: 🤣
💜 Auto React [user:8299996037]: 🤣
⏰ Last Name: ⌥ 𝟮𝟬:𝟮𝟴
⏰ Last Name: ⌥ 𝟮𝟬:𝟮𝟵
⏰ Last Name: ⌥ 𝟮𝟬:𝟯𝟬
⏰ Last Name: ⌥ 𝟮𝟬:𝟯𝟭
⏰ Last Name: ⌥ 𝟮𝟬:𝟯𝟮
⏰ Last Name: ⌥ 𝟮𝟬:𝟯𝟯
⏰ Last Name: ⌥ 𝟮𝟬:𝟯𝟰
⏰ Last Name: ⌥ 𝟮𝟬:𝟯𝟱
⏰ Last Name: ⌥ 𝟮𝟬:𝟯𝟲
⏰ Last Name: ⌥ 𝟮𝟬:𝟯𝟳
⏰ Last Name: ⌥ 𝟮𝟬:𝟯𝟴
⏰ Last Name: ⌥ 𝟮𝟬:𝟯𝟵
⏰ Last Name: ⌥ 𝟮𝟬:𝟰𝟬
💜 Auto React [user:8299996037]: 🤣
⏰ Last Name: ⌥ 𝟮𝟬:𝟰𝟭
💜 Auto React [user:8299996037]: 🤣
💜 Auto React [user:8299996037]: 🤣
💜 Auto React [user:8299996037]: 🤣
💜 Auto React [user:8299996037]: 🤣
💜 Auto React [user:8299996037]: 🤣
💜 Auto React [user:8299996037]: 🤣
💜 Auto React [user:8299996037]: 🤣
💜 Auto React [user:8299996037]: 🤣
💜 Auto React [user:8299996037]: 🤣
💜 Auto React [user:8299996037]: 🤣
💜 Auto React [user:8299996037]: 🤣
⏰ Last Name: ⌥ 𝟮𝟬:𝟰𝟮
💜 Auto React [user:8299996037]: 🤣
💜 Auto React [user:8299996037]: 🤣
💜 Auto React [user:8299996037]: 🤣
💜 Auto React [user:8299996037]: 🤣
💜 Auto React [user:8299996037]: 🤣
💜 Auto React [user:8299996037]: 🤣
💜 Auto React [user:8299996037]: 🤣
💜 Auto React [user:8299996037]: 🤣
💜 Auto React [user:8299996037]: 🤣
⏰ Last Name: ⌥ 𝟮𝟬:𝟰𝟯
💜 Auto React [user:8299996037]: 🤣
💜 Auto React [user:8299996037]: 🤣
💜 Auto React [user:8299996037]: 🤣
💜 Auto React [user:8299996037]: 🤣
💜 Auto React [user:8299996037]: 🤣
💜 Auto React [user:8299996037]: 🤣
💜 Auto React [user:8299996037]: 🤣
💜 Auto React [user:8299996037]: 🤣
💜 Auto React [user:8299996037]: 🤣
💜 Auto React [user:8299996037]: 🤣
⏰ Last Name: ⌥ 𝟮𝟬:𝟰𝟰
💜 Auto React [user:8299996037]: 🤣
💜 Auto React [user:8299996037]: 🤣
💜 Auto React [user:8299996037]: 🤣
💜 Auto React [user:8299996037]: 🤣
💜 Auto React [user:8299996037]: 🤣
💜 Auto React [user:8299996037]: 🤣
💜 Auto React [user:8299996037]: 🤣
💜 Auto React [user:8299996037]: 🤣
💜 Auto React [user:8299996037]: 🤣
💜 Auto React [user:8299996037]: 🤣
💜 Auto React [user:8299996037]: 🤣
💜 Auto React [user:8299996037]: 🤣
💜 Auto React [user:8299996037]: 🤣
💜 Auto React [user:8299996037]: 🤣
💜 Auto React [user:8299996037]: 🤣
💜 Auto React [user:8299996037]: 🤣
💜 Auto React [user:8299996037]: 🤣
💜 Auto React [user:8299996037]: 🤣
💜 Auto React [user:8299996037]: 🤣
⏰ Last Name: ⌥ 𝟮𝟬:𝟰𝟱
⏰ Last Name: ⌥ 𝟮𝟬:𝟰𝟲
💜 Auto React [user:8299996037]: 🤣
💜 Auto React [user:8299996037]: 🤣
💜 Auto React [user:8299996037]: 🤣
💜 Auto React [user:8299996037]: 🤣
💜 Auto React [user:8299996037]: 🤣
💜 Auto React [user:8299996037]: 🤣
💜 Auto React [user:8299996037]: 🤣
💜 Auto React [user:8299996037]: 🤣
💜 Auto React [user:8299996037]: 🤣
💜 Auto React [user:8299996037]: 🤣
💜 Auto React [user:8299996037]: 🤣
💜 Auto React [user:8299996037]: 🤣
⚠️ خطای ریکت [user:8299996037]: Request was unsuccessful 6 time(s)
⚠️ خطای ریکت [user:8299996037]: Request was unsuccessful 6 time(s)
⚠️ خطای ریکت [user:8299996037]: Request was unsuccessful 6 time(s)
⚠️ خطای ریکت [user:8299996037]: Request was unsuccessful 6 time(s)
💜 Auto React [user:8299996037]: 🤣
💜 Auto React [user:8299996037]: 🤣
💜 Auto React [user:8299996037]: 🤣
💜 Auto React [user:8299996037]: 🤣
⏰ Last Name: ⌥ 𝟮𝟬:𝟰𝟳
⏰ Last Name: ⌥ 𝟮𝟬:𝟰𝟴
⏰ Last Name: ⌥ 𝟮𝟬:𝟰𝟵
⏰ Last Name: ⌥ 𝟮𝟬:𝟱𝟬
⏰ Last Name: ⌥ 𝟮𝟬:𝟱𝟭
⏰ Last Name: ⌥ 𝟮𝟬:𝟱𝟮
⏰ Last Name: ⌥ 𝟮𝟬:𝟱𝟯
💜 Auto React [user:6990187779]: ❤️
⏰ Last Name: ⌥ 𝟮𝟬:𝟱𝟰
⏰ Last Name: ⌥ 𝟮𝟬:𝟱𝟱
⏰ Last Name: ⌥ 𝟮𝟬:𝟱𝟲
⏰ Last Name: ⌥ 𝟮𝟬:𝟱𝟳
⏰ Last Name: ⌥ 𝟮𝟬:𝟱𝟴
⏰ Last Name: ⌥ 𝟮𝟬:𝟱𝟵
⏰ Last Name: ⌥ 𝟮𝟭:𝟬𝟬
💜 Auto React [user:8299996037]: 🤣
💜 Auto React [user:8299996037]: 🤣
💜 Auto React [user:8299996037]: 🤣
⏰ Last Name: ⌥ 𝟮𝟭:𝟬𝟭
💜 Auto React [user:8299996037]: 🤣
💜 Auto React [user:8299996037]: 🤣
💜 Auto React [user:8299996037]: 🤣
💜 Auto React [user:8299996037]: 🤣
💜 Auto React [user:6990187779]: ❤️
💜 Auto React [user:8299996037]: 🤣
⏰ Last Name: ⌥ 𝟮𝟭:𝟬𝟮
⏰ Last Name: ⌥ 𝟮𝟭:𝟬𝟯
💜 Auto React [user:8299996037]: 🤣
💜 Auto React [user:8299996037]: 🤣
💜 Auto React [user:8299996037]: 🤣
💜 Auto React [user:8299996037]: 🤣
💜 Auto React [user:8299996037]: 🤣
💜 Auto React [user:8299996037]: 🤣
💜 Auto React [user:8299996037]: 🤣
💜 Auto React [user:8299996037]: 🤣
💜 Auto React [user:8299996037]: 🤣
💜 Auto React [user:8299996037]: 🤣
💜 Auto React [user:8299996037]: 🤣
💜 Auto React [user:8299996037]: 🤣
💜 Auto React [user:8299996037]: 🤣
💜 Auto React [user:8299996037]: 🤣
💜 Auto React [user:8299996037]: 🤣
💜 Auto React [user:8299996037]: 🤣
💜 Auto React [user:8299996037]: 🤣
💜 Auto React [user:8299996037]: 🤣
💜 Auto React [user:8299996037]: 🤣
💜 Auto React [user:8299996037]: 🤣
💜 Auto React [user:8299996037]: 🤣
💜 Auto React [user:8299996037]: 🤣
💜 Auto React [user:8299996037]: 🤣
💜 Auto React [user:8299996037]: 🤣
💜 Auto React [user:8299996037]: 🤣
⏰ Last Name: ⌥ 𝟮𝟭:𝟬𝟰
💜 Auto React [user:7433542559]: 😐
💜 Auto React [user:8299996037]: 🤣
💜 Auto React [user:8299996037]: 🤣
💜 Auto React [user:8299996037]: 🤣
💜 Auto React [user:8299996037]: 🤣
💜 Auto React [user:8299996037]: 🤣
💜 Auto React [user:6990187779]: ❤️
⏰ Last Name: ⌥ 𝟮𝟭:𝟬𝟱
💜 Auto React [user:6990187779]: ❤️
💜 Auto React [user:7433542559]: 😐
💜 Auto React [user:8299996037]: 🤣
💜 Auto React [user:8299996037]: 🤣
💜 Auto React [user:8299996037]: 🤣
💜 Auto React [user:8299996037]: 🤣
💜 Auto React [user:8299996037]: 🤣
💜 Auto React [user:8299996037]: 🤣
💜 Auto React [user:8299996037]: 🤣
⏰ Last Name: ⌥ 𝟮𝟭:𝟬𝟲
💜 Auto React [user:8299996037]: 🤣
💜 Auto React [user:8299996037]: 🤣
💜 Auto React [user:8299996037]: 🤣
💜 Auto React [user:8299996037]: 🤣
💜 Auto React [user:8299996037]: 🤣
💜 Auto React [user:8299996037]: 🤣
💜 Auto React [user:8299996037]: 🤣
💜 Auto React [user:8299996037]: 🤣
💜 Auto React [user:8299996037]: 🤣
💜 Auto React [user:8299996037]: 🤣
💜 Auto React [user:8299996037]: 🤣
💜 Auto React [user:8299996037]: 🤣
💜 Auto React [user:6990187779]: ❤️
⏰ Last Name: ⌥ 𝟮𝟭:𝟬𝟳
💜 Auto React [user:8299996037]: 🤣
💜 Auto React [user:8299996037]: 🤣
💜 Auto React [user:8299996037]: 🤣
💜 Auto React [user:8299996037]: 🤣
💜 Auto React [user:8299996037]: 🤣
💜 Auto React [user:6990187779]: ❤️
💜 Auto React [user:6990187779]: ❤️
💜 Auto React [user:8299996037]: 🤣
💜 Auto React [user:8299996037]: 🤣
💜 Auto React [user:8299996037]: 🤣
💜 Auto React [user:6990187779]: ❤️
💜 Auto React [user:8299996037]: 🤣
💜 Auto React [user:8299996037]: 🤣
💜 Auto React [user:6990187779]: ❤️
⏰ Last Name: ⌥ 𝟮𝟭:𝟬𝟴
💜 Auto React [user:6990187779]: ❤️
💜 Auto React [user:8299996037]: 🤣
💜 Auto React [user:6990187779]: ❤️
⏰ Last Name: ⌥ 𝟮𝟭:𝟬𝟵
⏰ Last Name: ⌥ 𝟮𝟭:𝟭𝟬
💜 Auto React [user:7433542559]: 😐
💜 Auto React [user:7433542559]: 😐
⏰ Last Name: ⌥ 𝟮𝟭:𝟭𝟭
💜 Auto React [user:7433542559]: 😐
💜 Auto React [user:7433542559]: 😐
💜 Auto React [user:7433542559]: 😐
💜 Auto React [user:7433542559]: 😐
⏰ Last Name: ⌥ 𝟮𝟭:𝟭𝟮
⏰ Last Name: ⌥ 𝟮𝟭:𝟭𝟯
💜 Auto React [user:7433542559]: 😐
⏰ Last Name: ⌥ 𝟮𝟭:𝟭𝟰
💜 Auto React [user:7433542559]: 😐
💜 Auto React [user:7433542559]: 😐
💜 Auto React [user:6990187779]: ❤️
💜 Auto React [user:7433542559]: 😐
⏰ Last Name: ⌥ 𝟮𝟭:𝟭𝟱
💜 Auto React [user:7433542559]: 😐
💜 Auto React [user:7433542559]: 😐
⏰ Last Name: ⌥ 𝟮𝟭:𝟭𝟲
💜 Auto React [user:7433542559]: 😐
💜 Auto React [user:6990187779]: ❤️
💜 Auto React [user:6990187779]: ❤️
💜 Auto React [user:6990187779]: ❤️
⏰ Last Name: ⌥ 𝟮𝟭:𝟭𝟳
💜 Auto React [user:7433542559]: 😐
💜 Auto React [user:6990187779]: ❤️
💜 Auto React [user:6990187779]: ❤️
⏰ Last Name: ⌥ 𝟮𝟭:𝟭𝟴
💜 Auto React [user:6990187779]: ❤️
💜 Auto React [user:6990187779]: ❤️
💜 Auto React [user:7433542559]: 😐
💜 Auto React [user:7433542559]: 😐
💜 Auto React [user:6990187779]: ❤️
⏰ Last Name: ⌥ 𝟮𝟭:𝟭𝟵
⏰ Last Name: ⌥ 𝟮𝟭:𝟮𝟬
💜 Auto React [user:6990187779]: ❤️
💜 Auto React [user:6990187779]: ❤️
⏰ Last Name: ⌥ 𝟮𝟭:𝟮𝟭
💜 Auto React [user:6990187779]: ❤️
💜 Auto React [user:6990187779]: ❤️
💜 Auto React [user:6990187779]: ❤️
💜 Auto React [user:6990187779]: ❤️
⏰ Last Name: ⌥ 𝟮𝟭:𝟮𝟮
💜 Auto React [user:6990187779]: ❤️
💜 Auto React [user:8299996037]: 🤣
💜 Auto React [user:8299996037]: 🤣
💜 Auto React [user:8299996037]: 🤣
💜 Auto React [user:8299996037]: 🤣
💜 Auto React [user:8299996037]: 🤣
💜 Auto React [user:8299996037]: 🤣
💜 Auto React [user:8299996037]: 🤣
💜 Auto React [user:8299996037]: 🤣
💜 Auto React [user:8299996037]: 🤣
💜 Auto React [user:8299996037]: 🤣
⏰ Last Name: ⌥ 𝟮𝟭:𝟮𝟯
💜 Auto React [user:8299996037]: 🤣
💜 Auto React [user:8299996037]: 🤣
💜 Auto React [user:8299996037]: 🤣
💜 Auto React [user:8299996037]: 🤣
💜 Auto React [user:8299996037]: 🤣
💜 Auto React [user:8299996037]: 🤣
💜 Auto React [user:8299996037]: 🤣
💜 Auto React [user:8299996037]: 🤣
💜 Auto React [user:6990187779]: ❤️
⏰ Last Name: ⌥ 𝟮𝟭:𝟮𝟰
💜 Auto React [user:8299996037]: 🤣
💜 Auto React [user:8299996037]: 🤣
⏳ Flood wait: 1005s → تاخیر جدید: 2.0s
⏳ ریکت: صبر 1002.4s (Flood)
⏰ Last Name: ⌥ 𝟮𝟭:𝟮𝟱
⏰ Last Name: ⌥ 𝟮𝟭:𝟮𝟲
⏰ Last Name: ⌥ 𝟮𝟭:𝟮𝟳
⏰ Last Name: ⌥ 𝟮𝟭:𝟮𝟴
⏰ Last Name: ⌥ 𝟮𝟭:𝟮𝟵
⏰ Last Name: ⌥ 𝟮𝟭:𝟯𝟬
⏰ Last Name: ⌥ 𝟮𝟭:𝟯𝟭
⏰ Last Name: ⌥ 𝟮𝟭:𝟯𝟮
⏰ Last Name: ⌥ 𝟮𝟭:𝟯𝟯
⏰ Last Name: ⌥ 𝟮𝟭:𝟯𝟰
⏰ Last Name: ⌥ 𝟮𝟭:𝟯𝟱
⏰ Last Name: ⌥ 𝟮𝟭:𝟯𝟲
⏰ Last Name: ⌥ 𝟮𝟭:𝟯𝟳
⏰ Last Name: ⌥ 𝟮𝟭:𝟯𝟴
⏰ Last Name: ⌥ 𝟮𝟭:𝟯𝟵
⏰ Last Name: ⌥ 𝟮𝟭:𝟰𝟬
⏳ ریکت: صبر 1.0s (Flood)
💜 Auto React [user:8299996037]: 🤣
💜 Auto React [user:8299996037]: 🤣
💜 Auto React [user:6990187779]: ❤️
⏰ Last Name: ⌥ 𝟮𝟭:𝟰𝟭
💜 Auto React [user:8299996037]: 🤣
💜 Auto React [user:7433542559]: 😐
💜 Auto React [user:8299996037]: 🤣
💜 Auto React [user:6990187779]: ❤️
💜 Auto React [user:8299996037]: 🤣
💜 Auto React [user:8299996037]: 🤣
💜 Auto React [user:8299996037]: 🤣
💜 Auto React [user:8299996037]: 🤣
💜 Auto React [user:8299996037]: 🤣
💜 Auto React [user:7433542559]: 😐
💜 Auto React [user:8299996037]: 🤣
💜 Auto React [user:8299996037]: 🤣
💜 Auto React [user:6990187779]: ❤️
💜 Auto React [user:6990187779]: ❤️
💜 Auto React [user:8299996037]: 🤣
💜 Auto React [user:6958501715]: ❤️
💜 Auto React [user:6958501715]: ❤️
⚠️ خطای ریکت [user:8299996037]: Request was unsuccessful 6 time(s)
💜 Auto React [user:8299996037]: 🤣
💜 Auto React [user:6958501715]: ❤️
💜 Auto React [user:6958501715]: ❤️
💜 Auto React [user:6990187779]: ❤️
⚠️ خطای ریکت [user:8299996037]: Request was unsuccessful 6 time(s)
💜 Auto React [user:6958501715]: ❤️
💜 Auto React [user:7433542559]: 😐
💜 Auto React [user:7433542559]: 😐
⚠️ خطای ریکت [user:8299996037]: Request was unsuccessful 6 time(s)
💜 Auto React [user:7433542559]: 😐
💜 Auto React [user:7433542559]: 😐
💜 Auto React [user:7433542559]: 😐
⚠️ خطای ریکت [user:7433542559]: Request was unsuccessful 6 time(s)
⚠️ خطای ریکت [user:8299996037]: Request was unsuccessful 6 time(s)
💜 Auto React [user:7433542559]: 😐
⚠️ خطای ریکت [user:7433542559]: The specified message ID is invalid or you can't do that operation on such messa
⚠️ خطای ریکت [user:6990187779]: Request was unsuccessful 6 time(s)
💜 Auto React [user:7433542559]: 😐
⚠️ خطای ریکت [user:8299996037]: Request was unsuccessful 6 time(s)
⚠️ خطای ریکت [user:8299996037]: Request was unsuccessful 6 time(s)
💜 Auto React [user:6958501715]: ❤️
⚠️ خطای ریکت [user:6990187779]: Request was unsuccessful 6 time(s)
💜 Auto React [user:7433542559]: 😐
⚠️ خطای ریکت [user:8299996037]: Request was unsuccessful 6 time(s)
💜 Auto React [user:7433542559]: 😐
💜 Auto React [user:6990187779]: ❤️
⚠️ خطای ریکت [user:6958501715]: Request was unsuccessful 6 time(s)
⚠️ خطای ریکت [user:6958501715]: Request was unsuccessful 6 time(s)
💜 Auto React [user:6990187779]: ❤️
⚠️ خطای ریکت [user:8299996037]: Request was unsuccessful 6 time(s)
💜 Auto React [user:6958501715]: ❤️
⏰ Last Name: ⌥ 𝟮𝟭:𝟰𝟮
💜 Auto React [user:7433542559]: 😐
💜 Auto React [user:6958501715]: ❤️
⚠️ خطای ریکت [user:7433542559]: Request was unsuccessful 6 time(s)
⚠️ خطای ریکت [user:7433542559]: Request was unsuccessful 6 time(s)
💜 Auto React [user:7433542559]: 😐
💜 Auto React [user:6958501715]: ❤️
💜 Auto React [user:6990187779]: ❤️
💜 Auto React [user:7433542559]: 😐
⚠️ خطای ریکت [user:6958501715]: Request was unsuccessful 6 time(s)
⚠️ خطای ریکت [user:6958501715]: Request was unsuccessful 6 time(s)
💜 Auto React [user:7433542559]: 😐
⚠️ خطای ریکت [user:7433542559]: The specified message ID is invalid or you can't do that operation on such messa
💜 Auto React [user:6990187779]: ❤️
⚠️ خطای ریکت [user:6958501715]: Request was unsuccessful 6 time(s)
⚠️ خطای ریکت [user:6990187779]: Request was unsuccessful 6 time(s)
⚠️ خطای ریکت [user:6990187779]: Request was unsuccessful 6 time(s)
💜 Auto React [user:6958501715]: ❤️
⏳ Flood wait: 216s → تاخیر جدید: 2.0s
⏳ Flood wait: 216s → تاخیر جدید: 4.0s
⏳ Flood wait: 216s → تاخیر جدید: 8.0s
⏳ Flood wait: 216s → تاخیر جدید: 15.0s
⏳ Flood wait: 216s → تاخیر جدید: 15.0s
⏳ Flood wait: 216s → تاخیر جدید: 15.0s
⏳ Flood wait: 216s → تاخیر جدید: 15.0s
⏳ Flood wait: 216s → تاخیر جدید: 15.0s
⏳ Flood wait: 216s → تاخیر جدید: 15.0s
⚠️ خطاهای متوالی → تاخیر جدید: 15.0s
⚠️ خطای ریکت [user:6958501715]: Request was unsuccessful 6 time(s)
💜 Auto React [user:6990187779]: ❤️
💜 Auto React [user:7433542559]: 😐
⏳ Flood wait: 216s → تاخیر جدید: 15.0s
⚠️ خطای ریکت [user:7433542559]: Request was unsuccessful 6 time(s)
⏳ Flood wait: 215s → تاخیر جدید: 15.0s
⏳ ریکت: صبر 216.0s (Flood)
⏳ Flood wait: 215s → تاخیر جدید: 15.0s
⏰ Last Name: ⌥ 𝟮𝟭:𝟰𝟯
⏰ Last Name: ⌥ 𝟮𝟭:𝟰𝟰
⏰ Last Name: ⌥ 𝟮𝟭:𝟰𝟱
⏳ ریکت: صبر 0.0s (Flood)
💜 Auto React [user:7433542559]: 😐
⏰ Last Name: ⌥ 𝟮𝟭:𝟰𝟲
💜 Auto React [user:6958501715]: ❤️
💜 Auto React [user:6958501715]: ❤️
💜 Auto React [user:6958501715]: ❤️
💜 Auto React [user:7433542559]: 😐
💜 Auto React [user:7433542559]: 😐
💜 Auto React [user:8299996037]: 🤣
💜 Auto React [user:8299996037]: 🤣
⏰ Last Name: ⌥ 𝟮𝟭:𝟰𝟳
💜 Auto React [user:8299996037]: 🤣
💜 Auto React [user:8299996037]: 🤣
💜 Auto React [user:8299996037]: 🤣
💜 Auto React [user:8299996037]: 🤣
💜 Auto React [user:8299996037]: 🤣
💜 Auto React [user:7433542559]: 😐
💜 Auto React [user:8299996037]: 🤣
💜 Auto React [user:8299996037]: 🤣
💜 Auto React [user:8299996037]: 🤣
💜 Auto React [user:8299996037]: 🤣
💜 Auto React [user:8299996037]: 🤣
💜 Auto React [user:8299996037]: 🤣
💜 Auto React [user:8299996037]: 🤣
💜 Auto React [user:8299996037]: 🤣
💜 Auto React [user:8299996037]: 🤣
💜 Auto React [user:8299996037]: 🤣
💜 Auto React [user:8299996037]: 🤣
💜 Auto React [user:8299996037]: 🤣
💜 Auto React [user:7433542559]: 😐
💜 Auto React [user:8299996037]: 🤣
💜 Auto React [user:8299996037]: 🤣
💜 Auto React [user:8299996037]: 🤣
💜 Auto React [user:8299996037]: 🤣
💜 Auto React [user:8299996037]: 🤣
💜 Auto React [user:8299996037]: 🤣
⚠️ خطای ریکت [user:8299996037]: Request was unsuccessful 6 time(s)
⚠️ خطای ریکت [user:8299996037]: Request was unsuccessful 6 time(s)
💜 Auto React [user:7433542559]: 😐
💜 Auto React [user:8299996037]: 🤣
💜 Auto React [user:8299996037]: 🤣
⚠️ خطای ریکت [user:8299996037]: Request was unsuccessful 6 time(s)
⚠️ خطای ریکت [user:8299996037]: Request was unsuccessful 6 time(s)
💜 Auto React [user:8299996037]: 🤣
💜 Auto React [user:8299996037]: 🤣
⚠️ خطای ریکت [user:8299996037]: Request was unsuccessful 6 time(s)
⚠️ خطای ریکت [user:8299996037]: Request was unsuccessful 6 time(s)
⚠️ خطای ریکت [user:8299996037]: Request was unsuccessful 6 time(s)
💜 Auto React [user:8299996037]: 🤣
⚠️ خطای ریکت [user:8299996037]: Request was unsuccessful 6 time(s)
💜 Auto React [user:8299996037]: 🤣
⚠️ خطای ریکت [user:7433542559]: Request was unsuccessful 6 time(s)
💜 Auto React [user:8299996037]: 🤣
💜 Auto React [user:8299996037]: 🤣
⚠️ خطای ریکت [user:8299996037]: Request was unsuccessful 6 time(s)
⏰ Last Name: ⌥ 𝟮𝟭:𝟰𝟴
💜 Auto React [user:7433542559]: 😐
⚠️ خطای ریکت [user:7433542559]: The specified message ID is invalid or you can't do that operation on such messa
💜 Auto React [user:8299996037]: 🤣
⚠️ خطای ریکت [user:7433542559]: Request was unsuccessful 6 time(s)
⚠️ خطای ریکت [user:7433542559]: Request was unsuccessful 6 time(s)
⚠️ خطای ریکت [user:8299996037]: Request was unsuccessful 6 time(s)
💜 Auto React [user:8299996037]: 🤣
⚠️ خطای ریکت [user:8299996037]: Request was unsuccessful 6 time(s)
⚠️ خطای ریکت [user:8299996037]: Request was unsuccessful 6 time(s)
💜 Auto React [user:8299996037]: 🤣
💜 Auto React [user:7433542559]: 😐
💜 Auto React [user:7433542559]: 😐
⏳ Flood wait: 164s → تاخیر جدید: 2.0s
⏳ Flood wait: 164s → تاخیر جدید: 4.0s
⏳ Flood wait: 164s → تاخیر جدید: 8.0s
⏳ Flood wait: 164s → تاخیر جدید: 15.0s
⏳ Flood wait: 164s → تاخیر جدید: 15.0s
💜 Auto React [user:8299996037]: 🤣
⏳ Flood wait: 164s → تاخیر جدید: 15.0s
⏳ Flood wait: 164s → تاخیر جدید: 15.0s
⏳ Flood wait: 164s → تاخیر جدید: 15.0s
⏳ Flood wait: 164s → تاخیر جدید: 15.0s
⏳ Flood wait: 164s → تاخیر جدید: 15.0s
⏳ Flood wait: 164s → تاخیر جدید: 15.0s
⚠️ خطاهای متوالی → تاخیر جدید: 15.0s
⚠️ خطای ریکت [user:7433542559]: Request was unsuccessful 6 time(s)
⚠️ خطاهای متوالی → تاخیر جدید: 15.0s
⚠️ خطای ریکت [user:7433542559]: Request was unsuccessful 6 time(s)
⚠️ خطاهای متوالی → تاخیر جدید: 15.0s
⚠️ خطای ریکت [user:7433542559]: Request was unsuccessful 6 time(s)
⏳ Flood wait: 163s → تاخیر جدید: 15.0s
⏳ ریکت: صبر 164.0s (Flood)
⏳ Flood wait: 163s → تاخیر جدید: 15.0s
⏰ Last Name: ⌥ 𝟮𝟭:𝟰𝟵
⏰ Last Name: ⌥ 𝟮𝟭:𝟱𝟬
⏳ ریکت: صبر 0.1s (Flood)
💜 Auto React [user:7433542559]: 😐
⏰ Last Name: ⌥ 𝟮𝟭:𝟱𝟭
⚠️ خطای ریکت [user:7433542559]: The specified message ID is invalid or you can't do that operation on such messa
💜 Auto React [user:8299996037]: 🤣
💜 Auto React [user:8299996037]: 🤣
💜 Auto React [user:8299996037]: 🤣
💜 Auto React [user:8299996037]: 🤣
⏰ Last Name: ⌥ 𝟮𝟭:𝟱𝟮
💜 Auto React [user:7433542559]: 😐
💜 Auto React [user:8299996037]: 🤣
💜 Auto React [user:8299996037]: 🤣
💜 Auto React [user:8299996037]: 🤣
💜 Auto React [user:8299996037]: 🤣
💜 Auto React [user:7433542559]: 😐
💜 Auto React [user:8299996037]: 🤣
💜 Auto React [user:7433542559]: 😐
💜 Auto React [user:7433542559]: 😐
💜 Auto React [user:8299996037]: 🤣
💜 Auto React [user:8299996037]: 🤣
💜 Auto React [user:8299996037]: 🤣
💜 Auto React [user:8299996037]: 🤣
💜 Auto React [user:6990187779]: ❤️
💜 Auto React [user:8299996037]: 🤣
💜 Auto React [user:7433542559]: 😐
💜 Auto React [user:8299996037]: 🤣
💜 Auto React [user:8299996037]: 🤣
💜 Auto React [user:8299996037]: 🤣
💜 Auto React [user:8299996037]: 🤣
💜 Auto React [user:8299996037]: 🤣
💜 Auto React [user:8299996037]: 🤣
💜 Auto React [user:8299996037]: 🤣
💜 Auto React [user:6990187779]: ❤️
⚠️ خطای ریکت [user:7433542559]: Request was unsuccessful 6 time(s)
💜 Auto React [user:8299996037]: 🤣
⚠️ خطای ریکت [user:8299996037]: Request was unsuccessful 6 time(s)
💜 Auto React [user:8299996037]: 🤣
💜 Auto React [user:8299996037]: 🤣
💜 Auto React [user:8299996037]: 🤣
⏰ Last Name: ⌥ 𝟮𝟭:𝟱𝟯
⚠️ خطای ریکت [user:7433542559]: Request was unsuccessful 6 time(s)
💜 Auto React [user:8299996037]: 🤣
💜 Auto React [user:7433542559]: 😐
💜 Auto React [user:8299996037]: 🤣
💜 Auto React [user:8299996037]: 🤣
💜 Auto React [user:8299996037]: 🤣
💜 Auto React [user:8299996037]: 🤣
💜 Auto React [user:7433542559]: 😐
💜 Auto React [user:8299996037]: 🤣
💜 Auto React [user:8299996037]: 🤣
💜 Auto React [user:8299996037]: 🤣
💜 Auto React [user:8299996037]: 🤣
⏰ Last Name: ⌥ 𝟮𝟭:𝟱𝟰
💜 Auto React [user:8299996037]: 🤣
💜 Auto React [user:8299996037]: 🤣
💜 Auto React [user:8299996037]: 🤣
💜 Auto React [user:8299996037]: 🤣
💜 Auto React [user:8299996037]: 🤣
⏳ Flood wait: 81s → تاخیر جدید: 2.0s
⏳ ریکت: صبر 81.2s (Flood)
⏰ Last Name: ⌥ 𝟮𝟭:𝟱𝟱
⏰ Last Name: ⌥ 𝟮𝟭:𝟱𝟲
💜 Auto React [user:8299996037]: 🤣
💜 Auto React [user:8299996037]: 🤣
💜 Auto React [user:8299996037]: 🤣
💜 Auto React [user:8299996037]: 🤣
💜 Auto React [user:8299996037]: 🤣
💜 Auto React [user:8299996037]: 🤣
💜 Auto React [user:8299996037]: 🤣
💜 Auto React [user:8299996037]: 🤣
💜 Auto React [user:8299996037]: 🤣
💜 Auto React [user:8299996037]: 🤣
💜 Auto React [user:8299996037]: 🤣
💜 Auto React [user:6990187779]: ❤️
💜 Auto React [user:6990187779]: ❤️
💜 Auto React [user:6990187779]: ❤️
💜 Auto React [user:8299996037]: 🤣
💜 Auto React [user:8299996037]: 🤣
💜 Auto React [user:8299996037]: 🤣
💜 Auto React [user:8299996037]: 🤣
💜 Auto React [user:8299996037]: 🤣
⏰ Last Name: ⌥ 𝟮𝟭:𝟱𝟳
💜 Auto React [user:8299996037]: 🤣
💜 Auto React [user:8299996037]: 🤣
💜 Auto React [user:8299996037]: 🤣
💜 Auto React [user:8299996037]: 🤣
💜 Auto React [user:8299996037]: 🤣
⏰ Last Name: ⌥ 𝟮𝟭:𝟱𝟴
💜 Auto React [user:7433542559]: 😐
💜 Auto React [user:8299996037]: 🤣
💜 Auto React [user:8299996037]: 🤣
💜 Auto React [user:7433542559]: 😐
💜 Auto React [user:8299996037]: 🤣
⏰ Last Name: ⌥ 𝟮𝟭:𝟱𝟵
💜 Auto React [user:8299996037]: 🤣
💜 Auto React [user:7433542559]: 😐
💜 Auto React [user:8299996037]: 🤣
💜 Auto React [user:8299996037]: 🤣
💜 Auto React [user:8299996037]: 🤣
💜 Auto React [user:6990187779]: ❤️
💜 Auto React [user:8299996037]: 🤣
💜 Auto React [user:8299996037]: 🤣
⏰ Last Name: ⌥ 𝟮𝟮:𝟬𝟬
💜 Auto React [user:8299996037]: 🤣
💜 Auto React [user:8299996037]: 🤣
💜 Auto React [user:8299996037]: 🤣
💜 Auto React [user:8299996037]: 🤣
💜 Auto React [user:8299996037]: 🤣
💜 Auto React [user:8299996037]: 🤣
💜 Auto React [user:8299996037]: 🤣
💜 Auto React [user:8299996037]: 🤣
💜 Auto React [user:8299996037]: 🤣
⏰ Last Name: ⌥ 𝟮𝟮:𝟬𝟭
💜 Auto React [user:8299996037]: 🤣
💜 Auto React [user:8299996037]: 🤣
💜 Auto React [user:8299996037]: 🤣
⏳ Flood wait: 2392s → تاخیر جدید: 2.0s
⏳ ریکت: صبر 2392.8s (Flood)
⏰ Last Name: ⌥ 𝟮𝟮:𝟬𝟮
⏰ Last Name: ⌥ 𝟮𝟮:𝟬𝟯
⏰ Last Name: ⌥ 𝟮𝟮:𝟬𝟰
⏰ Last Name: ⌥ 𝟮𝟮:𝟬𝟱
⏰ Last Name: ⌥ 𝟮𝟮:𝟬𝟲
⏰ Last Name: ⌥ 𝟮𝟮:𝟬𝟳
⏰ Last Name: ⌥ 𝟮𝟮:𝟬𝟴
⏰ Last Name: ⌥ 𝟮𝟮:𝟬𝟵
⏰ Last Name: ⌥ 𝟮𝟮:𝟭𝟬
⏰ Last Name: ⌥ 𝟮𝟮:𝟭𝟭
⏰ Last Name: ⌥ 𝟮𝟮:𝟭𝟮
⏰ Last Name: ⌥ 𝟮𝟮:𝟭𝟯
⏰ Last Name: ⌥ 𝟮𝟮:𝟭𝟰
⏰ Last Name: ⌥ 𝟮𝟮:𝟭𝟱
⏰ Last Name: ⌥ 𝟮𝟮:𝟭𝟲
⏰ Last Name: ⌥ 𝟮𝟮:𝟭𝟳
⏰ Last Name: ⌥ 𝟮𝟮:𝟭𝟴
⏰ Last Name: ⌥ 𝟮𝟮:𝟭𝟵
⏰ Last Name: ⌥ 𝟮𝟮:𝟮𝟬
⏰ Last Name: ⌥ 𝟮𝟮:𝟮𝟭
⏰ Last Name: ⌥ 𝟮𝟮:𝟮𝟮
⏰ Last Name: ⌥ 𝟮𝟮:𝟮𝟯
⏰ Last Name: ⌥ 𝟮𝟮:𝟮𝟰
⏰ Last Name: ⌥ 𝟮𝟮:𝟮𝟱
⏰ Last Name: ⌥ 𝟮𝟮:𝟮𝟲
⏰ Last Name: ⌥ 𝟮𝟮:𝟮𝟳
⏰ Last Name: ⌥ 𝟮𝟮:𝟮𝟴
⏰ Last Name: ⌥ 𝟮𝟮:𝟮𝟵
⏰ Last Name: ⌥ 𝟮𝟮:𝟯𝟬
⏰ Last Name: ⌥ 𝟮𝟮:𝟯𝟭
⏰ Last Name: ⌥ 𝟮𝟮:𝟯𝟮
⏰ Last Name: ⌥ 𝟮𝟮:𝟯𝟯
⏰ Last Name: ⌥ 𝟮𝟮:𝟯𝟰
⏰ Last Name: ⌥ 𝟮𝟮:𝟯𝟱
⏰ Last Name: ⌥ 𝟮𝟮:𝟯𝟲
⏰ Last Name: ⌥ 𝟮𝟮:𝟯𝟳
⏰ Last Name: ⌥ 𝟮𝟮:𝟯𝟴
⏰ Last Name: ⌥ 𝟮𝟮:𝟯𝟵
⏰ Last Name: ⌥ 𝟮𝟮:𝟰𝟬
⏳ ریکت: صبر 0.4s (Flood)
💜 Auto React [user:8299996037]: 🤣
⏰ Last Name: ⌥ 𝟮𝟮:𝟰𝟭
💜 Auto React [user:8299996037]: 🤣
💜 Auto React [user:8299996037]: 🤣
💜 Auto React [user:8299996037]: 🤣
💜 Auto React [user:8299996037]: 🤣
💜 Auto React [user:8299996037]: 🤣
💜 Auto React [user:8299996037]: 🤣
💜 Auto React [user:8299996037]: 🤣
💜 Auto React [user:8299996037]: 🤣
💜 Auto React [user:8299996037]: 🤣
💜 Auto React [user:8299996037]: 🤣
💜 Auto React [user:8299996037]: 🤣
💜 Auto React [user:8299996037]: 🤣
💜 Auto React [user:8299996037]: 🤣
💜 Auto React [user:8299996037]: 🤣
💜 Auto React [user:8299996037]: 🤣
💜 Auto React [user:8299996037]: 🤣
💜 Auto React [user:8299996037]: 🤣
💜 Auto React [user:8299996037]: 🤣
💜 Auto React [user:8299996037]: 🤣
💜 Auto React [user:8299996037]: 🤣
💜 Auto React [user:8299996037]: 🤣
⚠️ خطای ریکت [user:8299996037]: Request was unsuccessful 6 time(s)
💜 Auto React [user:8299996037]: 🤣
💜 Auto React [user:8299996037]: 🤣
⚠️ خطای ریکت [user:8299996037]: Request was unsuccessful 6 time(s)
💜 Auto React [user:8299996037]: 🤣
⚠️ خطای ریکت [user:8299996037]: Request was unsuccessful 6 time(s)
💜 Auto React [user:8299996037]: 🤣
💜 Auto React [user:8299996037]: 🤣
⚠️ خطای ریکت [user:8299996037]: Request was unsuccessful 6 time(s)
💜 Auto React [user:8299996037]: 🤣
⚠️ خطای ریکت [user:8299996037]: Request was unsuccessful 6 time(s)
⚠️ خطای ریکت [user:8299996037]: Request was unsuccessful 6 time(s)
💜 Auto React [user:8299996037]: 🤣
💜 Auto React [user:8299996037]: 🤣
💜 Auto React [user:8299996037]: 🤣
💜 Auto React [user:8299996037]: 🤣
💜 Auto React [user:8299996037]: 🤣
⚠️ خطای ریکت [user:8299996037]: Request was unsuccessful 6 time(s)
⚠️ خطای ریکت [user:8299996037]: Request was unsuccessful 6 time(s)
💜 Auto React [user:8299996037]: 🤣
💜 Auto React [user:8299996037]: 🤣
💜 Auto React [user:8299996037]: 🤣
⚠️ خطای ریکت [user:8299996037]: Request was unsuccessful 6 time(s)
⚠️ خطای ریکت [user:8299996037]: Request was unsuccessful 6 time(s)
⚠️ خطای ریکت [user:8299996037]: Request was unsuccessful 6 time(s)
⏰ Last Name: ⌥ 𝟮𝟮:𝟰𝟮
💜 Auto React [user:8299996037]: 🤣
💜 Auto React [user:8299996037]: 🤣
⚠️ خطای ریکت [user:8299996037]: Request was unsuccessful 6 time(s)
⚠️ خطای ریکت [user:8299996037]: Request was unsuccessful 6 time(s)
💜 Auto React [user:8299996037]: 🤣
💜 Auto React [user:8299996037]: 🤣
💜 Auto React [user:8299996037]: 🤣
💜 Auto React [user:8299996037]: 🤣
⚠️ خطای ریکت [user:8299996037]: Request was unsuccessful 6 time(s)
⚠️ خطای ریکت [user:8299996037]: Request was unsuccessful 6 time(s)
💜 Auto React [user:8299996037]: 🤣
⚠️ خطای ریکت [user:8299996037]: Request was unsuccessful 6 time(s)
💜 Auto React [user:8299996037]: 🤣
💜 Auto React [user:8299996037]: 🤣
⚠️ خطای ریکت [user:8299996037]: Request was unsuccessful 6 time(s)
💜 Auto React [user:6990187779]: ❤️
⚠️ خطای ریکت [user:8299996037]: Request was unsuccessful 6 time(s)
⚠️ خطای ریکت [user:8299996037]: Request was unsuccessful 6 time(s)
💜 Auto React [user:6990187779]: ❤️
💜 Auto React [user:8299996037]: 🤣
💜 Auto React [user:8299996037]: 🤣
⏳ Flood wait: 216s → تاخیر جدید: 2.0s
⏳ Flood wait: 216s → تاخیر جدید: 4.0s
⏳ Flood wait: 216s → تاخیر جدید: 8.0s
⏳ Flood wait: 216s → تاخیر جدید: 15.0s
⏳ Flood wait: 216s → تاخیر جدید: 15.0s
⏳ Flood wait: 216s → تاخیر جدید: 15.0s
⏳ Flood wait: 216s → تاخیر جدید: 15.0s
⏳ Flood wait: 216s → تاخیر جدید: 15.0s
⏳ Flood wait: 216s → تاخیر جدید: 15.0s
⏳ Flood wait: 216s → تاخیر جدید: 15.0s
⚠️ خطاهای متوالی → تاخیر جدید: 15.0s
⚠️ خطای ریکت [user:8299996037]: Request was unsuccessful 6 time(s)
⏳ Flood wait: 216s → تاخیر جدید: 15.0s
⏳ Flood wait: 216s → تاخیر جدید: 15.0s
💜 Auto React [user:8299996037]: 🤣
⚠️ خطای ریکت [user:8299996037]: Request was unsuccessful 6 time(s)
⏳ Flood wait: 215s → تاخیر جدید: 15.0s
⏳ ریکت: صبر 216.0s (Flood)
⏳ Flood wait: 215s → تاخیر جدید: 15.0s
⏰ Last Name: ⌥ 𝟮𝟮:𝟰𝟯
⏰ Last Name: ⌥ 𝟮𝟮:𝟰𝟰
⏰ Last Name: ⌥ 𝟮𝟮:𝟰𝟱
⏰ Last Name: ⌥ 𝟮𝟮:𝟰𝟲
⏳ ریکت: صبر 0.0s (Flood)
💜 Auto React [user:8299996037]: 🤣
💜 Auto React [user:8299996037]: 🤣
💜 Auto React [user:8299996037]: 🤣
💜 Auto React [user:8299996037]: 🤣
💜 Auto React [user:8299996037]: 🤣
💜 Auto React [user:8299996037]: 🤣
💜 Auto React [user:8299996037]: 🤣
⏰ Last Name: ⌥ 𝟮𝟮:𝟰𝟳
💜 Auto React [user:6990187779]: ❤️
💜 Auto React [user:8299996037]: 🤣
💜 Auto React [user:8299996037]: 🤣
💜 Auto React [user:8299996037]: 🤣
💜 Auto React [user:8299996037]: 🤣
💜 Auto React [user:6990187779]: ❤️
💜 Auto React [user:6990187779]: ❤️
💜 Auto React [user:8299996037]: 🤣
💜 Auto React [user:8299996037]: 🤣
💜 Auto React [user:8299996037]: 🤣
💜 Auto React [user:8299996037]: 🤣
💜 Auto React [user:6958501715]: ❤️
💜 Auto React [user:6990187779]: ❤️
💜 Auto React [user:6990187779]: ❤️
💜 Auto React [user:8299996037]: 🤣
💜 Auto React [user:8299996037]: 🤣
💜 Auto React [user:8299996037]: 🤣
💜 Auto React [user:8299996037]: 🤣
💜 Auto React [user:8299996037]: 🤣
💜 Auto React [user:8299996037]: 🤣
💜 Auto React [user:8299996037]: 🤣
💜 Auto React [user:8299996037]: 🤣
💜 Auto React [user:8299996037]: 🤣
💜 Auto React [user:8299996037]: 🤣
💜 Auto React [user:8299996037]: 🤣
💜 Auto React [user:8299996037]: 🤣
⚠️ خطای ریکت [user:8299996037]: Request was unsuccessful 6 time(s)
💜 Auto React [user:8299996037]: 🤣
💜 Auto React [user:8299996037]: 🤣
💜 Auto React [user:8299996037]: 🤣
⚠️ خطای ریکت [user:6990187779]: Request was unsuccessful 6 time(s)
⚠️ خطای ریکت [user:6990187779]: Request was unsuccessful 6 time(s)
💜 Auto React [user:8299996037]: 🤣
⚠️ خطای ریکت [user:8299996037]: Request was unsuccessful 6 time(s)
⚠️ خطای ریکت [user:8299996037]: Request was unsuccessful 6 time(s)
💜 Auto React [user:8299996037]: 🤣
💜 Auto React [user:8299996037]: 🤣
⏰ Last Name: ⌥ 𝟮𝟮:𝟰𝟴
💜 Auto React [user:8299996037]: 🤣
💜 Auto React [user:8299996037]: 🤣
💜 Auto React [user:8299996037]: 🤣
⚠️ خطای ریکت [user:8299996037]: Request was unsuccessful 6 time(s)
⚠️ خطای ریکت [user:8299996037]: Request was unsuccessful 6 time(s)
💜 Auto React [user:8299996037]: 🤣
💜 Auto React [user:8299996037]: 🤣
💜 Auto React [user:8299996037]: 🤣
⚠️ خطای ریکت [user:8299996037]: Request was unsuccessful 6 time(s)
⚠️ خطای ریکت [user:8299996037]: Request was unsuccessful 6 time(s)
⚠️ خطای ریکت [user:8299996037]: Request was unsuccessful 6 time(s)
⚠️ خطای ریکت [user:8299996037]: Request was unsuccessful 6 time(s)
💜 Auto React [user:8299996037]: 🤣
💜 Auto React [user:8299996037]: 🤣
💜 Auto React [user:8299996037]: 🤣
⚠️ خطای ریکت [user:8299996037]: Request was unsuccessful 6 time(s)
⚠️ خطای ریکت [user:8299996037]: Request was unsuccessful 6 time(s)
⚠️ خطای ریکت [user:8299996037]: Request was unsuccessful 6 time(s)
⚠️ خطای ریکت [user:8299996037]: Request was unsuccessful 6 time(s)
⚠️ خطاهای متوالی → تاخیر جدید: 1.5s
⚠️ خطای ریکت [user:8299996037]: Request was unsuccessful 6 time(s)
⏳ Flood wait: 166s → تاخیر جدید: 3.0s
⏳ Flood wait: 166s → تاخیر جدید: 6.0s
💜 Auto React [user:8299996037]: 🤣
💜 Auto React [user:8299996037]: 🤣
⏳ Flood wait: 166s → تاخیر جدید: 7.7s
⏳ Flood wait: 166s → تاخیر جدید: 15.0s
⏳ Flood wait: 166s → تاخیر جدید: 15.0s
⏳ Flood wait: 166s → تاخیر جدید: 15.0s
⏳ Flood wait: 166s → تاخیر جدید: 15.0s
⏳ Flood wait: 166s → تاخیر جدید: 15.0s
⏳ Flood wait: 166s → تاخیر جدید: 15.0s
⏳ Flood wait: 166s → تاخیر جدید: 15.0s
⏳ Flood wait: 165s → تاخیر جدید: 15.0s
⏳ Flood wait: 165s → تاخیر جدید: 15.0s
⏳ ریکت: صبر 166.0s (Flood)
⏳ Flood wait: 164s → تاخیر جدید: 15.0s
⏰ Last Name: ⌥ 𝟮𝟮:𝟰𝟵
⏰ Last Name: ⌥ 𝟮𝟮:𝟱𝟬
⏰ Last Name: ⌥ 𝟮𝟮:𝟱𝟭
💜 Auto React [user:8299996037]: 🤣
💜 Auto React [user:8299996037]: 🤣
💜 Auto React [user:8299996037]: 🤣
💜 Auto React [user:8299996037]: 🤣
💜 Auto React [user:8299996037]: 🤣
💜 Auto React [user:8299996037]: 🤣
💜 Auto React [user:8299996037]: 🤣
⏰ Last Name: ⌥ 𝟮𝟮:𝟱𝟮
💜 Auto React [user:8299996037]: 🤣
💜 Auto React [user:8299996037]: 🤣
💜 Auto React [user:8299996037]: 🤣
💜 Auto React [user:8299996037]: 🤣
💜 Auto React [user:8299996037]: 🤣
💜 Auto React [user:8299996037]: 🤣
💜 Auto React [user:8299996037]: 🤣
💜 Auto React [user:8299996037]: 🤣
💜 Auto React [user:8299996037]: 🤣
💜 Auto React [user:8299996037]: 🤣
💜 Auto React [user:8299996037]: 🤣
💜 Auto React [user:8299996037]: 🤣
💜 Auto React [user:8299996037]: 🤣
💜 Auto React [user:8299996037]: 🤣
💜 Auto React [user:8299996037]: 🤣
💜 Auto React [user:8299996037]: 🤣
💜 Auto React [user:8299996037]: 🤣
💜 Auto React [user:8299996037]: 🤣
💜 Auto React [user:8299996037]: 🤣
💜 Auto React [user:8299996037]: 🤣
💜 Auto React [user:8299996037]: 🤣
💜 Auto React [user:8299996037]: 🤣
💜 Auto React [user:8299996037]: 🤣
💜 Auto React [user:8299996037]: 🤣
💜 Auto React [user:8299996037]: 🤣
⚠️ خطای ریکت [user:8299996037]: Request was unsuccessful 6 time(s)
💜 Auto React [user:8299996037]: 🤣
⚠️ خطای ریکت [user:8299996037]: Request was unsuccessful 6 time(s)
⚠️ خطای ریکت [user:8299996037]: Request was unsuccessful 6 time(s)
⚠️ خطای ریکت [user:8299996037]: Request was unsuccessful 6 time(s)
💜 Auto React [user:8299996037]: 🤣
💜 Auto React [user:8299996037]: 🤣
💜 Auto React [user:8299996037]: 🤣
💜 Auto React [user:8299996037]: 🤣
⚠️ خطای ریکت [user:8299996037]: Request was unsuccessful 6 time(s)
💜 Auto React [user:8299996037]: 🤣
💜 Auto React [user:8299996037]: 🤣
⚠️ خطای ریکت [user:8299996037]: Request was unsuccessful 6 time(s)
⏰ Last Name: ⌥ 𝟮𝟮:𝟱𝟯
💜 Auto React [user:8299996037]: 🤣
💜 Auto React [user:8299996037]: 🤣
💜 Auto React [user:8299996037]: 🤣
⚠️ خطای ریکت [user:8299996037]: Request was unsuccessful 6 time(s)
⚠️ خطای ریکت [user:8299996037]: Request was unsuccessful 6 time(s)
⚠️ خطای ریکت [user:8299996037]: Request was unsuccessful 6 time(s)
⚠️ خطای ریکت [user:8299996037]: Request was unsuccessful 6 time(s)
💜 Auto React [user:8299996037]: 🤣
💜 Auto React [user:8299996037]: 🤣
💜 Auto React [user:8299996037]: 🤣
💜 Auto React [user:8299996037]: 🤣
⚠️ خطای ریکت [user:8299996037]: Request was unsuccessful 6 time(s)
⚠️ خطای ریکت [user:8299996037]: Request was unsuccessful 6 time(s)
⚠️ خطای ریکت [user:8299996037]: Request was unsuccessful 6 time(s)
💜 Auto React [user:8299996037]: 🤣
💜 Auto React [user:8299996037]: 🤣
💜 Auto React [user:8299996037]: 🤣
⏳ Flood wait: 166s → تاخیر جدید: 2.0s
⏳ Flood wait: 166s → تاخیر جدید: 4.0s
⏳ Flood wait: 166s → تاخیر جدید: 8.0s
⏳ Flood wait: 166s → تاخیر جدید: 15.0s
⏳ Flood wait: 166s → تاخیر جدید: 15.0s
⏳ Flood wait: 166s → تاخیر جدید: 15.0s
⏳ Flood wait: 166s → تاخیر جدید: 15.0s
⏳ Flood wait: 166s → تاخیر جدید: 15.0s
⏳ Flood wait: 166s → تاخیر جدید: 15.0s
💜 Auto React [user:8299996037]: 🤣
⏳ Flood wait: 166s → تاخیر جدید: 15.0s
💜 Auto React [user:8299996037]: 🤣
⏳ Flood wait: 166s → تاخیر جدید: 15.0s
⚠️ خطای ریکت [user:8299996037]: Request was unsuccessful 6 time(s)
⚠️ خطای ریکت [user:8299996037]: Request was unsuccessful 6 time(s)
⏳ Flood wait: 165s → تاخیر جدید: 15.0s
⏳ ریکت: صبر 166.0s (Flood)
⏳ Flood wait: 165s → تاخیر جدید: 15.0s
⏰ Last Name: ⌥ 𝟮𝟮:𝟱𝟰
⏰ Last Name: ⌥ 𝟮𝟮:𝟱𝟱
⏰ Last Name: ⌥ 𝟮𝟮:𝟱𝟲
⏳ ریکت: صبر 0.0s (Flood)
💜 Auto React [user:8299996037]: 🤣
💜 Auto React [user:8299996037]: 🤣
💜 Auto React [user:8299996037]: 🤣
💜 Auto React [user:8299996037]: 🤣
💜 Auto React [user:8299996037]: 🤣
💜 Auto React [user:8299996037]: 🤣
⏰ Last Name: ⌥ 𝟮𝟮:𝟱𝟳
💜 Auto React [user:8299996037]: 🤣
💜 Auto React [user:8299996037]: 🤣
💜 Auto React [user:8299996037]: 🤣
💜 Auto React [user:8299996037]: 🤣
💜 Auto React [user:8299996037]: 🤣
💜 Auto React [user:8299996037]: 🤣
💜 Auto React [user:8299996037]: 🤣
💜 Auto React [user:8299996037]: 🤣
💜 Auto React [user:8299996037]: 🤣
💜 Auto React [user:8299996037]: 🤣
💜 Auto React [user:8299996037]: 🤣
💜 Auto React [user:8299996037]: 🤣
💜 Auto React [user:8299996037]: 🤣
💜 Auto React [user:8299996037]: 🤣
💜 Auto React [user:8299996037]: 🤣
💜 Auto React [user:8299996037]: 🤣
💜 Auto React [user:8299996037]: 🤣
💜 Auto React [user:8299996037]: 🤣
💜 Auto React [user:8299996037]: 🤣
💜 Auto React [user:8299996037]: 🤣
💜 Auto React [user:8299996037]: 🤣
💜 Auto React [user:8299996037]: 🤣
💜 Auto React [user:8299996037]: 🤣
💜 Auto React [user:8299996037]: 🤣
💜 Auto React [user:8299996037]: 🤣
💜 Auto React [user:8299996037]: 🤣
⚠️ خطای ریکت [user:8299996037]: Request was unsuccessful 6 time(s)
⚠️ خطای ریکت [user:8299996037]: Request was unsuccessful 6 time(s)
💜 Auto React [user:8299996037]: 🤣
💜 Auto React [user:8299996037]: 🤣
💜 Auto React [user:8299996037]: 🤣
⚠️ خطای ریکت [user:8299996037]: Request was unsuccessful 6 time(s)
⚠️ خطای ریکت [user:8299996037]: Request was unsuccessful 6 time(s)
💜 Auto React [user:8299996037]: 🤣
⏰ Last Name: ⌥ 𝟮𝟮:𝟱𝟴
💜 Auto React [user:8299996037]: 🤣
💜 Auto React [user:8299996037]: 🤣
⚠️ خطای ریکت [user:8299996037]: Request was unsuccessful 6 time(s)
💜 Auto React [user:8299996037]: 🤣
⚠️ خطای ریکت [user:8299996037]: Request was unsuccessful 6 time(s)
⚠️ خطای ریکت [user:8299996037]: Request was unsuccessful 6 time(s)
💜 Auto React [user:8299996037]: 🤣
💜 Auto React [user:8299996037]: 🤣
⚠️ خطای ریکت [user:8299996037]: Request was unsuccessful 6 time(s)
💜 Auto React [user:8299996037]: 🤣
⚠️ خطای ریکت [user:8299996037]: Request was unsuccessful 6 time(s)
⚠️ خطای ریکت [user:8299996037]: Request was unsuccessful 6 time(s)
💜 Auto React [user:8299996037]: 🤣
💜 Auto React [user:8299996037]: 🤣
⚠️ خطای ریکت [user:8299996037]: Request was unsuccessful 6 time(s)
⚠️ خطای ریکت [user:8299996037]: Request was unsuccessful 6 time(s)
💜 Auto React [user:8299996037]: 🤣
💜 Auto React [user:8299996037]: 🤣
💜 Auto React [user:8299996037]: 🤣
💜 Auto React [user:8299996037]: 🤣
⚠️ خطای ریکت [user:8299996037]: Request was unsuccessful 6 time(s)
⚠️ خطای ریکت [user:8299996037]: Request was unsuccessful 6 time(s)
⚠️ خطای ریکت [user:8299996037]: Request was unsuccessful 6 time(s)
⏳ Flood wait: 2558s → تاخیر جدید: 2.0s
⚠️ خطاهای متوالی → تاخیر جدید: 3.0s
⚠️ خطای ریکت [user:8299996037]: Request was unsuccessful 6 time(s)
⏳ Flood wait: 2558s → تاخیر جدید: 6.0s
⏳ Flood wait: 2558s → تاخیر جدید: 12.0s
💜 Auto React [user:8299996037]: 🤣
⚠️ خطای ریکت [user:8299996037]: Request was unsuccessful 6 time(s)
⏳ Flood wait: 2558s → تاخیر جدید: 15.0s
⏳ Flood wait: 2558s → تاخیر جدید: 15.0s
⏳ Flood wait: 2558s → تاخیر جدید: 15.0s
⏳ Flood wait: 2558s → تاخیر جدید: 15.0s
⏳ Flood wait: 2558s → تاخیر جدید: 15.0s
⏳ Flood wait: 2558s → تاخیر جدید: 15.0s
⏳ Flood wait: 2558s → تاخیر جدید: 15.0s
⏳ Flood wait: 2558s → تاخیر جدید: 15.0s
⏳ Flood wait: 2557s → تاخیر جدید: 15.0s
⏳ ریکت: صبر 2558.0s (Flood)
⏳ Flood wait: 2557s → تاخیر جدید: 15.0s
⏳ Flood wait: 2556s → تاخیر جدید: 15.0s
⏰ Last Name: ⌥ 𝟮𝟮:𝟱𝟵
⏰ Last Name: ⌥ 𝟮𝟯:𝟬𝟬
⏰ Last Name: ⌥ 𝟮𝟯:𝟬𝟭
⏰ Last Name: ⌥ 𝟮𝟯:𝟬𝟮
⏰ Last Name: ⌥ 𝟮𝟯:𝟬𝟯
⏰ Last Name: ⌥ 𝟮𝟯:𝟬𝟰
⏰ Last Name: ⌥ 𝟮𝟯:𝟬𝟱
⏰ Last Name: ⌥ 𝟮𝟯:𝟬𝟲
⏰ Last Name: ⌥ 𝟮𝟯:𝟬𝟳
⏰ Last Name: ⌥ 𝟮𝟯:𝟬𝟴
⏰ Last Name: ⌥ 𝟮𝟯:𝟬𝟵
⏰ Last Name: ⌥ 𝟮𝟯:𝟭𝟬
⏰ Last Name: ⌥ 𝟮𝟯:𝟭𝟭
⏰ Last Name: ⌥ 𝟮𝟯:𝟭𝟮
⏰ Last Name: ⌥ 𝟮𝟯:𝟭𝟯
⏰ Last Name: ⌥ 𝟮𝟯:𝟭𝟰
⏰ Last Name: ⌥ 𝟮𝟯:𝟭𝟱
⏰ Last Name: ⌥ 𝟮𝟯:𝟭𝟲
⏰ Last Name: ⌥ 𝟮𝟯:𝟭𝟳
⏰ Last Name: ⌥ 𝟮𝟯:𝟭𝟴
⏰ Last Name: ⌥ 𝟮𝟯:𝟭𝟵
⏰ Last Name: ⌥ 𝟮𝟯:𝟮𝟬
⏰ Last Name: ⌥ 𝟮𝟯:𝟮𝟭
⏰ Last Name: ⌥ 𝟮𝟯:𝟮𝟮
⏰ Last Name: ⌥ 𝟮𝟯:𝟮𝟯
⏰ Last Name: ⌥ 𝟮𝟯:𝟮𝟰
⏰ Last Name: ⌥ 𝟮𝟯:𝟮𝟱
⏰ Last Name: ⌥ 𝟮𝟯:𝟮𝟲
⏰ Last Name: ⌥ 𝟮𝟯:𝟮𝟳
⏰ Last Name: ⌥ 𝟮𝟯:𝟮𝟴
⏰ Last Name: ⌥ 𝟮𝟯:𝟮𝟵
⏰ Last Name: ⌥ 𝟮𝟯:𝟯𝟬
⏰ Last Name: ⌥ 𝟮𝟯:𝟯𝟭
⏰ Last Name: ⌥ 𝟮𝟯:𝟯𝟮
⏰ Last Name: ⌥ 𝟮𝟯:𝟯𝟯
⏰ Last Name: ⌥ 𝟮𝟯:𝟯𝟰
⏰ Last Name: ⌥ 𝟮𝟯:𝟯𝟱
⏰ Last Name: ⌥ 𝟮𝟯:𝟯𝟲
⏰ Last Name: ⌥ 𝟮𝟯:𝟯𝟳
⏰ Last Name: ⌥ 𝟮𝟯:𝟯𝟴
⏰ Last Name: ⌥ 𝟮𝟯:𝟯𝟵
⏰ Last Name: ⌥ 𝟮𝟯:𝟰𝟬
⏰ Last Name: ⌥ 𝟮𝟯:𝟰𝟭
⏳ ریکت: صبر 0.0s (Flood)
💜 Auto React [user:8299996037]: 🤣
💜 Auto React [user:8299996037]: 🤣
💜 Auto React [user:8299996037]: 🤣
💜 Auto React [user:8299996037]: 🤣
💜 Auto React [user:8299996037]: 🤣
💜 Auto React [user:8299996037]: 🤣
💜 Auto React [user:8299996037]: 🤣
⏰ Last Name: ⌥ 𝟮𝟯:𝟰𝟮
💜 Auto React [user:8299996037]: 🤣
💜 Auto React [user:8299996037]: 🤣
💜 Auto React [user:8299996037]: 🤣
💜 Auto React [user:8299996037]: 🤣
💜 Auto React [user:8299996037]: 🤣
💜 Auto React [user:8299996037]: 🤣
💜 Auto React [user:8299996037]: 🤣
💜 Auto React [user:8299996037]: 🤣
💜 Auto React [user:8299996037]: 🤣
💜 Auto React [user:8299996037]: 🤣
💜 Auto React [user:8299996037]: 🤣
💜 Auto React [user:8299996037]: 🤣
💜 Auto React [user:8299996037]: 🤣
💜 Auto React [user:8299996037]: 🤣
💜 Auto React [user:8299996037]: 🤣
💜 Auto React [user:8299996037]: 🤣
💜 Auto React [user:8299996037]: 🤣
💜 Auto React [user:8299996037]: 🤣
💜 Auto React [user:8299996037]: 🤣
💜 Auto React [user:8299996037]: 🤣
💜 Auto React [user:8299996037]: 🤣
💜 Auto React [user:8299996037]: 🤣
💜 Auto React [user:8299996037]: 🤣
💜 Auto React [user:8299996037]: 🤣
💜 Auto React [user:8299996037]: 🤣
💜 Auto React [user:8299996037]: 🤣
⚠️ خطای ریکت [user:8299996037]: Request was unsuccessful 6 time(s)
⚠️ خطای ریکت [user:8299996037]: Request was unsuccessful 6 time(s)
💜 Auto React [user:8299996037]: 🤣
💜 Auto React [user:8299996037]: 🤣
⚠️ خطای ریکت [user:8299996037]: Request was unsuccessful 6 time(s)
💜 Auto React [user:8299996037]: 🤣
💜 Auto React [user:8299996037]: 🤣
💜 Auto React [user:8299996037]: 🤣
💜 Auto React [user:8299996037]: 🤣
⚠️ خطای ریکت [user:8299996037]: Request was unsuccessful 6 time(s)
⚠️ خطای ریکت [user:8299996037]: Request was unsuccessful 6 time(s)
⚠️ خطای ریکت [user:8299996037]: Request was unsuccessful 6 time(s)
⏰ Last Name: ⌥ 𝟮𝟯:𝟰𝟯
💜 Auto React [user:8299996037]: 🤣
💜 Auto React [user:8299996037]: 🤣
💜 Auto React [user:8299996037]: 🤣
⚠️ خطای ریکت [user:8299996037]: Request was unsuccessful 6 time(s)
⚠️ خطای ریکت [user:8299996037]: Request was unsuccessful 6 time(s)
💜 Auto React [user:8299996037]: 🤣
💜 Auto React [user:8299996037]: 🤣
💜 Auto React [user:8299996037]: 🤣
⚠️ خطای ریکت [user:8299996037]: Request was unsuccessful 6 time(s)
⚠️ خطای ریکت [user:8299996037]: Request was unsuccessful 6 time(s)
💜 Auto React [user:8299996037]: 🤣
💜 Auto React [user:8299996037]: 🤣
💜 Auto React [user:8299996037]: 🤣
⚠️ خطای ریکت [user:8299996037]: Request was unsuccessful 6 time(s)
⚠️ خطای ریکت [user:8299996037]: Request was unsuccessful 6 time(s)
💜 Auto React [user:8299996037]: 🤣
⏳ Flood wait: 163s → تاخیر جدید: 2.0s
⏳ Flood wait: 163s → تاخیر جدید: 4.0s
⏳ Flood wait: 163s → تاخیر جدید: 8.0s
⏳ Flood wait: 163s → تاخیر جدید: 15.0s
⏳ Flood wait: 163s → تاخیر جدید: 15.0s
⏳ Flood wait: 163s → تاخیر جدید: 15.0s
⏳ Flood wait: 163s → تاخیر جدید: 15.0s
💜 Auto React [user:8299996037]: 🤣
⏳ Flood wait: 163s → تاخیر جدید: 15.0s
⏳ Flood wait: 163s → تاخیر جدید: 15.0s
⏳ Flood wait: 163s → تاخیر جدید: 15.0s
⏳ Flood wait: 163s → تاخیر جدید: 15.0s
⚠️ خطاهای متوالی → تاخیر جدید: 15.0s
⚠️ خطای ریکت [user:8299996037]: Request was unsuccessful 6 time(s)
⚠️ خطاهای متوالی → تاخیر جدید: 15.0s
⚠️ خطای ریکت [user:8299996037]: Request was unsuccessful 6 time(s)
⏳ Flood wait: 163s → تاخیر جدید: 15.0s
⏳ Flood wait: 163s → تاخیر جدید: 15.0s
⏳ Flood wait: 163s → تاخیر جدید: 15.0s
⚠️ خطاهای متوالی → تاخیر جدید: 15.0s
⚠️ خطای ریکت [user:8299996037]: Request was unsuccessful 6 time(s)
⏳ Flood wait: 162s → تاخیر جدید: 15.0s
⏳ ریکت: صبر 163.0s (Flood)
⏳ Flood wait: 162s → تاخیر جدید: 15.0s
⏰ Last Name: ⌥ 𝟮𝟯:𝟰𝟰
⏰ Last Name: ⌥ 𝟮𝟯:𝟰𝟱
⏰ Last Name: ⌥ 𝟮𝟯:𝟰𝟲
⏳ ریکت: صبر 0.0s (Flood)
💜 Auto React [user:8299996037]: 🤣
💜 Auto React [user:8299996037]: 🤣
💜 Auto React [user:8299996037]: 🤣
💜 Auto React [user:8299996037]: 🤣
💜 Auto React [user:8299996037]: 🤣
💜 Auto React [user:8299996037]: 🤣
💜 Auto React [user:8299996037]: 🤣
⏰ Last Name: ⌥ 𝟮𝟯:𝟰𝟳
💜 Auto React [user:8299996037]: 🤣
💜 Auto React [user:8299996037]: 🤣
💜 Auto React [user:8299996037]: 🤣
💜 Auto React [user:8299996037]: 🤣
💜 Auto React [user:8299996037]: 🤣
💜 Auto React [user:8299996037]: 🤣
💜 Auto React [user:8299996037]: 🤣
💜 Auto React [user:8299996037]: 🤣
💜 Auto React [user:8299996037]: 🤣
💜 Auto React [user:8299996037]: 🤣
💜 Auto React [user:8299996037]: 🤣
💜 Auto React [user:8299996037]: 🤣
💜 Auto React [user:8299996037]: 🤣
💜 Auto React [user:8299996037]: 🤣
💜 Auto React [user:8299996037]: 🤣
💜 Auto React [user:8299996037]: 🤣
💜 Auto React [user:8299996037]: 🤣
💜 Auto React [user:8299996037]: 🤣
💜 Auto React [user:8299996037]: 🤣
💜 Auto React [user:8299996037]: 🤣
💜 Auto React [user:8299996037]: 🤣
💜 Auto React [user:8299996037]: 🤣
💜 Auto React [user:8299996037]: 🤣
💜 Auto React [user:8299996037]: 🤣
💜 Auto React [user:8299996037]: 🤣
💜 Auto React [user:8299996037]: 🤣
⚠️ خطای ریکت [user:8299996037]: Request was unsuccessful 6 time(s)
⚠️ خطای ریکت [user:8299996037]: Request was unsuccessful 6 time(s)
💜 Auto React [user:8299996037]: 🤣
💜 Auto React [user:8299996037]: 🤣
💜 Auto React [user:8299996037]: 🤣
⚠️ خطای ریکت [user:8299996037]: Request was unsuccessful 6 time(s)
⚠️ خطای ریکت [user:8299996037]: Request was unsuccessful 6 time(s)
⚠️ خطای ریکت [user:8299996037]: Request was unsuccessful 6 time(s)
💜 Auto React [user:8299996037]: 🤣
💜 Auto React [user:8299996037]: 🤣
💜 Auto React [user:8299996037]: 🤣
⚠️ خطای ریکت [user:8299996037]: Request was unsuccessful 6 time(s)
⚠️ خطای ریکت [user:8299996037]: Request was unsuccessful 6 time(s)
⏰ Last Name: ⌥ 𝟮𝟯:𝟰𝟴
💜 Auto React [user:8299996037]: 🤣
⚠️ خطای ریکت [user:8299996037]: Request was unsuccessful 6 time(s)
💜 Auto React [user:8299996037]: 🤣
💜 Auto React [user:8299996037]: 🤣
⚠️ خطای ریکت [user:8299996037]: Request was unsuccessful 6 time(s)
💜 Auto React [user:8299996037]: 🤣
💜 Auto React [user:8299996037]: 🤣
⚠️ خطای ریکت [user:8299996037]: Request was unsuccessful 6 time(s)
⚠️ خطای ریکت [user:8299996037]: Request was unsuccessful 6 time(s)
💜 Auto React [user:8299996037]: 🤣
💜 Auto React [user:8299996037]: 🤣
💜 Auto React [user:8299996037]: 🤣
💜 Auto React [user:8299996037]: 🤣
⚠️ خطای ریکت [user:8299996037]: Request was unsuccessful 6 time(s)
⚠️ خطای ریکت [user:8299996037]: Request was unsuccessful 6 time(s)
⚠️ خطای ریکت [user:8299996037]: Request was unsuccessful 6 time(s)
⏳ Flood wait: 163s → تاخیر جدید: 2.0s
⏳ Flood wait: 163s → تاخیر جدید: 4.0s
⏳ Flood wait: 163s → تاخیر جدید: 8.0s
⏳ Flood wait: 163s → تاخیر جدید: 15.0s
⏳ Flood wait: 163s → تاخیر جدید: 15.0s
⏳ Flood wait: 163s → تاخیر جدید: 15.0s
💜 Auto React [user:8299996037]: 🤣
⚠️ خطای ریکت [user:8299996037]: Request was unsuccessful 6 time(s)
⚠️ خطای ریکت [user:8299996037]: Request was unsuccessful 6 time(s)
💜 Auto React [user:8299996037]: 🤣
⏳ Flood wait: 163s → تاخیر جدید: 15.0s
⏳ Flood wait: 163s → تاخیر جدید: 15.0s
⏳ Flood wait: 163s → تاخیر جدید: 15.0s
⏳ Flood wait: 163s → تاخیر جدید: 15.0s
⏳ Flood wait: 163s → تاخیر جدید: 15.0s
⚠️ خطاهای متوالی → تاخیر جدید: 15.0s
⚠️ خطای ریکت [user:8299996037]: Request was unsuccessful 6 time(s)
⏳ Flood wait: 163s → تاخیر جدید: 15.0s
⏳ Flood wait: 162s → تاخیر جدید: 15.0s
⏳ ریکت: صبر 163.0s (Flood)
⏳ Flood wait: 162s → تاخیر جدید: 15.0s
⏳ Flood wait: 161s → تاخیر جدید: 15.0s
⏰ Last Name: ⌥ 𝟮𝟯:𝟰𝟵
⏰ Last Name: ⌥ 𝟮𝟯:𝟱𝟬
⏰ Last Name: ⌥ 𝟮𝟯:𝟱𝟭
⏳ ریکت: صبر 0.0s (Flood)
💜 Auto React [user:8299996037]: 🤣
💜 Auto React [user:8299996037]: 🤣
💜 Auto React [user:8299996037]: 🤣
💜 Auto React [user:8299996037]: 🤣
💜 Auto React [user:8299996037]: 🤣
💜 Auto React [user:8299996037]: 🤣
⏰ Last Name: ⌥ 𝟮𝟯:𝟱𝟮
💜 Auto React [user:8299996037]: 🤣
💜 Auto React [user:8299996037]: 🤣
💜 Auto React [user:8299996037]: 🤣
💜 Auto React [user:7433542559]: 😐
💜 Auto React [user:7433542559]: 😐
💜 Auto React [user:8299996037]: 🤣
💜 Auto React [user:8299996037]: 🤣
💜 Auto React [user:8299996037]: 🤣
💜 Auto React [user:8299996037]: 🤣
💜 Auto React [user:8299996037]: 🤣
💜 Auto React [user:8299996037]: 🤣
💜 Auto React [user:8299996037]: 🤣
💜 Auto React [user:8299996037]: 🤣
💜 Auto React [user:8299996037]: 🤣
💜 Auto React [user:8299996037]: 🤣
💜 Auto React [user:8299996037]: 🤣
💜 Auto React [user:8299996037]: 🤣
💜 Auto React [user:8299996037]: 🤣
💜 Auto React [user:8299996037]: 🤣
💜 Auto React [user:8299996037]: 🤣
💜 Auto React [user:8299996037]: 🤣
💜 Auto React [user:8299996037]: 🤣
💜 Auto React [user:8299996037]: 🤣
💜 Auto React [user:8299996037]: 🤣
💜 Auto React [user:8299996037]: 🤣
💜 Auto React [user:8299996037]: 🤣
⚠️ خطای ریکت [user:8299996037]: Request was unsuccessful 6 time(s)
💜 Auto React [user:8299996037]: 🤣
💜 Auto React [user:8299996037]: 🤣
⚠️ خطای ریکت [user:8299996037]: Request was unsuccessful 6 time(s)
⚠️ خطای ریکت [user:8299996037]: Request was unsuccessful 6 time(s)
💜 Auto React [user:8299996037]: 🤣
💜 Auto React [user:8299996037]: 🤣
💜 Auto React [user:8299996037]: 🤣
💜 Auto React [user:8299996037]: 🤣
⚠️ خطای ریکت [user:8299996037]: Request was unsuccessful 6 time(s)
⚠️ خطای ریکت [user:8299996037]: Request was unsuccessful 6 time(s)
⏰ Last Name: ⌥ 𝟮𝟯:𝟱𝟯
💜 Auto React [user:8299996037]: 🤣
💜 Auto React [user:8299996037]: 🤣
💜 Auto React [user:8299996037]: 🤣
⚠️ خطای ریکت [user:8299996037]: Request was unsuccessful 6 time(s)
⚠️ خطای ریکت [user:8299996037]: Request was unsuccessful 6 time(s)
💜 Auto React [user:8299996037]: 🤣
💜 Auto React [user:8299996037]: 🤣
💜 Auto React [user:8299996037]: 🤣
⚠️ خطای ریکت [user:8299996037]: Request was unsuccessful 6 time(s)
⚠️ خطای ریکت [user:8299996037]: Request was unsuccessful 6 time(s)
💜 Auto React [user:8299996037]: 🤣
💜 Auto React [user:8299996037]: 🤣
💜 Auto React [user:8299996037]: 🤣
⚠️ خطای ریکت [user:8299996037]: Request was unsuccessful 6 time(s)
⚠️ خطای ریکت [user:8299996037]: Request was unsuccessful 6 time(s)
⏳ Flood wait: 166s → تاخیر جدید: 2.0s
⏳ Flood wait: 166s → تاخیر جدید: 4.0s
⏳ Flood wait: 166s → تاخیر جدید: 8.0s
⏳ Flood wait: 166s → تاخیر جدید: 15.0s
⏳ Flood wait: 166s → تاخیر جدید: 15.0s
⏳ Flood wait: 166s → تاخیر جدید: 15.0s
⏳ Flood wait: 166s → تاخیر جدید: 15.0s
⏳ Flood wait: 166s → تاخیر جدید: 15.0s
⏳ Flood wait: 166s → تاخیر جدید: 15.0s
⏳ Flood wait: 166s → تاخیر جدید: 15.0s
⏳ Flood wait: 166s → تاخیر جدید: 15.0s
💜 Auto React [user:8299996037]: 🤣
⏳ Flood wait: 166s → تاخیر جدید: 15.0s
⚠️ خطای ریکت [user:8299996037]: Request was unsuccessful 6 time(s)
⚠️ خطای ریکت [user:8299996037]: Request was unsuccessful 6 time(s)
⏳ Flood wait: 166s → تاخیر جدید: 15.0s
⏳ Flood wait: 165s → تاخیر جدید: 15.0s
⏳ ریکت: صبر 166.0s (Flood)
⏳ Flood wait: 165s → تاخیر جدید: 15.0s
⏳ Flood wait: 164s → تاخیر جدید: 15.0s
⏰ Last Name: ⌥ 𝟮𝟯:𝟱𝟰
⏰ Last Name: ⌥ 𝟮𝟯:𝟱𝟱
⏰ Last Name: ⌥ 𝟮𝟯:𝟱𝟲
⏳ ریکت: صبر 0.1s (Flood)
💜 Auto React [user:8299996037]: 🤣
💜 Auto React [user:8299996037]: 🤣
💜 Auto React [user:8299996037]: 🤣
💜 Auto React [user:8299996037]: 🤣
💜 Auto React [user:8299996037]: 🤣
💜 Auto React [user:8299996037]: 🤣
⏰ Last Name: ⌥ 𝟮𝟯:𝟱𝟳
💜 Auto React [user:8299996037]: 🤣
💜 Auto React [user:8299996037]: 🤣
💜 Auto React [user:8299996037]: 🤣
💜 Auto React [user:8299996037]: 🤣
💜 Auto React [user:8299996037]: 🤣
💜 Auto React [user:8299996037]: 🤣
💜 Auto React [user:8299996037]: 🤣
💜 Auto React [user:8299996037]: 🤣
💜 Auto React [user:8299996037]: 🤣
💜 Auto React [user:8299996037]: 🤣
💜 Auto React [user:8299996037]: 🤣
💜 Auto React [user:8299996037]: 🤣
💜 Auto React [user:8299996037]: 🤣
💜 Auto React [user:8299996037]: 🤣
💜 Auto React [user:8299996037]: 🤣
💜 Auto React [user:8299996037]: 🤣
💜 Auto React [user:8299996037]: 🤣
💜 Auto React [user:8299996037]: 🤣
💜 Auto React [user:8299996037]: 🤣
💜 Auto React [user:8299996037]: 🤣
💜 Auto React [user:8299996037]: 🤣
💜 Auto React [user:8299996037]: 🤣
💜 Auto React [user:8299996037]: 🤣
💜 Auto React [user:8299996037]: 🤣
💜 Auto React [user:8299996037]: 🤣
💜 Auto React [user:8299996037]: 🤣
⚠️ خطای ریکت [user:8299996037]: Request was unsuccessful 6 time(s)
💜 Auto React [user:8299996037]: 🤣
💜 Auto React [user:8299996037]: 🤣
💜 Auto React [user:8299996037]: 🤣
⚠️ خطای ریکت [user:8299996037]: Request was unsuccessful 6 time(s)
💜 Auto React [user:8299996037]: 🤣
⚠️ خطای ریکت [user:8299996037]: Request was unsuccessful 6 time(s)
💜 Auto React [user:8299996037]: 🤣
⚠️ خطای ریکت [user:8299996037]: Request was unsuccessful 6 time(s)
💜 Auto React [user:8299996037]: 🤣
⚠️ خطای ریکت [user:8299996037]: Request was unsuccessful 6 time(s)
💜 Auto React [user:8299996037]: 🤣
⚠️ خطای ریکت [user:8299996037]: Request was unsuccessful 6 time(s)
⏰ Last Name: ⌥ 𝟮𝟯:𝟱𝟴
💜 Auto React [user:8299996037]: 🤣
⚠️ خطای ریکت [user:8299996037]: Request was unsuccessful 6 time(s)
⚠️ خطای ریکت [user:8299996037]: Request was unsuccessful 6 time(s)
💜 Auto React [user:8299996037]: 🤣
💜 Auto React [user:8299996037]: 🤣
💜 Auto React [user:8299996037]: 🤣
⚠️ خطای ریکت [user:8299996037]: Request was unsuccessful 6 time(s)
⚠️ خطای ریکت [user:8299996037]: Request was unsuccessful 6 time(s)
⚠️ خطای ریکت [user:8299996037]: Request was unsuccessful 6 time(s)
💜 Auto React [user:8299996037]: 🤣
💜 Auto React [user:8299996037]: 🤣
⚠️ خطای ریکت [user:8299996037]: Request was unsuccessful 6 time(s)
⚠️ خطای ریکت [user:8299996037]: Request was unsuccessful 6 time(s)
💜 Auto React [user:8299996037]: 🤣
💜 Auto React [user:8299996037]: 🤣
💜 Auto React [user:8299996037]: 🤣
⏳ Flood wait: 2562s → تاخیر جدید: 2.0s
⏳ Flood wait: 2562s → تاخیر جدید: 4.0s
⏳ Flood wait: 2562s → تاخیر جدید: 8.0s
💜 Auto React [user:8299996037]: 🤣
⏳ Flood wait: 2562s → تاخیر جدید: 12.8s
💜 Auto React [user:8299996037]: 🤣
⏳ Flood wait: 2562s → تاخیر جدید: 15.0s
⚠️ خطای ریکت [user:8299996037]: Request was unsuccessful 6 time(s)
⚠️ خطای ریکت [user:8299996037]: Request was unsuccessful 6 time(s)
⚠️ خطای ریکت [user:8299996037]: Request was unsuccessful 6 time(s)
⏳ Flood wait: 2562s → تاخیر جدید: 15.0s
⏳ Flood wait: 2562s → تاخیر جدید: 15.0s
⏳ Flood wait: 2562s → تاخیر جدید: 15.0s
⏳ Flood wait: 2562s → تاخیر جدید: 15.0s
⏳ Flood wait: 2562s → تاخیر جدید: 15.0s
⏳ Flood wait: 2561s → تاخیر جدید: 15.0s
⏳ ریکت: صبر 2562.0s (Flood)
⏳ Flood wait: 2561s → تاخیر جدید: 15.0s
⏳ Flood wait: 2560s → تاخیر جدید: 15.0s
⏰ Last Name: ⌥ 𝟮𝟯:𝟱𝟵
⏰ Last Name: ⌥ 𝟬𝟬:𝟬𝟬
⏰ Last Name: ⌥ 𝟬𝟬:𝟬𝟭
⏰ Last Name: ⌥ 𝟬𝟬:𝟬𝟮
⏰ Last Name: ⌥ 𝟬𝟬:𝟬𝟯
⏰ Last Name: ⌥ 𝟬𝟬:𝟬𝟰
⏰ Last Name: ⌥ 𝟬𝟬:𝟬𝟱
⏰ Last Name: ⌥ 𝟬𝟬:𝟬𝟲
⏰ Last Name: ⌥ 𝟬𝟬:𝟬𝟳
⏰ Last Name: ⌥ 𝟬𝟬:𝟬𝟴
⏰ Last Name: ⌥ 𝟬𝟬:𝟬𝟵
⏰ Last Name: ⌥ 𝟬𝟬:𝟭𝟬
⏰ Last Name: ⌥ 𝟬𝟬:𝟭𝟭
⏰ Last Name: ⌥ 𝟬𝟬:𝟭𝟮
⏰ Last Name: ⌥ 𝟬𝟬:𝟭𝟯
⏰ Last Name: ⌥ 𝟬𝟬:𝟭𝟰
⏰ Last Name: ⌥ 𝟬𝟬:𝟭𝟱
⏰ Last Name: ⌥ 𝟬𝟬:𝟭𝟲
⏰ Last Name: ⌥ 𝟬𝟬:𝟭𝟳
⏰ Last Name: ⌥ 𝟬𝟬:𝟭𝟴
⏰ Last Name: ⌥ 𝟬𝟬:𝟭𝟵
⏰ Last Name: ⌥ 𝟬𝟬:𝟮𝟬
⏰ Last Name: ⌥ 𝟬𝟬:𝟮𝟭
⏰ Last Name: ⌥ 𝟬𝟬:𝟮𝟮
⏰ Last Name: ⌥ 𝟬𝟬:𝟮𝟯
⏰ Last Name: ⌥ 𝟬𝟬:𝟮𝟰
⏰ Last Name: ⌥ 𝟬𝟬:𝟮𝟱
⏰ Last Name: ⌥ 𝟬𝟬:𝟮𝟲
⏰ Last Name: ⌥ 𝟬𝟬:𝟮𝟳
⏰ Last Name: ⌥ 𝟬𝟬:𝟮𝟴
⏰ Last Name: ⌥ 𝟬𝟬:𝟮𝟵
⏰ Last Name: ⌥ 𝟬𝟬:𝟯𝟬
⏰ Last Name: ⌥ 𝟬𝟬:𝟯𝟭
⏰ Last Name: ⌥ 𝟬𝟬:𝟯𝟮
⏰ Last Name: ⌥ 𝟬𝟬:𝟯𝟯
⏰ Last Name: ⌥ 𝟬𝟬:𝟯𝟰
⏰ Last Name: ⌥ 𝟬𝟬:𝟯𝟱
⏰ Last Name: ⌥ 𝟬𝟬:𝟯𝟲
⏰ Last Name: ⌥ 𝟬𝟬:𝟯𝟳
⏰ Last Name: ⌥ 𝟬𝟬:𝟯𝟴
⏰ Last Name: ⌥ 𝟬𝟬:𝟯𝟵
⏰ Last Name: ⌥ 𝟬𝟬:𝟰𝟬
⏰ Last Name: ⌥ 𝟬𝟬:𝟰𝟭
⏳ ریکت: صبر 0.0s (Flood)
💜 Auto React [user:8299996037]: 🤣
💜 Auto React [user:8299996037]: 🤣
💜 Auto React [user:8299996037]: 🤣
💜 Auto React [user:8299996037]: 🤣
💜 Auto React [user:8299996037]: 🤣
💜 Auto React [user:8299996037]: 🤣
💜 Auto React [user:8299996037]: 🤣
⏰ Last Name: ⌥ 𝟬𝟬:𝟰𝟮
💜 Auto React [user:8299996037]: 🤣
💜 Auto React [user:8299996037]: 🤣
💜 Auto React [user:8299996037]: 🤣
💜 Auto React [user:8299996037]: 🤣
💜 Auto React [user:8299996037]: 🤣
💜 Auto React [user:8299996037]: 🤣
💜 Auto React [user:8299996037]: 🤣
💜 Auto React [user:8299996037]: 🤣
💜 Auto React [user:8299996037]: 🤣
💜 Auto React [user:8299996037]: 🤣
💜 Auto React [user:8299996037]: 🤣
💜 Auto React [user:8299996037]: 🤣
💜 Auto React [user:8299996037]: 🤣
💜 Auto React [user:8299996037]: 🤣
💜 Auto React [user:8299996037]: 🤣
💜 Auto React [user:8299996037]: 🤣
💜 Auto React [user:8299996037]: 🤣
💜 Auto React [user:8299996037]: 🤣
💜 Auto React [user:8299996037]: 🤣
💜 Auto React [user:8299996037]: 🤣
💜 Auto React [user:8299996037]: 🤣
💜 Auto React [user:8299996037]: 🤣
💜 Auto React [user:8299996037]: 🤣
💜 Auto React [user:8299996037]: 🤣
⚠️ خطای ریکت [user:8299996037]: Request was unsuccessful 6 time(s)
💜 Auto React [user:8299996037]: 🤣
💜 Auto React [user:8299996037]: 🤣
💜 Auto React [user:8299996037]: 🤣
💜 Auto React [user:8299996037]: 🤣
💜 Auto React [user:8299996037]: 🤣
💜 Auto React [user:8299996037]: 🤣
💜 Auto React [user:8299996037]: 🤣
💜 Auto React [user:8299996037]: 🤣
⚠️ خطای ریکت [user:8299996037]: Request was unsuccessful 6 time(s)
⏰ Last Name: ⌥ 𝟬𝟬:𝟰𝟯
💜 Auto React [user:8299996037]: 🤣
⚠️ خطای ریکت [user:8299996037]: Request was unsuccessful 6 time(s)
💜 Auto React [user:8299996037]: 🤣
💜 Auto React [user:8299996037]: 🤣
⚠️ خطای ریکت [user:8299996037]: Request was unsuccessful 6 time(s)
💜 Auto React [user:8299996037]: 🤣
💜 Auto React [user:8299996037]: 🤣
⚠️ خطای ریکت [user:8299996037]: Request was unsuccessful 6 time(s)
⚠️ خطای ریکت [user:8299996037]: Request was unsuccessful 6 time(s)
💜 Auto React [user:8299996037]: 🤣
⚠️ خطای ریکت [user:8299996037]: Request was unsuccessful 6 time(s)
⚠️ خطای ریکت [user:8299996037]: Request was unsuccessful 6 time(s)
💜 Auto React [user:8299996037]: 🤣
💜 Auto React [user:8299996037]: 🤣
💜 Auto React [user:8299996037]: 🤣
⚠️ خطای ریکت [user:8299996037]: Request was unsuccessful 6 time(s)
⚠️ خطای ریکت [user:8299996037]: Request was unsuccessful 6 time(s)
⚠️ خطای ریکت [user:8299996037]: Request was unsuccessful 6 time(s)
💜 Auto React [user:8299996037]: 🤣
⏳ Flood wait: 165s → تاخیر جدید: 2.0s
⏳ Flood wait: 165s → تاخیر جدید: 4.0s
⏳ Flood wait: 165s → تاخیر جدید: 8.0s
⏳ Flood wait: 165s → تاخیر جدید: 15.0s
⏳ Flood wait: 165s → تاخیر جدید: 15.0s
⏳ Flood wait: 165s → تاخیر جدید: 15.0s
⏳ Flood wait: 165s → تاخیر جدید: 15.0s
⏳ Flood wait: 165s → تاخیر جدید: 15.0s
⏳ Flood wait: 165s → تاخیر جدید: 15.0s
💜 Auto React [user:8299996037]: 🤣
⏳ Flood wait: 165s → تاخیر جدید: 15.0s
⚠️ خطای ریکت [user:8299996037]: Request was unsuccessful 6 time(s)
⚠️ خطای ریکت [user:8299996037]: Request was unsuccessful 6 time(s)
⏳ Flood wait: 165s → تاخیر جدید: 15.0s
⚠️ خطاهای متوالی → تاخیر جدید: 15.0s
⚠️ خطای ریکت [user:8299996037]: Request was unsuccessful 6 time(s)
⏳ Flood wait: 165s → تاخیر جدید: 15.0s
⚠️ خطاهای متوالی → تاخیر جدید: 15.0s
⚠️ خطای ریکت [user:8299996037]: Request was unsuccessful 6 time(s)
⚠️ خطاهای متوالی → تاخیر جدید: 15.0s
⚠️ خطای ریکت [user:8299996037]: Request was unsuccessful 6 time(s)
⏳ Flood wait: 164s → تاخیر جدید: 15.0s
⏳ ریکت: صبر 165.0s (Flood)
⏳ Flood wait: 164s → تاخیر جدید: 15.0s
⏰ Last Name: ⌥ 𝟬𝟬:𝟰𝟰
⏰ Last Name: ⌥ 𝟬𝟬:𝟰𝟱
⏰ Last Name: ⌥ 𝟬𝟬:𝟰𝟲
⏳ ریکت: صبر 0.1s (Flood)
💜 Auto React [user:8299996037]: 🤣
💜 Auto React [user:8299996037]: 🤣
💜 Auto React [user:8299996037]: 🤣
💜 Auto React [user:8299996037]: 🤣
💜 Auto React [user:8299996037]: 🤣
💜 Auto React [user:8299996037]: 🤣
⏰ Last Name: ⌥ 𝟬𝟬:𝟰𝟳
💜 Auto React [user:8299996037]: 🤣
💜 Auto React [user:8299996037]: 🤣
💜 Auto React [user:8299996037]: 🤣
💜 Auto React [user:8299996037]: 🤣
💜 Auto React [user:8299996037]: 🤣
💜 Auto React [user:8299996037]: 🤣
💜 Auto React [user:8299996037]: 🤣
💜 Auto React [user:8299996037]: 🤣
💜 Auto React [user:8299996037]: 🤣
💜 Auto React [user:8299996037]: 🤣
💜 Auto React [user:8299996037]: 🤣
💜 Auto React [user:8299996037]: 🤣
💜 Auto React [user:8299996037]: 🤣
💜 Auto React [user:8299996037]: 🤣
💜 Auto React [user:8299996037]: 🤣
💜 Auto React [user:8299996037]: 🤣
💜 Auto React [user:8299996037]: 🤣
💜 Auto React [user:8299996037]: 🤣
💜 Auto React [user:8299996037]: 🤣
💜 Auto React [user:8299996037]: 🤣
💜 Auto React [user:8299996037]: 🤣
💜 Auto React [user:8299996037]: 🤣
💜 Auto React [user:8299996037]: 🤣
💜 Auto React [user:8299996037]: 🤣
💜 Auto React [user:8299996037]: 🤣
💜 Auto React [user:8299996037]: 🤣
⚠️ خطای ریکت [user:8299996037]: Request was unsuccessful 6 time(s)
💜 Auto React [user:8299996037]: 🤣
⚠️ خطای ریکت [user:8299996037]: Request was unsuccessful 6 time(s)
💜 Auto React [user:8299996037]: 🤣
💜 Auto React [user:8299996037]: 🤣
💜 Auto React [user:8299996037]: 🤣
⚠️ خطای ریکت [user:8299996037]: Request was unsuccessful 6 time(s)
⚠️ خطای ریکت [user:8299996037]: Request was unsuccessful 6 time(s)
💜 Auto React [user:8299996037]: 🤣
⏰ Last Name: ⌥ 𝟬𝟬:𝟰𝟴
💜 Auto React [user:8299996037]: 🤣
⚠️ خطای ریکت [user:8299996037]: Request was unsuccessful 6 time(s)
💜 Auto React [user:8299996037]: 🤣
⚠️ خطای ریکت [user:8299996037]: Request was unsuccessful 6 time(s)
💜 Auto React [user:8299996037]: 🤣
💜 Auto React [user:8299996037]: 🤣
⚠️ خطای ریکت [user:8299996037]: Request was unsuccessful 6 time(s)
💜 Auto React [user:8299996037]: 🤣
⚠️ خطای ریکت [user:8299996037]: Request was unsuccessful 6 time(s)
💜 Auto React [user:8299996037]: 🤣
💜 Auto React [user:8299996037]: 🤣
⚠️ خطای ریکت [user:8299996037]: Request was unsuccessful 6 time(s)
💜 Auto React [user:8299996037]: 🤣
⚠️ خطای ریکت [user:8299996037]: Request was unsuccessful 6 time(s)
⚠️ خطای ریکت [user:8299996037]: Request was unsuccessful 6 time(s)
💜 Auto React [user:8299996037]: 🤣
💜 Auto React [user:8299996037]: 🤣
💜 Auto React [user:8299996037]: 🤣
⚠️ خطای ریکت [user:8299996037]: Request was unsuccessful 6 time(s)
⚠️ خطای ریکت [user:8299996037]: Request was unsuccessful 6 time(s)
⚠️ خطای ریکت [user:8299996037]: Request was unsuccessful 6 time(s)
💜 Auto React [user:8299996037]: 🤣
⏳ Flood wait: 165s → تاخیر جدید: 2.0s
⏳ Flood wait: 165s → تاخیر جدید: 4.0s
⏳ Flood wait: 165s → تاخیر جدید: 8.0s
⏳ Flood wait: 165s → تاخیر جدید: 15.0s
⏳ Flood wait: 165s → تاخیر جدید: 15.0s
⏳ Flood wait: 165s → تاخیر جدید: 15.0s
⚠️ خطاهای متوالی → تاخیر جدید: 15.0s
⚠️ خطای ریکت [user:8299996037]: Request was unsuccessful 6 time(s)
⏳ Flood wait: 165s → تاخیر جدید: 15.0s
⚠️ خطاهای متوالی → تاخیر جدید: 15.0s
⚠️ خطای ریکت [user:8299996037]: Request was unsuccessful 6 time(s)
⏳ Flood wait: 165s → تاخیر جدید: 15.0s
💜 Auto React [user:8299996037]: 🤣
⏳ Flood wait: 165s → تاخیر جدید: 15.0s
⏳ Flood wait: 165s → تاخیر جدید: 15.0s
⏳ Flood wait: 165s → تاخیر جدید: 15.0s
⏳ Flood wait: 165s → تاخیر جدید: 15.0s
⏳ Flood wait: 164s → تاخیر جدید: 15.0s
⏳ ریکت: صبر 165.0s (Flood)
⏳ Flood wait: 164s → تاخیر جدید: 15.0s
⏰ Last Name: ⌥ 𝟬𝟬:𝟰𝟵
⏰ Last Name: ⌥ 𝟬𝟬:𝟱𝟬
⏰ Last Name: ⌥ 𝟬𝟬:𝟱𝟭
⏳ ریکت: صبر 0.1s (Flood)
💜 Auto React [user:8299996037]: 🤣
💜 Auto React [user:8299996037]: 🤣
💜 Auto React [user:8299996037]: 🤣
💜 Auto React [user:8299996037]: 🤣
💜 Auto React [user:8299996037]: 🤣
💜 Auto React [user:8299996037]: 🤣
⏰ Last Name: ⌥ 𝟬𝟬:𝟱𝟮
💜 Auto React [user:8299996037]: 🤣
💜 Auto React [user:8299996037]: 🤣
💜 Auto React [user:8299996037]: 🤣
💜 Auto React [user:8299996037]: 🤣
💜 Auto React [user:8299996037]: 🤣
💜 Auto React [user:8299996037]: 🤣
💜 Auto React [user:8299996037]: 🤣
💜 Auto React [user:8299996037]: 🤣
💜 Auto React [user:8299996037]: 🤣
💜 Auto React [user:8299996037]: 🤣
💜 Auto React [user:8299996037]: 🤣
💜 Auto React [user:8299996037]: 🤣
💜 Auto React [user:8299996037]: 🤣
💜 Auto React [user:8299996037]: 🤣
💜 Auto React [user:8299996037]: 🤣
💜 Auto React [user:8299996037]: 🤣
💜 Auto React [user:8299996037]: 🤣
💜 Auto React [user:8299996037]: 🤣
💜 Auto React [user:8299996037]: 🤣
💜 Auto React [user:8299996037]: 🤣
💜 Auto React [user:8299996037]: 🤣
💜 Auto React [user:8299996037]: 🤣
💜 Auto React [user:8299996037]: 🤣
💜 Auto React [user:8299996037]: 🤣
💜 Auto React [user:8299996037]: 🤣
⚠️ خطای ریکت [user:8299996037]: Request was unsuccessful 6 time(s)
⚠️ خطای ریکت [user:8299996037]: Request was unsuccessful 6 time(s)
💜 Auto React [user:8299996037]: 🤣
💜 Auto React [user:8299996037]: 🤣
⚠️ خطای ریکت [user:8299996037]: Request was unsuccessful 6 time(s)
⚠️ خطای ریکت [user:8299996037]: Request was unsuccessful 6 time(s)
💜 Auto React [user:8299996037]: 🤣
💜 Auto React [user:8299996037]: 🤣
💜 Auto React [user:8299996037]: 🤣
⏰ Last Name: ⌥ 𝟬𝟬:𝟱𝟯
💜 Auto React [user:8299996037]: 🤣
⚠️ خطای ریکت [user:8299996037]: Request was unsuccessful 6 time(s)
⚠️ خطای ریکت [user:8299996037]: Request was unsuccessful 6 time(s)
💜 Auto React [user:8299996037]: 🤣
💜 Auto React [user:8299996037]: 🤣
💜 Auto React [user:8299996037]: 🤣
⚠️ خطای ریکت [user:8299996037]: Request was unsuccessful 6 time(s)
⚠️ خطای ریکت [user:8299996037]: Request was unsuccessful 6 time(s)
💜 Auto React [user:8299996037]: 🤣
💜 Auto React [user:8299996037]: 🤣
💜 Auto React [user:8299996037]: 🤣
💜 Auto React [user:8299996037]: 🤣
💜 Auto React [user:8299996037]: 🤣
⚠️ خطای ریکت [user:8299996037]: Request was unsuccessful 6 time(s)
⚠️ خطای ریکت [user:8299996037]: Request was unsuccessful 6 time(s)
💜 Auto React [user:8299996037]: 🤣
💜 Auto React [user:8299996037]: 🤣
💜 Auto React [user:8299996037]: 🤣
⚠️ خطای ریکت [user:8299996037]: Request was unsuccessful 6 time(s)
⚠️ خطای ریکت [user:8299996037]: Request was unsuccessful 6 time(s)
💜 Auto React [user:8299996037]: 🤣
⏳ Flood wait: 167s → تاخیر جدید: 2.0s
⏳ Flood wait: 167s → تاخیر جدید: 4.0s
⏳ Flood wait: 167s → تاخیر جدید: 8.0s
⏳ Flood wait: 167s → تاخیر جدید: 15.0s
⏳ Flood wait: 167s → تاخیر جدید: 15.0s
⏳ Flood wait: 167s → تاخیر جدید: 15.0s
⚠️ خطاهای متوالی → تاخیر جدید: 15.0s
⚠️ خطای ریکت [user:8299996037]: Request was unsuccessful 6 time(s)
⏳ Flood wait: 167s → تاخیر جدید: 15.0s
⏳ Flood wait: 167s → تاخیر جدید: 15.0s
⚠️ خطاهای متوالی → تاخیر جدید: 15.0s
⚠️ خطای ریکت [user:8299996037]: Request was unsuccessful 6 time(s)
⚠️ خطاهای متوالی → تاخیر جدید: 15.0s
⚠️ خطای ریکت [user:8299996037]: Request was unsuccessful 6 time(s)
⏳ Flood wait: 167s → تاخیر جدید: 15.0s
⏳ Flood wait: 167s → تاخیر جدید: 15.0s
⏳ Flood wait: 167s → تاخیر جدید: 15.0s
💜 Auto React [user:8299996037]: 🤣
⏳ Flood wait: 166s → تاخیر جدید: 15.0s
⏳ ریکت: صبر 167.0s (Flood)
⏳ Flood wait: 166s → تاخیر جدید: 15.0s
⏰ Last Name: ⌥ 𝟬𝟬:𝟱𝟰
⏰ Last Name: ⌥ 𝟬𝟬:𝟱𝟱
⏰ Last Name: ⌥ 𝟬𝟬:𝟱𝟲
⏳ ریکت: صبر 0.1s (Flood)
💜 Auto React [user:8299996037]: 🤣
💜 Auto React [user:8299996037]: 🤣
💜 Auto React [user:8299996037]: 🤣
💜 Auto React [user:8299996037]: 🤣
💜 Auto React [user:8299996037]: 🤣
💜 Auto React [user:8299996037]: 🤣
⏰ Last Name: ⌥ 𝟬𝟬:𝟱𝟳
💜 Auto React [user:8299996037]: 🤣
💜 Auto React [user:8299996037]: 🤣
💜 Auto React [user:8299996037]: 🤣
💜 Auto React [user:8299996037]: 🤣
💜 Auto React [user:8299996037]: 🤣
💜 Auto React [user:8299996037]: 🤣
💜 Auto React [user:8299996037]: 🤣
💜 Auto React [user:8299996037]: 🤣
💜 Auto React [user:8299996037]: 🤣
💜 Auto React [user:8299996037]: 🤣
💜 Auto React [user:8299996037]: 🤣
💜 Auto React [user:8299996037]: 🤣
💜 Auto React [user:8299996037]: 🤣
💜 Auto React [user:8299996037]: 🤣
💜 Auto React [user:8299996037]: 🤣
💜 Auto React [user:8299996037]: 🤣
💜 Auto React [user:8299996037]: 🤣
💜 Auto React [user:8299996037]: 🤣
💜 Auto React [user:8299996037]: 🤣
💜 Auto React [user:8299996037]: 🤣
💜 Auto React [user:8299996037]: 🤣
💜 Auto React [user:8299996037]: 🤣
💜 Auto React [user:6990187779]: ❤️
💜 Auto React [user:8299996037]: 🤣
💜 Auto React [user:8299996037]: 🤣
⚠️ خطای ریکت [user:8299996037]: Request was unsuccessful 6 time(s)
⚠️ خطای ریکت [user:8299996037]: Request was unsuccessful 6 time(s)
💜 Auto React [user:8299996037]: 🤣
💜 Auto React [user:8299996037]: 🤣
💜 Auto React [user:8299996037]: 🤣
💜 Auto React [user:8299996037]: 🤣
⚠️ خطای ریکت [user:8299996037]: Request was unsuccessful 6 time(s)
💜 Auto React [user:8299996037]: 🤣
⚠️ خطای ریکت [user:8299996037]: Request was unsuccessful 6 time(s)
⏰ Last Name: ⌥ 𝟬𝟬:𝟱𝟴
⚠️ خطای ریکت [user:8299996037]: Request was unsuccessful 6 time(s)
💜 Auto React [user:8299996037]: 🤣
💜 Auto React [user:8299996037]: 🤣
⚠️ خطای ریکت [user:8299996037]: Request was unsuccessful 6 time(s)
💜 Auto React [user:8299996037]: 🤣
💜 Auto React [user:8299996037]: 🤣
💜 Auto React [user:8299996037]: 🤣
💜 Auto React [user:8299996037]: 🤣
⚠️ خطای ریکت [user:8299996037]: Request was unsuccessful 6 time(s)
⚠️ خطای ریکت [user:8299996037]: Request was unsuccessful 6 time(s)
💜 Auto React [user:8299996037]: 🤣
💜 Auto React [user:8299996037]: 🤣
💜 Auto React [user:8299996037]: 🤣
⚠️ خطای ریکت [user:8299996037]: Request was unsuccessful 6 time(s)
⚠️ خطای ریکت [user:8299996037]: Request was unsuccessful 6 time(s)
💜 Auto React [user:8299996037]: 🤣
💜 Auto React [user:8299996037]: 🤣
⚠️ خطای ریکت [user:8299996037]: Request was unsuccessful 6 time(s)
💜 Auto React [user:8299996037]: 🤣
⏳ Flood wait: 2561s → تاخیر جدید: 2.0s
⏳ Flood wait: 2561s → تاخیر جدید: 4.0s
⏳ Flood wait: 2561s → تاخیر جدید: 8.0s
⏳ Flood wait: 2561s → تاخیر جدید: 15.0s
⏳ Flood wait: 2561s → تاخیر جدید: 15.0s
⏳ Flood wait: 2561s → تاخیر جدید: 15.0s
⏳ Flood wait: 2561s → تاخیر جدید: 15.0s
⏳ Flood wait: 2561s → تاخیر جدید: 15.0s
⏳ Flood wait: 2561s → تاخیر جدید: 15.0s
⏳ Flood wait: 2561s → تاخیر جدید: 15.0s
💜 Auto React [user:8299996037]: 🤣
⏳ Flood wait: 2561s → تاخیر جدید: 15.0s
⚠️ خطای ریکت [user:8299996037]: Request was unsuccessful 6 time(s)
⏳ Flood wait: 2561s → تاخیر جدید: 15.0s
⚠️ خطای ریکت [user:8299996037]: Request was unsuccessful 6 time(s)
💜 Auto React [user:8299996037]: 🤣
⏳ Flood wait: 2560s → تاخیر جدید: 15.0s
⏳ ریکت: صبر 2561.0s (Flood)
⏳ Flood wait: 2560s → تاخیر جدید: 15.0s
⏳ Flood wait: 2559s → تاخیر جدید: 15.0s
⏰ Last Name: ⌥ 𝟬𝟬:𝟱𝟵
⏰ Last Name: ⌥ 𝟬𝟭:𝟬𝟬
⏰ Last Name: ⌥ 𝟬𝟭:𝟬𝟭
⏰ Last Name: ⌥ 𝟬𝟭:𝟬𝟮
⏰ Last Name: ⌥ 𝟬𝟭:𝟬𝟯
⏰ Last Name: ⌥ 𝟬𝟭:𝟬𝟰
⏰ Last Name: ⌥ 𝟬𝟭:𝟬𝟱
⏰ Last Name: ⌥ 𝟬𝟭:𝟬𝟲
⏰ Last Name: ⌥ 𝟬𝟭:𝟬𝟳
⏰ Last Name: ⌥ 𝟬𝟭:𝟬𝟴
⏰ Last Name: ⌥ 𝟬𝟭:𝟬𝟵
⏰ Last Name: ⌥ 𝟬𝟭:𝟭𝟬
⏰ Last Name: ⌥ 𝟬𝟭:𝟭𝟭
⏰ Last Name: ⌥ 𝟬𝟭:𝟭𝟮
⏰ Last Name: ⌥ 𝟬𝟭:𝟭𝟯
⏰ Last Name: ⌥ 𝟬𝟭:𝟭𝟰
⏰ Last Name: ⌥ 𝟬𝟭:𝟭𝟱
⏰ Last Name: ⌥ 𝟬𝟭:𝟭𝟲
⏰ Last Name: ⌥ 𝟬𝟭:𝟭𝟳
⏰ Last Name: ⌥ 𝟬𝟭:𝟭𝟴
⏰ Last Name: ⌥ 𝟬𝟭:𝟭𝟵
⏰ Last Name: ⌥ 𝟬𝟭:𝟮𝟬
⏰ Last Name: ⌥ 𝟬𝟭:𝟮𝟭
⏰ Last Name: ⌥ 𝟬𝟭:𝟮𝟮
⏰ Last Name: ⌥ 𝟬𝟭:𝟮𝟯
⏰ Last Name: ⌥ 𝟬𝟭:𝟮𝟰
⏰ Last Name: ⌥ 𝟬𝟭:𝟮𝟱
⏰ Last Name: ⌥ 𝟬𝟭:𝟮𝟲
⏰ Last Name: ⌥ 𝟬𝟭:𝟮𝟳
⏰ Last Name: ⌥ 𝟬𝟭:𝟮𝟴
⏰ Last Name: ⌥ 𝟬𝟭:𝟮𝟵
⏰ Last Name: ⌥ 𝟬𝟭:𝟯𝟬
⏰ Last Name: ⌥ 𝟬𝟭:𝟯𝟭
⏰ Last Name: ⌥ 𝟬𝟭:𝟯𝟮
⏰ Last Name: ⌥ 𝟬𝟭:𝟯𝟯
⏰ Last Name: ⌥ 𝟬𝟭:𝟯𝟰
⏰ Last Name: ⌥ 𝟬𝟭:𝟯𝟱
⏰ Last Name: ⌥ 𝟬𝟭:𝟯𝟲
⏰ Last Name: ⌥ 𝟬𝟭:𝟯𝟳
⏰ Last Name: ⌥ 𝟬𝟭:𝟯𝟴
⏰ Last Name: ⌥ 𝟬𝟭:𝟯𝟵
⏰ Last Name: ⌥ 𝟬𝟭:𝟰𝟬
⏰ Last Name: ⌥ 𝟬𝟭:𝟰𝟭
⏳ ریکت: صبر 0.0s (Flood)
💜 Auto React [user:6990187779]: ❤️
💜 Auto React [user:8299996037]: 🤣
💜 Auto React [user:6990187779]: ❤️
💜 Auto React [user:8299996037]: 🤣
💜 Auto React [user:8299996037]: 🤣
💜 Auto React [user:8299996037]: 🤣
⏰ Last Name: ⌥ 𝟬𝟭:𝟰𝟮
💜 Auto React [user:8299996037]: 🤣
💜 Auto React [user:6990187779]: ❤️
💜 Auto React [user:8299996037]: 🤣
💜 Auto React [user:8299996037]: 🤣
💜 Auto React [user:8299996037]: 🤣
💜 Auto React [user:8299996037]: 🤣
💜 Auto React [user:8299996037]: 🤣
💜 Auto React [user:6990187779]: ❤️
💜 Auto React [user:8299996037]: 🤣
💜 Auto React [user:6990187779]: ❤️
💜 Auto React [user:6990187779]: ❤️
💜 Auto React [user:6990187779]: ❤️
💜 Auto React [user:8299996037]: 🤣
💜 Auto React [user:8299996037]: 🤣
💜 Auto React [user:8299996037]: 🤣
💜 Auto React [user:8299996037]: 🤣
💜 Auto React [user:8299996037]: 🤣
💜 Auto React [user:8299996037]: 🤣
💜 Auto React [user:8299996037]: 🤣
💜 Auto React [user:8299996037]: 🤣
💜 Auto React [user:8299996037]: 🤣
💜 Auto React [user:8299996037]: 🤣
💜 Auto React [user:8299996037]: 🤣
💜 Auto React [user:8299996037]: 🤣
💜 Auto React [user:8299996037]: 🤣
💜 Auto React [user:8299996037]: 🤣
💜 Auto React [user:8299996037]: 🤣
⚠️ خطای ریکت [user:8299996037]: Request was unsuccessful 6 time(s)
⚠️ خطای ریکت [user:6990187779]: Request was unsuccessful 6 time(s)
💜 Auto React [user:8299996037]: 🤣
💜 Auto React [user:8299996037]: 🤣
💜 Auto React [user:8299996037]: 🤣
⚠️ خطای ریکت [user:8299996037]: Request was unsuccessful 6 time(s)
⚠️ خطای ریکت [user:8299996037]: Request was unsuccessful 6 time(s)
💜 Auto React [user:8299996037]: 🤣
⚠️ خطای ریکت [user:8299996037]: Request was unsuccessful 6 time(s)
💜 Auto React [user:8299996037]: 🤣
💜 Auto React [user:8299996037]: 🤣
⚠️ خطای ریکت [user:8299996037]: Request was unsuccessful 6 time(s)
⏰ Last Name: ⌥ 𝟬𝟭:𝟰𝟯
💜 Auto React [user:8299996037]: 🤣
⚠️ خطای ریکت [user:8299996037]: Request was unsuccessful 6 time(s)
💜 Auto React [user:8299996037]: 🤣
⚠️ خطای ریکت [user:8299996037]: Request was unsuccessful 6 time(s)
⚠️ خطای ریکت [user:8299996037]: Request was unsuccessful 6 time(s)
💜 Auto React [user:8299996037]: 🤣
💜 Auto React [user:8299996037]: 🤣
⚠️ خطای ریکت [user:8299996037]: Request was unsuccessful 6 time(s)
💜 Auto React [user:8299996037]: 🤣
💜 Auto React [user:8299996037]: 🤣
⚠️ خطای ریکت [user:8299996037]: Request was unsuccessful 6 time(s)
💜 Auto React [user:8299996037]: 🤣
⚠️ خطای ریکت [user:8299996037]: Request was unsuccessful 6 time(s)
⚠️ خطای ریکت [user:8299996037]: Request was unsuccessful 6 time(s)
⚠️ خطای ریکت [user:8299996037]: Request was unsuccessful 6 time(s)
💜 Auto React [user:8299996037]: 🤣
💜 Auto React [user:8299996037]: 🤣
💜 Auto React [user:8299996037]: 🤣
⏳ Flood wait: 167s → تاخیر جدید: 2.0s
⏳ Flood wait: 167s → تاخیر جدید: 4.0s
⏳ Flood wait: 167s → تاخیر جدید: 8.0s
⚠️ خطای ریکت [user:8299996037]: Request was unsuccessful 6 time(s)
⏳ Flood wait: 167s → تاخیر جدید: 15.0s
⏳ Flood wait: 167s → تاخیر جدید: 15.0s
⚠️ خطاهای متوالی → تاخیر جدید: 15.0s
⚠️ خطای ریکت [user:8299996037]: Request was unsuccessful 6 time(s)
⏳ Flood wait: 167s → تاخیر جدید: 15.0s
⏳ Flood wait: 167s → تاخیر جدید: 15.0s
⏳ Flood wait: 167s → تاخیر جدید: 15.0s
⏳ Flood wait: 167s → تاخیر جدید: 15.0s
⏳ Flood wait: 167s → تاخیر جدید: 15.0s
💜 Auto React [user:8299996037]: 🤣
⏳ Flood wait: 166s → تاخیر جدید: 15.0s
⏳ ریکت: صبر 167.0s (Flood)
⏳ Flood wait: 166s → تاخیر جدید: 15.0s
⏰ Last Name: ⌥ 𝟬𝟭:𝟰𝟰
⏰ Last Name: ⌥ 𝟬𝟭:𝟰𝟱
⏰ Last Name: ⌥ 𝟬𝟭:𝟰𝟲
⏳ ریکت: صبر 0.0s (Flood)
💜 Auto React [user:8299996037]: 🤣
💜 Auto React [user:6990187779]: ❤️
💜 Auto React [user:8299996037]: 🤣
💜 Auto React [user:8299996037]: 🤣
💜 Auto React [user:8299996037]: 🤣
💜 Auto React [user:8299996037]: 🤣
⏰ Last Name: ⌥ 𝟬𝟭:𝟰𝟳
💜 Auto React [user:8299996037]: 🤣
💜 Auto React [user:8299996037]: 🤣
💜 Auto React [user:8299996037]: 🤣
💜 Auto React [user:8299996037]: 🤣
💜 Auto React [user:8299996037]: 🤣
💜 Auto React [user:6990187779]: ❤️
💜 Auto React [user:6990187779]: ❤️
💜 Auto React [user:6990187779]: ❤️
💜 Auto React [user:6990187779]: ❤️
💜 Auto React [user:6990187779]: ❤️
💜 Auto React [user:6990187779]: ❤️
💜 Auto React [user:6990187779]: ❤️
💜 Auto React [user:6990187779]: ❤️
💜 Auto React [user:6990187779]: ❤️
💜 Auto React [user:8299996037]: 🤣
💜 Auto React [user:8299996037]: 🤣
💜 Auto React [user:8299996037]: 🤣
💜 Auto React [user:8299996037]: 🤣
💜 Auto React [user:8299996037]: 🤣
💜 Auto React [user:8299996037]: 🤣
💜 Auto React [user:8299996037]: 🤣
💜 Auto React [user:8299996037]: 🤣
💜 Auto React [user:8299996037]: 🤣
💜 Auto React [user:6990187779]: ❤️
💜 Auto React [user:6990187779]: ❤️
💜 Auto React [user:8299996037]: 🤣
💜 Auto React [user:8299996037]: 🤣
⚠️ خطای ریکت [user:6990187779]: Request was unsuccessful 6 time(s)
💜 Auto React [user:6990187779]: ❤️
💜 Auto React [user:8299996037]: 🤣
💜 Auto React [user:8299996037]: 🤣
⚠️ خطای ریکت [user:6990187779]: Request was unsuccessful 6 time(s)
⚠️ خطای ریکت [user:8299996037]: Request was unsuccessful 6 time(s)
⏰ Last Name: ⌥ 𝟬𝟭:𝟰𝟴
⚠️ خطای ریکت [user:8299996037]: Request was unsuccessful 6 time(s)
⚠️ خطای ریکت [user:8299996037]: Request was unsuccessful 6 time(s)
💜 Auto React [user:8299996037]: 🤣
💜 Auto React [user:8299996037]: 🤣
💜 Auto React [user:8299996037]: 🤣
💜 Auto React [user:6990187779]: ❤️
💜 Auto React [user:6990187779]: ❤️
💜 Auto React [user:8299996037]: 🤣
⚠️ خطای ریکت [user:8299996037]: Request was unsuccessful 6 time(s)
⚠️ خطای ریکت [user:8299996037]: Request was unsuccessful 6 time(s)
💜 Auto React [user:8299996037]: 🤣
💜 Auto React [user:8299996037]: 🤣
💜 Auto React [user:6990187779]: ❤️
⚠️ خطای ریکت [user:8299996037]: Request was unsuccessful 6 time(s)
💜 Auto React [user:8299996037]: 🤣
💜 Auto React [user:8299996037]: 🤣
⚠️ خطای ریکت [user:8299996037]: Request was unsuccessful 6 time(s)
⚠️ خطای ریکت [user:8299996037]: Request was unsuccessful 6 time(s)
💜 Auto React [user:8299996037]: 🤣
⚠️ خطای ریکت [user:8299996037]: Request was unsuccessful 6 time(s)
💜 Auto React [user:8299996037]: 🤣
⏳ Flood wait: 165s → تاخیر جدید: 2.0s
⏳ Flood wait: 165s → تاخیر جدید: 4.0s
⏳ Flood wait: 165s → تاخیر جدید: 8.0s
⏳ Flood wait: 165s → تاخیر جدید: 15.0s
⏳ Flood wait: 165s → تاخیر جدید: 15.0s
⏳ Flood wait: 165s → تاخیر جدید: 15.0s
⏳ Flood wait: 165s → تاخیر جدید: 15.0s
⏳ Flood wait: 165s → تاخیر جدید: 15.0s
⏳ Flood wait: 165s → تاخیر جدید: 15.0s
⏳ Flood wait: 165s → تاخیر جدید: 15.0s
⏳ Flood wait: 165s → تاخیر جدید: 15.0s
⏳ Flood wait: 165s → تاخیر جدید: 15.0s
💜 Auto React [user:8299996037]: 🤣
⚠️ خطای ریکت [user:8299996037]: Request was unsuccessful 6 time(s)
⏳ Flood wait: 165s → تاخیر جدید: 15.0s
⏳ Flood wait: 165s → تاخیر جدید: 15.0s
⏳ Flood wait: 165s → تاخیر جدید: 15.0s
⏳ Flood wait: 165s → تاخیر جدید: 15.0s
⏳ Flood wait: 164s → تاخیر جدید: 15.0s
⏳ ریکت: صبر 165.0s (Flood)
⏳ Flood wait: 164s → تاخیر جدید: 15.0s
⏰ Last Name: ⌥ 𝟬𝟭:𝟰𝟵
⏰ Last Name: ⌥ 𝟬𝟭:𝟱𝟬
⏰ Last Name: ⌥ 𝟬𝟭:𝟱𝟭
⏳ ریکت: صبر 0.1s (Flood)
💜 Auto React [user:8299996037]: 🤣
💜 Auto React [user:8299996037]: 🤣
💜 Auto React [user:8299996037]: 🤣
💜 Auto React [user:8299996037]: 🤣
💜 Auto React [user:8299996037]: 🤣
💜 Auto React [user:8299996037]: 🤣
⏰ Last Name: ⌥ 𝟬𝟭:𝟱𝟮
💜 Auto React [user:8299996037]: 🤣
💜 Auto React [user:8299996037]: 🤣
💜 Auto React [user:8299996037]: 🤣
💜 Auto React [user:8299996037]: 🤣
💜 Auto React [user:8299996037]: 🤣
💜 Auto React [user:8299996037]: 🤣
💜 Auto React [user:8299996037]: 🤣
💜 Auto React [user:8299996037]: 🤣
💜 Auto React [user:8299996037]: 🤣
💜 Auto React [user:8299996037]: 🤣
💜 Auto React [user:8299996037]: 🤣
💜 Auto React [user:8299996037]: 🤣
💜 Auto React [user:8299996037]: 🤣
💜 Auto React [user:8299996037]: 🤣
💜 Auto React [user:8299996037]: 🤣
💜 Auto React [user:8299996037]: 🤣
💜 Auto React [user:8299996037]: 🤣
💜 Auto React [user:8299996037]: 🤣
💜 Auto React [user:8299996037]: 🤣
💜 Auto React [user:8299996037]: 🤣
💜 Auto React [user:8299996037]: 🤣
💜 Auto React [user:8299996037]: 🤣
💜 Auto React [user:8299996037]: 🤣
💜 Auto React [user:8299996037]: 🤣
💜 Auto React [user:8299996037]: 🤣
💜 Auto React [user:8299996037]: 🤣
⚠️ خطای ریکت [user:8299996037]: Request was unsuccessful 6 time(s)
⚠️ خطای ریکت [user:8299996037]: Request was unsuccessful 6 time(s)
💜 Auto React [user:8299996037]: 🤣
💜 Auto React [user:8299996037]: 🤣
💜 Auto React [user:8299996037]: 🤣
⚠️ خطای ریکت [user:8299996037]: Request was unsuccessful 6 time(s)
💜 Auto React [user:8299996037]: 🤣
⚠️ خطای ریکت [user:8299996037]: Request was unsuccessful 6 time(s)
⏰ Last Name: ⌥ 𝟬𝟭:𝟱𝟯
💜 Auto React [user:8299996037]: 🤣
💜 Auto React [user:8299996037]: 🤣
⚠️ خطای ریکت [user:8299996037]: Request was unsuccessful 6 time(s)
💜 Auto React [user:8299996037]: 🤣
💜 Auto React [user:8299996037]: 🤣
💜 Auto React [user:8299996037]: 🤣
⚠️ خطای ریکت [user:8299996037]: Request was unsuccessful 6 time(s)
⚠️ خطای ریکت [user:8299996037]: Request was unsuccessful 6 time(s)
⚠️ خطای ریکت [user:8299996037]: Request was unsuccessful 6 time(s)
💜 Auto React [user:8299996037]: 🤣
💜 Auto React [user:8299996037]: 🤣
💜 Auto React [user:8299996037]: 🤣
⚠️ خطای ریکت [user:8299996037]: Request was unsuccessful 6 time(s)
💜 Auto React [user:8299996037]: 🤣
⚠️ خطای ریکت [user:8299996037]: Request was unsuccessful 6 time(s)
💜 Auto React [user:8299996037]: 🤣
💜 Auto React [user:8299996037]: 🤣
💜 Auto React [user:8299996037]: 🤣
⚠️ خطای ریکت [user:8299996037]: Request was unsuccessful 6 time(s)
⚠️ خطای ریکت [user:8299996037]: Request was unsuccessful 6 time(s)
💜 Auto React [user:8299996037]: 🤣
⏳ Flood wait: 168s → تاخیر جدید: 2.0s
⏳ Flood wait: 168s → تاخیر جدید: 4.0s
⏳ Flood wait: 168s → تاخیر جدید: 8.0s
⏳ Flood wait: 168s → تاخیر جدید: 15.0s
⏳ Flood wait: 168s → تاخیر جدید: 15.0s
⏳ Flood wait: 168s → تاخیر جدید: 15.0s
⏳ Flood wait: 168s → تاخیر جدید: 15.0s
⏳ Flood wait: 168s → تاخیر جدید: 15.0s
⏳ Flood wait: 168s → تاخیر جدید: 15.0s
⏳ Flood wait: 168s → تاخیر جدید: 15.0s
⚠️ خطاهای متوالی → تاخیر جدید: 15.0s
⚠️ خطای ریکت [user:8299996037]: Request was unsuccessful 6 time(s)
⏳ Flood wait: 168s → تاخیر جدید: 15.0s
⚠️ خطاهای متوالی → تاخیر جدید: 15.0s
⚠️ خطای ریکت [user:8299996037]: Request was unsuccessful 6 time(s)
💜 Auto React [user:8299996037]: 🤣
⏳ Flood wait: 167s → تاخیر جدید: 15.0s
⏳ ریکت: صبر 168.0s (Flood)
⏳ Flood wait: 167s → تاخیر جدید: 15.0s
⏰ Last Name: ⌥ 𝟬𝟭:𝟱𝟰
⏰ Last Name: ⌥ 𝟬𝟭:𝟱𝟱
⏰ Last Name: ⌥ 𝟬𝟭:𝟱𝟲
⏳ ریکت: صبر 0.0s (Flood)
💜 Auto React [user:8299996037]: 🤣
💜 Auto React [user:8299996037]: 🤣
💜 Auto React [user:8299996037]: 🤣
💜 Auto React [user:8299996037]: 🤣
💜 Auto React [user:8299996037]: 🤣
⏰ Last Name: ⌥ 𝟬𝟭:𝟱𝟳
💜 Auto React [user:8299996037]: 🤣
💜 Auto React [user:8299996037]: 🤣
💜 Auto React [user:8299996037]: 🤣
💜 Auto React [user:8299996037]: 🤣
💜 Auto React [user:8299996037]: 🤣
💜 Auto React [user:8299996037]: 🤣
💜 Auto React [user:8299996037]: 🤣
💜 Auto React [user:8299996037]: 🤣
💜 Auto React [user:8299996037]: 🤣
💜 Auto React [user:8299996037]: 🤣
💜 Auto React [user:8299996037]: 🤣
💜 Auto React [user:8299996037]: 🤣
💜 Auto React [user:8299996037]: 🤣
💜 Auto React [user:8299996037]: 🤣
💜 Auto React [user:8299996037]: 🤣
💜 Auto React [user:8299996037]: 🤣
💜 Auto React [user:8299996037]: 🤣
💜 Auto React [user:8299996037]: 🤣
💜 Auto React [user:8299996037]: 🤣
💜 Auto React [user:8299996037]: 🤣
💜 Auto React [user:8299996037]: 🤣
💜 Auto React [user:8299996037]: 🤣
💜 Auto React [user:8299996037]: 🤣
💜 Auto React [user:8299996037]: 🤣
💜 Auto React [user:8299996037]: 🤣
💜 Auto React [user:8299996037]: 🤣
💜 Auto React [user:8299996037]: 🤣
💜 Auto React [user:8299996037]: 🤣
⚠️ خطای ریکت [user:8299996037]: Request was unsuccessful 6 time(s)
⚠️ خطای ریکت [user:8299996037]: Request was unsuccessful 6 time(s)
💜 Auto React [user:8299996037]: 🤣
⏰ Last Name: ⌥ 𝟬𝟭:𝟱𝟴
💜 Auto React [user:8299996037]: 🤣
💜 Auto React [user:8299996037]: 🤣
⚠️ خطای ریکت [user:8299996037]: Request was unsuccessful 6 time(s)
⚠️ خطای ریکت [user:8299996037]: Request was unsuccessful 6 time(s)
⚠️ خطای ریکت [user:8299996037]: Request was unsuccessful 6 time(s)
💜 Auto React [user:8299996037]: 🤣
💜 Auto React [user:8299996037]: 🤣
⚠️ خطای ریکت [user:8299996037]: Request was unsuccessful 6 time(s)
💜 Auto React [user:8299996037]: 🤣
⚠️ خطای ریکت [user:8299996037]: Request was unsuccessful 6 time(s)
💜 Auto React [user:8299996037]: 🤣
💜 Auto React [user:8299996037]: 🤣
💜 Auto React [user:8299996037]: 🤣
⚠️ خطای ریکت [user:8299996037]: Request was unsuccessful 6 time(s)
⚠️ خطای ریکت [user:8299996037]: Request was unsuccessful 6 time(s)
⚠️ خطای ریکت [user:8299996037]: Request was unsuccessful 6 time(s)
💜 Auto React [user:8299996037]: 🤣
⚠️ خطای ریکت [user:8299996037]: Request was unsuccessful 6 time(s)
💜 Auto React [user:8299996037]: 🤣
💜 Auto React [user:8299996037]: 🤣
💜 Auto React [user:8299996037]: 🤣
💜 Auto React [user:8299996037]: 🤣
⚠️ خطای ریکت [user:8299996037]: Request was unsuccessful 6 time(s)
💜 Auto React [user:8299996037]: 🤣
⚠️ خطای ریکت [user:8299996037]: Request was unsuccessful 6 time(s)
💜 Auto React [user:8299996037]: 🤣
⏳ Flood wait: 2560s → تاخیر جدید: 2.0s
⏳ Flood wait: 2560s → تاخیر جدید: 4.0s
⏳ Flood wait: 2560s → تاخیر جدید: 8.0s
⏳ Flood wait: 2560s → تاخیر جدید: 15.0s
⏳ Flood wait: 2560s → تاخیر جدید: 15.0s
⏳ Flood wait: 2560s → تاخیر جدید: 15.0s
⏳ Flood wait: 2560s → تاخیر جدید: 15.0s
💜 Auto React [user:8299996037]: 🤣
⏳ Flood wait: 2560s → تاخیر جدید: 15.0s
💜 Auto React [user:8299996037]: 🤣
⚠️ خطای ریکت [user:8299996037]: Request was unsuccessful 6 time(s)
⏳ Flood wait: 2560s → تاخیر جدید: 15.0s
⏳ Flood wait: 2560s → تاخیر جدید: 15.0s
⏳ Flood wait: 2560s → تاخیر جدید: 15.0s
⚠️ خطاهای متوالی → تاخیر جدید: 15.0s
⚠️ خطای ریکت [user:8299996037]: Request was unsuccessful 6 time(s)
⏳ Flood wait: 2559s → تاخیر جدید: 15.0s
⏳ ریکت: صبر 2560.0s (Flood)
⏳ Flood wait: 2559s → تاخیر جدید: 15.0s
⏰ Last Name: ⌥ 𝟬𝟭:𝟱𝟵
⏰ Last Name: ⌥ 𝟬𝟮:𝟬𝟬
⏰ Last Name: ⌥ 𝟬𝟮:𝟬𝟭
⏰ Last Name: ⌥ 𝟬𝟮:𝟬𝟮
⏰ Last Name: ⌥ 𝟬𝟮:𝟬𝟯
⏰ Last Name: ⌥ 𝟬𝟮:𝟬𝟰
⏰ Last Name: ⌥ 𝟬𝟮:𝟬𝟱
⏰ Last Name: ⌥ 𝟬𝟮:𝟬𝟲
⏰ Last Name: ⌥ 𝟬𝟮:𝟬𝟳
⏰ Last Name: ⌥ 𝟬𝟮:𝟬𝟴
⏰ Last Name: ⌥ 𝟬𝟮:𝟬𝟵
⏰ Last Name: ⌥ 𝟬𝟮:𝟭𝟬
⏰ Last Name: ⌥ 𝟬𝟮:𝟭𝟭
⏰ Last Name: ⌥ 𝟬𝟮:𝟭𝟮
⏰ Last Name: ⌥ 𝟬𝟮:𝟭𝟯
⏰ Last Name: ⌥ 𝟬𝟮:𝟭𝟰
⏰ Last Name: ⌥ 𝟬𝟮:𝟭𝟱
⏰ Last Name: ⌥ 𝟬𝟮:𝟭𝟲
⏰ Last Name: ⌥ 𝟬𝟮:𝟭𝟳
⏰ Last Name: ⌥ 𝟬𝟮:𝟭𝟴
⏰ Last Name: ⌥ 𝟬𝟮:𝟭𝟵
⏰ Last Name: ⌥ 𝟬𝟮:𝟮𝟬
⏰ Last Name: ⌥ 𝟬𝟮:𝟮𝟭
⏰ Last Name: ⌥ 𝟬𝟮:𝟮𝟮
⏰ Last Name: ⌥ 𝟬𝟮:𝟮𝟯
⏰ Last Name: ⌥ 𝟬𝟮:𝟮𝟰
⏰ Last Name: ⌥ 𝟬𝟮:𝟮𝟱
⏰ Last Name: ⌥ 𝟬𝟮:𝟮𝟲
⏰ Last Name: ⌥ 𝟬𝟮:𝟮𝟳
⏰ Last Name: ⌥ 𝟬𝟮:𝟮𝟴
⏰ Last Name: ⌥ 𝟬𝟮:𝟮𝟵
⏰ Last Name: ⌥ 𝟬𝟮:𝟯𝟬
⏰ Last Name: ⌥ 𝟬𝟮:𝟯𝟭
⏰ Last Name: ⌥ 𝟬𝟮:𝟯𝟮
⏰ Last Name: ⌥ 𝟬𝟮:𝟯𝟯
⏰ Last Name: ⌥ 𝟬𝟮:𝟯𝟰
⏰ Last Name: ⌥ 𝟬𝟮:𝟯𝟱
⏰ Last Name: ⌥ 𝟬𝟮:𝟯𝟲
⏰ Last Name: ⌥ 𝟬𝟮:𝟯𝟳
⏰ Last Name: ⌥ 𝟬𝟮:𝟯𝟴
⏰ Last Name: ⌥ 𝟬𝟮:𝟯𝟵
⏰ Last Name: ⌥ 𝟬𝟮:𝟰𝟬
⏰ Last Name: ⌥ 𝟬𝟮:𝟰𝟭
⏳ ریکت: صبر 0.0s (Flood)
💜 Auto React [user:8299996037]: 🤣
💜 Auto React [user:8299996037]: 🤣
💜 Auto React [user:8299996037]: 🤣
💜 Auto React [user:8299996037]: 🤣
💜 Auto React [user:8299996037]: 🤣
💜 Auto React [user:8299996037]: 🤣
⏰ Last Name: ⌥ 𝟬𝟮:𝟰𝟮
💜 Auto React [user:8299996037]: 🤣
💜 Auto React [user:8299996037]: 🤣
💜 Auto React [user:8299996037]: 🤣
💜 Auto React [user:8299996037]: 🤣
💜 Auto React [user:8299996037]: 🤣
💜 Auto React [user:8299996037]: 🤣
💜 Auto React [user:8299996037]: 🤣
💜 Auto React [user:8299996037]: 🤣
💜 Auto React [user:8299996037]: 🤣
💜 Auto React [user:8299996037]: 🤣
💜 Auto React [user:8299996037]: 🤣
💜 Auto React [user:8299996037]: 🤣
💜 Auto React [user:8299996037]: 🤣
💜 Auto React [user:8299996037]: 🤣
💜 Auto React [user:8299996037]: 🤣
💜 Auto React [user:8299996037]: 🤣
💜 Auto React [user:8299996037]: 🤣
💜 Auto React [user:8299996037]: 🤣
💜 Auto React [user:8299996037]: 🤣
💜 Auto React [user:8299996037]: 🤣
💜 Auto React [user:8299996037]: 🤣
💜 Auto React [user:8299996037]: 🤣
💜 Auto React [user:8299996037]: 🤣
💜 Auto React [user:8299996037]: 🤣
💜 Auto React [user:8299996037]: 🤣
💜 Auto React [user:8299996037]: 🤣
💜 Auto React [user:8299996037]: 🤣
⚠️ خطای ریکت [user:8299996037]: Request was unsuccessful 6 time(s)
⚠️ خطای ریکت [user:8299996037]: Request was unsuccessful 6 time(s)
💜 Auto React [user:6990187779]: ❤️
💜 Auto React [user:8299996037]: 🤣
💜 Auto React [user:8299996037]: 🤣
⚠️ خطای ریکت [user:8299996037]: Request was unsuccessful 6 time(s)
⚠️ خطای ریکت [user:8299996037]: Request was unsuccessful 6 time(s)
⏰ Last Name: ⌥ 𝟬𝟮:𝟰𝟯
💜 Auto React [user:6990187779]: ❤️
💜 Auto React [user:8299996037]: 🤣
⚠️ خطای ریکت [user:8299996037]: Request was unsuccessful 6 time(s)
💜 Auto React [user:8299996037]: 🤣
⚠️ خطای ریکت [user:8299996037]: Request was unsuccessful 6 time(s)
⚠️ خطای ریکت [user:8299996037]: Request was unsuccessful 6 time(s)
💜 Auto React [user:8299996037]: 🤣
💜 Auto React [user:8299996037]: 🤣
💜 Auto React [user:8299996037]: 🤣
⚠️ خطای ریکت [user:8299996037]: Request was unsuccessful 6 time(s)
⚠️ خطای ریکت [user:8299996037]: Request was unsuccessful 6 time(s)
💜 Auto React [user:6990187779]: ❤️
💜 Auto React [user:8299996037]: 🤣
⚠️ خطای ریکت [user:8299996037]: Request was unsuccessful 6 time(s)
⚠️ خطای ریکت [user:8299996037]: Request was unsuccessful 6 time(s)
💜 Auto React [user:6990187779]: ❤️
⚠️ خطای ریکت [user:8299996037]: Request was unsuccessful 6 time(s)
⚠️ خطای ریکت [user:8299996037]: Request was unsuccessful 6 time(s)
⚠️ خطای ریکت [user:8299996037]: Request was unsuccessful 6 time(s)
💜 Auto React [user:8299996037]: 🤣
💜 Auto React [user:8299996037]: 🤣
💜 Auto React [user:8299996037]: 🤣
⏳ Flood wait: 164s → تاخیر جدید: 2.0s
⏳ Flood wait: 164s → تاخیر جدید: 4.0s
💜 Auto React [user:8299996037]: 🤣
⏳ Flood wait: 164s → تاخیر جدید: 6.4s
⚠️ خطای ریکت [user:8299996037]: Request was unsuccessful 6 time(s)
💜 Auto React [user:8299996037]: 🤣
⏳ Flood wait: 164s → تاخیر جدید: 10.2s
⚠️ خطای ریکت [user:6990187779]: Request was unsuccessful 6 time(s)
⏳ Flood wait: 163s → تاخیر جدید: 15.0s
⏳ Flood wait: 163s → تاخیر جدید: 15.0s
⏳ Flood wait: 163s → تاخیر جدید: 15.0s
⏳ ریکت: صبر 162.7s (Flood)
⏰ Last Name: ⌥ 𝟬𝟮:𝟰𝟰
⏰ Last Name: ⌥ 𝟬𝟮:𝟰𝟱
⏰ Last Name: ⌥ 𝟬𝟮:𝟰𝟲
💜 Auto React [user:8299996037]: 🤣
💜 Auto React [user:8299996037]: 🤣
💜 Auto React [user:8299996037]: 🤣
💜 Auto React [user:8299996037]: 🤣
💜 Auto React [user:8299996037]: 🤣
💜 Auto React [user:8299996037]: 🤣
⏰ Last Name: ⌥ 𝟬𝟮:𝟰𝟳
💜 Auto React [user:8299996037]: 🤣
💜 Auto React [user:8299996037]: 🤣
💜 Auto React [user:8299996037]: 🤣
💜 Auto React [user:8299996037]: 🤣
💜 Auto React [user:8299996037]: 🤣
💜 Auto React [user:8299996037]: 🤣
💜 Auto React [user:8299996037]: 🤣
💜 Auto React [user:8299996037]: 🤣
💜 Auto React [user:8299996037]: 🤣
💜 Auto React [user:8299996037]: 🤣
💜 Auto React [user:8299996037]: 🤣
💜 Auto React [user:8299996037]: 🤣
💜 Auto React [user:8299996037]: 🤣
💜 Auto React [user:8299996037]: 🤣
💜 Auto React [user:8299996037]: 🤣
💜 Auto React [user:8299996037]: 🤣
💜 Auto React [user:8299996037]: 🤣
💜 Auto React [user:8299996037]: 🤣
💜 Auto React [user:8299996037]: 🤣
💜 Auto React [user:8299996037]: 🤣
💜 Auto React [user:8299996037]: 🤣
💜 Auto React [user:8299996037]: 🤣
💜 Auto React [user:8299996037]: 🤣
💜 Auto React [user:8299996037]: 🤣
💜 Auto React [user:8299996037]: 🤣
💜 Auto React [user:8299996037]: 🤣
⚠️ خطای ریکت [user:8299996037]: Request was unsuccessful 6 time(s)
💜 Auto React [user:8299996037]: 🤣
⚠️ خطای ریکت [user:8299996037]: Request was unsuccessful 6 time(s)
💜 Auto React [user:8299996037]: 🤣
💜 Auto React [user:8299996037]: 🤣
⚠️ خطای ریکت [user:8299996037]: Request was unsuccessful 6 time(s)
⚠️ خطای ریکت [user:8299996037]: Request was unsuccessful 6 time(s)
⏰ Last Name: ⌥ 𝟬𝟮:𝟰𝟴
💜 Auto React [user:8299996037]: 🤣
⚠️ خطای ریکت [user:8299996037]: Request was unsuccessful 6 time(s)
💜 Auto React [user:8299996037]: 🤣
💜 Auto React [user:8299996037]: 🤣
💜 Auto React [user:8299996037]: 🤣
💜 Auto React [user:8299996037]: 🤣
💜 Auto React [user:8299996037]: 🤣
💜 Auto React [user:8299996037]: 🤣
💜 Auto React [user:8299996037]: 🤣
💜 Auto React [user:8299996037]: 🤣
💜 Auto React [user:8299996037]: 🤣
💜 Auto React [user:8299996037]: 🤣
⏰ Last Name: ⌥ 𝟬𝟮:𝟰𝟵
💜 Auto React [user:6990187779]: ❤️
⏰ Last Name: ⌥ 𝟬𝟮:𝟱𝟬
💜 Auto React [user:6990187779]: ❤️
⏰ Last Name: ⌥ 𝟬𝟮:𝟱𝟭
⏰ Last Name: ⌥ 𝟬𝟮:𝟱𝟮
⏰ Last Name: ⌥ 𝟬𝟮:𝟱𝟯
⏰ Last Name: ⌥ 𝟬𝟮:𝟱𝟰
⏰ Last Name: ⌥ 𝟬𝟮:𝟱𝟱
⏰ Last Name: ⌥ 𝟬𝟮:𝟱𝟲
⏰ Last Name: ⌥ 𝟬𝟮:𝟱𝟳
⏰ Last Name: ⌥ 𝟬𝟮:𝟱𝟴
⏰ Last Name: ⌥ 𝟬𝟮:𝟱𝟵
⏰ Last Name: ⌥ 𝟬𝟯:𝟬𝟬
⏰ Last Name: ⌥ 𝟬𝟯:𝟬𝟭
⏰ Last Name: ⌥ 𝟬𝟯:𝟬𝟮
💜 Auto React [user:8299996037]: 🤣
💜 Auto React [user:8299996037]: 🤣
⏰ Last Name: ⌥ 𝟬𝟯:𝟬𝟯
💜 Auto React [user:8299996037]: 🤣
💜 Auto React [user:6990187779]: ❤️
💜 Auto React [user:6990187779]: ❤️
💜 Auto React [user:6990187779]: ❤️
💜 Auto React [user:8299996037]: 🤣
⏰ Last Name: ⌥ 𝟬𝟯:𝟬𝟰
⏰ Last Name: ⌥ 𝟬𝟯:𝟬𝟱
⏰ Last Name: ⌥ 𝟬𝟯:𝟬𝟲
⏰ Last Name: ⌥ 𝟬𝟯:𝟬𝟳
⏰ Last Name: ⌥ 𝟬𝟯:𝟬𝟴
⏰ Last Name: ⌥ 𝟬𝟯:𝟬𝟵
⏰ Last Name: ⌥ 𝟬𝟯:𝟭𝟬
⏰ Last Name: ⌥ 𝟬𝟯:𝟭𝟭
⏰ Last Name: ⌥ 𝟬𝟯:𝟭𝟮
⏰ Last Name: ⌥ 𝟬𝟯:𝟭𝟯
⏰ Last Name: ⌥ 𝟬𝟯:𝟭𝟰
⏰ Last Name: ⌥ 𝟬𝟯:𝟭𝟱
⏰ Last Name: ⌥ 𝟬𝟯:𝟭𝟲
⏰ Last Name: ⌥ 𝟬𝟯:𝟭𝟳
💜 Auto React [user:8299996037]: 🤣
💜 Auto React [user:8299996037]: 🤣
💜 Auto React [user:8299996037]: 🤣
💜 Auto React [user:8299996037]: 🤣
💜 Auto React [user:8299996037]: 🤣
⏰ Last Name: ⌥ 𝟬𝟯:𝟭𝟴
💜 Auto React [user:8299996037]: 🤣
💜 Auto React [user:8299996037]: 🤣
💜 Auto React [user:8299996037]: 🤣
💜 Auto React [user:8299996037]: 🤣
💜 Auto React [user:8299996037]: 🤣
💜 Auto React [user:8299996037]: 🤣
💜 Auto React [user:8299996037]: 🤣
💜 Auto React [user:8299996037]: 🤣
⏰ Last Name: ⌥ 𝟬𝟯:𝟭𝟵
💜 Auto React [user:8299996037]: 🤣
💜 Auto React [user:8299996037]: 🤣
💜 Auto React [user:8299996037]: 🤣
💜 Auto React [user:8299996037]: 🤣
💜 Auto React [user:8299996037]: 🤣
💜 Auto React [user:8299996037]: 🤣
💜 Auto React [user:8299996037]: 🤣
⏰ Last Name: ⌥ 𝟬𝟯:𝟮𝟬
💜 Auto React [user:8299996037]: 🤣
💜 Auto React [user:8299996037]: 🤣
💜 Auto React [user:8299996037]: 🤣
💜 Auto React [user:8299996037]: 🤣
💜 Auto React [user:8299996037]: 🤣
💜 Auto React [user:8299996037]: 🤣
💜 Auto React [user:8299996037]: 🤣
💜 Auto React [user:8299996037]: 🤣
⏰ Last Name: ⌥ 𝟬𝟯:𝟮𝟭
💜 Auto React [user:8299996037]: 🤣
⏰ Last Name: ⌥ 𝟬𝟯:𝟮𝟮
⏰ Last Name: ⌥ 𝟬𝟯:𝟮𝟯
⏰ Last Name: ⌥ 𝟬𝟯:𝟮𝟰
⏰ Last Name: ⌥ 𝟬𝟯:𝟮𝟱
⏰ Last Name: ⌥ 𝟬𝟯:𝟮𝟲
⏰ Last Name: ⌥ 𝟬𝟯:𝟮𝟳
⏰ Last Name: ⌥ 𝟬𝟯:𝟮𝟴
⏰ Last Name: ⌥ 𝟬𝟯:𝟮𝟵
⏰ Last Name: ⌥ 𝟬𝟯:𝟯𝟬
⏰ Last Name: ⌥ 𝟬𝟯:𝟯𝟭
⏰ Last Name: ⌥ 𝟬𝟯:𝟯𝟮
⏰ Last Name: ⌥ 𝟬𝟯:𝟯𝟯
⏰ Last Name: ⌥ 𝟬𝟯:𝟯𝟰
⏰ Last Name: ⌥ 𝟬𝟯:𝟯𝟱
💜 Auto React [user:8299996037]: 🤣
💜 Auto React [user:8299996037]: 🤣
💜 Auto React [user:8299996037]: 🤣
⏰ Last Name: ⌥ 𝟬𝟯:𝟯𝟲
💜 Auto React [user:8299996037]: 🤣
💜 Auto React [user:8299996037]: 🤣
💜 Auto React [user:8299996037]: 🤣
⏰ Last Name: ⌥ 𝟬𝟯:𝟯𝟳
💜 Auto React [user:8299996037]: 🤣
💜 Auto React [user:8299996037]: 🤣
💜 Auto React [user:8299996037]: 🤣
💜 Auto React [user:8299996037]: 🤣
💜 Auto React [user:8299996037]: 🤣
⏰ Last Name: ⌥ 𝟬𝟯:𝟯𝟴
💜 Auto React [user:8299996037]: 🤣
💜 Auto React [user:8299996037]: 🤣
⏰ Last Name: ⌥ 𝟬𝟯:𝟯𝟵
⏰ Last Name: ⌥ 𝟬𝟯:𝟰𝟬
⏰ Last Name: ⌥ 𝟬𝟯:𝟰𝟭
⏰ Last Name: ⌥ 𝟬𝟯:𝟰𝟮
⏰ Last Name: ⌥ 𝟬𝟯:𝟰𝟯
⏰ Last Name: ⌥ 𝟬𝟯:𝟰𝟰
⏰ Last Name: ⌥ 𝟬𝟯:𝟰𝟱
⏰ Last Name: ⌥ 𝟬𝟯:𝟰𝟲
⏰ Last Name: ⌥ 𝟬𝟯:𝟰𝟳
⏰ Last Name: ⌥ 𝟬𝟯:𝟰𝟴
⏰ Last Name: ⌥ 𝟬𝟯:𝟰𝟵
⏰ Last Name: ⌥ 𝟬𝟯:𝟱𝟬
⏰ Last Name: ⌥ 𝟬𝟯:𝟱𝟭
⏰ Last Name: ⌥ 𝟬𝟯:𝟱𝟮
💜 Auto React [user:8299996037]: 🤣
💜 Auto React [user:8299996037]: 🤣
💜 Auto React [user:8299996037]: 🤣
💜 Auto React [user:8299996037]: 🤣
💜 Auto React [user:8299996037]: 🤣
💜 Auto React [user:8299996037]: 🤣
⏰ Last Name: ⌥ 𝟬𝟯:𝟱𝟯
⏰ Last Name: ⌥ 𝟬𝟯:𝟱𝟰
⏰ Last Name: ⌥ 𝟬𝟯:𝟱𝟱
⏰ Last Name: ⌥ 𝟬𝟯:𝟱𝟲
⏰ Last Name: ⌥ 𝟬𝟯:𝟱𝟳
⏰ Last Name: ⌥ 𝟬𝟯:𝟱𝟴
⏰ Last Name: ⌥ 𝟬𝟯:𝟱𝟵
⏰ Last Name: ⌥ 𝟬𝟰:𝟬𝟬
⏰ Last Name: ⌥ 𝟬𝟰:𝟬𝟭
⏰ Last Name: ⌥ 𝟬𝟰:𝟬𝟮
⏰ Last Name: ⌥ 𝟬𝟰:𝟬𝟯
⏰ Last Name: ⌥ 𝟬𝟰:𝟬𝟰
⏰ Last Name: ⌥ 𝟬𝟰:𝟬𝟱
⏰ Last Name: ⌥ 𝟬𝟰:𝟬𝟲
⏰ Last Name: ⌥ 𝟬𝟰:𝟬𝟳
💜 Auto React [user:8299996037]: 🤣
💜 Auto React [user:8299996037]: 🤣
💜 Auto React [user:8299996037]: 🤣
💜 Auto React [user:8299996037]: 🤣
💜 Auto React [user:8299996037]: 🤣
⏰ Last Name: ⌥ 𝟬𝟰:𝟬𝟴
💜 Auto React [user:8299996037]: 🤣
💜 Auto React [user:8299996037]: 🤣
⏰ Last Name: ⌥ 𝟬𝟰:𝟬𝟵
⏰ Last Name: ⌥ 𝟬𝟰:𝟭𝟬
⏰ Last Name: ⌥ 𝟬𝟰:𝟭𝟭
⏰ Last Name: ⌥ 𝟬𝟰:𝟭𝟮
⏰ Last Name: ⌥ 𝟬𝟰:𝟭𝟯
⏰ Last Name: ⌥ 𝟬𝟰:𝟭𝟰
⏰ Last Name: ⌥ 𝟬𝟰:𝟭𝟱
⏰ Last Name: ⌥ 𝟬𝟰:𝟭𝟲
⏰ Last Name: ⌥ 𝟬𝟰:𝟭𝟳
⏰ Last Name: ⌥ 𝟬𝟰:𝟭𝟴
⏰ Last Name: ⌥ 𝟬𝟰:𝟭𝟵
⏰ Last Name: ⌥ 𝟬𝟰:𝟮𝟬
⏰ Last Name: ⌥ 𝟬𝟰:𝟮𝟭
⏰ Last Name: ⌥ 𝟬𝟰:𝟮𝟮
💜 Auto React [user:8299996037]: 🤣
💜 Auto React [user:8299996037]: 🤣
💜 Auto React [user:8299996037]: 🤣
⏰ Last Name: ⌥ 𝟬𝟰:𝟮𝟯
💜 Auto React [user:8299996037]: 🤣
💜 Auto React [user:8299996037]: 🤣
⏰ Last Name: ⌥ 𝟬𝟰:𝟮𝟰
⏰ Last Name: ⌥ 𝟬𝟰:𝟮𝟱
⏰ Last Name: ⌥ 𝟬𝟰:𝟮𝟲
⏰ Last Name: ⌥ 𝟬𝟰:𝟮𝟳
⏰ Last Name: ⌥ 𝟬𝟰:𝟮𝟴
⏰ Last Name: ⌥ 𝟬𝟰:𝟮𝟵
⏰ Last Name: ⌥ 𝟬𝟰:𝟯𝟬
⏰ Last Name: ⌥ 𝟬𝟰:𝟯𝟭
⏰ Last Name: ⌥ 𝟬𝟰:𝟯𝟮
⏰ Last Name: ⌥ 𝟬𝟰:𝟯𝟯
⏰ Last Name: ⌥ 𝟬𝟰:𝟯𝟰
⏰ Last Name: ⌥ 𝟬𝟰:𝟯𝟱
⏰ Last Name: ⌥ 𝟬𝟰:𝟯𝟲
⏰ Last Name: ⌥ 𝟬𝟰:𝟯𝟳
⏰ Last Name: ⌥ 𝟬𝟰:𝟯𝟴
💜 Auto React [user:8299996037]: 🤣
💜 Auto React [user:8299996037]: 🤣
⏰ Last Name: ⌥ 𝟬𝟰:𝟯𝟵
⏰ Last Name: ⌥ 𝟬𝟰:𝟰𝟬
⏰ Last Name: ⌥ 𝟬𝟰:𝟰𝟭
⏰ Last Name: ⌥ 𝟬𝟰:𝟰𝟮
⏰ Last Name: ⌥ 𝟬𝟰:𝟰𝟯
⏰ Last Name: ⌥ 𝟬𝟰:𝟰𝟰
⏰ Last Name: ⌥ 𝟬𝟰:𝟰𝟱
⏰ Last Name: ⌥ 𝟬𝟰:𝟰𝟲
⏰ Last Name: ⌥ 𝟬𝟰:𝟰𝟳
⏰ Last Name: ⌥ 𝟬𝟰:𝟰𝟴
⏰ Last Name: ⌥ 𝟬𝟰:𝟰𝟵
⏰ Last Name: ⌥ 𝟬𝟰:𝟱𝟬
⏰ Last Name: ⌥ 𝟬𝟰:𝟱𝟭
⏰ Last Name: ⌥ 𝟬𝟰:𝟱𝟮
⏰ Last Name: ⌥ 𝟬𝟰:𝟱𝟯
⏰ Last Name: ⌥ 𝟬𝟰:𝟱𝟰
💜 Auto React [user:8299996037]: 🤣
⏰ Last Name: ⌥ 𝟬𝟰:𝟱𝟱
⏰ Last Name: ⌥ 𝟬𝟰:𝟱𝟲
⏰ Last Name: ⌥ 𝟬𝟰:𝟱𝟳
⏰ Last Name: ⌥ 𝟬𝟰:𝟱𝟴
⏰ Last Name: ⌥ 𝟬𝟰:𝟱𝟵
⏰ Last Name: ⌥ 𝟬𝟱:𝟬𝟬
⏰ Last Name: ⌥ 𝟬𝟱:𝟬𝟭
⏰ Last Name: ⌥ 𝟬𝟱:𝟬𝟮
⏰ Last Name: ⌥ 𝟬𝟱:𝟬𝟯
💜 Auto React [user:6990187779]: ❤️
⏰ Last Name: ⌥ 𝟬𝟱:𝟬𝟰
⏰ Last Name: ⌥ 𝟬𝟱:𝟬𝟱
⏰ Last Name: ⌥ 𝟬𝟱:𝟬𝟲
⏰ Last Name: ⌥ 𝟬𝟱:𝟬𝟳
⏰ Last Name: ⌥ 𝟬𝟱:𝟬𝟴
⏰ Last Name: ⌥ 𝟬𝟱:𝟬𝟵
💜 Auto React [user:8299996037]: 🤣
💜 Auto React [user:8299996037]: 🤣
⏰ Last Name: ⌥ 𝟬𝟱:𝟭𝟬
💜 Auto React [user:8299996037]: 🤣
⏰ Last Name: ⌥ 𝟬𝟱:𝟭𝟭
⏰ Last Name: ⌥ 𝟬𝟱:𝟭𝟮
⏰ Last Name: ⌥ 𝟬𝟱:𝟭𝟯
⏰ Last Name: ⌥ 𝟬𝟱:𝟭𝟰
💜 Auto React [user:6990187779]: ❤️
💜 Auto React [user:6990187779]: ❤️
⏰ Last Name: ⌥ 𝟬𝟱:𝟭𝟱
💜 Auto React [user:6990187779]: ❤️
💜 Auto React [user:6990187779]: ❤️
⏰ Last Name: ⌥ 𝟬𝟱:𝟭𝟲
💜 Auto React [user:6990187779]: ❤️
⏰ Last Name: ⌥ 𝟬𝟱:𝟭𝟳
💜 Auto React [user:6990187779]: ❤️
💜 Auto React [user:6990187779]: ❤️
💜 Auto React [user:6990187779]: ❤️
⏰ Last Name: ⌥ 𝟬𝟱:𝟭𝟴
💜 Auto React [user:6990187779]: ❤️
💜 Auto React [user:6990187779]: ❤️
⏰ Last Name: ⌥ 𝟬𝟱:𝟭𝟵
💜 Auto React [user:6990187779]: ❤️
💜 Auto React [user:6990187779]: ❤️
💜 Auto React [user:6990187779]: ❤️
💜 Auto React [user:6990187779]: ❤️
⏰ Last Name: ⌥ 𝟬𝟱:𝟮𝟬
💜 Auto React [user:6990187779]: ❤️
💜 Auto React [user:6990187779]: ❤️
💜 Auto React [user:6990187779]: ❤️
💜 Auto React [user:6990187779]: ❤️
💜 Auto React [user:6990187779]: ❤️
⏰ Last Name: ⌥ 𝟬𝟱:𝟮𝟭
💜 Auto React [user:6990187779]: ❤️
⏰ Last Name: ⌥ 𝟬𝟱:𝟮𝟮
⏰ Last Name: ⌥ 𝟬𝟱:𝟮𝟯
⏰ Last Name: ⌥ 𝟬𝟱:𝟮𝟰
⏰ Last Name: ⌥ 𝟬𝟱:𝟮𝟱
⏰ Last Name: ⌥ 𝟬𝟱:𝟮𝟲
⏰ Last Name: ⌥ 𝟬𝟱:𝟮𝟳
⏰ Last Name: ⌥ 𝟬𝟱:𝟮𝟴
⏰ Last Name: ⌥ 𝟬𝟱:𝟮𝟵
⏰ Last Name: ⌥ 𝟬𝟱:𝟯𝟬
⏰ Last Name: ⌥ 𝟬𝟱:𝟯𝟭
⏰ Last Name: ⌥ 𝟬𝟱:𝟯𝟮
⏰ Last Name: ⌥ 𝟬𝟱:𝟯𝟯
⏰ Last Name: ⌥ 𝟬𝟱:𝟯𝟰
⏰ Last Name: ⌥ 𝟬𝟱:𝟯𝟱
⏰ Last Name: ⌥ 𝟬𝟱:𝟯𝟲
⏰ Last Name: ⌥ 𝟬𝟱:𝟯𝟳
💜 Auto React [user:6990187779]: ❤️
⏰ Last Name: ⌥ 𝟬𝟱:𝟯𝟴
💜 Auto React [user:6990187779]: ❤️
💜 Auto React [user:6990187779]: ❤️
💜 Auto React [user:6990187779]: ❤️
💜 Auto React [user:6990187779]: ❤️
💜 Auto React [user:6990187779]: ❤️
⏰ Last Name: ⌥ 𝟬𝟱:𝟯𝟵
⏰ Last Name: ⌥ 𝟬𝟱:𝟰𝟬
💜 Auto React [user:6990187779]: ❤️
💜 Auto React [user:8299996037]: 🤣
💜 Auto React [user:8299996037]: 🤣
💜 Auto React [user:6990187779]: ❤️
💜 Auto React [user:6990187779]: ❤️
💜 Auto React [user:8299996037]: 🤣
💜 Auto React [user:6990187779]: ❤️
💜 Auto React [user:6990187779]: ❤️
💜 Auto React [user:8299996037]: 🤣
💜 Auto React [user:8299996037]: 🤣
⏰ Last Name: ⌥ 𝟬𝟱:𝟰𝟭
💜 Auto React [user:8299996037]: 🤣
💜 Auto React [user:8299996037]: 🤣
💜 Auto React [user:6990187779]: ❤️
💜 Auto React [user:6990187779]: ❤️
⏰ Last Name: ⌥ 𝟬𝟱:𝟰𝟮
💜 Auto React [user:6990187779]: ❤️
💜 Auto React [user:6990187779]: ❤️
⏰ Last Name: ⌥ 𝟬𝟱:𝟰𝟯
💜 Auto React [user:6990187779]: ❤️
💜 Auto React [user:6990187779]: ❤️
💜 Auto React [user:6990187779]: ❤️
⏰ Last Name: ⌥ 𝟬𝟱:𝟰𝟰
💜 Auto React [user:6990187779]: ❤️
💜 Auto React [user:6990187779]: ❤️
⏰ Last Name: ⌥ 𝟬𝟱:𝟰𝟱
💜 Auto React [user:6990187779]: ❤️
💜 Auto React [user:6990187779]: ❤️
💜 Auto React [user:6990187779]: ❤️
⏰ Last Name: ⌥ 𝟬𝟱:𝟰𝟲
💜 Auto React [user:6990187779]: ❤️
💜 Auto React [user:6990187779]: ❤️
⏰ Last Name: ⌥ 𝟬𝟱:𝟰𝟳
⏰ Last Name: ⌥ 𝟬𝟱:𝟰𝟴
⏰ Last Name: ⌥ 𝟬𝟱:𝟰𝟵
⏰ Last Name: ⌥ 𝟬𝟱:𝟱𝟬
⏰ Last Name: ⌥ 𝟬𝟱:𝟱𝟭
⏰ Last Name: ⌥ 𝟬𝟱:𝟱𝟮
⏰ Last Name: ⌥ 𝟬𝟱:𝟱𝟯
⏰ Last Name: ⌥ 𝟬𝟱:𝟱𝟰
⏰ Last Name: ⌥ 𝟬𝟱:𝟱𝟱
💜 Auto React [user:8299996037]: 🤣
💜 Auto React [user:8299996037]: 🤣
💜 Auto React [user:8299996037]: 🤣
💜 Auto React [user:8299996037]: 🤣
💜 Auto React [user:8299996037]: 🤣
💜 Auto React [user:8299996037]: 🤣
💜 Auto React [user:8299996037]: 🤣
⏰ Last Name: ⌥ 𝟬𝟱:𝟱𝟲
⏰ Last Name: ⌥ 𝟬𝟱:𝟱𝟳
⏰ Last Name: ⌥ 𝟬𝟱:𝟱𝟴
⏰ Last Name: ⌥ 𝟬𝟱:𝟱𝟵
⏰ Last Name: ⌥ 𝟬𝟲:𝟬𝟬
⏰ Last Name: ⌥ 𝟬𝟲:𝟬𝟭
💜 Auto React [user:6990187779]: ❤️
💜 Auto React [user:6990187779]: ❤️
💜 Auto React [user:6990187779]: ❤️
⏰ Last Name: ⌥ 𝟬𝟲:𝟬𝟮
⏰ Last Name: ⌥ 𝟬𝟲:𝟬𝟯
⏰ Last Name: ⌥ 𝟬𝟲:𝟬𝟰
⏰ Last Name: ⌥ 𝟬𝟲:𝟬𝟱
⏰ Last Name: ⌥ 𝟬𝟲:𝟬𝟲
⏰ Last Name: ⌥ 𝟬𝟲:𝟬𝟳
⏰ Last Name: ⌥ 𝟬𝟲:𝟬𝟴
⏰ Last Name: ⌥ 𝟬𝟲:𝟬𝟵
⏰ Last Name: ⌥ 𝟬𝟲:𝟭𝟬
💜 Auto React [user:8299996037]: 🤣
💜 Auto React [user:8299996037]: 🤣
💜 Auto React [user:8299996037]: 🤣
⏰ Last Name: ⌥ 𝟬𝟲:𝟭𝟭
💜 Auto React [user:8299996037]: 🤣
💜 Auto React [user:8299996037]: 🤣
💜 Auto React [user:8299996037]: 🤣
💜 Auto React [user:8299996037]: 🤣
💜 Auto React [user:8299996037]: 🤣
💜 Auto React [user:8299996037]: 🤣
⏰ Last Name: ⌥ 𝟬𝟲:𝟭𝟮
💜 Auto React [user:8299996037]: 🤣
⏰ Last Name: ⌥ 𝟬𝟲:𝟭𝟯
⏰ Last Name: ⌥ 𝟬𝟲:𝟭𝟰
⏰ Last Name: ⌥ 𝟬𝟲:𝟭𝟱
⏰ Last Name: ⌥ 𝟬𝟲:𝟭𝟲
⏰ Last Name: ⌥ 𝟬𝟲:𝟭𝟳
⏰ Last Name: ⌥ 𝟬𝟲:𝟭𝟴
⏰ Last Name: ⌥ 𝟬𝟲:𝟭𝟵
⏰ Last Name: ⌥ 𝟬𝟲:𝟮𝟬
⏰ Last Name: ⌥ 𝟬𝟲:𝟮𝟭
⏰ Last Name: ⌥ 𝟬𝟲:𝟮𝟮
⏰ Last Name: ⌥ 𝟬𝟲:𝟮𝟯
⏰ Last Name: ⌥ 𝟬𝟲:𝟮𝟰
⏰ Last Name: ⌥ 𝟬𝟲:𝟮𝟱
⏰ Last Name: ⌥ 𝟬𝟲:𝟮𝟲
💜 Auto React [user:8299996037]: 🤣
💜 Auto React [user:8299996037]: 🤣
💜 Auto React [user:8299996037]: 🤣
⏰ Last Name: ⌥ 𝟬𝟲:𝟮𝟳
⏰ Last Name: ⌥ 𝟬𝟲:𝟮𝟴
⏰ Last Name: ⌥ 𝟬𝟲:𝟮𝟵
⏰ Last Name: ⌥ 𝟬𝟲:𝟯𝟬
⏰ Last Name: ⌥ 𝟬𝟲:𝟯𝟭
⏰ Last Name: ⌥ 𝟬𝟲:𝟯𝟮
⏰ Last Name: ⌥ 𝟬𝟲:𝟯𝟯
⏰ Last Name: ⌥ 𝟬𝟲:𝟯𝟰
⏰ Last Name: ⌥ 𝟬𝟲:𝟯𝟱
⏰ Last Name: ⌥ 𝟬𝟲:𝟯𝟲
⏰ Last Name: ⌥ 𝟬𝟲:𝟯𝟳
⏰ Last Name: ⌥ 𝟬𝟲:𝟯𝟴
⏰ Last Name: ⌥ 𝟬𝟲:𝟯𝟵
⏰ Last Name: ⌥ 𝟬𝟲:𝟰𝟬
⏰ Last Name: ⌥ 𝟬𝟲:𝟰𝟭
💜 Auto React [user:8299996037]: 🤣
⏰ Last Name: ⌥ 𝟬𝟲:𝟰𝟮
💜 Auto React [user:8299996037]: 🤣
💜 Auto React [user:8299996037]: 🤣
💜 Auto React [user:8299996037]: 🤣
💜 Auto React [user:8299996037]: 🤣
💜 Auto React [user:8299996037]: 🤣
💜 Auto React [user:8299996037]: 🤣
⏰ Last Name: ⌥ 𝟬𝟲:𝟰𝟯
⏰ Last Name: ⌥ 𝟬𝟲:𝟰𝟰
⏰ Last Name: ⌥ 𝟬𝟲:𝟰𝟱
💜 Auto React [user:6990187779]: ❤️
⏰ Last Name: ⌥ 𝟬𝟲:𝟰𝟲
⏰ Last Name: ⌥ 𝟬𝟲:𝟰𝟳
⏰ Last Name: ⌥ 𝟬𝟲:𝟰𝟴
⏰ Last Name: ⌥ 𝟬𝟲:𝟰𝟵
⏰ Last Name: ⌥ 𝟬𝟲:𝟱𝟬
💜 Auto React [user:6990187779]: ❤️
💜 Auto React [user:6990187779]: ❤️
⏰ Last Name: ⌥ 𝟬𝟲:𝟱𝟭
💜 Auto React [user:6990187779]: ❤️
⏰ Last Name: ⌥ 𝟬𝟲:𝟱𝟮
💜 Auto React [user:6990187779]: ❤️
💜 Auto React [user:6990187779]: ❤️
💜 Auto React [user:6990187779]: ❤️
💜 Auto React [user:6990187779]: ❤️
⏰ Last Name: ⌥ 𝟬𝟲:𝟱𝟯
⏰ Last Name: ⌥ 𝟬𝟲:𝟱𝟰
⏰ Last Name: ⌥ 𝟬𝟲:𝟱𝟱
💜 Auto React [user:6990187779]: ❤️
⏰ Last Name: ⌥ 𝟬𝟲:𝟱𝟲
⏰ Last Name: ⌥ 𝟬𝟲:𝟱𝟳
💜 Auto React [user:8299996037]: 🤣
💜 Auto React [user:8299996037]: 🤣
💜 Auto React [user:8299996037]: 🤣
💜 Auto React [user:8299996037]: 🤣
💜 Auto React [user:6990187779]: ❤️
💜 Auto React [user:8299996037]: 🤣
💜 Auto React [user:6990187779]: ❤️
💜 Auto React [user:6990187779]: ❤️
💜 Auto React [user:6990187779]: ❤️
💜 Auto React [user:8299996037]: 🤣
💜 Auto React [user:8299996037]: 🤣
⏰ Last Name: ⌥ 𝟬𝟲:𝟱𝟴
💜 Auto React [user:8299996037]: 🤣
💜 Auto React [user:8299996037]: 🤣
💜 Auto React [user:8299996037]: 🤣
💜 Auto React [user:8299996037]: 🤣
💜 Auto React [user:8299996037]: 🤣
💜 Auto React [user:8299996037]: 🤣
💜 Auto React [user:8299996037]: 🤣
💜 Auto React [user:8299996037]: 🤣
💜 Auto React [user:8299996037]: 🤣
💜 Auto React [user:8299996037]: 🤣
💜 Auto React [user:8299996037]: 🤣
💜 Auto React [user:8299996037]: 🤣
💜 Auto React [user:8299996037]: 🤣
💜 Auto React [user:8299996037]: 🤣
💜 Auto React [user:8299996037]: 🤣
💜 Auto React [user:6990187779]: ❤️
💜 Auto React [user:8299996037]: 🤣
💜 Auto React [user:8299996037]: 🤣
💜 Auto React [user:8299996037]: 🤣
⏰ Last Name: ⌥ 𝟬𝟲:𝟱𝟵
💜 Auto React [user:8299996037]: 🤣
💜 Auto React [user:6990187779]: ❤️
💜 Auto React [user:6990187779]: ❤️
💜 Auto React [user:6990187779]: ❤️
⏰ Last Name: ⌥ 𝟬𝟳:𝟬𝟬
⏰ Last Name: ⌥ 𝟬𝟳:𝟬𝟭
⏰ Last Name: ⌥ 𝟬𝟳:𝟬𝟮
⏰ Last Name: ⌥ 𝟬𝟳:𝟬𝟯
⏰ Last Name: ⌥ 𝟬𝟳:𝟬𝟰
⏰ Last Name: ⌥ 𝟬𝟳:𝟬𝟱
⏰ Last Name: ⌥ 𝟬𝟳:𝟬𝟲
⏰ Last Name: ⌥ 𝟬𝟳:𝟬𝟳
⏰ Last Name: ⌥ 𝟬𝟳:𝟬𝟴
⏰ Last Name: ⌥ 𝟬𝟳:𝟬𝟵
⏰ Last Name: ⌥ 𝟬𝟳:𝟭𝟬
⏰ Last Name: ⌥ 𝟬𝟳:𝟭𝟭
⏰ Last Name: ⌥ 𝟬𝟳:𝟭𝟮
💜 Auto React [user:8299996037]: 🤣
💜 Auto React [user:8299996037]: 🤣
💜 Auto React [user:8299996037]: 🤣
⏰ Last Name: ⌥ 𝟬𝟳:𝟭𝟯
💜 Auto React [user:8299996037]: 🤣
💜 Auto React [user:8299996037]: 🤣
💜 Auto React [user:8299996037]: 🤣
💜 Auto React [user:8299996037]: 🤣
💜 Auto React [user:8299996037]: 🤣
💜 Auto React [user:8299996037]: 🤣
💜 Auto React [user:8299996037]: 🤣
💜 Auto React [user:8299996037]: 🤣
💜 Auto React [user:8299996037]: 🤣
💜 Auto React [user:8299996037]: 🤣
💜 Auto React [user:8299996037]: 🤣
⏰ Last Name: ⌥ 𝟬𝟳:𝟭𝟰
💜 Auto React [user:8299996037]: 🤣
💜 Auto React [user:8299996037]: 🤣
💜 Auto React [user:8299996037]: 🤣
💜 Auto React [user:8299996037]: 🤣
💜 Auto React [user:8299996037]: 🤣
💜 Auto React [user:8299996037]: 🤣
💜 Auto React [user:8299996037]: 🤣
⏰ Last Name: ⌥ 𝟬𝟳:𝟭𝟱
⏰ Last Name: ⌥ 𝟬𝟳:𝟭𝟲
⏰ Last Name: ⌥ 𝟬𝟳:𝟭𝟳
⏰ Last Name: ⌥ 𝟬𝟳:𝟭𝟴
⏰ Last Name: ⌥ 𝟬𝟳:𝟭𝟵
⏰ Last Name: ⌥ 𝟬𝟳:𝟮𝟬
⏰ Last Name: ⌥ 𝟬𝟳:𝟮𝟭
⏰ Last Name: ⌥ 𝟬𝟳:𝟮𝟮
⏰ Last Name: ⌥ 𝟬𝟳:𝟮𝟯
⏰ Last Name: ⌥ 𝟬𝟳:𝟮𝟰
⏰ Last Name: ⌥ 𝟬𝟳:𝟮𝟱
⏰ Last Name: ⌥ 𝟬𝟳:𝟮𝟲
⏰ Last Name: ⌥ 𝟬𝟳:𝟮𝟳
⏰ Last Name: ⌥ 𝟬𝟳:𝟮𝟴
⏰ Last Name: ⌥ 𝟬𝟳:𝟮𝟵
⏰ Last Name: ⌥ 𝟬𝟳:𝟯𝟬
⏰ Last Name: ⌥ 𝟬𝟳:𝟯𝟭
⏰ Last Name: ⌥ 𝟬𝟳:𝟯𝟮
⏰ Last Name: ⌥ 𝟬𝟳:𝟯𝟯
💜 Auto React [user:6990187779]: ❤️
💜 Auto React [user:6990187779]: ❤️
💜 Auto React [user:6990187779]: ❤️
⏰ Last Name: ⌥ 𝟬𝟳:𝟯𝟰
⏰ Last Name: ⌥ 𝟬𝟳:𝟯𝟱
⏰ Last Name: ⌥ 𝟬𝟳:𝟯𝟲
⏰ Last Name: ⌥ 𝟬𝟳:𝟯𝟳
⏰ Last Name: ⌥ 𝟬𝟳:𝟯𝟴
⏰ Last Name: ⌥ 𝟬𝟳:𝟯𝟵
⏰ Last Name: ⌥ 𝟬𝟳:𝟰𝟬
⏰ Last Name: ⌥ 𝟬𝟳:𝟰𝟭
⏰ Last Name: ⌥ 𝟬𝟳:𝟰𝟮
⏰ Last Name: ⌥ 𝟬𝟳:𝟰𝟯
💜 Auto React [user:8299996037]: 🤣
💜 Auto React [user:8299996037]: 🤣
💜 Auto React [user:8299996037]: 🤣
💜 Auto React [user:8299996037]: 🤣
⏰ Last Name: ⌥ 𝟬𝟳:𝟰𝟰
💜 Auto React [user:8299996037]: 🤣
💜 Auto React [user:8299996037]: 🤣
💜 Auto React [user:8299996037]: 🤣
💜 Auto React [user:8299996037]: 🤣
💜 Auto React [user:8299996037]: 🤣
💜 Auto React [user:8299996037]: 🤣
💜 Auto React [user:8299996037]: 🤣
💜 Auto React [user:8299996037]: 🤣
⏰ Last Name: ⌥ 𝟬𝟳:𝟰𝟱
💜 Auto React [user:8299996037]: 🤣
⏰ Last Name: ⌥ 𝟬𝟳:𝟰𝟲
⏰ Last Name: ⌥ 𝟬𝟳:𝟰𝟳
⏰ Last Name: ⌥ 𝟬𝟳:𝟰𝟴
⏰ Last Name: ⌥ 𝟬𝟳:𝟰𝟵
⏰ Last Name: ⌥ 𝟬𝟳:𝟱𝟬
⏰ Last Name: ⌥ 𝟬𝟳:𝟱𝟭
⏰ Last Name: ⌥ 𝟬𝟳:𝟱𝟮
⏰ Last Name: ⌥ 𝟬𝟳:𝟱𝟯
⏰ Last Name: ⌥ 𝟬𝟳:𝟱𝟰
⏰ Last Name: ⌥ 𝟬𝟳:𝟱𝟱
⏰ Last Name: ⌥ 𝟬𝟳:𝟱𝟲
⏰ Last Name: ⌥ 𝟬𝟳:𝟱𝟳
⏰ Last Name: ⌥ 𝟬𝟳:𝟱𝟴
⏰ Last Name: ⌥ 𝟬𝟳:𝟱𝟵
💜 Auto React [user:8299996037]: 🤣
💜 Auto React [user:8299996037]: 🤣
💜 Auto React [user:8299996037]: 🤣
⏰ Last Name: ⌥ 𝟬𝟴:𝟬𝟬
💜 Auto React [user:8299996037]: 🤣
💜 Auto React [user:8299996037]: 🤣
💜 Auto React [user:8299996037]: 🤣
⏰ Last Name: ⌥ 𝟬𝟴:𝟬𝟭
⏰ Last Name: ⌥ 𝟬𝟴:𝟬𝟮
⏰ Last Name: ⌥ 𝟬𝟴:𝟬𝟯
⏰ Last Name: ⌥ 𝟬𝟴:𝟬𝟰
⏰ Last Name: ⌥ 𝟬𝟴:𝟬𝟱
⏰ Last Name: ⌥ 𝟬𝟴:𝟬𝟲
⏰ Last Name: ⌥ 𝟬𝟴:𝟬𝟳
⏰ Last Name: ⌥ 𝟬𝟴:𝟬𝟴
⏰ Last Name: ⌥ 𝟬𝟴:𝟬𝟵
⏰ Last Name: ⌥ 𝟬𝟴:𝟭𝟬
⏰ Last Name: ⌥ 𝟬𝟴:𝟭𝟭
⏰ Last Name: ⌥ 𝟬𝟴:𝟭𝟮
⏰ Last Name: ⌥ 𝟬𝟴:𝟭𝟯
⏰ Last Name: ⌥ 𝟬𝟴:𝟭𝟰
⏰ Last Name: ⌥ 𝟬𝟴:𝟭𝟱
💜 Auto React [user:8299996037]: 🤣
⏰ Last Name: ⌥ 𝟬𝟴:𝟭𝟲
⏰ Last Name: ⌥ 𝟬𝟴:𝟭𝟳
⏰ Last Name: ⌥ 𝟬𝟴:𝟭𝟴
⏰ Last Name: ⌥ 𝟬𝟴:𝟭𝟵
⏰ Last Name: ⌥ 𝟬𝟴:𝟮𝟬
⏰ Last Name: ⌥ 𝟬𝟴:𝟮𝟭
⏰ Last Name: ⌥ 𝟬𝟴:𝟮𝟮
⏰ Last Name: ⌥ 𝟬𝟴:𝟮𝟯
⏰ Last Name: ⌥ 𝟬𝟴:𝟮𝟰
⏰ Last Name: ⌥ 𝟬𝟴:𝟮𝟱
⏰ Last Name: ⌥ 𝟬𝟴:𝟮𝟲
⏰ Last Name: ⌥ 𝟬𝟴:𝟮𝟳
⏰ Last Name: ⌥ 𝟬𝟴:𝟮𝟴
⏰ Last Name: ⌥ 𝟬𝟴:𝟮𝟵
💜 Auto React [user:8299996037]: 🤣
💜 Auto React [user:8299996037]: 🤣
⏰ Last Name: ⌥ 𝟬𝟴:𝟯𝟬
💜 Auto React [user:8299996037]: 🤣
💜 Auto React [user:8299996037]: 🤣
💜 Auto React [user:8299996037]: 🤣
💜 Auto React [user:8299996037]: 🤣
💜 Auto React [user:8299996037]: 🤣
💜 Auto React [user:8299996037]: 🤣
💜 Auto React [user:8299996037]: 🤣
💜 Auto React [user:8299996037]: 🤣
💜 Auto React [user:8299996037]: 🤣
💜 Auto React [user:8299996037]: 🤣
⏰ Last Name: ⌥ 𝟬𝟴:𝟯𝟭
💜 Auto React [user:8299996037]: 🤣
⏰ Last Name: ⌥ 𝟬𝟴:𝟯𝟮
⏰ Last Name: ⌥ 𝟬𝟴:𝟯𝟯
⏰ Last Name: ⌥ 𝟬𝟴:𝟯𝟰
⏰ Last Name: ⌥ 𝟬𝟴:𝟯𝟱
⏰ Last Name: ⌥ 𝟬𝟴:𝟯𝟲
⏰ Last Name: ⌥ 𝟬𝟴:𝟯𝟳
⏰ Last Name: ⌥ 𝟬𝟴:𝟯𝟴
⏰ Last Name: ⌥ 𝟬𝟴:𝟯𝟵
⏰ Last Name: ⌥ 𝟬𝟴:𝟰𝟬
⏰ Last Name: ⌥ 𝟬𝟴:𝟰𝟭
⏰ Last Name: ⌥ 𝟬𝟴:𝟰𝟮
⏰ Last Name: ⌥ 𝟬𝟴:𝟰𝟯
⏰ Last Name: ⌥ 𝟬𝟴:𝟰𝟰
⏰ Last Name: ⌥ 𝟬𝟴:𝟰𝟱
💜 Auto React [user:8299996037]: 🤣
⏰ Last Name: ⌥ 𝟬𝟴:𝟰𝟲
💜 Auto React [user:8299996037]: 🤣
⏰ Last Name: ⌥ 𝟬𝟴:𝟰𝟳
⏰ Last Name: ⌥ 𝟬𝟴:𝟰𝟴
⏰ Last Name: ⌥ 𝟬𝟴:𝟰𝟵
⏰ Last Name: ⌥ 𝟬𝟴:𝟱𝟬
⏰ Last Name: ⌥ 𝟬𝟴:𝟱𝟭
⏰ Last Name: ⌥ 𝟬𝟴:𝟱𝟮
⏰ Last Name: ⌥ 𝟬𝟴:𝟱𝟯
⏰ Last Name: ⌥ 𝟬𝟴:𝟱𝟰
⏰ Last Name: ⌥ 𝟬𝟴:𝟱𝟱
⏰ Last Name: ⌥ 𝟬𝟴:𝟱𝟲
⏰ Last Name: ⌥ 𝟬𝟴:𝟱𝟳
⏰ Last Name: ⌥ 𝟬𝟴:𝟱𝟴
⏰ Last Name: ⌥ 𝟬𝟴:𝟱𝟵
⏰ Last Name: ⌥ 𝟬𝟵:𝟬𝟬
⏰ Last Name: ⌥ 𝟬𝟵:𝟬𝟭
💜 Auto React [user:8299996037]: 🤣
⏰ Last Name: ⌥ 𝟬𝟵:𝟬𝟮
⏰ Last Name: ⌥ 𝟬𝟵:𝟬𝟯
⏰ Last Name: ⌥ 𝟬𝟵:𝟬𝟰
⏰ Last Name: ⌥ 𝟬𝟵:𝟬𝟱
⏰ Last Name: ⌥ 𝟬𝟵:𝟬𝟲
⏰ Last Name: ⌥ 𝟬𝟵:𝟬𝟳
⏰ Last Name: ⌥ 𝟬𝟵:𝟬𝟴
⏰ Last Name: ⌥ 𝟬𝟵:𝟬𝟵
⏰ Last Name: ⌥ 𝟬𝟵:𝟭𝟬
⏰ Last Name: ⌥ 𝟬𝟵:𝟭𝟭
⏰ Last Name: ⌥ 𝟬𝟵:𝟭𝟮
⏰ Last Name: ⌥ 𝟬𝟵:𝟭𝟯
⏰ Last Name: ⌥ 𝟬𝟵:𝟭𝟰
⏰ Last Name: ⌥ 𝟬𝟵:𝟭𝟱
⏰ Last Name: ⌥ 𝟬𝟵:𝟭𝟲
💜 Auto React [user:8299996037]: 🤣
⏰ Last Name: ⌥ 𝟬𝟵:𝟭𝟳
⏰ Last Name: ⌥ 𝟬𝟵:𝟭𝟴
💜 Auto React [user:7433542559]: 😐
⏰ Last Name: ⌥ 𝟬𝟵:𝟭𝟵
⏰ Last Name: ⌥ 𝟬𝟵:𝟮𝟬
⏰ Last Name: ⌥ 𝟬𝟵:𝟮𝟭
⏰ Last Name: ⌥ 𝟬𝟵:𝟮𝟮
⏰ Last Name: ⌥ 𝟬𝟵:𝟮𝟯
⏰ Last Name: ⌥ 𝟬𝟵:𝟮𝟰
⏰ Last Name: ⌥ 𝟬𝟵:𝟮𝟱
⏰ Last Name: ⌥ 𝟬𝟵:𝟮𝟲
⏰ Last Name: ⌥ 𝟬𝟵:𝟮𝟳
⏰ Last Name: ⌥ 𝟬𝟵:𝟮𝟴
⏰ Last Name: ⌥ 𝟬𝟵:𝟮𝟵
⏰ Last Name: ⌥ 𝟬𝟵:𝟯𝟬
💜 Auto React [user:8299996037]: 🤣
⏰ Last Name: ⌥ 𝟬𝟵:𝟯𝟭
💜 Auto React [user:8299996037]: 🤣
💜 Auto React [user:8299996037]: 🤣
💜 Auto React [user:8299996037]: 🤣
💜 Auto React [user:8299996037]: 🤣
⏰ Last Name: ⌥ 𝟬𝟵:𝟯𝟮
⏰ Last Name: ⌥ 𝟬𝟵:𝟯𝟯
⏰ Last Name: ⌥ 𝟬𝟵:𝟯𝟰
⏰ Last Name: ⌥ 𝟬𝟵:𝟯𝟱
⏰ Last Name: ⌥ 𝟬𝟵:𝟯𝟲
⏰ Last Name: ⌥ 𝟬𝟵:𝟯𝟳
⏰ Last Name: ⌥ 𝟬𝟵:𝟯𝟴
⏰ Last Name: ⌥ 𝟬𝟵:𝟯𝟵
⏰ Last Name: ⌥ 𝟬𝟵:𝟰𝟬
⏰ Last Name: ⌥ 𝟬𝟵:𝟰𝟭
⏰ Last Name: ⌥ 𝟬𝟵:𝟰𝟮
⏰ Last Name: ⌥ 𝟬𝟵:𝟰𝟯
⏰ Last Name: ⌥ 𝟬𝟵:𝟰𝟰
⏰ Last Name: ⌥ 𝟬𝟵:𝟰𝟱
💜 Auto React [user:8299996037]: 🤣
⏰ Last Name: ⌥ 𝟬𝟵:𝟰𝟲
💜 Auto React [user:8299996037]: 🤣
💜 Auto React [user:8299996037]: 🤣
💜 Auto React [user:8299996037]: 🤣
⏰ Last Name: ⌥ 𝟬𝟵:𝟰𝟳
💜 Auto React [user:8299996037]: 🤣
💜 Auto React [user:8299996037]: 🤣
💜 Auto React [user:8299996037]: 🤣
💜 Auto React [user:8299996037]: 🤣
💜 Auto React [user:8299996037]: 🤣
⏰ Last Name: ⌥ 𝟬𝟵:𝟰𝟴
💜 Auto React [user:8299996037]: 🤣
💜 Auto React [user:8299996037]: 🤣
💜 Auto React [user:8299996037]: 🤣
💜 Auto React [user:8299996037]: 🤣
⏰ Last Name: ⌥ 𝟬𝟵:𝟰𝟵
💜 Auto React [user:8299996037]: 🤣
💜 Auto React [user:8299996037]: 🤣
💜 Auto React [user:8299996037]: 🤣
⏰ Last Name: ⌥ 𝟬𝟵:𝟱𝟬
⏰ Last Name: ⌥ 𝟬𝟵:𝟱𝟭
⏰ Last Name: ⌥ 𝟬𝟵:𝟱𝟮
⏰ Last Name: ⌥ 𝟬𝟵:𝟱𝟯
⏰ Last Name: ⌥ 𝟬𝟵:𝟱𝟰
⏰ Last Name: ⌥ 𝟬𝟵:𝟱𝟱
⏰ Last Name: ⌥ 𝟬𝟵:𝟱𝟲
⏰ Last Name: ⌥ 𝟬𝟵:𝟱𝟳
⏰ Last Name: ⌥ 𝟬𝟵:𝟱𝟴
⏰ Last Name: ⌥ 𝟬𝟵:𝟱𝟵
⏰ Last Name: ⌥ 𝟭𝟬:𝟬𝟬
⏰ Last Name: ⌥ 𝟭𝟬:𝟬𝟭
⏰ Last Name: ⌥ 𝟭𝟬:𝟬𝟮
⏰ Last Name: ⌥ 𝟭𝟬:𝟬𝟯
💜 Auto React [user:8299996037]: 🤣
⏰ Last Name: ⌥ 𝟭𝟬:𝟬𝟰
💜 Auto React [user:8299996037]: 🤣
💜 Auto React [user:8299996037]: 🤣
💜 Auto React [user:8299996037]: 🤣
💜 Auto React [user:8299996037]: 🤣
💜 Auto React [user:8299996037]: 🤣
💜 Auto React [user:8299996037]: 🤣
💜 Auto React [user:8299996037]: 🤣
💜 Auto React [user:8299996037]: 🤣
💜 Auto React [user:8299996037]: 🤣
💜 Auto React [user:8299996037]: 🤣
💜 Auto React [user:8299996037]: 🤣
💜 Auto React [user:8299996037]: 🤣
💜 Auto React [user:8299996037]: 🤣
💜 Auto React [user:8299996037]: 🤣
⏰ Last Name: ⌥ 𝟭𝟬:𝟬𝟱
💜 Auto React [user:8299996037]: 🤣
💜 Auto React [user:8299996037]: 🤣
💜 Auto React [user:8299996037]: 🤣
💜 Auto React [user:8299996037]: 🤣
💜 Auto React [user:8299996037]: 🤣
💜 Auto React [user:8299996037]: 🤣
💜 Auto React [user:8299996037]: 🤣
💜 Auto React [user:8299996037]: 🤣
⏰ Last Name: ⌥ 𝟭𝟬:𝟬𝟲
💜 Auto React [user:8299996037]: 🤣
💜 Auto React [user:8299996037]: 🤣
💜 Auto React [user:8299996037]: 🤣
⏰ Last Name: ⌥ 𝟭𝟬:𝟬𝟳
💜 Auto React [user:8299996037]: 🤣
💜 Auto React [user:8299996037]: 🤣
💜 Auto React [user:8299996037]: 🤣
💜 Auto React [user:8299996037]: 🤣
💜 Auto React [user:8299996037]: 🤣
💜 Auto React [user:8299996037]: 🤣
💜 Auto React [user:8299996037]: 🤣
💜 Auto React [user:8299996037]: 🤣
💜 Auto React [user:8299996037]: 🤣
💜 Auto React [user:8299996037]: 🤣
💜 Auto React [user:8299996037]: 🤣
⏰ Last Name: ⌥ 𝟭𝟬:𝟬𝟴
💜 Auto React [user:8299996037]: 🤣
💜 Auto React [user:8299996037]: 🤣
💜 Auto React [user:8299996037]: 🤣
💜 Auto React [user:8299996037]: 🤣
💜 Auto React [user:8299996037]: 🤣
💜 Auto React [user:8299996037]: 🤣
💜 Auto React [user:8299996037]: 🤣
💜 Auto React [user:8299996037]: 🤣
💜 Auto React [user:8299996037]: 🤣
⏰ Last Name: ⌥ 𝟭𝟬:𝟬𝟵
💜 Auto React [user:8299996037]: 🤣
💜 Auto React [user:8299996037]: 🤣
💜 Auto React [user:8299996037]: 🤣
💜 Auto React [user:8299996037]: 🤣
💜 Auto React [user:8299996037]: 🤣
💜 Auto React [user:8299996037]: 🤣
💜 Auto React [user:8299996037]: 🤣
⏰ Last Name: ⌥ 𝟭𝟬:𝟭𝟬
💜 Auto React [user:8299996037]: 🤣
⏰ Last Name: ⌥ 𝟭𝟬:𝟭𝟭
⏰ Last Name: ⌥ 𝟭𝟬:𝟭𝟮
⏰ Last Name: ⌥ 𝟭𝟬:𝟭𝟯
⏰ Last Name: ⌥ 𝟭𝟬:𝟭𝟰
⏰ Last Name: ⌥ 𝟭𝟬:𝟭𝟱
⏰ Last Name: ⌥ 𝟭𝟬:𝟭𝟲
⏰ Last Name: ⌥ 𝟭𝟬:𝟭𝟳
⏰ Last Name: ⌥ 𝟭𝟬:𝟭𝟴
⏰ Last Name: ⌥ 𝟭𝟬:𝟭𝟵
⏰ Last Name: ⌥ 𝟭𝟬:𝟮𝟬
⏰ Last Name: ⌥ 𝟭𝟬:𝟮𝟭
⏰ Last Name: ⌥ 𝟭𝟬:𝟮𝟮
⏰ Last Name: ⌥ 𝟭𝟬:𝟮𝟯
⏰ Last Name: ⌥ 𝟭𝟬:𝟮𝟰
⏰ Last Name: ⌥ 𝟭𝟬:𝟮𝟱
💜 Auto React [user:8299996037]: 🤣
💜 Auto React [user:8299996037]: 🤣
⏰ Last Name: ⌥ 𝟭𝟬:𝟮𝟲
💜 Auto React [user:8299996037]: 🤣
💜 Auto React [user:8299996037]: 🤣
💜 Auto React [user:8299996037]: 🤣
💜 Auto React [user:8299996037]: 🤣
💜 Auto React [user:8299996037]: 🤣
💜 Auto React [user:8299996037]: 🤣
💜 Auto React [user:8299996037]: 🤣
💜 Auto React [user:8299996037]: 🤣
💜 Auto React [user:8299996037]: 🤣
💜 Auto React [user:8299996037]: 🤣
💜 Auto React [user:8299996037]: 🤣
💜 Auto React [user:8299996037]: 🤣
💜 Auto React [user:8299996037]: 🤣
💜 Auto React [user:8299996037]: 🤣
💜 Auto React [user:8299996037]: 🤣
⏰ Last Name: ⌥ 𝟭𝟬:𝟮𝟳
💜 Auto React [user:8299996037]: 🤣
💜 Auto React [user:8299996037]: 🤣
💜 Auto React [user:8299996037]: 🤣
💜 Auto React [user:8299996037]: 🤣
💜 Auto React [user:8299996037]: 🤣
💜 Auto React [user:8299996037]: 🤣
💜 Auto React [user:8299996037]: 🤣
💜 Auto React [user:8299996037]: 🤣
⏰ Last Name: ⌥ 𝟭𝟬:𝟮𝟴
⏰ Last Name: ⌥ 𝟭𝟬:𝟮𝟵
⏰ Last Name: ⌥ 𝟭𝟬:𝟯𝟬
⏰ Last Name: ⌥ 𝟭𝟬:𝟯𝟭
⏰ Last Name: ⌥ 𝟭𝟬:𝟯𝟮
⏰ Last Name: ⌥ 𝟭𝟬:𝟯𝟯
⏰ Last Name: ⌥ 𝟭𝟬:𝟯𝟰
⏰ Last Name: ⌥ 𝟭𝟬:𝟯𝟱
⏰ Last Name: ⌥ 𝟭𝟬:𝟯𝟲
⏰ Last Name: ⌥ 𝟭𝟬:𝟯𝟳
⏰ Last Name: ⌥ 𝟭𝟬:𝟯𝟴
⏰ Last Name: ⌥ 𝟭𝟬:𝟯𝟵
⏰ Last Name: ⌥ 𝟭𝟬:𝟰𝟬
⏰ Last Name: ⌥ 𝟭𝟬:𝟰𝟭
⏰ Last Name: ⌥ 𝟭𝟬:𝟰𝟮
💜 Auto React [user:8299996037]: 🤣
💜 Auto React [user:8299996037]: 🤣
⏰ Last Name: ⌥ 𝟭𝟬:𝟰𝟯
💜 Auto React [user:8299996037]: 🤣
⏰ Last Name: ⌥ 𝟭𝟬:𝟰𝟰
💜 Auto React [user:8299996037]: 🤣
💜 Auto React [user:8299996037]: 🤣
💜 Auto React [user:8299996037]: 🤣
💜 Auto React [user:8299996037]: 🤣
💜 Auto React [user:8299996037]: 🤣
💜 Auto React [user:8299996037]: 🤣
💜 Auto React [user:8299996037]: 🤣
💜 Auto React [user:8299996037]: 🤣
💜 Auto React [user:8299996037]: 🤣
💜 Auto React [user:8299996037]: 🤣
💜 Auto React [user:8299996037]: 🤣
⏰ Last Name: ⌥ 𝟭𝟬:𝟰𝟱
💜 Auto React [user:8299996037]: 🤣
💜 Auto React [user:8299996037]: 🤣
💜 Auto React [user:8299996037]: 🤣
💜 Auto React [user:8299996037]: 🤣
💜 Auto React [user:8299996037]: 🤣
💜 Auto React [user:8299996037]: 🤣
⏰ Last Name: ⌥ 𝟭𝟬:𝟰𝟲
💜 Auto React [user:8299996037]: 🤣
💜 Auto React [user:8299996037]: 🤣
💜 Auto React [user:8299996037]: 🤣
⏰ Last Name: ⌥ 𝟭𝟬:𝟰𝟳
⏰ Last Name: ⌥ 𝟭𝟬:𝟰𝟴
⏰ Last Name: ⌥ 𝟭𝟬:𝟰𝟵
⏰ Last Name: ⌥ 𝟭𝟬:𝟱𝟬
⏰ Last Name: ⌥ 𝟭𝟬:𝟱𝟭
⏰ Last Name: ⌥ 𝟭𝟬:𝟱𝟮
⏰ Last Name: ⌥ 𝟭𝟬:𝟱𝟯
⏰ Last Name: ⌥ 𝟭𝟬:𝟱𝟰
⏰ Last Name: ⌥ 𝟭𝟬:𝟱𝟱
⏰ Last Name: ⌥ 𝟭𝟬:𝟱𝟲
⏰ Last Name: ⌥ 𝟭𝟬:𝟱𝟳
⏰ Last Name: ⌥ 𝟭𝟬:𝟱𝟴
⏰ Last Name: ⌥ 𝟭𝟬:𝟱𝟵
⏰ Last Name: ⌥ 𝟭𝟭:𝟬𝟬
💜 Auto React [user:8299996037]: 🤣
💜 Auto React [user:8299996037]: 🤣
💜 Auto React [user:8299996037]: 🤣
💜 Auto React [user:8299996037]: 🤣
⏰ Last Name: ⌥ 𝟭𝟭:𝟬𝟭
💜 Auto React [user:8299996037]: 🤣
💜 Auto React [user:8299996037]: 🤣
💜 Auto React [user:8299996037]: 🤣
💜 Auto React [user:8299996037]: 🤣
💜 Auto React [user:8299996037]: 🤣
💜 Auto React [user:8299996037]: 🤣
💜 Auto React [user:8299996037]: 🤣
💜 Auto React [user:8299996037]: 🤣
⏰ Last Name: ⌥ 𝟭𝟭:𝟬𝟮
💜 Auto React [user:8299996037]: 🤣
💜 Auto React [user:8299996037]: 🤣
💜 Auto React [user:8299996037]: 🤣
💜 Auto React [user:8299996037]: 🤣
💜 Auto React [user:8299996037]: 🤣
💜 Auto React [user:8299996037]: 🤣
💜 Auto React [user:8299996037]: 🤣
⏰ Last Name: ⌥ 𝟭𝟭:𝟬𝟯
💜 Auto React [user:8299996037]: 🤣
⏰ Last Name: ⌥ 𝟭𝟭:𝟬𝟰
💜 Auto React [user:8299996037]: 🤣
💜 Auto React [user:8299996037]: 🤣
💜 Auto React [user:8299996037]: 🤣
💜 Auto React [user:8299996037]: 🤣
⏰ Last Name: ⌥ 𝟭𝟭:𝟬𝟱
⏰ Last Name: ⌥ 𝟭𝟭:𝟬𝟲
⏰ Last Name: ⌥ 𝟭𝟭:𝟬𝟳
⏰ Last Name: ⌥ 𝟭𝟭:𝟬𝟴
⏰ Last Name: ⌥ 𝟭𝟭:𝟬𝟵
⏰ Last Name: ⌥ 𝟭𝟭:𝟭𝟬
⏰ Last Name: ⌥ 𝟭𝟭:𝟭𝟭
⏰ Last Name: ⌥ 𝟭𝟭:𝟭𝟮
⏰ Last Name: ⌥ 𝟭𝟭:𝟭𝟯
⏰ Last Name: ⌥ 𝟭𝟭:𝟭𝟰
⏰ Last Name: ⌥ 𝟭𝟭:𝟭𝟱
⏰ Last Name: ⌥ 𝟭𝟭:𝟭𝟲
⏰ Last Name: ⌥ 𝟭𝟭:𝟭𝟳
⏰ Last Name: ⌥ 𝟭𝟭:𝟭𝟴
⏰ Last Name: ⌥ 𝟭𝟭:𝟭𝟵
💜 Auto React [user:8299996037]: 🤣
💜 Auto React [user:8299996037]: 🤣
💜 Auto React [user:8299996037]: 🤣
💜 Auto React [user:8299996037]: 🤣
💜 Auto React [user:8299996037]: 🤣
⏰ Last Name: ⌥ 𝟭𝟭:𝟮𝟬
💜 Auto React [user:8299996037]: 🤣
💜 Auto React [user:8299996037]: 🤣
⏰ Last Name: ⌥ 𝟭𝟭:𝟮𝟭
⏰ Last Name: ⌥ 𝟭𝟭:𝟮𝟮
⏰ Last Name: ⌥ 𝟭𝟭:𝟮𝟯
⏰ Last Name: ⌥ 𝟭𝟭:𝟮𝟰
⏰ Last Name: ⌥ 𝟭𝟭:𝟮𝟱
⏰ Last Name: ⌥ 𝟭𝟭:𝟮𝟲
⏰ Last Name: ⌥ 𝟭𝟭:𝟮𝟳
⏰ Last Name: ⌥ 𝟭𝟭:𝟮𝟴
⏰ Last Name: ⌥ 𝟭𝟭:𝟮𝟵
⏰ Last Name: ⌥ 𝟭𝟭:𝟯𝟬
⏰ Last Name: ⌥ 𝟭𝟭:𝟯𝟭
⏰ Last Name: ⌥ 𝟭𝟭:𝟯𝟮
⏰ Last Name: ⌥ 𝟭𝟭:𝟯𝟯
⏰ Last Name: ⌥ 𝟭𝟭:𝟯𝟰
💜 Auto React [user:8299996037]: 🤣
⏰ Last Name: ⌥ 𝟭𝟭:𝟯𝟱
💜 Auto React [user:8299996037]: 🤣
💜 Auto React [user:8299996037]: 🤣
💜 Auto React [user:8299996037]: 🤣
💜 Auto React [user:8299996037]: 🤣
💜 Auto React [user:8299996037]: 🤣
💜 Auto React [user:8299996037]: 🤣
💜 Auto React [user:8299996037]: 🤣
💜 Auto React [user:8299996037]: 🤣
💜 Auto React [user:8299996037]: 🤣
💜 Auto React [user:8299996037]: 🤣
💜 Auto React [user:8299996037]: 🤣
⏰ Last Name: ⌥ 𝟭𝟭:𝟯𝟲
💜 Auto React [user:8299996037]: 🤣
💜 Auto React [user:8299996037]: 🤣
💜 Auto React [user:8299996037]: 🤣
💜 Auto React [user:8299996037]: 🤣
💜 Auto React [user:8299996037]: 🤣
💜 Auto React [user:8299996037]: 🤣
💜 Auto React [user:8299996037]: 🤣
⏰ Last Name: ⌥ 𝟭𝟭:𝟯𝟳
💜 Auto React [user:8299996037]: 🤣
💜 Auto React [user:8299996037]: 🤣
💜 Auto React [user:8299996037]: 🤣
💜 Auto React [user:8299996037]: 🤣
💜 Auto React [user:8299996037]: 🤣
💜 Auto React [user:8299996037]: 🤣
💜 Auto React [user:8299996037]: 🤣
💜 Auto React [user:8299996037]: 🤣
💜 Auto React [user:8299996037]: 🤣
⏰ Last Name: ⌥ 𝟭𝟭:𝟯𝟴
💜 Auto React [user:8299996037]: 🤣
💜 Auto React [user:8299996037]: 🤣
💜 Auto React [user:8299996037]: 🤣
💜 Auto React [user:8299996037]: 🤣
⏰ Last Name: ⌥ 𝟭𝟭:𝟯𝟵
💜 Auto React [user:8299996037]: 🤣
💜 Auto React [user:8299996037]: 🤣
⏰ Last Name: ⌥ 𝟭𝟭:𝟰𝟬
💜 Auto React [user:8299996037]: 🤣
💜 Auto React [user:8299996037]: 🤣
💜 Auto React [user:8299996037]: 🤣
💜 Auto React [user:8299996037]: 🤣
💜 Auto React [user:8299996037]: 🤣
⏰ Last Name: ⌥ 𝟭𝟭:𝟰𝟭
💜 Auto React [user:8299996037]: 🤣
💜 Auto React [user:8299996037]: 🤣
💜 Auto React [user:8299996037]: 🤣
💜 Auto React [user:8299996037]: 🤣
⏰ Last Name: ⌥ 𝟭𝟭:𝟰𝟮
💜 Auto React [user:8299996037]: 🤣
💜 Auto React [user:8299996037]: 🤣
💜 Auto React [user:8299996037]: 🤣
💜 Auto React [user:8299996037]: 🤣
💜 Auto React [user:8299996037]: 🤣
💜 Auto React [user:8299996037]: 🤣
⏰ Last Name: ⌥ 𝟭𝟭:𝟰𝟯
💜 Auto React [user:8299996037]: 🤣
💜 Auto React [user:8299996037]: 🤣
💜 Auto React [user:8299996037]: 🤣
💜 Auto React [user:8299996037]: 🤣
⏰ Last Name: ⌥ 𝟭𝟭:𝟰𝟰
⏰ Last Name: ⌥ 𝟭𝟭:𝟰𝟱
⏰ Last Name: ⌥ 𝟭𝟭:𝟰𝟲
⏰ Last Name: ⌥ 𝟭𝟭:𝟰𝟳
⏰ Last Name: ⌥ 𝟭𝟭:𝟰𝟴
⏰ Last Name: ⌥ 𝟭𝟭:𝟰𝟵
⏰ Last Name: ⌥ 𝟭𝟭:𝟱𝟬
⏰ Last Name: ⌥ 𝟭𝟭:𝟱𝟭
⏰ Last Name: ⌥ 𝟭𝟭:𝟱𝟮
⏰ Last Name: ⌥ 𝟭𝟭:𝟱𝟯
⏰ Last Name: ⌥ 𝟭𝟭:𝟱𝟰
⏰ Last Name: ⌥ 𝟭𝟭:𝟱𝟱
⏰ Last Name: ⌥ 𝟭𝟭:𝟱𝟲
⏰ Last Name: ⌥ 𝟭𝟭:𝟱𝟳
💜 Auto React [user:8299996037]: 🤣
💜 Auto React [user:8299996037]: 🤣
⏰ Last Name: ⌥ 𝟭𝟭:𝟱𝟴
💜 Auto React [user:8299996037]: 🤣
💜 Auto React [user:8299996037]: 🤣
💜 Auto React [user:8299996037]: 🤣
💜 Auto React [user:8299996037]: 🤣
💜 Auto React [user:8299996037]: 🤣
💜 Auto React [user:8299996037]: 🤣
💜 Auto React [user:8299996037]: 🤣
💜 Auto React [user:8299996037]: 🤣
💜 Auto React [user:8299996037]: 🤣
⏰ Last Name: ⌥ 𝟭𝟭:𝟱𝟵
💜 Auto React [user:8299996037]: 🤣
💜 Auto React [user:8299996037]: 🤣
💜 Auto React [user:8299996037]: 🤣
💜 Auto React [user:8299996037]: 🤣
💜 Auto React [user:8299996037]: 🤣
💜 Auto React [user:8299996037]: 🤣
💜 Auto React [user:8299996037]: 🤣
💜 Auto React [user:8299996037]: 🤣
💜 Auto React [user:8299996037]: 🤣
💜 Auto React [user:8299996037]: 🤣
💜 Auto React [user:8299996037]: 🤣
⏰ Last Name: ⌥ 𝟭𝟮:𝟬𝟬
💜 Auto React [user:8299996037]: 🤣
💜 Auto React [user:8299996037]: 🤣
💜 Auto React [user:8299996037]: 🤣
💜 Auto React [user:8299996037]: 🤣
💜 Auto React [user:8299996037]: 🤣
💜 Auto React [user:8299996037]: 🤣
💜 Auto React [user:8299996037]: 🤣
💜 Auto React [user:8299996037]: 🤣
💜 Auto React [user:8299996037]: 🤣
⏰ Last Name: ⌥ 𝟭𝟮:𝟬𝟭
💜 Auto React [user:8299996037]: 🤣
💜 Auto React [user:8299996037]: 🤣
💜 Auto React [user:8299996037]: 🤣
💜 Auto React [user:8299996037]: 🤣
💜 Auto React [user:8299996037]: 🤣
💜 Auto React [user:8299996037]: 🤣
⏰ Last Name: ⌥ 𝟭𝟮:𝟬𝟮
💜 Auto React [user:8299996037]: 🤣
💜 Auto React [user:8299996037]: 🤣
💜 Auto React [user:8299996037]: 🤣
💜 Auto React [user:8299996037]: 🤣
💜 Auto React [user:8299996037]: 🤣
💜 Auto React [user:8299996037]: 🤣
💜 Auto React [user:8299996037]: 🤣
💜 Auto React [user:8299996037]: 🤣
💜 Auto React [user:8299996037]: 🤣
💜 Auto React [user:8299996037]: 🤣
💜 Auto React [user:8299996037]: 🤣
⏰ Last Name: ⌥ 𝟭𝟮:𝟬𝟯
⏰ Last Name: ⌥ 𝟭𝟮:𝟬𝟰
⏰ Last Name: ⌥ 𝟭𝟮:𝟬𝟱
⏰ Last Name: ⌥ 𝟭𝟮:𝟬𝟲
⏰ Last Name: ⌥ 𝟭𝟮:𝟬𝟳
⏰ Last Name: ⌥ 𝟭𝟮:𝟬𝟴
⏰ Last Name: ⌥ 𝟭𝟮:𝟬𝟵
⏰ Last Name: ⌥ 𝟭𝟮:𝟭𝟬
⏰ Last Name: ⌥ 𝟭𝟮:𝟭𝟭
⏰ Last Name: ⌥ 𝟭𝟮:𝟭𝟮
⏰ Last Name: ⌥ 𝟭𝟮:𝟭𝟯
⏰ Last Name: ⌥ 𝟭𝟮:𝟭𝟰
⏰ Last Name: ⌥ 𝟭𝟮:𝟭𝟱
⏰ Last Name: ⌥ 𝟭𝟮:𝟭𝟲
⏰ Last Name: ⌥ 𝟭𝟮:𝟭𝟳
💜 Auto React [user:8299996037]: 🤣
💜 Auto React [user:8299996037]: 🤣
💜 Auto React [user:8299996037]: 🤣
⏰ Last Name: ⌥ 𝟭𝟮:𝟭𝟴
💜 Auto React [user:8299996037]: 🤣
⏰ Last Name: ⌥ 𝟭𝟮:𝟭𝟵
💜 Auto React [user:8299996037]: 🤣
💜 Auto React [user:8299996037]: 🤣
💜 Auto React [user:8299996037]: 🤣
💜 Auto React [user:8299996037]: 🤣
💜 Auto React [user:8299996037]: 🤣
💜 Auto React [user:8299996037]: 🤣
⏰ Last Name: ⌥ 𝟭𝟮:𝟮𝟬
💜 Auto React [user:8299996037]: 🤣
💜 Auto React [user:8299996037]: 🤣
💜 Auto React [user:8299996037]: 🤣
⏰ Last Name: ⌥ 𝟭𝟮:𝟮𝟭
💜 Auto React [user:8299996037]: 🤣
💜 Auto React [user:8299996037]: 🤣
💜 Auto React [user:8299996037]: 🤣
💜 Auto React [user:8299996037]: 🤣
💜 Auto React [user:8299996037]: 🤣
⏰ Last Name: ⌥ 𝟭𝟮:𝟮𝟮
💜 Auto React [user:8299996037]: 🤣
💜 Auto React [user:8299996037]: 🤣
💜 Auto React [user:8299996037]: 🤣
💜 Auto React [user:8299996037]: 🤣
💜 Auto React [user:8299996037]: 🤣
⏰ Last Name: ⌥ 𝟭𝟮:𝟮𝟯
💜 Auto React [user:8299996037]: 🤣
💜 Auto React [user:8299996037]: 🤣
💜 Auto React [user:8299996037]: 🤣
⏰ Last Name: ⌥ 𝟭𝟮:𝟮𝟰
💜 Auto React [user:8299996037]: 🤣
💜 Auto React [user:8299996037]: 🤣
💜 Auto React [user:8299996037]: 🤣
💜 Auto React [user:8299996037]: 🤣
💜 Auto React [user:8299996037]: 🤣
💜 Auto React [user:8299996037]: 🤣
⏰ Last Name: ⌥ 𝟭𝟮:𝟮𝟱
⏰ Last Name: ⌥ 𝟭𝟮:𝟮𝟲
💜 Auto React [user:8299996037]: 🤣
💜 Auto React [user:8299996037]: 🤣
💜 Auto React [user:8299996037]: 🤣
💜 Auto React [user:8299996037]: 🤣
⏰ Last Name: ⌥ 𝟭𝟮:𝟮𝟳
💜 Auto React [user:8299996037]: 🤣
💜 Auto React [user:8299996037]: 🤣
💜 Auto React [user:8299996037]: 🤣
💜 Auto React [user:8299996037]: 🤣
💜 Auto React [user:8299996037]: 🤣
💜 Auto React [user:8299996037]: 🤣
💜 Auto React [user:8299996037]: 🤣
⏰ Last Name: ⌥ 𝟭𝟮:𝟮𝟴
⏰ Last Name: ⌥ 𝟭𝟮:𝟮𝟵
💜 Auto React [user:8299996037]: 🤣
💜 Auto React [user:8299996037]: 🤣
💜 Auto React [user:8299996037]: 🤣
💜 Auto React [user:8299996037]: 🤣
💜 Auto React [user:8299996037]: 🤣
💜 Auto React [user:8299996037]: 🤣
💜 Auto React [user:8299996037]: 🤣
⏰ Last Name: ⌥ 𝟭𝟮:𝟯𝟬
💜 Auto React [user:8299996037]: 🤣
💜 Auto React [user:8299996037]: 🤣
💜 Auto React [user:8299996037]: 🤣
💜 Auto React [user:8299996037]: 🤣
💜 Auto React [user:8299996037]: 🤣
💜 Auto React [user:8299996037]: 🤣
💜 Auto React [user:8299996037]: 🤣
⏰ Last Name: ⌥ 𝟭𝟮:𝟯𝟭
💜 Auto React [user:8299996037]: 🤣
💜 Auto React [user:8299996037]: 🤣
💜 Auto React [user:8299996037]: 🤣
💜 Auto React [user:8299996037]: 🤣
💜 Auto React [user:8299996037]: 🤣
⏰ Last Name: ⌥ 𝟭𝟮:𝟯𝟮
💜 Auto React [user:8299996037]: 🤣
💜 Auto React [user:8299996037]: 🤣
💜 Auto React [user:8299996037]: 🤣
💜 Auto React [user:8299996037]: 🤣
💜 Auto React [user:8299996037]: 🤣
💜 Auto React [user:8299996037]: 🤣
💜 Auto React [user:8299996037]: 🤣
💜 Auto React [user:8299996037]: 🤣
⏰ Last Name: ⌥ 𝟭𝟮:𝟯𝟯
⏰ Last Name: ⌥ 𝟭𝟮:𝟯𝟰
⏰ Last Name: ⌥ 𝟭𝟮:𝟯𝟱
💜 Auto React [user:8299996037]: 🤣
💜 Auto React [user:8299996037]: 🤣
💜 Auto React [user:8299996037]: 🤣
💜 Auto React [user:8299996037]: 🤣
💜 Auto React [user:8299996037]: 🤣
💜 Auto React [user:8299996037]: 🤣
💜 Auto React [user:8299996037]: 🤣
💜 Auto React [user:8299996037]: 🤣
⏰ Last Name: ⌥ 𝟭𝟮:𝟯𝟲
⏰ Last Name: ⌥ 𝟭𝟮:𝟯𝟳
⏰ Last Name: ⌥ 𝟭𝟮:𝟯𝟴
⏰ Last Name: ⌥ 𝟭𝟮:𝟯𝟵
⏰ Last Name: ⌥ 𝟭𝟮:𝟰𝟬
⏰ Last Name: ⌥ 𝟭𝟮:𝟰𝟭
⏰ Last Name: ⌥ 𝟭𝟮:𝟰𝟮
⏰ Last Name: ⌥ 𝟭𝟮:𝟰𝟯
⏰ Last Name: ⌥ 𝟭𝟮:𝟰𝟰
⏰ Last Name: ⌥ 𝟭𝟮:𝟰𝟱
⏰ Last Name: ⌥ 𝟭𝟮:𝟰𝟲
💜 Auto React [user:6990187779]: ❤️
⏰ Last Name: ⌥ 𝟭𝟮:𝟰𝟳
⏰ Last Name: ⌥ 𝟭𝟮:𝟰𝟴
💜 Auto React [user:6990187779]: ❤️
💜 Auto React [user:6990187779]: ❤️
⏰ Last Name: ⌥ 𝟭𝟮:𝟰𝟵
⏰ Last Name: ⌥ 𝟭𝟮:𝟱𝟬
💜 Auto React [user:8299996037]: 🤣
💜 Auto React [user:8299996037]: 🤣
💜 Auto React [user:8299996037]: 🤣
💜 Auto React [user:8299996037]: 🤣
⏰ Last Name: ⌥ 𝟭𝟮:𝟱𝟭
💜 Auto React [user:8299996037]: 🤣
💜 Auto React [user:8299996037]: 🤣
⏰ Last Name: ⌥ 𝟭𝟮:𝟱𝟮
💜 Auto React [user:8299996037]: 🤣
💜 Auto React [user:8299996037]: 🤣
💜 Auto React [user:8299996037]: 🤣
💜 Auto React [user:8299996037]: 🤣
💜 Auto React [user:8299996037]: 🤣
💜 Auto React [user:8299996037]: 🤣
💜 Auto React [user:8299996037]: 🤣
💜 Auto React [user:8299996037]: 🤣
💜 Auto React [user:8299996037]: 🤣
⏰ Last Name: ⌥ 𝟭𝟮:𝟱𝟯
💜 Auto React [user:8299996037]: 🤣
💜 Auto React [user:8299996037]: 🤣
💜 Auto React [user:8299996037]: 🤣
💜 Auto React [user:8299996037]: 🤣
💜 Auto React [user:8299996037]: 🤣
💜 Auto React [user:8299996037]: 🤣
💜 Auto React [user:8299996037]: 🤣
💜 Auto React [user:8299996037]: 🤣
💜 Auto React [user:8299996037]: 🤣
💜 Auto React [user:8299996037]: 🤣
💜 Auto React [user:8299996037]: 🤣
💜 Auto React [user:8299996037]: 🤣
💜 Auto React [user:8299996037]: 🤣
💜 Auto React [user:8299996037]: 🤣
⏰ Last Name: ⌥ 𝟭𝟮:𝟱𝟰
💜 Auto React [user:8299996037]: 🤣
💜 Auto React [user:8299996037]: 🤣
💜 Auto React [user:8299996037]: 🤣
💜 Auto React [user:8299996037]: 🤣
💜 Auto React [user:8299996037]: 🤣
💜 Auto React [user:8299996037]: 🤣
💜 Auto React [user:8299996037]: 🤣
💜 Auto React [user:8299996037]: 🤣
💜 Auto React [user:8299996037]: 🤣
💜 Auto React [user:8299996037]: 🤣
💜 Auto React [user:8299996037]: 🤣
💜 Auto React [user:8299996037]: 🤣
💜 Auto React [user:8299996037]: 🤣
💜 Auto React [user:8299996037]: 🤣
💜 Auto React [user:8299996037]: 🤣
⏰ Last Name: ⌥ 𝟭𝟮:𝟱𝟱
⏰ Last Name: ⌥ 𝟭𝟮:𝟱𝟲
⏰ Last Name: ⌥ 𝟭𝟮:𝟱𝟳
⏰ Last Name: ⌥ 𝟭𝟮:𝟱𝟴
⏰ Last Name: ⌥ 𝟭𝟮:𝟱𝟵
⏰ Last Name: ⌥ 𝟭𝟯:𝟬𝟬
⏰ Last Name: ⌥ 𝟭𝟯:𝟬𝟭
⏰ Last Name: ⌥ 𝟭𝟯:𝟬𝟮
⏰ Last Name: ⌥ 𝟭𝟯:𝟬𝟯
💜 Auto React [user:6990187779]: ❤️
⏰ Last Name: ⌥ 𝟭𝟯:𝟬𝟰
💜 Auto React [user:6990187779]: ❤️
⏰ Last Name: ⌥ 𝟭𝟯:𝟬𝟱
⏰ Last Name: ⌥ 𝟭𝟯:𝟬𝟲
⏰ Last Name: ⌥ 𝟭𝟯:𝟬𝟳
⏰ Last Name: ⌥ 𝟭𝟯:𝟬𝟴
💜 Auto React [user:6990187779]: ❤️
💜 Auto React [user:7433542559]: 😐
💜 Auto React [user:7433542559]: 😐
⏰ Last Name: ⌥ 𝟭𝟯:𝟬𝟵
💜 Auto React [user:6990187779]: ❤️
💜 Auto React [user:8299996037]: 🤣
💜 Auto React [user:8299996037]: 🤣
💜 Auto React [user:6990187779]: ❤️
💜 Auto React [user:8299996037]: 🤣
⏰ Last Name: ⌥ 𝟭𝟯:𝟭𝟬
💜 Auto React [user:8299996037]: 🤣
💜 Auto React [user:8299996037]: 🤣
💜 Auto React [user:8299996037]: 🤣
💜 Auto React [user:8299996037]: 🤣
💜 Auto React [user:8299996037]: 🤣
💜 Auto React [user:8299996037]: 🤣
💜 Auto React [user:8299996037]: 🤣
⏰ Last Name: ⌥ 𝟭𝟯:𝟭𝟭
💜 Auto React [user:8299996037]: 🤣
💜 Auto React [user:8299996037]: 🤣
💜 Auto React [user:8299996037]: 🤣
💜 Auto React [user:8299996037]: 🤣
💜 Auto React [user:8299996037]: 🤣
⏰ Last Name: ⌥ 𝟭𝟯:𝟭𝟮
⏰ Last Name: ⌥ 𝟭𝟯:𝟭𝟯
⏰ Last Name: ⌥ 𝟭𝟯:𝟭𝟰
⏰ Last Name: ⌥ 𝟭𝟯:𝟭𝟱
⏰ Last Name: ⌥ 𝟭𝟯:𝟭𝟲
⏰ Last Name: ⌥ 𝟭𝟯:𝟭𝟳
⏰ Last Name: ⌥ 𝟭𝟯:𝟭𝟴
💜 Auto React [user:7433542559]: 😐
💜 Auto React [user:7433542559]: 😐
💜 Auto React [user:7433542559]: 😐
💜 Auto React [user:7433542559]: 😐
💜 Auto React [user:7433542559]: 😐
💜 Auto React [user:7433542559]: 😐
💜 Auto React [user:7433542559]: 😐
💜 Auto React [user:7433542559]: 😐
💜 Auto React [user:7433542559]: 😐
💜 Auto React [user:7433542559]: 😐
💜 Auto React [user:7433542559]: 😐
💜 Auto React [user:7433542559]: 😐
💜 Auto React [user:7433542559]: 😐
💜 Auto React [user:7433542559]: 😐
💜 Auto React [user:7433542559]: 😐
💜 Auto React [user:7433542559]: 😐
⏰ Last Name: ⌥ 𝟭𝟯:𝟭𝟵
⏰ Last Name: ⌥ 𝟭𝟯:𝟮𝟬
💜 Auto React [user:6990187779]: ❤️
💜 Auto React [user:6990187779]: ❤️
⏰ Last Name: ⌥ 𝟭𝟯:𝟮𝟭
💜 Auto React [user:6990187779]: ❤️
⏰ Last Name: ⌥ 𝟭𝟯:𝟮𝟮
⏰ Last Name: ⌥ 𝟭𝟯:𝟮𝟯
⏰ Last Name: ⌥ 𝟭𝟯:𝟮𝟰
💜 Auto React [user:6990187779]: ❤️
⏰ Last Name: ⌥ 𝟭𝟯:𝟮𝟱
💜 Auto React [user:6990187779]: ❤️
💜 Auto React [user:8299996037]: 🤣
💜 Auto React [user:8299996037]: 🤣
💜 Auto React [user:8299996037]: 🤣
💜 Auto React [user:8299996037]: 🤣
⏰ Last Name: ⌥ 𝟭𝟯:𝟮𝟲
💜 Auto React [user:8299996037]: 🤣
💜 Auto React [user:8299996037]: 🤣
💜 Auto React [user:8299996037]: 🤣
💜 Auto React [user:8299996037]: 🤣
💜 Auto React [user:8299996037]: 🤣
💜 Auto React [user:6990187779]: ❤️
💜 Auto React [user:8299996037]: 🤣
⏰ Last Name: ⌥ 𝟭𝟯:𝟮𝟳
💜 Auto React [user:8299996037]: 🤣
💜 Auto React [user:8299996037]: 🤣
💜 Auto React [user:8299996037]: 🤣
💜 Auto React [user:8299996037]: 🤣
💜 Auto React [user:8299996037]: 🤣
💜 Auto React [user:8299996037]: 🤣
💜 Auto React [user:8299996037]: 🤣
💜 Auto React [user:8299996037]: 🤣
💜 Auto React [user:8299996037]: 🤣
💜 Auto React [user:8299996037]: 🤣
⏰ Last Name: ⌥ 𝟭𝟯:𝟮𝟴
💜 Auto React [user:8299996037]: 🤣
💜 Auto React [user:8299996037]: 🤣
💜 Auto React [user:8299996037]: 🤣
💜 Auto React [user:8299996037]: 🤣
⏰ Last Name: ⌥ 𝟭𝟯:𝟮𝟵
⏰ Last Name: ⌥ 𝟭𝟯:𝟯𝟬
⏰ Last Name: ⌥ 𝟭𝟯:𝟯𝟭
⏰ Last Name: ⌥ 𝟭𝟯:𝟯𝟮
⏰ Last Name: ⌥ 𝟭𝟯:𝟯𝟯
💜 Auto React [user:7433542559]: 😐
💜 Auto React [user:7433542559]: 😐
⏰ Last Name: ⌥ 𝟭𝟯:𝟯𝟰
💜 Auto React [user:7433542559]: 😐
⏰ Last Name: ⌥ 𝟭𝟯:𝟯𝟱
💜 Auto React [user:6990187779]: ❤️
💜 Auto React [user:6990187779]: ❤️
⏰ Last Name: ⌥ 𝟭𝟯:𝟯𝟲
💜 Auto React [user:6990187779]: ❤️
💜 Auto React [user:6990187779]: ❤️
💜 Auto React [user:6990187779]: ❤️
⏰ Last Name: ⌥ 𝟭𝟯:𝟯𝟳
⏰ Last Name: ⌥ 𝟭𝟯:𝟯𝟴
💜 Auto React [user:6990187779]: ❤️
💜 Auto React [user:6990187779]: ❤️
⏰ Last Name: ⌥ 𝟭𝟯:𝟯𝟵
💜 Auto React [user:6990187779]: ❤️
💜 Auto React [user:6990187779]: ❤️
💜 Auto React [user:6990187779]: ❤️
💜 Auto React [user:6990187779]: ❤️
⏰ Last Name: ⌥ 𝟭𝟯:𝟰𝟬
⏰ Last Name: ⌥ 𝟭𝟯:𝟰𝟭
⏰ Last Name: ⌥ 𝟭𝟯:𝟰𝟮
💜 Auto React [user:6990187779]: ❤️
💜 Auto React [user:6990187779]: ❤️
💜 Auto React [user:6990187779]: ❤️
💜 Auto React [user:8299996037]: 🤣
💜 Auto React [user:8299996037]: 🤣
⏰ Last Name: ⌥ 𝟭𝟯:𝟰𝟯
💜 Auto React [user:8299996037]: 🤣
💜 Auto React [user:8299996037]: 🤣
💜 Auto React [user:8299996037]: 🤣
💜 Auto React [user:8299996037]: 🤣
💜 Auto React [user:8299996037]: 🤣
💜 Auto React [user:8299996037]: 🤣
💜 Auto React [user:8299996037]: 🤣
💜 Auto React [user:8299996037]: 🤣
💜 Auto React [user:8299996037]: 🤣
💜 Auto React [user:8299996037]: 🤣
⏰ Last Name: ⌥ 𝟭𝟯:𝟰𝟰
💜 Auto React [user:8299996037]: 🤣
💜 Auto React [user:8299996037]: 🤣
💜 Auto React [user:8299996037]: 🤣
💜 Auto React [user:8299996037]: 🤣
💜 Auto React [user:8299996037]: 🤣
💜 Auto React [user:8299996037]: 🤣
💜 Auto React [user:8299996037]: 🤣
💜 Auto React [user:8299996037]: 🤣
⏰ Last Name: ⌥ 𝟭𝟯:𝟰𝟱
💜 Auto React [user:8299996037]: 🤣
💜 Auto React [user:8299996037]: 🤣
💜 Auto React [user:8299996037]: 🤣
💜 Auto React [user:6990187779]: ❤️
💜 Auto React [user:8299996037]: 🤣
💜 Auto React [user:8299996037]: 🤣
💜 Auto React [user:8299996037]: 🤣
💜 Auto React [user:8299996037]: 🤣
💜 Auto React [user:8299996037]: 🤣
💜 Auto React [user:8299996037]: 🤣
💜 Auto React [user:8299996037]: 🤣
💜 Auto React [user:8299996037]: 🤣
💜 Auto React [user:8299996037]: 🤣
💜 Auto React [user:8299996037]: 🤣
⏰ Last Name: ⌥ 𝟭𝟯:𝟰𝟲
💜 Auto React [user:8299996037]: 🤣
💜 Auto React [user:8299996037]: 🤣
💜 Auto React [user:8299996037]: 🤣
💜 Auto React [user:8299996037]: 🤣
💜 Auto React [user:8299996037]: 🤣
💜 Auto React [user:8299996037]: 🤣
💜 Auto React [user:8299996037]: 🤣
💜 Auto React [user:8299996037]: 🤣
💜 Auto React [user:8299996037]: 🤣
💜 Auto React [user:8299996037]: 🤣
💜 Auto React [user:8299996037]: 🤣
⏰ Last Name: ⌥ 𝟭𝟯:𝟰𝟳
💜 Auto React [user:8299996037]: 🤣
💜 Auto React [user:8299996037]: 🤣
💜 Auto React [user:6990187779]: ❤️
💜 Auto React [user:8299996037]: 🤣
💜 Auto React [user:8299996037]: 🤣
💜 Auto React [user:6990187779]: ❤️
💜 Auto React [user:8299996037]: 🤣
💜 Auto React [user:6990187779]: ❤️
⏰ Last Name: ⌥ 𝟭𝟯:𝟰𝟴
💜 Auto React [user:8299996037]: 🤣
💜 Auto React [user:8299996037]: 🤣
💜 Auto React [user:8299996037]: 🤣
💜 Auto React [user:8299996037]: 🤣
💜 Auto React [user:8299996037]: 🤣
💜 Auto React [user:8299996037]: 🤣
💜 Auto React [user:8299996037]: 🤣
💜 Auto React [user:8299996037]: 🤣
💜 Auto React [user:8299996037]: 🤣
💜 Auto React [user:6990187779]: ❤️
💜 Auto React [user:8299996037]: 🤣
💜 Auto React [user:8299996037]: 🤣
⏰ Last Name: ⌥ 𝟭𝟯:𝟰𝟵
💜 Auto React [user:8299996037]: 🤣
💜 Auto React [user:8299996037]: 🤣
💜 Auto React [user:8299996037]: 🤣
💜 Auto React [user:8299996037]: 🤣
💜 Auto React [user:8299996037]: 🤣
💜 Auto React [user:8299996037]: 🤣
💜 Auto React [user:8299996037]: 🤣
💜 Auto React [user:8299996037]: 🤣
💜 Auto React [user:8299996037]: 🤣
⏰ Last Name: ⌥ 𝟭𝟯:𝟱𝟬
💜 Auto React [user:8299996037]: 🤣
💜 Auto React [user:6990187779]: ❤️
💜 Auto React [user:8299996037]: 🤣
💜 Auto React [user:6990187779]: ❤️
💜 Auto React [user:8299996037]: 🤣
💜 Auto React [user:6990187779]: ❤️
💜 Auto React [user:8299996037]: 🤣
💜 Auto React [user:6990187779]: ❤️
💜 Auto React [user:8299996037]: 🤣
💜 Auto React [user:8299996037]: 🤣
⏰ Last Name: ⌥ 𝟭𝟯:𝟱𝟭
💜 Auto React [user:6990187779]: ❤️
💜 Auto React [user:6990187779]: ❤️
💜 Auto React [user:8299996037]: 🤣
⏰ Last Name: ⌥ 𝟭𝟯:𝟱𝟮
💜 Auto React [user:8299996037]: 🤣
💜 Auto React [user:8299996037]: 🤣
💜 Auto React [user:8299996037]: 🤣
💜 Auto React [user:8299996037]: 🤣
💜 Auto React [user:8299996037]: 🤣
💜 Auto React [user:8299996037]: 🤣
💜 Auto React [user:8299996037]: 🤣
💜 Auto React [user:8299996037]: 🤣
💜 Auto React [user:8299996037]: 🤣
💜 Auto React [user:8299996037]: 🤣
💜 Auto React [user:8299996037]: 🤣
⏰ Last Name: ⌥ 𝟭𝟯:𝟱𝟯
💜 Auto React [user:8299996037]: 🤣
💜 Auto React [user:8299996037]: 🤣
💜 Auto React [user:8299996037]: 🤣
💜 Auto React [user:8299996037]: 🤣
💜 Auto React [user:8299996037]: 🤣
💜 Auto React [user:8299996037]: 🤣
💜 Auto React [user:8299996037]: 🤣
💜 Auto React [user:8299996037]: 🤣
⏰ Last Name: ⌥ 𝟭𝟯:𝟱𝟰
💜 Auto React [user:8299996037]: 🤣
💜 Auto React [user:6990187779]: ❤️
💜 Auto React [user:8299996037]: 🤣
💜 Auto React [user:8299996037]: 🤣
💜 Auto React [user:8299996037]: 🤣
💜 Auto React [user:8299996037]: 🤣
💜 Auto React [user:8299996037]: 🤣
💜 Auto React [user:8299996037]: 🤣
💜 Auto React [user:8299996037]: 🤣
💜 Auto React [user:8299996037]: 🤣
⏰ Last Name: ⌥ 𝟭𝟯:𝟱𝟱
💜 Auto React [user:8299996037]: 🤣
💜 Auto React [user:8299996037]: 🤣
💜 Auto React [user:8299996037]: 🤣
💜 Auto React [user:8299996037]: 🤣
💜 Auto React [user:8299996037]: 🤣
💜 Auto React [user:8299996037]: 🤣
💜 Auto React [user:8299996037]: 🤣
⏰ Last Name: ⌥ 𝟭𝟯:𝟱𝟲
💜 Auto React [user:8299996037]: 🤣
💜 Auto React [user:8299996037]: 🤣
💜 Auto React [user:8299996037]: 🤣
💜 Auto React [user:8299996037]: 🤣
💜 Auto React [user:8299996037]: 🤣
⏰ Last Name: ⌥ 𝟭𝟯:𝟱𝟳
💜 Auto React [user:8299996037]: 🤣
💜 Auto React [user:8299996037]: 🤣
💜 Auto React [user:8299996037]: 🤣
💜 Auto React [user:8299996037]: 🤣
💜 Auto React [user:8299996037]: 🤣
💜 Auto React [user:8299996037]: 🤣
💜 Auto React [user:8299996037]: 🤣
💜 Auto React [user:8299996037]: 🤣
💜 Auto React [user:8299996037]: 🤣
⏳ Flood wait: 1229s → تاخیر جدید: 2.0s
⏳ ریکت: صبر 1225.4s (Flood)
⏰ Last Name: ⌥ 𝟭𝟯:𝟱𝟴
⏰ Last Name: ⌥ 𝟭𝟯:𝟱𝟵
⏰ Last Name: ⌥ 𝟭𝟰:𝟬𝟬
⏰ Last Name: ⌥ 𝟭𝟰:𝟬𝟭
⏰ Last Name: ⌥ 𝟭𝟰:𝟬𝟮
⏰ Last Name: ⌥ 𝟭𝟰:𝟬𝟯
⏰ Last Name: ⌥ 𝟭𝟰:𝟬𝟰
⏰ Last Name: ⌥ 𝟭𝟰:𝟬𝟱
⏰ Last Name: ⌥ 𝟭𝟰:𝟬𝟲
⏰ Last Name: ⌥ 𝟭𝟰:𝟬𝟳
⏰ Last Name: ⌥ 𝟭𝟰:𝟬𝟴
⏰ Last Name: ⌥ 𝟭𝟰:𝟬𝟵
⏰ Last Name: ⌥ 𝟭𝟰:𝟭𝟬
⏰ Last Name: ⌥ 𝟭𝟰:𝟭𝟭
⏰ Last Name: ⌥ 𝟭𝟰:𝟭𝟮
⏰ Last Name: ⌥ 𝟭𝟰:𝟭𝟯
⏰ Last Name: ⌥ 𝟭𝟰:𝟭𝟰
⏰ Last Name: ⌥ 𝟭𝟰:𝟭𝟱
⏰ Last Name: ⌥ 𝟭𝟰:𝟭𝟲
⏰ Last Name: ⌥ 𝟭𝟰:𝟭𝟳
⏰ Last Name: ⌥ 𝟭𝟰:𝟭𝟴
💜 Auto React [user:8299996037]: 🤣
💜 Auto React [user:8299996037]: 🤣
💜 Auto React [user:8299996037]: 🤣
💜 Auto React [user:8299996037]: 🤣
💜 Auto React [user:8299996037]: 🤣
💜 Auto React [user:8299996037]: 🤣
💜 Auto React [user:8299996037]: 🤣
💜 Auto React [user:8299996037]: 🤣
💜 Auto React [user:8299996037]: 🤣
💜 Auto React [user:8299996037]: 🤣
💜 Auto React [user:8299996037]: 🤣
💜 Auto React [user:8299996037]: 🤣
💜 Auto React [user:8299996037]: 🤣
💜 Auto React [user:8299996037]: 🤣
💜 Auto React [user:8299996037]: 🤣
💜 Auto React [user:8299996037]: 🤣
💜 Auto React [user:8299996037]: 🤣
💜 Auto React [user:8299996037]: 🤣
💜 Auto React [user:8299996037]: 🤣
⚠️ خطای ریکت [user:8299996037]: Request was unsuccessful 6 time(s)
💜 Auto React [user:8299996037]: 🤣
💜 Auto React [user:8299996037]: 🤣
💜 Auto React [user:8299996037]: 🤣
💜 Auto React [user:8299996037]: 🤣
💜 Auto React [user:8299996037]: 🤣
⚠️ خطای ریکت [user:8299996037]: Request was unsuccessful 6 time(s)
⏰ Last Name: ⌥ 𝟭𝟰:𝟭𝟵
💜 Auto React [user:8299996037]: 🤣
⚠️ خطای ریکت [user:8299996037]: Request was unsuccessful 6 time(s)
💜 Auto React [user:8299996037]: 🤣
💜 Auto React [user:8299996037]: 🤣
⚠️ خطای ریکت [user:8299996037]: Request was unsuccessful 6 time(s)
💜 Auto React [user:8299996037]: 🤣
⚠️ خطای ریکت [user:8299996037]: Request was unsuccessful 6 time(s)
⚠️ خطای ریکت [user:8299996037]: Request was unsuccessful 6 time(s)
💜 Auto React [user:8299996037]: 🤣
💜 Auto React [user:8299996037]: 🤣
💜 Auto React [user:8299996037]: 🤣
💜 Auto React [user:8299996037]: 🤣
💜 Auto React [user:8299996037]: 🤣
⚠️ خطای ریکت [user:8299996037]: Request was unsuccessful 6 time(s)
⚠️ خطای ریکت [user:8299996037]: Request was unsuccessful 6 time(s)
⚠️ خطای ریکت [user:8299996037]: The specified message ID is invalid or you can't do that operation on such messa
💜 Auto React [user:8299996037]: 🤣
💜 Auto React [user:8299996037]: 🤣
⚠️ خطای ریکت [user:8299996037]: Request was unsuccessful 6 time(s)
⚠️ خطای ریکت [user:8299996037]: Request was unsuccessful 6 time(s)
💜 Auto React [user:8299996037]: 🤣
⚠️ خطای ریکت [user:8299996037]: The specified message ID is invalid or you can't do that operation on such messa
💜 Auto React [user:8299996037]: 🤣
⚠️ خطای ریکت [user:8299996037]: Request was unsuccessful 6 time(s)
⚠️ خطای ریکت [user:8299996037]: The specified message ID is invalid or you can't do that operation on such messa
💜 Auto React [user:8299996037]: 🤣
💜 Auto React [user:8299996037]: 🤣
⚠️ خطای ریکت [user:8299996037]: Request was unsuccessful 6 time(s)
⚠️ خطای ریکت [user:8299996037]: Request was unsuccessful 6 time(s)
⚠️ خطای ریکت [user:8299996037]: Request was unsuccessful 6 time(s)
💜 Auto React [user:8299996037]: 🤣
⚠️ خطای ریکت [user:8299996037]: Request was unsuccessful 6 time(s)
⚠️ خطای ریکت [user:8299996037]: Request was unsuccessful 6 time(s)
⚠️ خطای ریکت [user:8299996037]: Request was unsuccessful 6 time(s)
💜 Auto React [user:8299996037]: 🤣
💜 Auto React [user:8299996037]: 🤣
⚠️ خطای ریکت [user:8299996037]: The specified message ID is invalid or you can't do that operation on such messa
💜 Auto React [user:8299996037]: 🤣
⚠️ خطای ریکت [user:8299996037]: Request was unsuccessful 6 time(s)
⚠️ خطای ریکت [user:8299996037]: Request was unsuccessful 6 time(s)
⚠️ خطای ریکت [user:8299996037]: Request was unsuccessful 6 time(s)
💜 Auto React [user:8299996037]: 🤣
⚠️ خطای ریکت [user:8299996037]: Request was unsuccessful 6 time(s)
⏳ Flood wait: 214s → تاخیر جدید: 2.0s
⏳ Flood wait: 214s → تاخیر جدید: 4.0s
⚠️ خطای ریکت [user:8299996037]: Request was unsuccessful 6 time(s)
⏳ Flood wait: 214s → تاخیر جدید: 8.0s
💜 Auto React [user:8299996037]: 🤣
💜 Auto React [user:8299996037]: 🤣
⏳ Flood wait: 213s → تاخیر جدید: 10.2s
⏰ Last Name: ⌥ 𝟭𝟰:𝟮𝟬
⏳ ریکت: صبر 200.6s (Flood)
⏰ Last Name: ⌥ 𝟭𝟰:𝟮𝟭
⏰ Last Name: ⌥ 𝟭𝟰:𝟮𝟮
⏰ Last Name: ⌥ 𝟭𝟰:𝟮𝟯
💜 Auto React [user:8299996037]: 🤣
💜 Auto React [user:8299996037]: 🤣
💜 Auto React [user:8299996037]: 🤣
💜 Auto React [user:8299996037]: 🤣
💜 Auto React [user:8299996037]: 🤣
💜 Auto React [user:8299996037]: 🤣
💜 Auto React [user:8299996037]: 🤣
⏰ Last Name: ⌥ 𝟭𝟰:𝟮𝟰
💜 Auto React [user:8299996037]: 🤣
💜 Auto React [user:8299996037]: 🤣
💜 Auto React [user:8299996037]: 🤣
💜 Auto React [user:8299996037]: 🤣
💜 Auto React [user:8299996037]: 🤣
💜 Auto React [user:8299996037]: 🤣
💜 Auto React [user:8299996037]: 🤣
💜 Auto React [user:8299996037]: 🤣
💜 Auto React [user:8299996037]: 🤣
💜 Auto React [user:8299996037]: 🤣
💜 Auto React [user:8299996037]: 🤣
💜 Auto React [user:8299996037]: 🤣
💜 Auto React [user:8299996037]: 🤣
💜 Auto React [user:8299996037]: 🤣
💜 Auto React [user:8299996037]: 🤣
💜 Auto React [user:8299996037]: 🤣
💜 Auto React [user:8299996037]: 🤣
💜 Auto React [user:8299996037]: 🤣
💜 Auto React [user:8299996037]: 🤣
💜 Auto React [user:8299996037]: 🤣
⚠️ خطای ریکت [user:8299996037]: Request was unsuccessful 6 time(s)
💜 Auto React [user:8299996037]: 🤣
💜 Auto React [user:8299996037]: 🤣
💜 Auto React [user:8299996037]: 🤣
💜 Auto React [user:8299996037]: 🤣
💜 Auto React [user:8299996037]: 🤣
⏰ Last Name: ⌥ 𝟭𝟰:𝟮𝟱
💜 Auto React [user:8299996037]: 🤣
💜 Auto React [user:8299996037]: 🤣
💜 Auto React [user:8299996037]: 🤣
💜 Auto React [user:8299996037]: 🤣
💜 Auto React [user:8299996037]: 🤣
⏰ Last Name: ⌥ 𝟭𝟰:𝟮𝟲
💜 Auto React [user:8299996037]: 🤣
💜 Auto React [user:8299996037]: 🤣
⏰ Last Name: ⌥ 𝟭𝟰:𝟮𝟳
💜 Auto React [user:8299996037]: 🤣
💜 Auto React [user:8299996037]: 🤣
💜 Auto React [user:8299996037]: 🤣
⏰ Last Name: ⌥ 𝟭𝟰:𝟮𝟴
💜 Auto React [user:8299996037]: 🤣
💜 Auto React [user:8299996037]: 🤣
💜 Auto React [user:8299996037]: 🤣
💜 Auto React [user:8299996037]: 🤣
💜 Auto React [user:8299996037]: 🤣
💜 Auto React [user:8299996037]: 🤣
💜 Auto React [user:8299996037]: 🤣
💜 Auto React [user:8299996037]: 🤣
💜 Auto React [user:8299996037]: 🤣
💜 Auto React [user:8299996037]: 🤣
💜 Auto React [user:8299996037]: 🤣
💜 Auto React [user:8299996037]: 🤣
💜 Auto React [user:8299996037]: 🤣
⏰ Last Name: ⌥ 𝟭𝟰:𝟮𝟵
💜 Auto React [user:8299996037]: 🤣
💜 Auto React [user:8299996037]: 🤣
⏰ Last Name: ⌥ 𝟭𝟰:𝟯𝟬
⏰ Last Name: ⌥ 𝟭𝟰:𝟯𝟭
⏰ Last Name: ⌥ 𝟭𝟰:𝟯𝟮
⏰ Last Name: ⌥ 𝟭𝟰:𝟯𝟯
⏰ Last Name: ⌥ 𝟭𝟰:𝟯𝟰
⏰ Last Name: ⌥ 𝟭𝟰:𝟯𝟱
⏰ Last Name: ⌥ 𝟭𝟰:𝟯𝟲
⏰ Last Name: ⌥ 𝟭𝟰:𝟯𝟳
⏰ Last Name: ⌥ 𝟭𝟰:𝟯𝟴
⏰ Last Name: ⌥ 𝟭𝟰:𝟯𝟵
⏰ Last Name: ⌥ 𝟭𝟰:𝟰𝟬
⏰ Last Name: ⌥ 𝟭𝟰:𝟰𝟭
⏰ Last Name: ⌥ 𝟭𝟰:𝟰𝟮
⏰ Last Name: ⌥ 𝟭𝟰:𝟰𝟯
💜 Auto React [user:8299996037]: 🤣
💜 Auto React [user:8299996037]: 🤣
💜 Auto React [user:8299996037]: 🤣
💜 Auto React [user:8299996037]: 🤣
💜 Auto React [user:8299996037]: 🤣
💜 Auto React [user:8299996037]: 🤣
💜 Auto React [user:8299996037]: 🤣
⏰ Last Name: ⌥ 𝟭𝟰:𝟰𝟰
💜 Auto React [user:8299996037]: 🤣
💜 Auto React [user:8299996037]: 🤣
💜 Auto React [user:8299996037]: 🤣
⏰ Last Name: ⌥ 𝟭𝟰:𝟰𝟱
💜 Auto React [user:8299996037]: 🤣
💜 Auto React [user:8299996037]: 🤣
💜 Auto React [user:8299996037]: 🤣
💜 Auto React [user:8299996037]: 🤣
💜 Auto React [user:8299996037]: 🤣
💜 Auto React [user:8299996037]: 🤣
💜 Auto React [user:8299996037]: 🤣
⏰ Last Name: ⌥ 𝟭𝟰:𝟰𝟲
💜 Auto React [user:8299996037]: 🤣
💜 Auto React [user:8299996037]: 🤣
💜 Auto React [user:8299996037]: 🤣
💜 Auto React [user:8299996037]: 🤣
⏰ Last Name: ⌥ 𝟭𝟰:𝟰𝟳
💜 Auto React [user:8299996037]: 🤣
💜 Auto React [user:8299996037]: 🤣
💜 Auto React [user:8299996037]: 🤣
💜 Auto React [user:8299996037]: 🤣
💜 Auto React [user:8299996037]: 🤣
💜 Auto React [user:8299996037]: 🤣
💜 Auto React [user:8299996037]: 🤣
⏰ Last Name: ⌥ 𝟭𝟰:𝟰𝟴
💜 Auto React [user:8299996037]: 🤣
💜 Auto React [user:8299996037]: 🤣
💜 Auto React [user:8299996037]: 🤣
💜 Auto React [user:8299996037]: 🤣
💜 Auto React [user:8299996037]: 🤣
💜 Auto React [user:8299996037]: 🤣
💜 Auto React [user:8299996037]: 🤣
💜 Auto React [user:8299996037]: 🤣
💜 Auto React [user:8299996037]: 🤣
💜 Auto React [user:8299996037]: 🤣
⏰ Last Name: ⌥ 𝟭𝟰:𝟰𝟵
💜 Auto React [user:8299996037]: 🤣
💜 Auto React [user:8299996037]: 🤣
⏰ Last Name: ⌥ 𝟭𝟰:𝟱𝟬
⏰ Last Name: ⌥ 𝟭𝟰:𝟱𝟭
⏰ Last Name: ⌥ 𝟭𝟰:𝟱𝟮
⏰ Last Name: ⌥ 𝟭𝟰:𝟱𝟯
⏰ Last Name: ⌥ 𝟭𝟰:𝟱𝟰
⏰ Last Name: ⌥ 𝟭𝟰:𝟱𝟱
⏰ Last Name: ⌥ 𝟭𝟰:𝟱𝟲
⏰ Last Name: ⌥ 𝟭𝟰:𝟱𝟳
⏰ Last Name: ⌥ 𝟭𝟰:𝟱𝟴
⏰ Last Name: ⌥ 𝟭𝟰:𝟱𝟵
⏰ Last Name: ⌥ 𝟭𝟱:𝟬𝟬
⏰ Last Name: ⌥ 𝟭𝟱:𝟬𝟭
⏰ Last Name: ⌥ 𝟭𝟱:𝟬𝟮
⏰ Last Name: ⌥ 𝟭𝟱:𝟬𝟯
💜 Auto React [user:8299996037]: 🤣
💜 Auto React [user:8299996037]: 🤣
💜 Auto React [user:8299996037]: 🤣
💜 Auto React [user:8299996037]: 🤣
💜 Auto React [user:8299996037]: 🤣
💜 Auto React [user:8299996037]: 🤣
⏰ Last Name: ⌥ 𝟭𝟱:𝟬𝟰
💜 Auto React [user:8299996037]: 🤣
💜 Auto React [user:8299996037]: 🤣
💜 Auto React [user:8299996037]: 🤣
💜 Auto React [user:8299996037]: 🤣
💜 Auto React [user:8299996037]: 🤣
💜 Auto React [user:8299996037]: 🤣
⏰ Last Name: ⌥ 𝟭𝟱:𝟬𝟱
💜 Auto React [user:8299996037]: 🤣
💜 Auto React [user:8299996037]: 🤣
💜 Auto React [user:8299996037]: 🤣
⏰ Last Name: ⌥ 𝟭𝟱:𝟬𝟲
⏰ Last Name: ⌥ 𝟭𝟱:𝟬𝟳
⏰ Last Name: ⌥ 𝟭𝟱:𝟬𝟴
⏰ Last Name: ⌥ 𝟭𝟱:𝟬𝟵
⏰ Last Name: ⌥ 𝟭𝟱:𝟭𝟬
⏰ Last Name: ⌥ 𝟭𝟱:𝟭𝟭
⏰ Last Name: ⌥ 𝟭𝟱:𝟭𝟮
⏰ Last Name: ⌥ 𝟭𝟱:𝟭𝟯
⏰ Last Name: ⌥ 𝟭𝟱:𝟭𝟰
⏰ Last Name: ⌥ 𝟭𝟱:𝟭𝟱
⏰ Last Name: ⌥ 𝟭𝟱:𝟭𝟲
⏰ Last Name: ⌥ 𝟭𝟱:𝟭𝟳
⏰ Last Name: ⌥ 𝟭𝟱:𝟭𝟴
💜 Auto React [user:6990187779]: ❤️
⏰ Last Name: ⌥ 𝟭𝟱:𝟭𝟵
💜 Auto React [user:8299996037]: 🤣
💜 Auto React [user:6990187779]: ❤️
💜 Auto React [user:6990187779]: ❤️
💜 Auto React [user:8299996037]: 🤣
💜 Auto React [user:8299996037]: 🤣
💜 Auto React [user:8299996037]: 🤣
⏰ Last Name: ⌥ 𝟭𝟱:𝟮𝟬
💜 Auto React [user:8299996037]: 🤣
💜 Auto React [user:8299996037]: 🤣
💜 Auto React [user:8299996037]: 🤣
💜 Auto React [user:8299996037]: 🤣
⏰ Last Name: ⌥ 𝟭𝟱:𝟮𝟭
💜 Auto React [user:8299996037]: 🤣
💜 Auto React [user:8299996037]: 🤣
💜 Auto React [user:8299996037]: 🤣
💜 Auto React [user:8299996037]: 🤣
💜 Auto React [user:8299996037]: 🤣
💜 Auto React [user:8299996037]: 🤣
💜 Auto React [user:8299996037]: 🤣
💜 Auto React [user:8299996037]: 🤣
⏰ Last Name: ⌥ 𝟭𝟱:𝟮𝟮
💜 Auto React [user:8299996037]: 🤣
💜 Auto React [user:8299996037]: 🤣
💜 Auto React [user:8299996037]: 🤣
💜 Auto React [user:8299996037]: 🤣
💜 Auto React [user:8299996037]: 🤣
💜 Auto React [user:8299996037]: 🤣
💜 Auto React [user:8299996037]: 🤣
💜 Auto React [user:8299996037]: 🤣
⏰ Last Name: ⌥ 𝟭𝟱:𝟮𝟯
⏰ Last Name: ⌥ 𝟭𝟱:𝟮𝟰
⏰ Last Name: ⌥ 𝟭𝟱:𝟮𝟱
⏰ Last Name: ⌥ 𝟭𝟱:𝟮𝟲
💜 Auto React [user:6990187779]: ❤️
💜 Auto React [user:6990187779]: ❤️
💜 Auto React [user:6990187779]: ❤️
💜 Auto React [user:6990187779]: ❤️
⏰ Last Name: ⌥ 𝟭𝟱:𝟮𝟳
⏰ Last Name: ⌥ 𝟭𝟱:𝟮𝟴
⏰ Last Name: ⌥ 𝟭𝟱:𝟮𝟵
⏰ Last Name: ⌥ 𝟭𝟱:𝟯𝟬
⏰ Last Name: ⌥ 𝟭𝟱:𝟯𝟭
⏰ Last Name: ⌥ 𝟭𝟱:𝟯𝟮
⏰ Last Name: ⌥ 𝟭𝟱:𝟯𝟯
⏰ Last Name: ⌥ 𝟭𝟱:𝟯𝟰
⏰ Last Name: ⌥ 𝟭𝟱:𝟯𝟱
⏰ Last Name: ⌥ 𝟭𝟱:𝟯𝟲
⏰ Last Name: ⌥ 𝟭𝟱:𝟯𝟳
💜 Auto React [user:8299996037]: 🤣
⏰ Last Name: ⌥ 𝟭𝟱:𝟯𝟴
⏰ Last Name: ⌥ 𝟭𝟱:𝟯𝟵
⏰ Last Name: ⌥ 𝟭𝟱:𝟰𝟬
⏰ Last Name: ⌥ 𝟭𝟱:𝟰𝟭
⏰ Last Name: ⌥ 𝟭𝟱:𝟰𝟮
⏰ Last Name: ⌥ 𝟭𝟱:𝟰𝟯
⏰ Last Name: ⌥ 𝟭𝟱:𝟰𝟰
⏰ Last Name: ⌥ 𝟭𝟱:𝟰𝟱
⏰ Last Name: ⌥ 𝟭𝟱:𝟰𝟲
⏰ Last Name: ⌥ 𝟭𝟱:𝟰𝟳
⏰ Last Name: ⌥ 𝟭𝟱:𝟰𝟴
⏰ Last Name: ⌥ 𝟭𝟱:𝟰𝟵
⏰ Last Name: ⌥ 𝟭𝟱:𝟱𝟬
⏰ Last Name: ⌥ 𝟭𝟱:𝟱𝟭
💜 Auto React [user:8299996037]: 🤣
💜 Auto React [user:8299996037]: 🤣
💜 Auto React [user:8299996037]: 🤣
⏰ Last Name: ⌥ 𝟭𝟱:𝟱𝟮
💜 Auto React [user:8299996037]: 🤣
⏰ Last Name: ⌥ 𝟭𝟱:𝟱𝟯
💜 Auto React [user:8299996037]: 🤣
💜 Auto React [user:8299996037]: 🤣
💜 Auto React [user:8299996037]: 🤣
⏰ Last Name: ⌥ 𝟭𝟱:𝟱𝟰
💜 Auto React [user:8299996037]: 🤣
💜 Auto React [user:8299996037]: 🤣
💜 Auto React [user:8299996037]: 🤣
💜 Auto React [user:8299996037]: 🤣
⏰ Last Name: ⌥ 𝟭𝟱:𝟱𝟱
⏰ Last Name: ⌥ 𝟭𝟱:𝟱𝟲
⏰ Last Name: ⌥ 𝟭𝟱:𝟱𝟳
⏰ Last Name: ⌥ 𝟭𝟱:𝟱𝟴
⏰ Last Name: ⌥ 𝟭𝟱:𝟱𝟵
⏰ Last Name: ⌥ 𝟭𝟲:𝟬𝟬
⏰ Last Name: ⌥ 𝟭𝟲:𝟬𝟭
⏰ Last Name: ⌥ 𝟭𝟲:𝟬𝟮
⏰ Last Name: ⌥ 𝟭𝟲:𝟬𝟯
⏰ Last Name: ⌥ 𝟭𝟲:𝟬𝟰
⏰ Last Name: ⌥ 𝟭𝟲:𝟬𝟱
⏰ Last Name: ⌥ 𝟭𝟲:𝟬𝟲
⏰ Last Name: ⌥ 𝟭𝟲:𝟬𝟳
⏰ Last Name: ⌥ 𝟭𝟲:𝟬𝟴
💜 Auto React [user:8299996037]: 🤣
💜 Auto React [user:8299996037]: 🤣
⏰ Last Name: ⌥ 𝟭𝟲:𝟬𝟵
💜 Auto React [user:8299996037]: 🤣
⏰ Last Name: ⌥ 𝟭𝟲:𝟭𝟬
⏰ Last Name: ⌥ 𝟭𝟲:𝟭𝟭
⏰ Last Name: ⌥ 𝟭𝟲:𝟭𝟮
⏰ Last Name: ⌥ 𝟭𝟲:𝟭𝟯
⏰ Last Name: ⌥ 𝟭𝟲:𝟭𝟰
⏰ Last Name: ⌥ 𝟭𝟲:𝟭𝟱
⏰ Last Name: ⌥ 𝟭𝟲:𝟭𝟲
⏰ Last Name: ⌥ 𝟭𝟲:𝟭𝟳
⏰ Last Name: ⌥ 𝟭𝟲:𝟭𝟴
⏰ Last Name: ⌥ 𝟭𝟲:𝟭𝟵
⏰ Last Name: ⌥ 𝟭𝟲:𝟮𝟬
⏰ Last Name: ⌥ 𝟭𝟲:𝟮𝟭
⏰ Last Name: ⌥ 𝟭𝟲:𝟮𝟮
⏰ Last Name: ⌥ 𝟭𝟲:𝟮𝟯
⏰ Last Name: ⌥ 𝟭𝟲:𝟮𝟰
💜 Auto React [user:8299996037]: 🤣
⏰ Last Name: ⌥ 𝟭𝟲:𝟮𝟱
💜 Auto React [user:8299996037]: 🤣
⏰ Last Name: ⌥ 𝟭𝟲:𝟮𝟲
💜 Auto React [user:8299996037]: 🤣
💜 Auto React [user:8299996037]: 🤣
⏰ Last Name: ⌥ 𝟭𝟲:𝟮𝟳
💜 Auto React [user:8299996037]: 🤣
💜 Auto React [user:8299996037]: 🤣
⏰ Last Name: ⌥ 𝟭𝟲:𝟮𝟴
⏰ Last Name: ⌥ 𝟭𝟲:𝟮𝟵
⏰ Last Name: ⌥ 𝟭𝟲:𝟯𝟬
⏰ Last Name: ⌥ 𝟭𝟲:𝟯𝟭
⏰ Last Name: ⌥ 𝟭𝟲:𝟯𝟮
⏰ Last Name: ⌥ 𝟭𝟲:𝟯𝟯
⏰ Last Name: ⌥ 𝟭𝟲:𝟯𝟰
⏰ Last Name: ⌥ 𝟭𝟲:𝟯𝟱
⏰ Last Name: ⌥ 𝟭𝟲:𝟯𝟲
⏰ Last Name: ⌥ 𝟭𝟲:𝟯𝟳
⏰ Last Name: ⌥ 𝟭𝟲:𝟯𝟴
⏰ Last Name: ⌥ 𝟭𝟲:𝟯𝟵
⏰ Last Name: ⌥ 𝟭𝟲:𝟰𝟬
⏰ Last Name: ⌥ 𝟭𝟲:𝟰𝟭
⏰ Last Name: ⌥ 𝟭𝟲:𝟰𝟮
💜 Auto React [user:8299996037]: 🤣
💜 Auto React [user:8299996037]: 🤣
💜 Auto React [user:8299996037]: 🤣
💜 Auto React [user:8299996037]: 🤣
💜 Auto React [user:8299996037]: 🤣
⏰ Last Name: ⌥ 𝟭𝟲:𝟰𝟯
💜 Auto React [user:8299996037]: 🤣
💜 Auto React [user:8299996037]: 🤣
💜 Auto React [user:8299996037]: 🤣
💜 Auto React [user:6990187779]: ❤️
💜 Auto React [user:6990187779]: ❤️
⏰ Last Name: ⌥ 𝟭𝟲:𝟰𝟰
💜 Auto React [user:8299996037]: 🤣
💜 Auto React [user:8299996037]: 🤣
💜 Auto React [user:8299996037]: 🤣
💜 Auto React [user:8299996037]: 🤣
💜 Auto React [user:6990187779]: ❤️
💜 Auto React [user:6990187779]: ❤️
💜 Auto React [user:6990187779]: ❤️
💜 Auto React [user:8299996037]: 🤣
💜 Auto React [user:8299996037]: 🤣
💜 Auto React [user:8299996037]: 🤣
⏰ Last Name: ⌥ 𝟭𝟲:𝟰𝟱
💜 Auto React [user:8299996037]: 🤣
💜 Auto React [user:8299996037]: 🤣
💜 Auto React [user:8299996037]: 🤣
💜 Auto React [user:8299996037]: 🤣
💜 Auto React [user:8299996037]: 🤣
💜 Auto React [user:8299996037]: 🤣
💜 Auto React [user:8299996037]: 🤣
💜 Auto React [user:8299996037]: 🤣
💜 Auto React [user:8299996037]: 🤣
💜 Auto React [user:8299996037]: 🤣
💜 Auto React [user:8299996037]: 🤣
💜 Auto React [user:8299996037]: 🤣
💜 Auto React [user:8299996037]: 🤣
💜 Auto React [user:8299996037]: 🤣
💜 Auto React [user:8299996037]: 🤣
⏰ Last Name: ⌥ 𝟭𝟲:𝟰𝟲
💜 Auto React [user:8299996037]: 🤣
💜 Auto React [user:8299996037]: 🤣
💜 Auto React [user:8299996037]: 🤣
💜 Auto React [user:8299996037]: 🤣
💜 Auto React [user:8299996037]: 🤣
💜 Auto React [user:8299996037]: 🤣
💜 Auto React [user:8299996037]: 🤣
⏰ Last Name: ⌥ 𝟭𝟲:𝟰𝟳
💜 Auto React [user:8299996037]: 🤣
💜 Auto React [user:8299996037]: 🤣
⏰ Last Name: ⌥ 𝟭𝟲:𝟰𝟴
💜 Auto React [user:8299996037]: 🤣
💜 Auto React [user:8299996037]: 🤣
💜 Auto React [user:8299996037]: 🤣
💜 Auto React [user:8299996037]: 🤣
💜 Auto React [user:8299996037]: 🤣
💜 Auto React [user:8299996037]: 🤣
💜 Auto React [user:8299996037]: 🤣
💜 Auto React [user:8299996037]: 🤣
💜 Auto React [user:8299996037]: 🤣
💜 Auto React [user:6990187779]: ❤️
💜 Auto React [user:8299996037]: 🤣
💜 Auto React [user:8299996037]: 🤣
💜 Auto React [user:6990187779]: ❤️
💜 Auto React [user:8299996037]: 🤣
💜 Auto React [user:8299996037]: 🤣
💜 Auto React [user:8299996037]: 🤣
💜 Auto React [user:8299996037]: 🤣
💜 Auto React [user:8299996037]: 🤣
⏰ Last Name: ⌥ 𝟭𝟲:𝟰𝟵
💜 Auto React [user:8299996037]: 🤣
💜 Auto React [user:8299996037]: 🤣
💜 Auto React [user:8299996037]: 🤣
💜 Auto React [user:8299996037]: 🤣
💜 Auto React [user:8299996037]: 🤣
💜 Auto React [user:8299996037]: 🤣
💜 Auto React [user:8299996037]: 🤣
💜 Auto React [user:8299996037]: 🤣
💜 Auto React [user:8299996037]: 🤣
💜 Auto React [user:8299996037]: 🤣
💜 Auto React [user:8299996037]: 🤣
💜 Auto React [user:8299996037]: 🤣
💜 Auto React [user:8299996037]: 🤣
⏰ Last Name: ⌥ 𝟭𝟲:𝟱𝟬
💜 Auto React [user:8299996037]: 🤣
💜 Auto React [user:8299996037]: 🤣
💜 Auto React [user:8299996037]: 🤣
💜 Auto React [user:8299996037]: 🤣
💜 Auto React [user:8299996037]: 🤣
💜 Auto React [user:8299996037]: 🤣
💜 Auto React [user:8299996037]: 🤣
💜 Auto React [user:8299996037]: 🤣
💜 Auto React [user:8299996037]: 🤣
💜 Auto React [user:8299996037]: 🤣
💜 Auto React [user:8299996037]: 🤣
⏰ Last Name: ⌥ 𝟭𝟲:𝟱𝟭
💜 Auto React [user:8299996037]: 🤣
💜 Auto React [user:8299996037]: 🤣
💜 Auto React [user:8299996037]: 🤣
⏰ Last Name: ⌥ 𝟭𝟲:𝟱𝟮
💜 Auto React [user:8299996037]: 🤣
💜 Auto React [user:8299996037]: 🤣
💜 Auto React [user:8299996037]: 🤣
💜 Auto React [user:8299996037]: 🤣
💜 Auto React [user:8299996037]: 🤣
💜 Auto React [user:8299996037]: 🤣
💜 Auto React [user:8299996037]: 🤣
💜 Auto React [user:8299996037]: 🤣
⏰ Last Name: ⌥ 𝟭𝟲:𝟱𝟯
💜 Auto React [user:8299996037]: 🤣
💜 Auto React [user:8299996037]: 🤣
💜 Auto React [user:8299996037]: 🤣
💜 Auto React [user:8299996037]: 🤣
💜 Auto React [user:8299996037]: 🤣
💜 Auto React [user:8299996037]: 🤣
💜 Auto React [user:8299996037]: 🤣
💜 Auto React [user:8299996037]: 🤣
💜 Auto React [user:8299996037]: 🤣
⏰ Last Name: ⌥ 𝟭𝟲:𝟱𝟰
💜 Auto React [user:8299996037]: 🤣
💜 Auto React [user:8299996037]: 🤣
💜 Auto React [user:8299996037]: 🤣
💜 Auto React [user:8299996037]: 🤣
💜 Auto React [user:8299996037]: 🤣
💜 Auto React [user:8299996037]: 🤣
💜 Auto React [user:8299996037]: 🤣
💜 Auto React [user:8299996037]: 🤣
💜 Auto React [user:8299996037]: 🤣
💜 Auto React [user:8299996037]: 🤣
⏰ Last Name: ⌥ 𝟭𝟲:𝟱𝟱
💜 Auto React [user:8299996037]: 🤣
💜 Auto React [user:8299996037]: 🤣
💜 Auto React [user:8299996037]: 🤣
💜 Auto React [user:8299996037]: 🤣
💜 Auto React [user:8299996037]: 🤣
💜 Auto React [user:8299996037]: 🤣
💜 Auto React [user:8299996037]: 🤣
💜 Auto React [user:8299996037]: 🤣
⏰ Last Name: ⌥ 𝟭𝟲:𝟱𝟲
💜 Auto React [user:8299996037]: 🤣
💜 Auto React [user:8299996037]: 🤣
💜 Auto React [user:8299996037]: 🤣
💜 Auto React [user:8299996037]: 🤣
💜 Auto React [user:8299996037]: 🤣
💜 Auto React [user:8299996037]: 🤣
💜 Auto React [user:8299996037]: 🤣
💜 Auto React [user:8299996037]: 🤣
💜 Auto React [user:8299996037]: 🤣
💜 Auto React [user:8299996037]: 🤣
💜 Auto React [user:8299996037]: 🤣
💜 Auto React [user:8299996037]: 🤣
⏰ Last Name: ⌥ 𝟭𝟲:𝟱𝟳
💜 Auto React [user:8299996037]: 🤣
💜 Auto React [user:8299996037]: 🤣
💜 Auto React [user:8299996037]: 🤣
💜 Auto React [user:8299996037]: 🤣
⏰ Last Name: ⌥ 𝟭𝟲:𝟱𝟴
⏰ Last Name: ⌥ 𝟭𝟲:𝟱𝟵
💜 Auto React [user:8299996037]: 🤣
💜 Auto React [user:8299996037]: 🤣
💜 Auto React [user:8299996037]: 🤣
💜 Auto React [user:8299996037]: 🤣
💜 Auto React [user:8299996037]: 🤣
💜 Auto React [user:8299996037]: 🤣
💜 Auto React [user:8299996037]: 🤣
💜 Auto React [user:8299996037]: 🤣
💜 Auto React [user:8299996037]: 🤣
💜 Auto React [user:8299996037]: 🤣
💜 Auto React [user:8299996037]: 🤣
💜 Auto React [user:8299996037]: 🤣
💜 Auto React [user:8299996037]: 🤣
⏰ Last Name: ⌥ 𝟭𝟳:𝟬𝟬
💜 Auto React [user:8299996037]: 🤣
💜 Auto React [user:8299996037]: 🤣
💜 Auto React [user:8299996037]: 🤣
💜 Auto React [user:8299996037]: 🤣
💜 Auto React [user:8299996037]: 🤣
💜 Auto React [user:8299996037]: 🤣
💜 Auto React [user:8299996037]: 🤣
💜 Auto React [user:8299996037]: 🤣
💜 Auto React [user:8299996037]: 🤣
💜 Auto React [user:8299996037]: 🤣
💜 Auto React [user:8299996037]: 🤣
⏰ Last Name: ⌥ 𝟭𝟳:𝟬𝟭
💜 Auto React [user:8299996037]: 🤣
💜 Auto React [user:8299996037]: 🤣
💜 Auto React [user:8299996037]: 🤣
💜 Auto React [user:8299996037]: 🤣
💜 Auto React [user:8299996037]: 🤣
💜 Auto React [user:8299996037]: 🤣
💜 Auto React [user:8299996037]: 🤣
⏰ Last Name: ⌥ 𝟭𝟳:𝟬𝟮
💜 Auto React [user:8299996037]: 🤣
💜 Auto React [user:8299996037]: 🤣
💜 Auto React [user:8299996037]: 🤣
💜 Auto React [user:8299996037]: 🤣
💜 Auto React [user:8299996037]: 🤣
💜 Auto React [user:8299996037]: 🤣
💜 Auto React [user:8299996037]: 🤣
💜 Auto React [user:8299996037]: 🤣
💜 Auto React [user:8299996037]: 🤣
💜 Auto React [user:8299996037]: 🤣
⏰ Last Name: ⌥ 𝟭𝟳:𝟬𝟯
💜 Auto React [user:8299996037]: 🤣
💜 Auto React [user:8299996037]: 🤣
💜 Auto React [user:8299996037]: 🤣
💜 Auto React [user:8299996037]: 🤣
💜 Auto React [user:8299996037]: 🤣
💜 Auto React [user:8299996037]: 🤣
💜 Auto React [user:8299996037]: 🤣
💜 Auto React [user:8299996037]: 🤣
💜 Auto React [user:8299996037]: 🤣
⏰ Last Name: ⌥ 𝟭𝟳:𝟬𝟰
💜 Auto React [user:8299996037]: 🤣
💜 Auto React [user:8299996037]: 🤣
💜 Auto React [user:8299996037]: 🤣
⏳ Flood wait: 1235s → تاخیر جدید: 2.0s
💜 Auto React [user:8299996037]: 🤣
⏳ Flood wait: 1235s → تاخیر جدید: 3.2s
⏳ ریکت: صبر 1235.8s (Flood)
⏳ Flood wait: 1235s → تاخیر جدید: 6.4s
⏰ Last Name: ⌥ 𝟭𝟳:𝟬𝟱
⏰ Last Name: ⌥ 𝟭𝟳:𝟬𝟲
⏰ Last Name: ⌥ 𝟭𝟳:𝟬𝟳
⏰ Last Name: ⌥ 𝟭𝟳:𝟬𝟴
⏰ Last Name: ⌥ 𝟭𝟳:𝟬𝟵
⏰ Last Name: ⌥ 𝟭𝟳:𝟭𝟬
⏰ Last Name: ⌥ 𝟭𝟳:𝟭𝟭
⏰ Last Name: ⌥ 𝟭𝟳:𝟭𝟮
⏰ Last Name: ⌥ 𝟭𝟳:𝟭𝟯
⏰ Last Name: ⌥ 𝟭𝟳:𝟭𝟰
⏰ Last Name: ⌥ 𝟭𝟳:𝟭𝟱
⏰ Last Name: ⌥ 𝟭𝟳:𝟭𝟲
⏰ Last Name: ⌥ 𝟭𝟳:𝟭𝟳
⏰ Last Name: ⌥ 𝟭𝟳:𝟭𝟴
⏰ Last Name: ⌥ 𝟭𝟳:𝟭𝟵
⏰ Last Name: ⌥ 𝟭𝟳:𝟮𝟬
⏰ Last Name: ⌥ 𝟭𝟳:𝟮𝟭
⏰ Last Name: ⌥ 𝟭𝟳:𝟮𝟮
⏰ Last Name: ⌥ 𝟭𝟳:𝟮𝟯
⏰ Last Name: ⌥ 𝟭𝟳:𝟮𝟰
⏳ ریکت: صبر 0.2s (Flood)
💜 Auto React [user:8299996037]: 🤣
💜 Auto React [user:8299996037]: 🤣
⏰ Last Name: ⌥ 𝟭𝟳:𝟮𝟱
💜 Auto React [user:8299996037]: 🤣
💜 Auto React [user:8299996037]: 🤣
💜 Auto React [user:8299996037]: 🤣
💜 Auto React [user:8299996037]: 🤣
💜 Auto React [user:8299996037]: 🤣
💜 Auto React [user:8299996037]: 🤣
💜 Auto React [user:8299996037]: 🤣
💜 Auto React [user:8299996037]: 🤣
💜 Auto React [user:8299996037]: 🤣
💜 Auto React [user:8299996037]: 🤣
💜 Auto React [user:8299996037]: 🤣
💜 Auto React [user:8299996037]: 🤣
💜 Auto React [user:8299996037]: 🤣
💜 Auto React [user:8299996037]: 🤣
💜 Auto React [user:8299996037]: 🤣
💜 Auto React [user:8299996037]: 🤣
💜 Auto React [user:8299996037]: 🤣
💜 Auto React [user:8299996037]: 🤣
💜 Auto React [user:8299996037]: 🤣
💜 Auto React [user:8299996037]: 🤣
💜 Auto React [user:8299996037]: 🤣
💜 Auto React [user:8299996037]: 🤣
💜 Auto React [user:8299996037]: 🤣
💜 Auto React [user:8299996037]: 🤣
💜 Auto React [user:8299996037]: 🤣
⚠️ خطای ریکت [user:8299996037]: Request was unsuccessful 6 time(s)
💜 Auto React [user:8299996037]: 🤣
💜 Auto React [user:8299996037]: 🤣
💜 Auto React [user:8299996037]: 🤣
💜 Auto React [user:8299996037]: 🤣
⚠️ خطای ریکت [user:8299996037]: Request was unsuccessful 6 time(s)
⚠️ خطای ریکت [user:8299996037]: Request was unsuccessful 6 time(s)
💜 Auto React [user:8299996037]: 🤣
💜 Auto React [user:8299996037]: 🤣
💜 Auto React [user:8299996037]: 🤣
⚠️ خطای ریکت [user:8299996037]: Request was unsuccessful 6 time(s)
⚠️ خطای ریکت [user:8299996037]: Request was unsuccessful 6 time(s)
⏰ Last Name: ⌥ 𝟭𝟳:𝟮𝟲
💜 Auto React [user:8299996037]: 🤣
💜 Auto React [user:8299996037]: 🤣
⚠️ خطای ریکت [user:8299996037]: Request was unsuccessful 6 time(s)
⚠️ خطای ریکت [user:8299996037]: Request was unsuccessful 6 time(s)
💜 Auto React [user:8299996037]: 🤣
💜 Auto React [user:8299996037]: 🤣
💜 Auto React [user:8299996037]: 🤣
💜 Auto React [user:8299996037]: 🤣
⚠️ خطای ریکت [user:8299996037]: Request was unsuccessful 6 time(s)
⚠️ خطای ریکت [user:8299996037]: Request was unsuccessful 6 time(s)
⚠️ خطای ریکت [user:8299996037]: Request was unsuccessful 6 time(s)
⚠️ خطای ریکت [user:8299996037]: Request was unsuccessful 6 time(s)
💜 Auto React [user:8299996037]: 🤣
💜 Auto React [user:8299996037]: 🤣
⏰ Last Name: ⌥ 𝟭𝟳:𝟮𝟳
⏰ Last Name: ⌥ 𝟭𝟳:𝟮𝟴
⏰ Last Name: ⌥ 𝟭𝟳:𝟮𝟵
⏰ Last Name: ⌥ 𝟭𝟳:𝟯𝟬
⏰ Last Name: ⌥ 𝟭𝟳:𝟯𝟭
⏰ Last Name: ⌥ 𝟭𝟳:𝟯𝟮
⏰ Last Name: ⌥ 𝟭𝟳:𝟯𝟯
💜 Auto React [user:7433542559]: 😐
💜 Auto React [user:7433542559]: 😐
⏰ Last Name: ⌥ 𝟭𝟳:𝟯𝟰
⏰ Last Name: ⌥ 𝟭𝟳:𝟯𝟱
⏰ Last Name: ⌥ 𝟭𝟳:𝟯𝟲
⏰ Last Name: ⌥ 𝟭𝟳:𝟯𝟳
⏰ Last Name: ⌥ 𝟭𝟳:𝟯𝟴
⏰ Last Name: ⌥ 𝟭𝟳:𝟯𝟵
💜 Auto React [user:6990187779]: ❤️
⏰ Last Name: ⌥ 𝟭𝟳:𝟰𝟬
⏰ Last Name: ⌥ 𝟭𝟳:𝟰𝟭
⏰ Last Name: ⌥ 𝟭𝟳:𝟰𝟮
💜 Auto React [user:8299996037]: 🤣
⏰ Last Name: ⌥ 𝟭𝟳:𝟰𝟯
💜 Auto React [user:8299996037]: 🤣
💜 Auto React [user:8299996037]: 🤣
⏰ Last Name: ⌥ 𝟭𝟳:𝟰𝟰
⏰ Last Name: ⌥ 𝟭𝟳:𝟰𝟱
⏰ Last Name: ⌥ 𝟭𝟳:𝟰𝟲
⏰ Last Name: ⌥ 𝟭𝟳:𝟰𝟳
⏰ Last Name: ⌥ 𝟭𝟳:𝟰𝟴
⏰ Last Name: ⌥ 𝟭𝟳:𝟰𝟵
⏰ Last Name: ⌥ 𝟭𝟳:𝟱𝟬
⏰ Last Name: ⌥ 𝟭𝟳:𝟱𝟭
⏰ Last Name: ⌥ 𝟭𝟳:𝟱𝟮
⏰ Last Name: ⌥ 𝟭𝟳:𝟱𝟯
⏰ Last Name: ⌥ 𝟭𝟳:𝟱𝟰
⏰ Last Name: ⌥ 𝟭𝟳:𝟱𝟱
⏰ Last Name: ⌥ 𝟭𝟳:𝟱𝟲
⏰ Last Name: ⌥ 𝟭𝟳:𝟱𝟳
💜 Auto React [user:6990187779]: ❤️
💜 Auto React [user:8299996037]: 🤣
⏰ Last Name: ⌥ 𝟭𝟳:𝟱𝟴
💜 Auto React [user:8299996037]: 🤣
💜 Auto React [user:6990187779]: ❤️
⏰ Last Name: ⌥ 𝟭𝟳:𝟱𝟵
💜 Auto React [user:6990187779]: ❤️
💜 Auto React [user:6990187779]: ❤️
⏰ Last Name: ⌥ 𝟭𝟴:𝟬𝟬
💜 Auto React [user:6990187779]: ❤️
💜 Auto React [user:6990187779]: ❤️
💜 Auto React [user:6990187779]: ❤️
💜 Auto React [user:6990187779]: ❤️
⏰ Last Name: ⌥ 𝟭𝟴:𝟬𝟭
⏰ Last Name: ⌥ 𝟭𝟴:𝟬𝟮
⏰ Last Name: ⌥ 𝟭𝟴:𝟬𝟯
⏰ Last Name: ⌥ 𝟭𝟴:𝟬𝟰
⏰ Last Name: ⌥ 𝟭𝟴:𝟬𝟱
⏰ Last Name: ⌥ 𝟭𝟴:𝟬𝟲
⏰ Last Name: ⌥ 𝟭𝟴:𝟬𝟳
⏰ Last Name: ⌥ 𝟭𝟴:𝟬𝟴
⏰ Last Name: ⌥ 𝟭𝟴:𝟬𝟵
⏰ Last Name: ⌥ 𝟭𝟴:𝟭𝟬
⏰ Last Name: ⌥ 𝟭𝟴:𝟭𝟭
⏰ Last Name: ⌥ 𝟭𝟴:𝟭𝟮
💜 Auto React [user:8299996037]: 🤣
💜 Auto React [user:8299996037]: 🤣
💜 Auto React [user:8299996037]: 🤣
⏰ Last Name: ⌥ 𝟭𝟴:𝟭𝟯
💜 Auto React [user:8299996037]: 🤣
💜 Auto React [user:8299996037]: 🤣
💜 Auto React [user:8299996037]: 🤣
💜 Auto React [user:8299996037]: 🤣
💜 Auto React [user:8299996037]: 🤣
💜 Auto React [user:8299996037]: 🤣
⏰ Last Name: ⌥ 𝟭𝟴:𝟭𝟰
⏰ Last Name: ⌥ 𝟭𝟴:𝟭𝟱
⏰ Last Name: ⌥ 𝟭𝟴:𝟭𝟲
⏰ Last Name: ⌥ 𝟭𝟴:𝟭𝟳
⏰ Last Name: ⌥ 𝟭𝟴:𝟭𝟴
⏰ Last Name: ⌥ 𝟭𝟴:𝟭𝟵
⏰ Last Name: ⌥ 𝟭𝟴:𝟮𝟬
⏰ Last Name: ⌥ 𝟭𝟴:𝟮𝟭
⏰ Last Name: ⌥ 𝟭𝟴:𝟮𝟮
⏰ Last Name: ⌥ 𝟭𝟴:𝟮𝟯
⏰ Last Name: ⌥ 𝟭𝟴:𝟮𝟰
⏰ Last Name: ⌥ 𝟭𝟴:𝟮𝟱
⏰ Last Name: ⌥ 𝟭𝟴:𝟮𝟲
⏰ Last Name: ⌥ 𝟭𝟴:𝟮𝟳
⏰ Last Name: ⌥ 𝟭𝟴:𝟮𝟴
💜 Auto React [user:8299996037]: 🤣
💜 Auto React [user:8299996037]: 🤣
⏰ Last Name: ⌥ 𝟭𝟴:𝟮𝟵
💜 Auto React [user:8299996037]: 🤣
💜 Auto React [user:8299996037]: 🤣
⏰ Last Name: ⌥ 𝟭𝟴:𝟯𝟬
⏰ Last Name: ⌥ 𝟭𝟴:𝟯𝟭
⏰ Last Name: ⌥ 𝟭𝟴:𝟯𝟮
⏰ Last Name: ⌥ 𝟭𝟴:𝟯𝟯
⏰ Last Name: ⌥ 𝟭𝟴:𝟯𝟰
⏰ Last Name: ⌥ 𝟭𝟴:𝟯𝟱
⏰ Last Name: ⌥ 𝟭𝟴:𝟯𝟲
⏰ Last Name: ⌥ 𝟭𝟴:𝟯𝟳
⏰ Last Name: ⌥ 𝟭𝟴:𝟯𝟴
⏰ Last Name: ⌥ 𝟭𝟴:𝟯𝟵
⏰ Last Name: ⌥ 𝟭𝟴:𝟰𝟬
⏰ Last Name: ⌥ 𝟭𝟴:𝟰𝟭
⏰ Last Name: ⌥ 𝟭𝟴:𝟰𝟮
⏰ Last Name: ⌥ 𝟭𝟴:𝟰𝟯
💜 Auto React [user:8299996037]: 🤣
💜 Auto React [user:8299996037]: 🤣
💜 Auto React [user:8299996037]: 🤣
💜 Auto React [user:8299996037]: 🤣
⏰ Last Name: ⌥ 𝟭𝟴:𝟰𝟰
💜 Auto React [user:8299996037]: 🤣
💜 Auto React [user:8299996037]: 🤣
💜 Auto React [user:8299996037]: 🤣
💜 Auto React [user:8299996037]: 🤣
💜 Auto React [user:8299996037]: 🤣
⏰ Last Name: ⌥ 𝟭𝟴:𝟰𝟱
⏰ Last Name: ⌥ 𝟭𝟴:𝟰𝟲
⏰ Last Name: ⌥ 𝟭𝟴:𝟰𝟳
⏰ Last Name: ⌥ 𝟭𝟴:𝟰𝟴
⏰ Last Name: ⌥ 𝟭𝟴:𝟰𝟵
⏰ Last Name: ⌥ 𝟭𝟴:𝟱𝟬
⏰ Last Name: ⌥ 𝟭𝟴:𝟱𝟭
⏰ Last Name: ⌥ 𝟭𝟴:𝟱𝟮
⏰ Last Name: ⌥ 𝟭𝟴:𝟱𝟯
⏰ Last Name: ⌥ 𝟭𝟴:𝟱𝟰
⏰ Last Name: ⌥ 𝟭𝟴:𝟱𝟱
⏰ Last Name: ⌥ 𝟭𝟴:𝟱𝟲
⏰ Last Name: ⌥ 𝟭𝟴:𝟱𝟳
⏰ Last Name: ⌥ 𝟭𝟴:𝟱𝟴
⏰ Last Name: ⌥ 𝟭𝟴:𝟱𝟵
💜 Auto React [user:8299996037]: 🤣
💜 Auto React [user:8299996037]: 🤣
💜 Auto React [user:8299996037]: 🤣
⏰ Last Name: ⌥ 𝟭𝟵:𝟬𝟬
💜 Auto React [user:8299996037]: 🤣
💜 Auto React [user:8299996037]: 🤣
💜 Auto React [user:8299996037]: 🤣
💜 Auto React [user:8299996037]: 🤣
💜 Auto React [user:8299996037]: 🤣
⏰ Last Name: ⌥ 𝟭𝟵:𝟬𝟭
💜 Auto React [user:8299996037]: 🤣
💜 Auto React [user:8299996037]: 🤣
💜 Auto React [user:8299996037]: 🤣
💜 Auto React [user:8299996037]: 🤣
💜 Auto React [user:8299996037]: 🤣
⏰ Last Name: ⌥ 𝟭𝟵:𝟬𝟮
💜 Auto React [user:8299996037]: 🤣
💜 Auto React [user:8299996037]: 🤣
💜 Auto React [user:8299996037]: 🤣
💜 Auto React [user:8299996037]: 🤣
💜 Auto React [user:8299996037]: 🤣
💜 Auto React [user:8299996037]: 🤣
⏰ Last Name: ⌥ 𝟭𝟵:𝟬𝟯
💜 Auto React [user:8299996037]: 🤣
💜 Auto React [user:8299996037]: 🤣
💜 Auto React [user:8299996037]: 🤣
⏰ Last Name: ⌥ 𝟭𝟵:𝟬𝟰
💜 Auto React [user:8299996037]: 🤣
💜 Auto React [user:8299996037]: 🤣
💜 Auto React [user:8299996037]: 🤣
💜 Auto React [user:8299996037]: 🤣
💜 Auto React [user:8299996037]: 🤣
💜 Auto React [user:8299996037]: 🤣
💜 Auto React [user:8299996037]: 🤣
⏰ Last Name: ⌥ 𝟭𝟵:𝟬𝟱
💜 Auto React [user:8299996037]: 🤣
💜 Auto React [user:8299996037]: 🤣
⏰ Last Name: ⌥ 𝟭𝟵:𝟬𝟲
💜 Auto React [user:8299996037]: 🤣
💜 Auto React [user:8299996037]: 🤣
⏰ Last Name: ⌥ 𝟭𝟵:𝟬𝟳
💜 Auto React [user:8299996037]: 🤣
💜 Auto React [user:8299996037]: 🤣
⏰ Last Name: ⌥ 𝟭𝟵:𝟬𝟴
⏰ Last Name: ⌥ 𝟭𝟵:𝟬𝟵
⏰ Last Name: ⌥ 𝟭𝟵:𝟭𝟬
⏰ Last Name: ⌥ 𝟭𝟵:𝟭𝟭
⏰ Last Name: ⌥ 𝟭𝟵:𝟭𝟮
⏰ Last Name: ⌥ 𝟭𝟵:𝟭𝟯
⏰ Last Name: ⌥ 𝟭𝟵:𝟭𝟰
⏰ Last Name: ⌥ 𝟭𝟵:𝟭𝟱
⏰ Last Name: ⌥ 𝟭𝟵:𝟭𝟲
⏰ Last Name: ⌥ 𝟭𝟵:𝟭𝟳
⏰ Last Name: ⌥ 𝟭𝟵:𝟭𝟴
⏰ Last Name: ⌥ 𝟭𝟵:𝟭𝟵
⏰ Last Name: ⌥ 𝟭𝟵:𝟮𝟬
⏰ Last Name: ⌥ 𝟭𝟵:𝟮𝟭
💜 Auto React [user:8299996037]: 🤣
💜 Auto React [user:8299996037]: 🤣
💜 Auto React [user:8299996037]: 🤣
💜 Auto React [user:8299996037]: 🤣
💜 Auto React [user:8299996037]: 🤣
💜 Auto React [user:8299996037]: 🤣
💜 Auto React [user:8299996037]: 🤣
⏰ Last Name: ⌥ 𝟭𝟵:𝟮𝟮
💜 Auto React [user:8299996037]: 🤣
💜 Auto React [user:8299996037]: 🤣
💜 Auto React [user:8299996037]: 🤣
💜 Auto React [user:8299996037]: 🤣
💜 Auto React [user:8299996037]: 🤣
💜 Auto React [user:8299996037]: 🤣
💜 Auto React [user:8299996037]: 🤣
⏰ Last Name: ⌥ 𝟭𝟵:𝟮𝟯
💜 Auto React [user:8299996037]: 🤣
💜 Auto React [user:8299996037]: 🤣
💜 Auto React [user:8299996037]: 🤣
💜 Auto React [user:8299996037]: 🤣
💜 Auto React [user:8299996037]: 🤣
⏰ Last Name: ⌥ 𝟭𝟵:𝟮𝟰
💜 Auto React [user:8299996037]: 🤣
💜 Auto React [user:8299996037]: 🤣
💜 Auto React [user:8299996037]: 🤣
⏰ Last Name: ⌥ 𝟭𝟵:𝟮𝟱
💜 Auto React [user:8299996037]: 🤣
💜 Auto React [user:8299996037]: 🤣
💜 Auto React [user:8299996037]: 🤣
💜 Auto React [user:8299996037]: 🤣
💜 Auto React [user:8299996037]: 🤣
💜 Auto React [user:8299996037]: 🤣
💜 Auto React [user:8299996037]: 🤣
⏰ Last Name: ⌥ 𝟭𝟵:𝟮𝟲
💜 Auto React [user:8299996037]: 🤣
💜 Auto React [user:8299996037]: 🤣
💜 Auto React [user:8299996037]: 🤣
💜 Auto React [user:8299996037]: 🤣
⏰ Last Name: ⌥ 𝟭𝟵:𝟮𝟳
💜 Auto React [user:8299996037]: 🤣
💜 Auto React [user:8299996037]: 🤣
⏰ Last Name: ⌥ 𝟭𝟵:𝟮𝟴
⏰ Last Name: ⌥ 𝟭𝟵:𝟮𝟵
⏰ Last Name: ⌥ 𝟭𝟵:𝟯𝟬
⏰ Last Name: ⌥ 𝟭𝟵:𝟯𝟭
⏰ Last Name: ⌥ 𝟭𝟵:𝟯𝟮
⏰ Last Name: ⌥ 𝟭𝟵:𝟯𝟯
⏰ Last Name: ⌥ 𝟭𝟵:𝟯𝟰
⏰ Last Name: ⌥ 𝟭𝟵:𝟯𝟱
⏰ Last Name: ⌥ 𝟭𝟵:𝟯𝟲
⏰ Last Name: ⌥ 𝟭𝟵:𝟯𝟳
⏰ Last Name: ⌥ 𝟭𝟵:𝟯𝟴
⏰ Last Name: ⌥ 𝟭𝟵:𝟯𝟵
⏰ Last Name: ⌥ 𝟭𝟵:𝟰𝟬
⏰ Last Name: ⌥ 𝟭𝟵:𝟰𝟭
💜 Auto React [user:8299996037]: 🤣
💜 Auto React [user:8299996037]: 🤣
⏰ Last Name: ⌥ 𝟭𝟵:𝟰𝟮
💜 Auto React [user:8299996037]: 🤣
💜 Auto React [user:8299996037]: 🤣
💜 Auto React [user:8299996037]: 🤣
⏰ Last Name: ⌥ 𝟭𝟵:𝟰𝟯
💜 Auto React [user:8299996037]: 🤣
💜 Auto React [user:8299996037]: 🤣
⏰ Last Name: ⌥ 𝟭𝟵:𝟰𝟰
💜 Auto React [user:8299996037]: 🤣
💜 Auto React [user:8299996037]: 🤣
⏰ Last Name: ⌥ 𝟭𝟵:𝟰𝟱
💜 Auto React [user:8299996037]: 🤣
💜 Auto React [user:8299996037]: 🤣
💜 Auto React [user:8299996037]: 🤣
💜 Auto React [user:8299996037]: 🤣
⏰ Last Name: ⌥ 𝟭𝟵:𝟰𝟲
💜 Auto React [user:8299996037]: 🤣
💜 Auto React [user:8299996037]: 🤣
💜 Auto React [user:8299996037]: 🤣
💜 Auto React [user:8299996037]: 🤣
⏰ Last Name: ⌥ 𝟭𝟵:𝟰𝟳
💜 Auto React [user:8299996037]: 🤣
💜 Auto React [user:8299996037]: 🤣
💜 Auto React [user:8299996037]: 🤣
💜 Auto React [user:8299996037]: 🤣
💜 Auto React [user:8299996037]: 🤣
💜 Auto React [user:8299996037]: 🤣
💜 Auto React [user:8299996037]: 🤣
💜 Auto React [user:8299996037]: 🤣
💜 Auto React [user:8299996037]: 🤣
⏰ Last Name: ⌥ 𝟭𝟵:𝟰𝟴
💜 Auto React [user:8299996037]: 🤣
💜 Auto React [user:8299996037]: 🤣
💜 Auto React [user:8299996037]: 🤣
💜 Auto React [user:8299996037]: 🤣
💜 Auto React [user:8299996037]: 🤣
💜 Auto React [user:8299996037]: 🤣
💜 Auto React [user:8299996037]: 🤣
💜 Auto React [user:8299996037]: 🤣
💜 Auto React [user:8299996037]: 🤣
⏰ Last Name: ⌥ 𝟭𝟵:𝟰𝟵
💜 Auto React [user:8299996037]: 🤣
💜 Auto React [user:8299996037]: 🤣
💜 Auto React [user:8299996037]: 🤣
💜 Auto React [user:8299996037]: 🤣
💜 Auto React [user:8299996037]: 🤣
⏰ Last Name: ⌥ 𝟭𝟵:𝟱𝟬
⏰ Last Name: ⌥ 𝟭𝟵:𝟱𝟭
⏰ Last Name: ⌥ 𝟭𝟵:𝟱𝟮
⏰ Last Name: ⌥ 𝟭𝟵:𝟱𝟯
⏰ Last Name: ⌥ 𝟭𝟵:𝟱𝟰
⏰ Last Name: ⌥ 𝟭𝟵:𝟱𝟱
⏰ Last Name: ⌥ 𝟭𝟵:𝟱𝟲
⏰ Last Name: ⌥ 𝟭𝟵:𝟱𝟳
⏰ Last Name: ⌥ 𝟭𝟵:𝟱𝟴
⏰ Last Name: ⌥ 𝟭𝟵:𝟱𝟵
⏰ Last Name: ⌥ 𝟮𝟬:𝟬𝟬
⏰ Last Name: ⌥ 𝟮𝟬:𝟬𝟭
⏰ Last Name: ⌥ 𝟮𝟬:𝟬𝟮
⏰ Last Name: ⌥ 𝟮𝟬:𝟬𝟯
⏰ Last Name: ⌥ 𝟮𝟬:𝟬𝟰
💜 Auto React [user:8299996037]: 🤣
💜 Auto React [user:8299996037]: 🤣
💜 Auto React [user:8299996037]: 🤣
💜 Auto React [user:8299996037]: 🤣
💜 Auto React [user:8299996037]: 🤣
💜 Auto React [user:8299996037]: 🤣
💜 Auto React [user:8299996037]: 🤣
💜 Auto React [user:8299996037]: 🤣
💜 Auto React [user:8299996037]: 🤣
💜 Auto React [user:8299996037]: 🤣
💜 Auto React [user:8299996037]: 🤣
💜 Auto React [user:8299996037]: 🤣
⏰ Last Name: ⌥ 𝟮𝟬:𝟬𝟱
💜 Auto React [user:8299996037]: 🤣
💜 Auto React [user:8299996037]: 🤣
💜 Auto React [user:8299996037]: 🤣
💜 Auto React [user:8299996037]: 🤣
💜 Auto React [user:8299996037]: 🤣
💜 Auto React [user:8299996037]: 🤣
💜 Auto React [user:8299996037]: 🤣
💜 Auto React [user:8299996037]: 🤣
💜 Auto React [user:8299996037]: 🤣
💜 Auto React [user:8299996037]: 🤣
💜 Auto React [user:8299996037]: 🤣
⏰ Last Name: ⌥ 𝟮𝟬:𝟬𝟲
💜 Auto React [user:8299996037]: 🤣
💜 Auto React [user:8299996037]: 🤣
⏰ Last Name: ⌥ 𝟮𝟬:𝟬𝟳
⏰ Last Name: ⌥ 𝟮𝟬:𝟬𝟴
⏰ Last Name: ⌥ 𝟮𝟬:𝟬𝟵
⏰ Last Name: ⌥ 𝟮𝟬:𝟭𝟬
⏰ Last Name: ⌥ 𝟮𝟬:𝟭𝟭
⏰ Last Name: ⌥ 𝟮𝟬:𝟭𝟮
⏰ Last Name: ⌥ 𝟮𝟬:𝟭𝟯
⏰ Last Name: ⌥ 𝟮𝟬:𝟭𝟰
⏰ Last Name: ⌥ 𝟮𝟬:𝟭𝟱
⏰ Last Name: ⌥ 𝟮𝟬:𝟭𝟲
⏰ Last Name: ⌥ 𝟮𝟬:𝟭𝟳
⏰ Last Name: ⌥ 𝟮𝟬:𝟭𝟴
⏰ Last Name: ⌥ 𝟮𝟬:𝟭𝟵
💜 Auto React [user:8299996037]: 🤣
💜 Auto React [user:8299996037]: 🤣
💜 Auto React [user:8299996037]: 🤣
⏰ Last Name: ⌥ 𝟮𝟬:𝟮𝟬
💜 Auto React [user:8299996037]: 🤣
💜 Auto React [user:8299996037]: 🤣
💜 Auto React [user:8299996037]: 🤣
💜 Auto React [user:8299996037]: 🤣
💜 Auto React [user:8299996037]: 🤣
💜 Auto React [user:8299996037]: 🤣
💜 Auto React [user:8299996037]: 🤣
⏰ Last Name: ⌥ 𝟮𝟬:𝟮𝟭
⏰ Last Name: ⌥ 𝟮𝟬:𝟮𝟮
💜 Auto React [user:8299996037]: 🤣
⏰ Last Name: ⌥ 𝟮𝟬:𝟮𝟯
💜 Auto React [user:8299996037]: 🤣
💜 Auto React [user:8299996037]: 🤣
💜 Auto React [user:8299996037]: 🤣
💜 Auto React [user:8299996037]: 🤣
💜 Auto React [user:8299996037]: 🤣
💜 Auto React [user:8299996037]: 🤣
💜 Auto React [user:8299996037]: 🤣
💜 Auto React [user:8299996037]: 🤣
💜 Auto React [user:8299996037]: 🤣
💜 Auto React [user:8299996037]: 🤣
💜 Auto React [user:8299996037]: 🤣
💜 Auto React [user:8299996037]: 🤣
💜 Auto React [user:8299996037]: 🤣
💜 Auto React [user:8299996037]: 🤣
💜 Auto React [user:8299996037]: 🤣
💜 Auto React [user:8299996037]: 🤣
⏰ Last Name: ⌥ 𝟮𝟬:𝟮𝟰
⏰ Last Name: ⌥ 𝟮𝟬:𝟮𝟱
⏰ Last Name: ⌥ 𝟮𝟬:𝟮𝟲
⏰ Last Name: ⌥ 𝟮𝟬:𝟮𝟳
⏰ Last Name: ⌥ 𝟮𝟬:𝟮𝟴
⏰ Last Name: ⌥ 𝟮𝟬:𝟮𝟵
⏰ Last Name: ⌥ 𝟮𝟬:𝟯𝟬
⏰ Last Name: ⌥ 𝟮𝟬:𝟯𝟭
⏰ Last Name: ⌥ 𝟮𝟬:𝟯𝟮
⏰ Last Name: ⌥ 𝟮𝟬:𝟯𝟯
⏰ Last Name: ⌥ 𝟮𝟬:𝟯𝟰
⏰ Last Name: ⌥ 𝟮𝟬:𝟯𝟱
⏰ Last Name: ⌥ 𝟮𝟬:𝟯𝟲
⏰ Last Name: ⌥ 𝟮𝟬:𝟯𝟳
⏰ Last Name: ⌥ 𝟮𝟬:𝟯𝟴
⏰ Last Name: ⌥ 𝟮𝟬:𝟯𝟵
💜 Auto React [user:8299996037]: 🤣
💜 Auto React [user:8299996037]: 🤣
⏰ Last Name: ⌥ 𝟮𝟬:𝟰𝟬
⏰ Last Name: ⌥ 𝟮𝟬:𝟰𝟭
⏰ Last Name: ⌥ 𝟮𝟬:𝟰𝟮
⏰ Last Name: ⌥ 𝟮𝟬:𝟰𝟯
⏰ Last Name: ⌥ 𝟮𝟬:𝟰𝟰
⏰ Last Name: ⌥ 𝟮𝟬:𝟰𝟱
⏰ Last Name: ⌥ 𝟮𝟬:𝟰𝟲
⏰ Last Name: ⌥ 𝟮𝟬:𝟰𝟳
⏰ Last Name: ⌥ 𝟮𝟬:𝟰𝟴
⏰ Last Name: ⌥ 𝟮𝟬:𝟰𝟵
⏰ Last Name: ⌥ 𝟮𝟬:𝟱𝟬
⏰ Last Name: ⌥ 𝟮𝟬:𝟱𝟭
⏰ Last Name: ⌥ 𝟮𝟬:𝟱𝟮
⏰ Last Name: ⌥ 𝟮𝟬:𝟱𝟯
💜 Auto React [user:8299996037]: 🤣
⏰ Last Name: ⌥ 𝟮𝟬:𝟱𝟰
💜 Auto React [user:8299996037]: 🤣
💜 Auto React [user:8299996037]: 🤣
💜 Auto React [user:8299996037]: 🤣
⏰ Last Name: ⌥ 𝟮𝟬:𝟱𝟱
💜 Auto React [user:8299996037]: 🤣
💜 Auto React [user:8299996037]: 🤣
💜 Auto React [user:8299996037]: 🤣
💜 Auto React [user:8299996037]: 🤣
💜 Auto React [user:8299996037]: 🤣
💜 Auto React [user:8299996037]: 🤣
⏰ Last Name: ⌥ 𝟮𝟬:𝟱𝟲
💜 Auto React [user:8299996037]: 🤣
💜 Auto React [user:8299996037]: 🤣
💜 Auto React [user:8299996037]: 🤣
💜 Auto React [user:8299996037]: 🤣
💜 Auto React [user:8299996037]: 🤣
💜 Auto React [user:8299996037]: 🤣
💜 Auto React [user:8299996037]: 🤣
💜 Auto React [user:8299996037]: 🤣
💜 Auto React [user:8299996037]: 🤣
💜 Auto React [user:8299996037]: 🤣
💜 Auto React [user:8299996037]: 🤣
💜 Auto React [user:8299996037]: 🤣
⏰ Last Name: ⌥ 𝟮𝟬:𝟱𝟳
💜 Auto React [user:8299996037]: 🤣
💜 Auto React [user:8299996037]: 🤣
💜 Auto React [user:8299996037]: 🤣
💜 Auto React [user:8299996037]: 🤣
💜 Auto React [user:8299996037]: 🤣
💜 Auto React [user:8299996037]: 🤣
💜 Auto React [user:8299996037]: 🤣
💜 Auto React [user:8299996037]: 🤣
⏰ Last Name: ⌥ 𝟮𝟬:𝟱𝟴
💜 Auto React [user:8299996037]: 🤣
💜 Auto React [user:8299996037]: 🤣
💜 Auto React [user:8299996037]: 🤣
💜 Auto React [user:8299996037]: 🤣
💜 Auto React [user:8299996037]: 🤣
💜 Auto React [user:8299996037]: 🤣
💜 Auto React [user:8299996037]: 🤣
💜 Auto React [user:8299996037]: 🤣
💜 Auto React [user:8299996037]: 🤣
⏰ Last Name: ⌥ 𝟮𝟬:𝟱𝟵
💜 Auto React [user:8299996037]: 🤣
⏰ Last Name: ⌥ 𝟮𝟭:𝟬𝟬
⏰ Last Name: ⌥ 𝟮𝟭:𝟬𝟭
⏰ Last Name: ⌥ 𝟮𝟭:𝟬𝟮
⏰ Last Name: ⌥ 𝟮𝟭:𝟬𝟯
⏰ Last Name: ⌥ 𝟮𝟭:𝟬𝟰
⏰ Last Name: ⌥ 𝟮𝟭:𝟬𝟱
⏰ Last Name: ⌥ 𝟮𝟭:𝟬𝟲
⏰ Last Name: ⌥ 𝟮𝟭:𝟬𝟳
⏰ Last Name: ⌥ 𝟮𝟭:𝟬𝟴
⏰ Last Name: ⌥ 𝟮𝟭:𝟬𝟵
⏰ Last Name: ⌥ 𝟮𝟭:𝟭𝟬
⏰ Last Name: ⌥ 𝟮𝟭:𝟭𝟭
⏰ Last Name: ⌥ 𝟮𝟭:𝟭𝟮
⏰ Last Name: ⌥ 𝟮𝟭:𝟭𝟯
⏰ Last Name: ⌥ 𝟮𝟭:𝟭𝟰
💜 Auto React [user:8299996037]: 🤣
💜 Auto React [user:8299996037]: 🤣
💜 Auto React [user:8299996037]: 🤣
💜 Auto React [user:8299996037]: 🤣
⏰ Last Name: ⌥ 𝟮𝟭:𝟭𝟱
💜 Auto React [user:8299996037]: 🤣
💜 Auto React [user:8299996037]: 🤣
💜 Auto React [user:8299996037]: 🤣
💜 Auto React [user:8299996037]: 🤣
💜 Auto React [user:8299996037]: 🤣
💜 Auto React [user:8299996037]: 🤣
💜 Auto React [user:8299996037]: 🤣
💜 Auto React [user:8299996037]: 🤣
⏰ Last Name: ⌥ 𝟮𝟭:𝟭𝟲
💜 Auto React [user:8299996037]: 🤣
💜 Auto React [user:8299996037]: 🤣
💜 Auto React [user:8299996037]: 🤣
💜 Auto React [user:8299996037]: 🤣
💜 Auto React [user:8299996037]: 🤣
💜 Auto React [user:8299996037]: 🤣
⏰ Last Name: ⌥ 𝟮𝟭:𝟭𝟳
⏰ Last Name: ⌥ 𝟮𝟭:𝟭𝟴
⏰ Last Name: ⌥ 𝟮𝟭:𝟭𝟵
⏰ Last Name: ⌥ 𝟮𝟭:𝟮𝟬
⏰ Last Name: ⌥ 𝟮𝟭:𝟮𝟭
⏰ Last Name: ⌥ 𝟮𝟭:𝟮𝟮
⏰ Last Name: ⌥ 𝟮𝟭:𝟮𝟯
⏰ Last Name: ⌥ 𝟮𝟭:𝟮𝟰
⏰ Last Name: ⌥ 𝟮𝟭:𝟮𝟱
⏰ Last Name: ⌥ 𝟮𝟭:𝟮𝟲
⏰ Last Name: ⌥ 𝟮𝟭:𝟮𝟳
⏰ Last Name: ⌥ 𝟮𝟭:𝟮𝟴
⏰ Last Name: ⌥ 𝟮𝟭:𝟮𝟵
⏰ Last Name: ⌥ 𝟮𝟭:𝟯𝟬
⏰ Last Name: ⌥ 𝟮𝟭:𝟯𝟭
⏰ Last Name: ⌥ 𝟮𝟭:𝟯𝟮
⏰ Last Name: ⌥ 𝟮𝟭:𝟯𝟯
⏰ Last Name: ⌥ 𝟮𝟭:𝟯𝟰
⏰ Last Name: ⌥ 𝟮𝟭:𝟯𝟱
⏰ Last Name: ⌥ 𝟮𝟭:𝟯𝟲
⏰ Last Name: ⌥ 𝟮𝟭:𝟯𝟳
⏰ Last Name: ⌥ 𝟮𝟭:𝟯𝟴
⏰ Last Name: ⌥ 𝟮𝟭:𝟯𝟵
⏰ Last Name: ⌥ 𝟮𝟭:𝟰𝟬
⏰ Last Name: ⌥ 𝟮𝟭:𝟰𝟭
⏰ Last Name: ⌥ 𝟮𝟭:𝟰𝟮
⏰ Last Name: ⌥ 𝟮𝟭:𝟰𝟯
⏰ Last Name: ⌥ 𝟮𝟭:𝟰𝟰
⏰ Last Name: ⌥ 𝟮𝟭:𝟰𝟱
💜 Auto React [user:8299996037]: 🤣
💜 Auto React [user:8299996037]: 🤣
💜 Auto React [user:8299996037]: 🤣
⏰ Last Name: ⌥ 𝟮𝟭:𝟰𝟲
💜 Auto React [user:8299996037]: 🤣
💜 Auto React [user:8299996037]: 🤣
💜 Auto React [user:8299996037]: 🤣
💜 Auto React [user:8299996037]: 🤣
💜 Auto React [user:8299996037]: 🤣
💜 Auto React [user:8299996037]: 🤣
💜 Auto React [user:8299996037]: 🤣
💜 Auto React [user:8299996037]: 🤣
💜 Auto React [user:8299996037]: 🤣
💜 Auto React [user:8299996037]: 🤣
💜 Auto React [user:8299996037]: 🤣
💜 Auto React [user:8299996037]: 🤣
💜 Auto React [user:8299996037]: 🤣
💜 Auto React [user:8299996037]: 🤣
💜 Auto React [user:8299996037]: 🤣
⏰ Last Name: ⌥ 𝟮𝟭:𝟰𝟳
💜 Auto React [user:8299996037]: 🤣
💜 Auto React [user:8299996037]: 🤣
💜 Auto React [user:8299996037]: 🤣
💜 Auto React [user:8299996037]: 🤣
💜 Auto React [user:8299996037]: 🤣
💜 Auto React [user:8299996037]: 🤣
💜 Auto React [user:8299996037]: 🤣
💜 Auto React [user:8299996037]: 🤣
💜 Auto React [user:8299996037]: 🤣
⏰ Last Name: ⌥ 𝟮𝟭:𝟰𝟴
💜 Auto React [user:8299996037]: 🤣
💜 Auto React [user:8299996037]: 🤣
💜 Auto React [user:8299996037]: 🤣
💜 Auto React [user:8299996037]: 🤣
💜 Auto React [user:8299996037]: 🤣
💜 Auto React [user:8299996037]: 🤣
💜 Auto React [user:8299996037]: 🤣
💜 Auto React [user:8299996037]: 🤣
💜 Auto React [user:8299996037]: 🤣
💜 Auto React [user:8299996037]: 🤣
💜 Auto React [user:8299996037]: 🤣
⏰ Last Name: ⌥ 𝟮𝟭:𝟰𝟵
💜 Auto React [user:8299996037]: 🤣
💜 Auto React [user:8299996037]: 🤣
💜 Auto React [user:8299996037]: 🤣
💜 Auto React [user:8299996037]: 🤣
💜 Auto React [user:8299996037]: 🤣
💜 Auto React [user:8299996037]: 🤣
💜 Auto React [user:8299996037]: 🤣
💜 Auto React [user:8299996037]: 🤣
💜 Auto React [user:8299996037]: 🤣
💜 Auto React [user:8299996037]: 🤣
⏰ Last Name: ⌥ 𝟮𝟭:𝟱𝟬
💜 Auto React [user:8299996037]: 🤣
💜 Auto React [user:8299996037]: 🤣
💜 Auto React [user:8299996037]: 🤣
💜 Auto React [user:8299996037]: 🤣
💜 Auto React [user:8299996037]: 🤣
💜 Auto React [user:8299996037]: 🤣
💜 Auto React [user:8299996037]: 🤣
💜 Auto React [user:8299996037]: 🤣
💜 Auto React [user:8299996037]: 🤣
⏰ Last Name: ⌥ 𝟮𝟭:𝟱𝟭
💜 Auto React [user:8299996037]: 🤣
💜 Auto React [user:8299996037]: 🤣
⏰ Last Name: ⌥ 𝟮𝟭:𝟱𝟮
⏰ Last Name: ⌥ 𝟮𝟭:𝟱𝟯
⏰ Last Name: ⌥ 𝟮𝟭:𝟱𝟰
💜 Auto React [user:8299996037]: 🤣
💜 Auto React [user:8299996037]: 🤣
💜 Auto React [user:8299996037]: 🤣
💜 Auto React [user:8299996037]: 🤣
💜 Auto React [user:8299996037]: 🤣
💜 Auto React [user:8299996037]: 🤣
💜 Auto React [user:8299996037]: 🤣
💜 Auto React [user:8299996037]: 🤣
💜 Auto React [user:8299996037]: 🤣
💜 Auto React [user:8299996037]: 🤣
💜 Auto React [user:8299996037]: 🤣
💜 Auto React [user:8299996037]: 🤣
💜 Auto React [user:8299996037]: 🤣
💜 Auto React [user:8299996037]: 🤣
💜 Auto React [user:8299996037]: 🤣
💜 Auto React [user:8299996037]: 🤣
💜 Auto React [user:8299996037]: 🤣
💜 Auto React [user:8299996037]: 🤣
⚠️ خطای ریکت [user:8299996037]: Request was unsuccessful 6 time(s)
💜 Auto React [user:8299996037]: 🤣
💜 Auto React [user:8299996037]: 🤣
💜 Auto React [user:8299996037]: 🤣
⚠️ خطای ریکت [user:8299996037]: Request was unsuccessful 6 time(s)
💜 Auto React [user:8299996037]: 🤣
💜 Auto React [user:8299996037]: 🤣
💜 Auto React [user:6990187779]: ❤️
💜 Auto React [user:8299996037]: 🤣
💜 Auto React [user:8299996037]: 🤣
💜 Auto React [user:8299996037]: 🤣
💜 Auto React [user:8299996037]: 🤣
💜 Auto React [user:8299996037]: 🤣
⏰ Last Name: ⌥ 𝟮𝟭:𝟱𝟱
💜 Auto React [user:6990187779]: ❤️
💜 Auto React [user:8299996037]: 🤣
💜 Auto React [user:6990187779]: ❤️
💜 Auto React [user:6990187779]: ❤️
💜 Auto React [user:6990187779]: ❤️
⏰ Last Name: ⌥ 𝟮𝟭:𝟱𝟲
💜 Auto React [user:8299996037]: 🤣
💜 Auto React [user:8299996037]: 🤣
💜 Auto React [user:8299996037]: 🤣
💜 Auto React [user:8299996037]: 🤣
💜 Auto React [user:8299996037]: 🤣
💜 Auto React [user:8299996037]: 🤣
💜 Auto React [user:8299996037]: 🤣
💜 Auto React [user:8299996037]: 🤣
💜 Auto React [user:8299996037]: 🤣
💜 Auto React [user:8299996037]: 🤣
💜 Auto React [user:8299996037]: 🤣
💜 Auto React [user:8299996037]: 🤣
💜 Auto React [user:8299996037]: 🤣
💜 Auto React [user:6990187779]: ❤️
💜 Auto React [user:8299996037]: 🤣
💜 Auto React [user:8299996037]: 🤣
💜 Auto React [user:6990187779]: ❤️
💜 Auto React [user:8299996037]: 🤣
💜 Auto React [user:8299996037]: 🤣
💜 Auto React [user:8299996037]: 🤣
💜 Auto React [user:8299996037]: 🤣
💜 Auto React [user:8299996037]: 🤣
💜 Auto React [user:8299996037]: 🤣
💜 Auto React [user:6990187779]: ❤️
💜 Auto React [user:8299996037]: 🤣
⏰ Last Name: ⌥ 𝟮𝟭:𝟱𝟳
💜 Auto React [user:8299996037]: 🤣
💜 Auto React [user:6990187779]: ❤️
💜 Auto React [user:8299996037]: 🤣
💜 Auto React [user:6990187779]: ❤️
💜 Auto React [user:8299996037]: 🤣
💜 Auto React [user:8299996037]: 🤣
💜 Auto React [user:8299996037]: 🤣
💜 Auto React [user:8299996037]: 🤣
💜 Auto React [user:8299996037]: 🤣
💜 Auto React [user:8299996037]: 🤣
💜 Auto React [user:8299996037]: 🤣
💜 Auto React [user:8299996037]: 🤣
💜 Auto React [user:8299996037]: 🤣
💜 Auto React [user:8299996037]: 🤣
💜 Auto React [user:8299996037]: 🤣
💜 Auto React [user:8299996037]: 🤣
💜 Auto React [user:6990187779]: ❤️
💜 Auto React [user:8299996037]: 🤣
⏰ Last Name: ⌥ 𝟮𝟭:𝟱𝟴
💜 Auto React [user:8299996037]: 🤣
💜 Auto React [user:8299996037]: 🤣
💜 Auto React [user:8299996037]: 🤣
💜 Auto React [user:6990187779]: ❤️
💜 Auto React [user:8299996037]: 🤣
⏳ Flood wait: 151s → تاخیر جدید: 2.0s
⏳ Flood wait: 150s → تاخیر جدید: 4.0s
⏳ ریکت: صبر 151.0s (Flood)
⏰ Last Name: ⌥ 𝟮𝟭:𝟱𝟵
⏰ Last Name: ⌥ 𝟮𝟮:𝟬𝟬
💜 Auto React [user:6990187779]: ❤️
💜 Auto React [user:8299996037]: 🤣
💜 Auto React [user:8299996037]: 🤣
⏰ Last Name: ⌥ 𝟮𝟮:𝟬𝟭
💜 Auto React [user:8299996037]: 🤣
💜 Auto React [user:8299996037]: 🤣
💜 Auto React [user:8299996037]: 🤣
💜 Auto React [user:8299996037]: 🤣
💜 Auto React [user:8299996037]: 🤣
💜 Auto React [user:8299996037]: 🤣
💜 Auto React [user:8299996037]: 🤣
💜 Auto React [user:8299996037]: 🤣
💜 Auto React [user:6990187779]: ❤️
💜 Auto React [user:8299996037]: 🤣
💜 Auto React [user:8299996037]: 🤣
💜 Auto React [user:8299996037]: 🤣
💜 Auto React [user:6990187779]: ❤️
💜 Auto React [user:8299996037]: 🤣
💜 Auto React [user:8299996037]: 🤣
💜 Auto React [user:6990187779]: ❤️
💜 Auto React [user:8299996037]: 🤣
💜 Auto React [user:8299996037]: 🤣
💜 Auto React [user:8299996037]: 🤣
💜 Auto React [user:8299996037]: 🤣
⚠️ خطای ریکت [user:8299996037]: Request was unsuccessful 6 time(s)
💜 Auto React [user:6990187779]: ❤️
💜 Auto React [user:8299996037]: 🤣
💜 Auto React [user:8299996037]: 🤣
💜 Auto React [user:8299996037]: 🤣
💜 Auto React [user:8299996037]: 🤣
💜 Auto React [user:8299996037]: 🤣
⚠️ خطای ریکت [user:6990187779]: Request was unsuccessful 6 time(s)
💜 Auto React [user:8299996037]: 🤣
⏰ Last Name: ⌥ 𝟮𝟮:𝟬𝟮
💜 Auto React [user:8299996037]: 🤣
💜 Auto React [user:8299996037]: 🤣
💜 Auto React [user:8299996037]: 🤣
💜 Auto React [user:8299996037]: 🤣
💜 Auto React [user:8299996037]: 🤣
💜 Auto React [user:8299996037]: 🤣
💜 Auto React [user:8299996037]: 🤣
💜 Auto React [user:8299996037]: 🤣
💜 Auto React [user:8299996037]: 🤣
⏰ Last Name: ⌥ 𝟮𝟮:𝟬𝟯
💜 Auto React [user:8299996037]: 🤣
💜 Auto React [user:8299996037]: 🤣
💜 Auto React [user:8299996037]: 🤣
💜 Auto React [user:8299996037]: 🤣
💜 Auto React [user:8299996037]: 🤣
💜 Auto React [user:8299996037]: 🤣
💜 Auto React [user:8299996037]: 🤣
💜 Auto React [user:8299996037]: 🤣
💜 Auto React [user:8299996037]: 🤣
💜 Auto React [user:8299996037]: 🤣
💜 Auto React [user:6990187779]: ❤️
⏳ Flood wait: 127s → تاخیر جدید: 2.0s
⏳ ریکت: صبر 117.3s (Flood)
⏰ Last Name: ⌥ 𝟮𝟮:𝟬𝟰
⏰ Last Name: ⌥ 𝟮𝟮:𝟬𝟱
💜 Auto React [user:8299996037]: 🤣
💜 Auto React [user:8299996037]: 🤣
💜 Auto React [user:8299996037]: 🤣
💜 Auto React [user:8299996037]: 🤣
⏰ Last Name: ⌥ 𝟮𝟮:𝟬𝟲
💜 Auto React [user:8299996037]: 🤣
💜 Auto React [user:8299996037]: 🤣
💜 Auto React [user:8299996037]: 🤣
💜 Auto React [user:8299996037]: 🤣
💜 Auto React [user:8299996037]: 🤣
💜 Auto React [user:8299996037]: 🤣
💜 Auto React [user:8299996037]: 🤣
💜 Auto React [user:8299996037]: 🤣
💜 Auto React [user:8299996037]: 🤣
💜 Auto React [user:8299996037]: 🤣
💜 Auto React [user:8299996037]: 🤣
💜 Auto React [user:8299996037]: 🤣
💜 Auto React [user:8299996037]: 🤣
💜 Auto React [user:8299996037]: 🤣
💜 Auto React [user:8299996037]: 🤣
⏰ Last Name: ⌥ 𝟮𝟮:𝟬𝟳
💜 Auto React [user:8299996037]: 🤣
💜 Auto React [user:8299996037]: 🤣
💜 Auto React [user:8299996037]: 🤣
💜 Auto React [user:8299996037]: 🤣
💜 Auto React [user:8299996037]: 🤣
💜 Auto React [user:8299996037]: 🤣
💜 Auto React [user:8299996037]: 🤣
💜 Auto React [user:8299996037]: 🤣
⏰ Last Name: ⌥ 𝟮𝟮:𝟬𝟴
💜 Auto React [user:8299996037]: 🤣
💜 Auto React [user:8299996037]: 🤣
💜 Auto React [user:8299996037]: 🤣
💜 Auto React [user:8299996037]: 🤣
💜 Auto React [user:8299996037]: 🤣
💜 Auto React [user:8299996037]: 🤣
💜 Auto React [user:8299996037]: 🤣
⏰ Last Name: ⌥ 𝟮𝟮:𝟬𝟵
💜 Auto React [user:8299996037]: 🤣
💜 Auto React [user:8299996037]: 🤣
💜 Auto React [user:8299996037]: 🤣
💜 Auto React [user:8299996037]: 🤣
💜 Auto React [user:8299996037]: 🤣
💜 Auto React [user:8299996037]: 🤣
💜 Auto React [user:8299996037]: 🤣
💜 Auto React [user:8299996037]: 🤣
💜 Auto React [user:8299996037]: 🤣
💜 Auto React [user:8299996037]: 🤣
💜 Auto React [user:8299996037]: 🤣
⏰ Last Name: ⌥ 𝟮𝟮:𝟭𝟬
💜 Auto React [user:8299996037]: 🤣
💜 Auto React [user:8299996037]: 🤣
💜 Auto React [user:8299996037]: 🤣
💜 Auto React [user:8299996037]: 🤣
💜 Auto React [user:8299996037]: 🤣
💜 Auto React [user:8299996037]: 🤣
💜 Auto React [user:8299996037]: 🤣
💜 Auto React [user:8299996037]: 🤣
💜 Auto React [user:8299996037]: 🤣
⏰ Last Name: ⌥ 𝟮𝟮:𝟭𝟭
💜 Auto React [user:8299996037]: 🤣
💜 Auto React [user:8299996037]: 🤣
💜 Auto React [user:8299996037]: 🤣
💜 Auto React [user:8299996037]: 🤣
💜 Auto React [user:8299996037]: 🤣
💜 Auto React [user:8299996037]: 🤣
💜 Auto React [user:8299996037]: 🤣
⏰ Last Name: ⌥ 𝟮𝟮:𝟭𝟮
💜 Auto React [user:8299996037]: 🤣
💜 Auto React [user:8299996037]: 🤣
💜 Auto React [user:8299996037]: 🤣
💜 Auto React [user:8299996037]: 🤣
💜 Auto React [user:8299996037]: 🤣
💜 Auto React [user:8299996037]: 🤣
⏰ Last Name: ⌥ 𝟮𝟮:𝟭𝟯
💜 Auto React [user:8299996037]: 🤣
💜 Auto React [user:8299996037]: 🤣
⏳ Flood wait: 2450s → تاخیر جدید: 2.0s
⏳ ریکت: صبر 2449.1s (Flood)
⏰ Last Name: ⌥ 𝟮𝟮:𝟭𝟰
⏰ Last Name: ⌥ 𝟮𝟮:𝟭𝟱
⏰ Last Name: ⌥ 𝟮𝟮:𝟭𝟲
⏰ Last Name: ⌥ 𝟮𝟮:𝟭𝟳
⏰ Last Name: ⌥ 𝟮𝟮:𝟭𝟴
⏰ Last Name: ⌥ 𝟮𝟮:𝟭𝟵
⏰ Last Name: ⌥ 𝟮𝟮:𝟮𝟬
⏰ Last Name: ⌥ 𝟮𝟮:𝟮𝟭
⏰ Last Name: ⌥ 𝟮𝟮:𝟮𝟮
⏰ Last Name: ⌥ 𝟮𝟮:𝟮𝟯
⏰ Last Name: ⌥ 𝟮𝟮:𝟮𝟰
⏰ Last Name: ⌥ 𝟮𝟮:𝟮𝟱
⏰ Last Name: ⌥ 𝟮𝟮:𝟮𝟲
⏰ Last Name: ⌥ 𝟮𝟮:𝟮𝟳
⏰ Last Name: ⌥ 𝟮𝟮:𝟮𝟴
⏰ Last Name: ⌥ 𝟮𝟮:𝟮𝟵
⏰ Last Name: ⌥ 𝟮𝟮:𝟯𝟬
⏰ Last Name: ⌥ 𝟮𝟮:𝟯𝟭
⏰ Last Name: ⌥ 𝟮𝟮:𝟯𝟮
⏰ Last Name: ⌥ 𝟮𝟮:𝟯𝟯
⏰ Last Name: ⌥ 𝟮𝟮:𝟯𝟰
⏰ Last Name: ⌥ 𝟮𝟮:𝟯𝟱
⏰ Last Name: ⌥ 𝟮𝟮:𝟯𝟲
⏰ Last Name: ⌥ 𝟮𝟮:𝟯𝟳
⏰ Last Name: ⌥ 𝟮𝟮:𝟯𝟴
⏰ Last Name: ⌥ 𝟮𝟮:𝟯𝟵
⏰ Last Name: ⌥ 𝟮𝟮:𝟰𝟬
⏰ Last Name: ⌥ 𝟮𝟮:𝟰𝟭
⏰ Last Name: ⌥ 𝟮𝟮:𝟰𝟮
⏰ Last Name: ⌥ 𝟮𝟮:𝟰𝟯
⏰ Last Name: ⌥ 𝟮𝟮:𝟰𝟰
⏰ Last Name: ⌥ 𝟮𝟮:𝟰𝟱
⏰ Last Name: ⌥ 𝟮𝟮:𝟰𝟲
⏰ Last Name: ⌥ 𝟮𝟮:𝟰𝟳
⏰ Last Name: ⌥ 𝟮𝟮:𝟰𝟴
⏰ Last Name: ⌥ 𝟮𝟮:𝟰𝟵
⏰ Last Name: ⌥ 𝟮𝟮:𝟱𝟬
⏰ Last Name: ⌥ 𝟮𝟮:𝟱𝟭
⏰ Last Name: ⌥ 𝟮𝟮:𝟱𝟮
⏰ Last Name: ⌥ 𝟮𝟮:𝟱𝟯
⏰ Last Name: ⌥ 𝟮𝟮:𝟱𝟰
⏳ ریکت: صبر 0.2s (Flood)
💜 Auto React [user:8299996037]: 🤣
💜 Auto React [user:8299996037]: 🤣
💜 Auto React [user:8299996037]: 🤣
💜 Auto React [user:8299996037]: 🤣
💜 Auto React [user:8299996037]: 🤣
💜 Auto React [user:8299996037]: 🤣
💜 Auto React [user:8299996037]: 🤣
💜 Auto React [user:8299996037]: 🤣
💜 Auto React [user:8299996037]: 🤣
💜 Auto React [user:8299996037]: 🤣
💜 Auto React [user:8299996037]: 🤣
💜 Auto React [user:8299996037]: 🤣
💜 Auto React [user:8299996037]: 🤣
💜 Auto React [user:8299996037]: 🤣
💜 Auto React [user:8299996037]: 🤣
💜 Auto React [user:8299996037]: 🤣
💜 Auto React [user:8299996037]: 🤣
💜 Auto React [user:8299996037]: 🤣
💜 Auto React [user:8299996037]: 🤣
💜 Auto React [user:8299996037]: 🤣
💜 Auto React [user:8299996037]: 🤣
⚠️ خطای ریکت [user:8299996037]: Request was unsuccessful 6 time(s)
💜 Auto React [user:8299996037]: 🤣
💜 Auto React [user:8299996037]: 🤣
💜 Auto React [user:8299996037]: 🤣
💜 Auto React [user:8299996037]: 🤣
💜 Auto React [user:8299996037]: 🤣
💜 Auto React [user:8299996037]: 🤣
💜 Auto React [user:8299996037]: 🤣
💜 Auto React [user:8299996037]: 🤣
💜 Auto React [user:8299996037]: 🤣
⏰ Last Name: ⌥ 𝟮𝟮:𝟱𝟱
💜 Auto React [user:8299996037]: 🤣
💜 Auto React [user:8299996037]: 🤣
💜 Auto React [user:8299996037]: 🤣
⏰ Last Name: ⌥ 𝟮𝟮:𝟱𝟲
💜 Auto React [user:8299996037]: 🤣
💜 Auto React [user:8299996037]: 🤣
💜 Auto React [user:8299996037]: 🤣
💜 Auto React [user:8299996037]: 🤣
💜 Auto React [user:8299996037]: 🤣
⏰ Last Name: ⌥ 𝟮𝟮:𝟱𝟳
⏰ Last Name: ⌥ 𝟮𝟮:𝟱𝟴
⏰ Last Name: ⌥ 𝟮𝟮:𝟱𝟵
⏰ Last Name: ⌥ 𝟮𝟯:𝟬𝟬
⏰ Last Name: ⌥ 𝟮𝟯:𝟬𝟭
⏰ Last Name: ⌥ 𝟮𝟯:𝟬𝟮
⏰ Last Name: ⌥ 𝟮𝟯:𝟬𝟯
⏰ Last Name: ⌥ 𝟮𝟯:𝟬𝟰
⏰ Last Name: ⌥ 𝟮𝟯:𝟬𝟱
⏰ Last Name: ⌥ 𝟮𝟯:𝟬𝟲
⏰ Last Name: ⌥ 𝟮𝟯:𝟬𝟳
⏰ Last Name: ⌥ 𝟮𝟯:𝟬𝟴
⏰ Last Name: ⌥ 𝟮𝟯:𝟬𝟵
⏰ Last Name: ⌥ 𝟮𝟯:𝟭𝟬
💜 Auto React [user:8299996037]: 🤣
⏰ Last Name: ⌥ 𝟮𝟯:𝟭𝟭
💜 Auto React [user:8299996037]: 🤣
⏰ Last Name: ⌥ 𝟮𝟯:𝟭𝟮
💜 Auto React [user:8299996037]: 🤣
💜 Auto React [user:8299996037]: 🤣
💜 Auto React [user:8299996037]: 🤣
💜 Auto React [user:8299996037]: 🤣
💜 Auto React [user:8299996037]: 🤣
💜 Auto React [user:8299996037]: 🤣
💜 Auto React [user:8299996037]: 🤣
⏰ Last Name: ⌥ 𝟮𝟯:𝟭𝟯
💜 Auto React [user:8299996037]: 🤣
💜 Auto React [user:8299996037]: 🤣
💜 Auto React [user:8299996037]: 🤣
⏰ Last Name: ⌥ 𝟮𝟯:𝟭𝟰
⏰ Last Name: ⌥ 𝟮𝟯:𝟭𝟱
⏰ Last Name: ⌥ 𝟮𝟯:𝟭𝟲
⏰ Last Name: ⌥ 𝟮𝟯:𝟭𝟳
⏰ Last Name: ⌥ 𝟮𝟯:𝟭𝟴
⏰ Last Name: ⌥ 𝟮𝟯:𝟭𝟵
⏰ Last Name: ⌥ 𝟮𝟯:𝟮𝟬
⏰ Last Name: ⌥ 𝟮𝟯:𝟮𝟭
⏰ Last Name: ⌥ 𝟮𝟯:𝟮𝟮
⏰ Last Name: ⌥ 𝟮𝟯:𝟮𝟯
⏰ Last Name: ⌥ 𝟮𝟯:𝟮𝟰
⏰ Last Name: ⌥ 𝟮𝟯:𝟮𝟱
⏰ Last Name: ⌥ 𝟮𝟯:𝟮𝟲
⏰ Last Name: ⌥ 𝟮𝟯:𝟮𝟳
💜 Auto React [user:8299996037]: 🤣
💜 Auto React [user:8299996037]: 🤣
⏰ Last Name: ⌥ 𝟮𝟯:𝟮𝟴
💜 Auto React [user:8299996037]: 🤣
💜 Auto React [user:8299996037]: 🤣
💜 Auto React [user:8299996037]: 🤣
💜 Auto React [user:8299996037]: 🤣
💜 Auto React [user:8299996037]: 🤣
⏰ Last Name: ⌥ 𝟮𝟯:𝟮𝟵
💜 Auto React [user:8299996037]: 🤣
💜 Auto React [user:8299996037]: 🤣
💜 Auto React [user:8299996037]: 🤣
💜 Auto React [user:8299996037]: 🤣
💜 Auto React [user:8299996037]: 🤣
💜 Auto React [user:8299996037]: 🤣
💜 Auto React [user:8299996037]: 🤣
💜 Auto React [user:8299996037]: 🤣
⏰ Last Name: ⌥ 𝟮𝟯:𝟯𝟬
💜 Auto React [user:8299996037]: 🤣
💜 Auto React [user:8299996037]: 🤣
⏰ Last Name: ⌥ 𝟮𝟯:𝟯𝟭
💜 Auto React [user:8299996037]: 🤣
💜 Auto React [user:8299996037]: 🤣
💜 Auto React [user:8299996037]: 🤣
💜 Auto React [user:8299996037]: 🤣
💜 Auto React [user:8299996037]: 🤣
💜 Auto React [user:8299996037]: 🤣
💜 Auto React [user:8299996037]: 🤣
💜 Auto React [user:8299996037]: 🤣
⏰ Last Name: ⌥ 𝟮𝟯:𝟯𝟮
💜 Auto React [user:8299996037]: 🤣
💜 Auto React [user:8299996037]: 🤣
💜 Auto React [user:8299996037]: 🤣
💜 Auto React [user:8299996037]: 🤣
💜 Auto React [user:8299996037]: 🤣
💜 Auto React [user:8299996037]: 🤣
💜 Auto React [user:8299996037]: 🤣
💜 Auto React [user:8299996037]: 🤣
💜 Auto React [user:8299996037]: 🤣
💜 Auto React [user:8299996037]: 🤣
⏰ Last Name: ⌥ 𝟮𝟯:𝟯𝟯
💜 Auto React [user:8299996037]: 🤣
💜 Auto React [user:8299996037]: 🤣
💜 Auto React [user:8299996037]: 🤣
💜 Auto React [user:8299996037]: 🤣
💜 Auto React [user:8299996037]: 🤣
💜 Auto React [user:8299996037]: 🤣
💜 Auto React [user:8299996037]: 🤣
💜 Auto React [user:8299996037]: 🤣
💜 Auto React [user:8299996037]: 🤣
💜 Auto React [user:8299996037]: 🤣
💜 Auto React [user:8299996037]: 🤣
⏰ Last Name: ⌥ 𝟮𝟯:𝟯𝟰
⏰ Last Name: ⌥ 𝟮𝟯:𝟯𝟱
⏰ Last Name: ⌥ 𝟮𝟯:𝟯𝟲
⏰ Last Name: ⌥ 𝟮𝟯:𝟯𝟳
⏰ Last Name: ⌥ 𝟮𝟯:𝟯𝟴
⏰ Last Name: ⌥ 𝟮𝟯:𝟯𝟵
⏰ Last Name: ⌥ 𝟮𝟯:𝟰𝟬
⏰ Last Name: ⌥ 𝟮𝟯:𝟰𝟭
⏰ Last Name: ⌥ 𝟮𝟯:𝟰𝟮
⏰ Last Name: ⌥ 𝟮𝟯:𝟰𝟯
⏰ Last Name: ⌥ 𝟮𝟯:𝟰𝟰
⏰ Last Name: ⌥ 𝟮𝟯:𝟰𝟱
⏰ Last Name: ⌥ 𝟮𝟯:𝟰𝟲
⏰ Last Name: ⌥ 𝟮𝟯:𝟰𝟳
⏰ Last Name: ⌥ 𝟮𝟯:𝟰𝟴
💜 Auto React [user:7433542559]: 😐
💜 Auto React [user:7433542559]: 😐
⏰ Last Name: ⌥ 𝟮𝟯:𝟰𝟵
💜 Auto React [user:8299996037]: 🤣
⏰ Last Name: ⌥ 𝟮𝟯:𝟱𝟬
⏰ Last Name: ⌥ 𝟮𝟯:𝟱𝟭
⏰ Last Name: ⌥ 𝟮𝟯:𝟱𝟮
⏰ Last Name: ⌥ 𝟮𝟯:𝟱𝟯
⏰ Last Name: ⌥ 𝟮𝟯:𝟱𝟰
⏰ Last Name: ⌥ 𝟮𝟯:𝟱𝟱
⏰ Last Name: ⌥ 𝟮𝟯:𝟱𝟲
⏰ Last Name: ⌥ 𝟮𝟯:𝟱𝟳
⏰ Last Name: ⌥ 𝟮𝟯:𝟱𝟴
⏰ Last Name: ⌥ 𝟮𝟯:𝟱𝟵
⏰ Last Name: ⌥ 𝟬𝟬:𝟬𝟬
⏰ Last Name: ⌥ 𝟬𝟬:𝟬𝟭
⏰ Last Name: ⌥ 𝟬𝟬:𝟬𝟮
⏰ Last Name: ⌥ 𝟬𝟬:𝟬𝟯
💜 Auto React [user:7433542559]: 😐
💜 Auto React [user:7433542559]: 😐
💜 Auto React [user:7433542559]: 😐
💜 Auto React [user:7433542559]: 😐
💜 Auto React [user:7433542559]: 😐
💜 Auto React [user:7433542559]: 😐
⏰ Last Name: ⌥ 𝟬𝟬:𝟬𝟰
⏰ Last Name: ⌥ 𝟬𝟬:𝟬𝟱
⏰ Last Name: ⌥ 𝟬𝟬:𝟬𝟲
⏰ Last Name: ⌥ 𝟬𝟬:𝟬𝟳
⏰ Last Name: ⌥ 𝟬𝟬:𝟬𝟴
⏰ Last Name: ⌥ 𝟬𝟬:𝟬𝟵
⏰ Last Name: ⌥ 𝟬𝟬:𝟭𝟬
⏰ Last Name: ⌥ 𝟬𝟬:𝟭𝟭
⏰ Last Name: ⌥ 𝟬𝟬:𝟭𝟮
⏰ Last Name: ⌥ 𝟬𝟬:𝟭𝟯
⏰ Last Name: ⌥ 𝟬𝟬:𝟭𝟰
⏰ Last Name: ⌥ 𝟬𝟬:𝟭𝟱
⏰ Last Name: ⌥ 𝟬𝟬:𝟭𝟲
⏰ Last Name: ⌥ 𝟬𝟬:𝟭𝟳
⏰ Last Name: ⌥ 𝟬𝟬:𝟭𝟴
⏰ Last Name: ⌥ 𝟬𝟬:𝟭𝟵
💜 Auto React [user:8299996037]: 🤣
💜 Auto React [user:8299996037]: 🤣
💜 Auto React [user:8299996037]: 🤣
💜 Auto React [user:8299996037]: 🤣
💜 Auto React [user:8299996037]: 🤣
💜 Auto React [user:8299996037]: 🤣
💜 Auto React [user:8299996037]: 🤣
💜 Auto React [user:8299996037]: 🤣
💜 Auto React [user:8299996037]: 🤣
💜 Auto React [user:8299996037]: 🤣
⏰ Last Name: ⌥ 𝟬𝟬:𝟮𝟬
💜 Auto React [user:8299996037]: 🤣
💜 Auto React [user:8299996037]: 🤣
💜 Auto React [user:8299996037]: 🤣
💜 Auto React [user:8299996037]: 🤣
💜 Auto React [user:8299996037]: 🤣
💜 Auto React [user:8299996037]: 🤣
💜 Auto React [user:8299996037]: 🤣
⏰ Last Name: ⌥ 𝟬𝟬:𝟮𝟭
💜 Auto React [user:8299996037]: 🤣
💜 Auto React [user:8299996037]: 🤣
💜 Auto React [user:8299996037]: 🤣
⏰ Last Name: ⌥ 𝟬𝟬:𝟮𝟮
⏰ Last Name: ⌥ 𝟬𝟬:𝟮𝟯
💜 Auto React [user:8299996037]: 🤣
💜 Auto React [user:8299996037]: 🤣
💜 Auto React [user:8299996037]: 🤣
💜 Auto React [user:8299996037]: 🤣
💜 Auto React [user:8299996037]: 🤣
💜 Auto React [user:8299996037]: 🤣
💜 Auto React [user:8299996037]: 🤣
💜 Auto React [user:8299996037]: 🤣
💜 Auto React [user:8299996037]: 🤣
⏰ Last Name: ⌥ 𝟬𝟬:𝟮𝟰
💜 Auto React [user:8299996037]: 🤣
💜 Auto React [user:8299996037]: 🤣
💜 Auto React [user:8299996037]: 🤣
💜 Auto React [user:8299996037]: 🤣
💜 Auto React [user:8299996037]: 🤣
💜 Auto React [user:8299996037]: 🤣
💜 Auto React [user:8299996037]: 🤣
💜 Auto React [user:8299996037]: 🤣
⏰ Last Name: ⌥ 𝟬𝟬:𝟮𝟱
💜 Auto React [user:8299996037]: 🤣
💜 Auto React [user:8299996037]: 🤣
💜 Auto React [user:8299996037]: 🤣
💜 Auto React [user:8299996037]: 🤣
💜 Auto React [user:8299996037]: 🤣
💜 Auto React [user:8299996037]: 🤣
💜 Auto React [user:8299996037]: 🤣
💜 Auto React [user:8299996037]: 🤣
⏰ Last Name: ⌥ 𝟬𝟬:𝟮𝟲
💜 Auto React [user:8299996037]: 🤣
💜 Auto React [user:8299996037]: 🤣
💜 Auto React [user:8299996037]: 🤣
💜 Auto React [user:8299996037]: 🤣
💜 Auto React [user:8299996037]: 🤣
⏰ Last Name: ⌥ 𝟬𝟬:𝟮𝟳
💜 Auto React [user:8299996037]: 🤣
💜 Auto React [user:8299996037]: 🤣
💜 Auto React [user:8299996037]: 🤣
💜 Auto React [user:8299996037]: 🤣
⏰ Last Name: ⌥ 𝟬𝟬:𝟮𝟴
⏰ Last Name: ⌥ 𝟬𝟬:𝟮𝟵
⏰ Last Name: ⌥ 𝟬𝟬:𝟯𝟬
⏰ Last Name: ⌥ 𝟬𝟬:𝟯𝟭
⏰ Last Name: ⌥ 𝟬𝟬:𝟯𝟮
⏰ Last Name: ⌥ 𝟬𝟬:𝟯𝟯
⏰ Last Name: ⌥ 𝟬𝟬:𝟯𝟰
⏰ Last Name: ⌥ 𝟬𝟬:𝟯𝟱
⏰ Last Name: ⌥ 𝟬𝟬:𝟯𝟲
⏰ Last Name: ⌥ 𝟬𝟬:𝟯𝟳
⏰ Last Name: ⌥ 𝟬𝟬:𝟯𝟴
⏰ Last Name: ⌥ 𝟬𝟬:𝟯𝟵
⏰ Last Name: ⌥ 𝟬𝟬:𝟰𝟬
⏰ Last Name: ⌥ 𝟬𝟬:𝟰𝟭
⏰ Last Name: ⌥ 𝟬𝟬:𝟰𝟮
⏰ Last Name: ⌥ 𝟬𝟬:𝟰𝟯
💜 Auto React [user:8299996037]: 🤣
💜 Auto React [user:8299996037]: 🤣
💜 Auto React [user:8299996037]: 🤣
💜 Auto React [user:8299996037]: 🤣
💜 Auto React [user:8299996037]: 🤣
💜 Auto React [user:8299996037]: 🤣
⏰ Last Name: ⌥ 𝟬𝟬:𝟰𝟰
💜 Auto React [user:8299996037]: 🤣
💜 Auto React [user:8299996037]: 🤣
⏰ Last Name: ⌥ 𝟬𝟬:𝟰𝟱
💜 Auto React [user:8299996037]: 🤣
⏰ Last Name: ⌥ 𝟬𝟬:𝟰𝟲
⏰ Last Name: ⌥ 𝟬𝟬:𝟰𝟳
⏰ Last Name: ⌥ 𝟬𝟬:𝟰𝟴
⏰ Last Name: ⌥ 𝟬𝟬:𝟰𝟵
⏰ Last Name: ⌥ 𝟬𝟬:𝟱𝟬
⏰ Last Name: ⌥ 𝟬𝟬:𝟱𝟭
⏰ Last Name: ⌥ 𝟬𝟬:𝟱𝟮
⏰ Last Name: ⌥ 𝟬𝟬:𝟱𝟯
⏰ Last Name: ⌥ 𝟬𝟬:𝟱𝟰
⏰ Last Name: ⌥ 𝟬𝟬:𝟱𝟱
⏰ Last Name: ⌥ 𝟬𝟬:𝟱𝟲
⏰ Last Name: ⌥ 𝟬𝟬:𝟱𝟳
⏰ Last Name: ⌥ 𝟬𝟬:𝟱𝟴
⏰ Last Name: ⌥ 𝟬𝟬:𝟱𝟵
💜 Auto React [user:8299996037]: 🤣
💜 Auto React [user:8299996037]: 🤣
⏰ Last Name: ⌥ 𝟬𝟭:𝟬𝟬
⏰ Last Name: ⌥ 𝟬𝟭:𝟬𝟭
💜 Auto React [user:8299996037]: 🤣
💜 Auto React [user:8299996037]: 🤣
💜 Auto React [user:8299996037]: 🤣
💜 Auto React [user:8299996037]: 🤣
💜 Auto React [user:8299996037]: 🤣
💜 Auto React [user:8299996037]: 🤣
💜 Auto React [user:8299996037]: 🤣
💜 Auto React [user:8299996037]: 🤣
💜 Auto React [user:8299996037]: 🤣
💜 Auto React [user:8299996037]: 🤣
💜 Auto React [user:8299996037]: 🤣
⏰ Last Name: ⌥ 𝟬𝟭:𝟬𝟮
💜 Auto React [user:8299996037]: 🤣
💜 Auto React [user:8299996037]: 🤣
⏰ Last Name: ⌥ 𝟬𝟭:𝟬𝟯
💜 Auto React [user:8299996037]: 🤣
💜 Auto React [user:8299996037]: 🤣
⏰ Last Name: ⌥ 𝟬𝟭:𝟬𝟰
💜 Auto React [user:8299996037]: 🤣
💜 Auto React [user:8299996037]: 🤣
💜 Auto React [user:8299996037]: 🤣
💜 Auto React [user:8299996037]: 🤣
💜 Auto React [user:8299996037]: 🤣
💜 Auto React [user:8299996037]: 🤣
⏰ Last Name: ⌥ 𝟬𝟭:𝟬𝟱
💜 Auto React [user:8299996037]: 🤣
💜 Auto React [user:8299996037]: 🤣
💜 Auto React [user:8299996037]: 🤣
💜 Auto React [user:8299996037]: 🤣
💜 Auto React [user:8299996037]: 🤣
💜 Auto React [user:8299996037]: 🤣
💜 Auto React [user:8299996037]: 🤣
💜 Auto React [user:8299996037]: 🤣
⏰ Last Name: ⌥ 𝟬𝟭:𝟬𝟲
💜 Auto React [user:8299996037]: 🤣
💜 Auto React [user:8299996037]: 🤣
💜 Auto React [user:8299996037]: 🤣
⏰ Last Name: ⌥ 𝟬𝟭:𝟬𝟳
💜 Auto React [user:8299996037]: 🤣
💜 Auto React [user:8299996037]: 🤣
💜 Auto React [user:8299996037]: 🤣
💜 Auto React [user:8299996037]: 🤣
💜 Auto React [user:8299996037]: 🤣
💜 Auto React [user:8299996037]: 🤣
💜 Auto React [user:8299996037]: 🤣
⏰ Last Name: ⌥ 𝟬𝟭:𝟬𝟴
💜 Auto React [user:8299996037]: 🤣
💜 Auto React [user:8299996037]: 🤣
💜 Auto React [user:8299996037]: 🤣
⏰ Last Name: ⌥ 𝟬𝟭:𝟬𝟵
⏰ Last Name: ⌥ 𝟬𝟭:𝟭𝟬
⏰ Last Name: ⌥ 𝟬𝟭:𝟭𝟭
⏰ Last Name: ⌥ 𝟬𝟭:𝟭𝟮
⏰ Last Name: ⌥ 𝟬𝟭:𝟭𝟯
⏰ Last Name: ⌥ 𝟬𝟭:𝟭𝟰
⏰ Last Name: ⌥ 𝟬𝟭:𝟭𝟱
⏰ Last Name: ⌥ 𝟬𝟭:𝟭𝟲
⏰ Last Name: ⌥ 𝟬𝟭:𝟭𝟳
⏰ Last Name: ⌥ 𝟬𝟭:𝟭𝟴
⏰ Last Name: ⌥ 𝟬𝟭:𝟭𝟵
⏰ Last Name: ⌥ 𝟬𝟭:𝟮𝟬
⏰ Last Name: ⌥ 𝟬𝟭:𝟮𝟭
⏰ Last Name: ⌥ 𝟬𝟭:𝟮𝟮
💜 Auto React [user:8299996037]: 🤣
💜 Auto React [user:8299996037]: 🤣
💜 Auto React [user:8299996037]: 🤣
⏰ Last Name: ⌥ 𝟬𝟭:𝟮𝟯
💜 Auto React [user:8299996037]: 🤣
💜 Auto React [user:8299996037]: 🤣
💜 Auto React [user:8299996037]: 🤣
💜 Auto React [user:8299996037]: 🤣
💜 Auto React [user:8299996037]: 🤣
⏰ Last Name: ⌥ 𝟬𝟭:𝟮𝟰
💜 Auto React [user:8299996037]: 🤣
⏰ Last Name: ⌥ 𝟬𝟭:𝟮𝟱
⏰ Last Name: ⌥ 𝟬𝟭:𝟮𝟲
⏰ Last Name: ⌥ 𝟬𝟭:𝟮𝟳
⏰ Last Name: ⌥ 𝟬𝟭:𝟮𝟴
⏰ Last Name: ⌥ 𝟬𝟭:𝟮𝟵
⏰ Last Name: ⌥ 𝟬𝟭:𝟯𝟬
⏰ Last Name: ⌥ 𝟬𝟭:𝟯𝟭
⏰ Last Name: ⌥ 𝟬𝟭:𝟯𝟮
⏰ Last Name: ⌥ 𝟬𝟭:𝟯𝟯
⏰ Last Name: ⌥ 𝟬𝟭:𝟯𝟰
⏰ Last Name: ⌥ 𝟬𝟭:𝟯𝟱
⏰ Last Name: ⌥ 𝟬𝟭:𝟯𝟲
⏰ Last Name: ⌥ 𝟬𝟭:𝟯𝟳
⏰ Last Name: ⌥ 𝟬𝟭:𝟯𝟴
💜 Auto React [user:8299996037]: 🤣
💜 Auto React [user:8299996037]: 🤣
💜 Auto React [user:8299996037]: 🤣
💜 Auto React [user:8299996037]: 🤣
💜 Auto React [user:8299996037]: 🤣
💜 Auto React [user:8299996037]: 🤣
⏰ Last Name: ⌥ 𝟬𝟭:𝟯𝟵
💜 Auto React [user:8299996037]: 🤣
💜 Auto React [user:8299996037]: 🤣
💜 Auto React [user:8299996037]: 🤣
💜 Auto React [user:8299996037]: 🤣
💜 Auto React [user:8299996037]: 🤣
💜 Auto React [user:8299996037]: 🤣
💜 Auto React [user:8299996037]: 🤣
⏰ Last Name: ⌥ 𝟬𝟭:𝟰𝟬
💜 Auto React [user:8299996037]: 🤣
💜 Auto React [user:8299996037]: 🤣
⏰ Last Name: ⌥ 𝟬𝟭:𝟰𝟭
💜 Auto React [user:8299996037]: 🤣
💜 Auto React [user:8299996037]: 🤣
💜 Auto React [user:8299996037]: 🤣
💜 Auto React [user:8299996037]: 🤣
💜 Auto React [user:8299996037]: 🤣
💜 Auto React [user:8299996037]: 🤣
💜 Auto React [user:8299996037]: 🤣
💜 Auto React [user:8299996037]: 🤣
💜 Auto React [user:8299996037]: 🤣
💜 Auto React [user:8299996037]: 🤣
⏰ Last Name: ⌥ 𝟬𝟭:𝟰𝟮
💜 Auto React [user:8299996037]: 🤣
💜 Auto React [user:8299996037]: 🤣
⏰ Last Name: ⌥ 𝟬𝟭:𝟰𝟯
💜 Auto React [user:8299996037]: 🤣
💜 Auto React [user:8299996037]: 🤣
💜 Auto React [user:8299996037]: 🤣
💜 Auto React [user:8299996037]: 🤣
💜 Auto React [user:8299996037]: 🤣
💜 Auto React [user:8299996037]: 🤣
💜 Auto React [user:8299996037]: 🤣
💜 Auto React [user:8299996037]: 🤣
⏰ Last Name: ⌥ 𝟬𝟭:𝟰𝟰
💜 Auto React [user:8299996037]: 🤣
💜 Auto React [user:8299996037]: 🤣
💜 Auto React [user:8299996037]: 🤣
💜 Auto React [user:8299996037]: 🤣
💜 Auto React [user:8299996037]: 🤣
💜 Auto React [user:8299996037]: 🤣
💜 Auto React [user:8299996037]: 🤣
💜 Auto React [user:8299996037]: 🤣
💜 Auto React [user:8299996037]: 🤣
💜 Auto React [user:8299996037]: 🤣
💜 Auto React [user:8299996037]: 🤣
💜 Auto React [user:8299996037]: 🤣
⏰ Last Name: ⌥ 𝟬𝟭:𝟰𝟱
💜 Auto React [user:8299996037]: 🤣
💜 Auto React [user:8299996037]: 🤣
💜 Auto React [user:8299996037]: 🤣
💜 Auto React [user:8299996037]: 🤣
💜 Auto React [user:8299996037]: 🤣
💜 Auto React [user:8299996037]: 🤣
💜 Auto React [user:8299996037]: 🤣
⏰ Last Name: ⌥ 𝟬𝟭:𝟰𝟲
💜 Auto React [user:8299996037]: 🤣
💜 Auto React [user:8299996037]: 🤣
💜 Auto React [user:8299996037]: 🤣
💜 Auto React [user:8299996037]: 🤣
💜 Auto React [user:8299996037]: 🤣
💜 Auto React [user:8299996037]: 🤣
💜 Auto React [user:8299996037]: 🤣
💜 Auto React [user:8299996037]: 🤣
💜 Auto React [user:8299996037]: 🤣
⏰ Last Name: ⌥ 𝟬𝟭:𝟰𝟳
💜 Auto React [user:8299996037]: 🤣
💜 Auto React [user:8299996037]: 🤣
💜 Auto React [user:8299996037]: 🤣
💜 Auto React [user:8299996037]: 🤣
💜 Auto React [user:8299996037]: 🤣
💜 Auto React [user:8299996037]: 🤣
💜 Auto React [user:8299996037]: 🤣
💜 Auto React [user:8299996037]: 🤣
💜 Auto React [user:8299996037]: 🤣
💜 Auto React [user:8299996037]: 🤣
⏰ Last Name: ⌥ 𝟬𝟭:𝟰𝟴
💜 Auto React [user:8299996037]: 🤣
💜 Auto React [user:8299996037]: 🤣
💜 Auto React [user:8299996037]: 🤣
💜 Auto React [user:8299996037]: 🤣
💜 Auto React [user:8299996037]: 🤣
💜 Auto React [user:8299996037]: 🤣
💜 Auto React [user:8299996037]: 🤣
💜 Auto React [user:8299996037]: 🤣
💜 Auto React [user:8299996037]: 🤣
💜 Auto React [user:8299996037]: 🤣
⏰ Last Name: ⌥ 𝟬𝟭:𝟰𝟵
⏰ Last Name: ⌥ 𝟬𝟭:𝟱𝟬
💜 Auto React [user:8299996037]: 🤣
💜 Auto React [user:8299996037]: 🤣
💜 Auto React [user:8299996037]: 🤣
💜 Auto React [user:8299996037]: 🤣
💜 Auto React [user:8299996037]: 🤣
💜 Auto React [user:8299996037]: 🤣
💜 Auto React [user:8299996037]: 🤣
💜 Auto React [user:8299996037]: 🤣
⏰ Last Name: ⌥ 𝟬𝟭:𝟱𝟭
⏰ Last Name: ⌥ 𝟬𝟭:𝟱𝟮
⏰ Last Name: ⌥ 𝟬𝟭:𝟱𝟯
⏰ Last Name: ⌥ 𝟬𝟭:𝟱𝟰
⏰ Last Name: ⌥ 𝟬𝟭:𝟱𝟱
⏰ Last Name: ⌥ 𝟬𝟭:𝟱𝟲
⏰ Last Name: ⌥ 𝟬𝟭:𝟱𝟳
⏰ Last Name: ⌥ 𝟬𝟭:𝟱𝟴
⏰ Last Name: ⌥ 𝟬𝟭:𝟱𝟵
⏰ Last Name: ⌥ 𝟬𝟮:𝟬𝟬
⏰ Last Name: ⌥ 𝟬𝟮:𝟬𝟭
⏰ Last Name: ⌥ 𝟬𝟮:𝟬𝟮
⏰ Last Name: ⌥ 𝟬𝟮:𝟬𝟯
⏰ Last Name: ⌥ 𝟬𝟮:𝟬𝟰
⏰ Last Name: ⌥ 𝟬𝟮:𝟬𝟱
💜 Auto React [user:8299996037]: 🤣
💜 Auto React [user:8299996037]: 🤣
⏰ Last Name: ⌥ 𝟬𝟮:𝟬𝟲
💜 Auto React [user:8299996037]: 🤣
💜 Auto React [user:8299996037]: 🤣
💜 Auto React [user:8299996037]: 🤣
💜 Auto React [user:8299996037]: 🤣
💜 Auto React [user:8299996037]: 🤣
💜 Auto React [user:8299996037]: 🤣
💜 Auto React [user:8299996037]: 🤣
💜 Auto React [user:8299996037]: 🤣
⏰ Last Name: ⌥ 𝟬𝟮:𝟬𝟳
💜 Auto React [user:8299996037]: 🤣
💜 Auto React [user:8299996037]: 🤣
💜 Auto React [user:8299996037]: 🤣
💜 Auto React [user:8299996037]: 🤣
💜 Auto React [user:8299996037]: 🤣
💜 Auto React [user:8299996037]: 🤣
⏰ Last Name: ⌥ 𝟬𝟮:𝟬𝟴
💜 Auto React [user:8299996037]: 🤣
💜 Auto React [user:8299996037]: 🤣
💜 Auto React [user:8299996037]: 🤣
💜 Auto React [user:8299996037]: 🤣
💜 Auto React [user:8299996037]: 🤣
💜 Auto React [user:8299996037]: 🤣
💜 Auto React [user:8299996037]: 🤣
⏰ Last Name: ⌥ 𝟬𝟮:𝟬𝟵
💜 Auto React [user:8299996037]: 🤣
⏰ Last Name: ⌥ 𝟬𝟮:𝟭𝟬
💜 Auto React [user:8299996037]: 🤣
⏰ Last Name: ⌥ 𝟬𝟮:𝟭𝟭
💜 Auto React [user:8299996037]: 🤣
💜 Auto React [user:8299996037]: 🤣
💜 Auto React [user:8299996037]: 🤣
💜 Auto React [user:8299996037]: 🤣
💜 Auto React [user:8299996037]: 🤣
💜 Auto React [user:8299996037]: 🤣
💜 Auto React [user:8299996037]: 🤣
💜 Auto React [user:8299996037]: 🤣
💜 Auto React [user:8299996037]: 🤣
⏰ Last Name: ⌥ 𝟬𝟮:𝟭𝟮
⏰ Last Name: ⌥ 𝟬𝟮:𝟭𝟯
💜 Auto React [user:8299996037]: 🤣
💜 Auto React [user:8299996037]: 🤣
💜 Auto React [user:8299996037]: 🤣
💜 Auto React [user:8299996037]: 🤣
💜 Auto React [user:8299996037]: 🤣
💜 Auto React [user:8299996037]: 🤣
💜 Auto React [user:8299996037]: 🤣
💜 Auto React [user:8299996037]: 🤣
💜 Auto React [user:8299996037]: 🤣
💜 Auto React [user:8299996037]: 🤣
💜 Auto React [user:8299996037]: 🤣
⏰ Last Name: ⌥ 𝟬𝟮:𝟭𝟰
💜 Auto React [user:8299996037]: 🤣
💜 Auto React [user:8299996037]: 🤣
⏰ Last Name: ⌥ 𝟬𝟮:𝟭𝟱
💜 Auto React [user:8299996037]: 🤣
💜 Auto React [user:8299996037]: 🤣
💜 Auto React [user:8299996037]: 🤣
💜 Auto React [user:8299996037]: 🤣
💜 Auto React [user:8299996037]: 🤣
💜 Auto React [user:8299996037]: 🤣
💜 Auto React [user:8299996037]: 🤣
💜 Auto React [user:8299996037]: 🤣
⏰ Last Name: ⌥ 𝟬𝟮:𝟭𝟲
💜 Auto React [user:8299996037]: 🤣
💜 Auto React [user:8299996037]: 🤣
💜 Auto React [user:8299996037]: 🤣
💜 Auto React [user:8299996037]: 🤣
💜 Auto React [user:8299996037]: 🤣
💜 Auto React [user:8299996037]: 🤣
💜 Auto React [user:8299996037]: 🤣
💜 Auto React [user:8299996037]: 🤣
💜 Auto React [user:8299996037]: 🤣
💜 Auto React [user:8299996037]: 🤣
💜 Auto React [user:8299996037]: 🤣
💜 Auto React [user:8299996037]: 🤣
💜 Auto React [user:8299996037]: 🤣
⏰ Last Name: ⌥ 𝟬𝟮:𝟭𝟳
💜 Auto React [user:8299996037]: 🤣
💜 Auto React [user:8299996037]: 🤣
💜 Auto React [user:8299996037]: 🤣
💜 Auto React [user:8299996037]: 🤣
💜 Auto React [user:8299996037]: 🤣
💜 Auto React [user:8299996037]: 🤣
💜 Auto React [user:8299996037]: 🤣
💜 Auto React [user:8299996037]: 🤣
⏰ Last Name: ⌥ 𝟬𝟮:𝟭𝟴
💜 Auto React [user:8299996037]: 🤣
💜 Auto React [user:8299996037]: 🤣
💜 Auto React [user:8299996037]: 🤣
💜 Auto React [user:8299996037]: 🤣
⏰ Last Name: ⌥ 𝟬𝟮:𝟭𝟵
💜 Auto React [user:8299996037]: 🤣
💜 Auto React [user:8299996037]: 🤣
💜 Auto React [user:8299996037]: 🤣
💜 Auto React [user:8299996037]: 🤣
⏰ Last Name: ⌥ 𝟬𝟮:𝟮𝟬
⏰ Last Name: ⌥ 𝟬𝟮:𝟮𝟭
⏰ Last Name: ⌥ 𝟬𝟮:𝟮𝟮
⏰ Last Name: ⌥ 𝟬𝟮:𝟮𝟯
⏰ Last Name: ⌥ 𝟬𝟮:𝟮𝟰
⏰ Last Name: ⌥ 𝟬𝟮:𝟮𝟱
⏰ Last Name: ⌥ 𝟬𝟮:𝟮𝟲
⏰ Last Name: ⌥ 𝟬𝟮:𝟮𝟳
⏰ Last Name: ⌥ 𝟬𝟮:𝟮𝟴
⏰ Last Name: ⌥ 𝟬𝟮:𝟮𝟵
⏰ Last Name: ⌥ 𝟬𝟮:𝟯𝟬
⏰ Last Name: ⌥ 𝟬𝟮:𝟯𝟭
⏰ Last Name: ⌥ 𝟬𝟮:𝟯𝟮
⏰ Last Name: ⌥ 𝟬𝟮:𝟯𝟯
⏰ Last Name: ⌥ 𝟬𝟮:𝟯𝟰
💜 Auto React [user:8299996037]: 🤣
💜 Auto React [user:8299996037]: 🤣
💜 Auto React [user:8299996037]: 🤣
💜 Auto React [user:8299996037]: 🤣
⏰ Last Name: ⌥ 𝟬𝟮:𝟯𝟱
💜 Auto React [user:8299996037]: 🤣
💜 Auto React [user:8299996037]: 🤣
💜 Auto React [user:8299996037]: 🤣
💜 Auto React [user:8299996037]: 🤣
💜 Auto React [user:8299996037]: 🤣
💜 Auto React [user:8299996037]: 🤣
💜 Auto React [user:8299996037]: 🤣
💜 Auto React [user:8299996037]: 🤣
💜 Auto React [user:8299996037]: 🤣
⏰ Last Name: ⌥ 𝟬𝟮:𝟯𝟲
💜 Auto React [user:8299996037]: 🤣
💜 Auto React [user:8299996037]: 🤣
💜 Auto React [user:8299996037]: 🤣
💜 Auto React [user:8299996037]: 🤣
💜 Auto React [user:8299996037]: 🤣
💜 Auto React [user:8299996037]: 🤣
💜 Auto React [user:8299996037]: 🤣
💜 Auto React [user:8299996037]: 🤣
⏰ Last Name: ⌥ 𝟬𝟮:𝟯𝟳
⏰ Last Name: ⌥ 𝟬𝟮:𝟯𝟴
⏰ Last Name: ⌥ 𝟬𝟮:𝟯𝟵
⏰ Last Name: ⌥ 𝟬𝟮:𝟰𝟬
⏰ Last Name: ⌥ 𝟬𝟮:𝟰𝟭
⏰ Last Name: ⌥ 𝟬𝟮:𝟰𝟮
⏰ Last Name: ⌥ 𝟬𝟮:𝟰𝟯
⏰ Last Name: ⌥ 𝟬𝟮:𝟰𝟰
⏰ Last Name: ⌥ 𝟬𝟮:𝟰𝟱
⏰ Last Name: ⌥ 𝟬𝟮:𝟰𝟲
⏰ Last Name: ⌥ 𝟬𝟮:𝟰𝟳
⏰ Last Name: ⌥ 𝟬𝟮:𝟰𝟴
⏰ Last Name: ⌥ 𝟬𝟮:𝟰𝟵
⏰ Last Name: ⌥ 𝟬𝟮:𝟱𝟬
💜 Auto React [user:8299996037]: 🤣
⏰ Last Name: ⌥ 𝟬𝟮:𝟱𝟭
⏰ Last Name: ⌥ 𝟬𝟮:𝟱𝟮
⏰ Last Name: ⌥ 𝟬𝟮:𝟱𝟯
⏰ Last Name: ⌥ 𝟬𝟮:𝟱𝟰
⏰ Last Name: ⌥ 𝟬𝟮:𝟱𝟱
⏰ Last Name: ⌥ 𝟬𝟮:𝟱𝟲
⏰ Last Name: ⌥ 𝟬𝟮:𝟱𝟳
⏰ Last Name: ⌥ 𝟬𝟮:𝟱𝟴
⏰ Last Name: ⌥ 𝟬𝟮:𝟱𝟵
⏰ Last Name: ⌥ 𝟬𝟯:𝟬𝟬
⏰ Last Name: ⌥ 𝟬𝟯:𝟬𝟭
⏰ Last Name: ⌥ 𝟬𝟯:𝟬𝟮
⏰ Last Name: ⌥ 𝟬𝟯:𝟬𝟯
⏰ Last Name: ⌥ 𝟬𝟯:𝟬𝟰
⏰ Last Name: ⌥ 𝟬𝟯:𝟬𝟱
⏰ Last Name: ⌥ 𝟬𝟯:𝟬𝟲
⏰ Last Name: ⌥ 𝟬𝟯:𝟬𝟳
⏰ Last Name: ⌥ 𝟬𝟯:𝟬𝟴
⏰ Last Name: ⌥ 𝟬𝟯:𝟬𝟵
⏰ Last Name: ⌥ 𝟬𝟯:𝟭𝟬
⏰ Last Name: ⌥ 𝟬𝟯:𝟭𝟭
⏰ Last Name: ⌥ 𝟬𝟯:𝟭𝟮
⏰ Last Name: ⌥ 𝟬𝟯:𝟭𝟯
⏰ Last Name: ⌥ 𝟬𝟯:𝟭𝟰
⏰ Last Name: ⌥ 𝟬𝟯:𝟭𝟱
⏰ Last Name: ⌥ 𝟬𝟯:𝟭𝟲
⏰ Last Name: ⌥ 𝟬𝟯:𝟭𝟳
⏰ Last Name: ⌥ 𝟬𝟯:𝟭𝟴
⏰ Last Name: ⌥ 𝟬𝟯:𝟭𝟵
⏰ Last Name: ⌥ 𝟬𝟯:𝟮𝟬
💜 Auto React [user:8299996037]: 🤣
💜 Auto React [user:8299996037]: 🤣
💜 Auto React [user:8299996037]: 🤣
⏰ Last Name: ⌥ 𝟬𝟯:𝟮𝟭
⏰ Last Name: ⌥ 𝟬𝟯:𝟮𝟮
⏰ Last Name: ⌥ 𝟬𝟯:𝟮𝟯
⏰ Last Name: ⌥ 𝟬𝟯:𝟮𝟰
⏰ Last Name: ⌥ 𝟬𝟯:𝟮𝟱
⏰ Last Name: ⌥ 𝟬𝟯:𝟮𝟲
⏰ Last Name: ⌥ 𝟬𝟯:𝟮𝟳
⏰ Last Name: ⌥ 𝟬𝟯:𝟮𝟴
⏰ Last Name: ⌥ 𝟬𝟯:𝟮𝟵
⏰ Last Name: ⌥ 𝟬𝟯:𝟯𝟬
⏰ Last Name: ⌥ 𝟬𝟯:𝟯𝟭
⏰ Last Name: ⌥ 𝟬𝟯:𝟯𝟮
⏰ Last Name: ⌥ 𝟬𝟯:𝟯𝟯
⏰ Last Name: ⌥ 𝟬𝟯:𝟯𝟰
⏰ Last Name: ⌥ 𝟬𝟯:𝟯𝟱
⏰ Last Name: ⌥ 𝟬𝟯:𝟯𝟲
⏰ Last Name: ⌥ 𝟬𝟯:𝟯𝟳
⏰ Last Name: ⌥ 𝟬𝟯:𝟯𝟴
⏰ Last Name: ⌥ 𝟬𝟯:𝟯𝟵
⏰ Last Name: ⌥ 𝟬𝟯:𝟰𝟬
⏰ Last Name: ⌥ 𝟬𝟯:𝟰𝟭
⏰ Last Name: ⌥ 𝟬𝟯:𝟰𝟮
⏰ Last Name: ⌥ 𝟬𝟯:𝟰𝟯
⏰ Last Name: ⌥ 𝟬𝟯:𝟰𝟰
⏰ Last Name: ⌥ 𝟬𝟯:𝟰𝟱
⏰ Last Name: ⌥ 𝟬𝟯:𝟰𝟲
⏰ Last Name: ⌥ 𝟬𝟯:𝟰𝟳
⏰ Last Name: ⌥ 𝟬𝟯:𝟰𝟴
⏰ Last Name: ⌥ 𝟬𝟯:𝟰𝟵
⏰ Last Name: ⌥ 𝟬𝟯:𝟱𝟬
💜 Auto React [user:8299996037]: 🤣
💜 Auto React [user:8299996037]: 🤣
💜 Auto React [user:8299996037]: 🤣
⏰ Last Name: ⌥ 𝟬𝟯:𝟱𝟭
⏰ Last Name: ⌥ 𝟬𝟯:𝟱𝟮
⏰ Last Name: ⌥ 𝟬𝟯:𝟱𝟯
⏰ Last Name: ⌥ 𝟬𝟯:𝟱𝟰
⏰ Last Name: ⌥ 𝟬𝟯:𝟱𝟱
⏰ Last Name: ⌥ 𝟬𝟯:𝟱𝟲
⏰ Last Name: ⌥ 𝟬𝟯:𝟱𝟳
⏰ Last Name: ⌥ 𝟬𝟯:𝟱𝟴
⏰ Last Name: ⌥ 𝟬𝟯:𝟱𝟵
⏰ Last Name: ⌥ 𝟬𝟰:𝟬𝟬
⏰ Last Name: ⌥ 𝟬𝟰:𝟬𝟭
⏰ Last Name: ⌥ 𝟬𝟰:𝟬𝟮
⏰ Last Name: ⌥ 𝟬𝟰:𝟬𝟯
⏰ Last Name: ⌥ 𝟬𝟰:𝟬𝟰
⏰ Last Name: ⌥ 𝟬𝟰:𝟬𝟱
💜 Auto React [user:8299996037]: 🤣
💜 Auto React [user:8299996037]: 🤣
💜 Auto React [user:8299996037]: 🤣
💜 Auto React [user:8299996037]: 🤣
💜 Auto React [user:8299996037]: 🤣
⏰ Last Name: ⌥ 𝟬𝟰:𝟬𝟲
⏰ Last Name: ⌥ 𝟬𝟰:𝟬𝟳
⏰ Last Name: ⌥ 𝟬𝟰:𝟬𝟴
⏰ Last Name: ⌥ 𝟬𝟰:𝟬𝟵
⏰ Last Name: ⌥ 𝟬𝟰:𝟭𝟬
⏰ Last Name: ⌥ 𝟬𝟰:𝟭𝟭
⏰ Last Name: ⌥ 𝟬𝟰:𝟭𝟮
⏰ Last Name: ⌥ 𝟬𝟰:𝟭𝟯
⏰ Last Name: ⌥ 𝟬𝟰:𝟭𝟰
⏰ Last Name: ⌥ 𝟬𝟰:𝟭𝟱
⏰ Last Name: ⌥ 𝟬𝟰:𝟭𝟲
⏰ Last Name: ⌥ 𝟬𝟰:𝟭𝟳
⏰ Last Name: ⌥ 𝟬𝟰:𝟭𝟴
⏰ Last Name: ⌥ 𝟬𝟰:𝟭𝟵
⏰ Last Name: ⌥ 𝟬𝟰:𝟮𝟬
💜 Auto React [user:8299996037]: 🤣
⏰ Last Name: ⌥ 𝟬𝟰:𝟮𝟭
⏰ Last Name: ⌥ 𝟬𝟰:𝟮𝟮
⏰ Last Name: ⌥ 𝟬𝟰:𝟮𝟯
⏰ Last Name: ⌥ 𝟬𝟰:𝟮𝟰
⏰ Last Name: ⌥ 𝟬𝟰:𝟮𝟱
⏰ Last Name: ⌥ 𝟬𝟰:𝟮𝟲
⏰ Last Name: ⌥ 𝟬𝟰:𝟮𝟳
⏰ Last Name: ⌥ 𝟬𝟰:𝟮𝟴
⏰ Last Name: ⌥ 𝟬𝟰:𝟮𝟵
⏰ Last Name: ⌥ 𝟬𝟰:𝟯𝟬
⏰ Last Name: ⌥ 𝟬𝟰:𝟯𝟭
⏰ Last Name: ⌥ 𝟬𝟰:𝟯𝟮
⏰ Last Name: ⌥ 𝟬𝟰:𝟯𝟯
⏰ Last Name: ⌥ 𝟬𝟰:𝟯𝟰
💜 Auto React [user:8299996037]: 🤣
💜 Auto React [user:8299996037]: 🤣
💜 Auto React [user:8299996037]: 🤣
⏰ Last Name: ⌥ 𝟬𝟰:𝟯𝟱
💜 Auto React [user:8299996037]: 🤣
💜 Auto React [user:8299996037]: 🤣
💜 Auto React [user:8299996037]: 🤣
💜 Auto React [user:8299996037]: 🤣
💜 Auto React [user:8299996037]: 🤣
💜 Auto React [user:8299996037]: 🤣
💜 Auto React [user:8299996037]: 🤣
💜 Auto React [user:8299996037]: 🤣
💜 Auto React [user:8299996037]: 🤣
💜 Auto React [user:8299996037]: 🤣
💜 Auto React [user:8299996037]: 🤣
💜 Auto React [user:8299996037]: 🤣
💜 Auto React [user:8299996037]: 🤣
💜 Auto React [user:8299996037]: 🤣
💜 Auto React [user:8299996037]: 🤣
💜 Auto React [user:8299996037]: 🤣
💜 Auto React [user:8299996037]: 🤣
💜 Auto React [user:8299996037]: 🤣
⚠️ خطای ریکت [user:8299996037]: Request was unsuccessful 6 time(s)
💜 Auto React [user:8299996037]: 🤣
⏰ Last Name: ⌥ 𝟬𝟰:𝟯𝟲
⏰ Last Name: ⌥ 𝟬𝟰:𝟯𝟳
⏰ Last Name: ⌥ 𝟬𝟰:𝟯𝟴
⏰ Last Name: ⌥ 𝟬𝟰:𝟯𝟵
⏰ Last Name: ⌥ 𝟬𝟰:𝟰𝟬
⏰ Last Name: ⌥ 𝟬𝟰:𝟰𝟭
⏰ Last Name: ⌥ 𝟬𝟰:𝟰𝟮
⏰ Last Name: ⌥ 𝟬𝟰:𝟰𝟯
⏰ Last Name: ⌥ 𝟬𝟰:𝟰𝟰
⏰ Last Name: ⌥ 𝟬𝟰:𝟰𝟱
⏰ Last Name: ⌥ 𝟬𝟰:𝟰𝟲
⏰ Last Name: ⌥ 𝟬𝟰:𝟰𝟳
⏰ Last Name: ⌥ 𝟬𝟰:𝟰𝟴
⏰ Last Name: ⌥ 𝟬𝟰:𝟰𝟵
⏰ Last Name: ⌥ 𝟬𝟰:𝟱𝟬
⏰ Last Name: ⌥ 𝟬𝟰:𝟱𝟭
⏰ Last Name: ⌥ 𝟬𝟰:𝟱𝟮
⏰ Last Name: ⌥ 𝟬𝟰:𝟱𝟯
⏰ Last Name: ⌥ 𝟬𝟰:𝟱𝟰
⏰ Last Name: ⌥ 𝟬𝟰:𝟱𝟱
⏰ Last Name: ⌥ 𝟬𝟰:𝟱𝟲
⏰ Last Name: ⌥ 𝟬𝟰:𝟱𝟳
⏰ Last Name: ⌥ 𝟬𝟰:𝟱𝟴
⏰ Last Name: ⌥ 𝟬𝟰:𝟱𝟵
⏰ Last Name: ⌥ 𝟬𝟱:𝟬𝟬
⏰ Last Name: ⌥ 𝟬𝟱:𝟬𝟭
⏰ Last Name: ⌥ 𝟬𝟱:𝟬𝟮
⏰ Last Name: ⌥ 𝟬𝟱:𝟬𝟯
⏰ Last Name: ⌥ 𝟬𝟱:𝟬𝟰
⏰ Last Name: ⌥ 𝟬𝟱:𝟬𝟱
⏰ Last Name: ⌥ 𝟬𝟱:𝟬𝟲
⏰ Last Name: ⌥ 𝟬𝟱:𝟬𝟳
⏰ Last Name: ⌥ 𝟬𝟱:𝟬𝟴
⏰ Last Name: ⌥ 𝟬𝟱:𝟬𝟵
⏰ Last Name: ⌥ 𝟬𝟱:𝟭𝟬
⏰ Last Name: ⌥ 𝟬𝟱:𝟭𝟭
⏰ Last Name: ⌥ 𝟬𝟱:𝟭𝟮
⏰ Last Name: ⌥ 𝟬𝟱:𝟭𝟯
⏰ Last Name: ⌥ 𝟬𝟱:𝟭𝟰
⏰ Last Name: ⌥ 𝟬𝟱:𝟭𝟱
⏰ Last Name: ⌥ 𝟬𝟱:𝟭𝟲
⏰ Last Name: ⌥ 𝟬𝟱:𝟭𝟳
⏰ Last Name: ⌥ 𝟬𝟱:𝟭𝟴
⏰ Last Name: ⌥ 𝟬𝟱:𝟭𝟵
💜 Auto React [user:8299996037]: 🤣
💜 Auto React [user:8299996037]: 🤣
💜 Auto React [user:8299996037]: 🤣
⏰ Last Name: ⌥ 𝟬𝟱:𝟮𝟬
💜 Auto React [user:8299996037]: 🤣
💜 Auto React [user:8299996037]: 🤣
💜 Auto React [user:8299996037]: 🤣
💜 Auto React [user:8299996037]: 🤣
💜 Auto React [user:8299996037]: 🤣
💜 Auto React [user:8299996037]: 🤣
💜 Auto React [user:8299996037]: 🤣
💜 Auto React [user:8299996037]: 🤣
💜 Auto React [user:8299996037]: 🤣
💜 Auto React [user:8299996037]: 🤣
💜 Auto React [user:8299996037]: 🤣
💜 Auto React [user:8299996037]: 🤣
💜 Auto React [user:8299996037]: 🤣
💜 Auto React [user:8299996037]: 🤣
💜 Auto React [user:8299996037]: 🤣
⚠️ خطای ریکت [user:8299996037]: Request was unsuccessful 6 time(s)
💜 Auto React [user:8299996037]: 🤣
💜 Auto React [user:8299996037]: 🤣
💜 Auto React [user:8299996037]: 🤣
⚠️ خطای ریکت [user:8299996037]: Request was unsuccessful 6 time(s)
⚠️ خطای ریکت [user:8299996037]: Request was unsuccessful 6 time(s)
💜 Auto React [user:8299996037]: 🤣
💜 Auto React [user:8299996037]: 🤣
💜 Auto React [user:8299996037]: 🤣
⚠️ خطای ریکت [user:8299996037]: Request was unsuccessful 6 time(s)
⚠️ خطای ریکت [user:8299996037]: Request was unsuccessful 6 time(s)
💜 Auto React [user:8299996037]: 🤣
⏰ Last Name: ⌥ 𝟬𝟱:𝟮𝟭
💜 Auto React [user:8299996037]: 🤣
💜 Auto React [user:8299996037]: 🤣
⏰ Last Name: ⌥ 𝟬𝟱:𝟮𝟮
⏰ Last Name: ⌥ 𝟬𝟱:𝟮𝟯
⏰ Last Name: ⌥ 𝟬𝟱:𝟮𝟰
⏰ Last Name: ⌥ 𝟬𝟱:𝟮𝟱
⏰ Last Name: ⌥ 𝟬𝟱:𝟮𝟲
⏰ Last Name: ⌥ 𝟬𝟱:𝟮𝟳
⏰ Last Name: ⌥ 𝟬𝟱:𝟮𝟴
⏰ Last Name: ⌥ 𝟬𝟱:𝟮𝟵
⏰ Last Name: ⌥ 𝟬𝟱:𝟯𝟬
⏰ Last Name: ⌥ 𝟬𝟱:𝟯𝟭
⏰ Last Name: ⌥ 𝟬𝟱:𝟯𝟮
⏰ Last Name: ⌥ 𝟬𝟱:𝟯𝟯
⏰ Last Name: ⌥ 𝟬𝟱:𝟯𝟰
💜 Auto React [user:8299996037]: 🤣
💜 Auto React [user:8299996037]: 🤣
⏰ Last Name: ⌥ 𝟬𝟱:𝟯𝟱
💜 Auto React [user:8299996037]: 🤣
💜 Auto React [user:8299996037]: 🤣
💜 Auto React [user:8299996037]: 🤣
💜 Auto React [user:8299996037]: 🤣
💜 Auto React [user:8299996037]: 🤣
💜 Auto React [user:8299996037]: 🤣
💜 Auto React [user:8299996037]: 🤣
💜 Auto React [user:8299996037]: 🤣
💜 Auto React [user:8299996037]: 🤣
💜 Auto React [user:8299996037]: 🤣
💜 Auto React [user:8299996037]: 🤣
💜 Auto React [user:8299996037]: 🤣
💜 Auto React [user:8299996037]: 🤣
💜 Auto React [user:8299996037]: 🤣
💜 Auto React [user:8299996037]: 🤣
💜 Auto React [user:8299996037]: 🤣
💜 Auto React [user:8299996037]: 🤣
💜 Auto React [user:8299996037]: 🤣
💜 Auto React [user:8299996037]: 🤣
⚠️ خطای ریکت [user:8299996037]: Request was unsuccessful 6 time(s)
⚠️ خطای ریکت [user:8299996037]: Request was unsuccessful 6 time(s)
⚠️ خطای ریکت [user:8299996037]: Request was unsuccessful 6 time(s)
💜 Auto React [user:8299996037]: 🤣
💜 Auto React [user:8299996037]: 🤣
💜 Auto React [user:8299996037]: 🤣
⏰ Last Name: ⌥ 𝟬𝟱:𝟯𝟲
⏰ Last Name: ⌥ 𝟬𝟱:𝟯𝟳
⏰ Last Name: ⌥ 𝟬𝟱:𝟯𝟴
⏰ Last Name: ⌥ 𝟬𝟱:𝟯𝟵
⏰ Last Name: ⌥ 𝟬𝟱:𝟰𝟬
⏰ Last Name: ⌥ 𝟬𝟱:𝟰𝟭
⏰ Last Name: ⌥ 𝟬𝟱:𝟰𝟮
⏰ Last Name: ⌥ 𝟬𝟱:𝟰𝟯
⏰ Last Name: ⌥ 𝟬𝟱:𝟰𝟰
⏰ Last Name: ⌥ 𝟬𝟱:𝟰𝟱
⏰ Last Name: ⌥ 𝟬𝟱:𝟰𝟲
⏰ Last Name: ⌥ 𝟬𝟱:𝟰𝟳
⏰ Last Name: ⌥ 𝟬𝟱:𝟰𝟴
⏰ Last Name: ⌥ 𝟬𝟱:𝟰𝟵
💜 Auto React [user:8299996037]: 🤣
💜 Auto React [user:8299996037]: 🤣
⏰ Last Name: ⌥ 𝟬𝟱:𝟱𝟬
💜 Auto React [user:8299996037]: 🤣
💜 Auto React [user:8299996037]: 🤣
💜 Auto React [user:8299996037]: 🤣
💜 Auto React [user:8299996037]: 🤣
💜 Auto React [user:8299996037]: 🤣
💜 Auto React [user:8299996037]: 🤣
💜 Auto React [user:8299996037]: 🤣
💜 Auto React [user:8299996037]: 🤣
💜 Auto React [user:8299996037]: 🤣
💜 Auto React [user:8299996037]: 🤣
💜 Auto React [user:8299996037]: 🤣
💜 Auto React [user:8299996037]: 🤣
💜 Auto React [user:8299996037]: 🤣
💜 Auto React [user:8299996037]: 🤣
💜 Auto React [user:8299996037]: 🤣
💜 Auto React [user:8299996037]: 🤣
💜 Auto React [user:8299996037]: 🤣
⚠️ خطای ریکت [user:8299996037]: Request was unsuccessful 6 time(s)
💜 Auto React [user:8299996037]: 🤣
💜 Auto React [user:8299996037]: 🤣
⚠️ خطای ریکت [user:8299996037]: Request was unsuccessful 6 time(s)
💜 Auto React [user:8299996037]: 🤣
⏰ Last Name: ⌥ 𝟬𝟱:𝟱𝟭
💜 Auto React [user:6990187779]: ❤️
⏰ Last Name: ⌥ 𝟬𝟱:𝟱𝟮
💜 Auto React [user:6990187779]: ❤️
⏰ Last Name: ⌥ 𝟬𝟱:𝟱𝟯
⏰ Last Name: ⌥ 𝟬𝟱:𝟱𝟰
⏰ Last Name: ⌥ 𝟬𝟱:𝟱𝟱
⏰ Last Name: ⌥ 𝟬𝟱:𝟱𝟲
⏰ Last Name: ⌥ 𝟬𝟱:𝟱𝟳
⏰ Last Name: ⌥ 𝟬𝟱:𝟱𝟴
⏰ Last Name: ⌥ 𝟬𝟱:𝟱𝟵
⏰ Last Name: ⌥ 𝟬𝟲:𝟬𝟬
⏰ Last Name: ⌥ 𝟬𝟲:𝟬𝟭
⏰ Last Name: ⌥ 𝟬𝟲:𝟬𝟮
⏰ Last Name: ⌥ 𝟬𝟲:𝟬𝟯
⏰ Last Name: ⌥ 𝟬𝟲:𝟬𝟰
💜 Auto React [user:8299996037]: 🤣
💜 Auto React [user:8299996037]: 🤣
💜 Auto React [user:8299996037]: 🤣
⏰ Last Name: ⌥ 𝟬𝟲:𝟬𝟱
💜 Auto React [user:8299996037]: 🤣
💜 Auto React [user:8299996037]: 🤣
💜 Auto React [user:8299996037]: 🤣
💜 Auto React [user:8299996037]: 🤣
💜 Auto React [user:8299996037]: 🤣
💜 Auto React [user:8299996037]: 🤣
💜 Auto React [user:8299996037]: 🤣
💜 Auto React [user:8299996037]: 🤣
💜 Auto React [user:8299996037]: 🤣
💜 Auto React [user:8299996037]: 🤣
💜 Auto React [user:8299996037]: 🤣
💜 Auto React [user:8299996037]: 🤣
💜 Auto React [user:8299996037]: 🤣
💜 Auto React [user:8299996037]: 🤣
💜 Auto React [user:8299996037]: 🤣
⚠️ خطای ریکت [user:8299996037]: Request was unsuccessful 6 time(s)
⏰ Last Name: ⌥ 𝟬𝟲:𝟬𝟲
💜 Auto React [user:8299996037]: 🤣
⏰ Last Name: ⌥ 𝟬𝟲:𝟬𝟳
⏰ Last Name: ⌥ 𝟬𝟲:𝟬𝟴
⏰ Last Name: ⌥ 𝟬𝟲:𝟬𝟵
⏰ Last Name: ⌥ 𝟬𝟲:𝟭𝟬
⏰ Last Name: ⌥ 𝟬𝟲:𝟭𝟭
⏰ Last Name: ⌥ 𝟬𝟲:𝟭𝟮
⏰ Last Name: ⌥ 𝟬𝟲:𝟭𝟯
⏰ Last Name: ⌥ 𝟬𝟲:𝟭𝟰
⏰ Last Name: ⌥ 𝟬𝟲:𝟭𝟱
⏰ Last Name: ⌥ 𝟬𝟲:𝟭𝟲
⏰ Last Name: ⌥ 𝟬𝟲:𝟭𝟳
⏰ Last Name: ⌥ 𝟬𝟲:𝟭𝟴
⏰ Last Name: ⌥ 𝟬𝟲:𝟭𝟵
💜 Auto React [user:8299996037]: 🤣
💜 Auto React [user:8299996037]: 🤣
💜 Auto React [user:8299996037]: 🤣
⏰ Last Name: ⌥ 𝟬𝟲:𝟮𝟬
💜 Auto React [user:8299996037]: 🤣
💜 Auto React [user:8299996037]: 🤣
💜 Auto React [user:8299996037]: 🤣
💜 Auto React [user:8299996037]: 🤣
💜 Auto React [user:8299996037]: 🤣
💜 Auto React [user:8299996037]: 🤣
💜 Auto React [user:8299996037]: 🤣
💜 Auto React [user:8299996037]: 🤣
💜 Auto React [user:8299996037]: 🤣
💜 Auto React [user:8299996037]: 🤣
💜 Auto React [user:8299996037]: 🤣
💜 Auto React [user:8299996037]: 🤣
💜 Auto React [user:8299996037]: 🤣
💜 Auto React [user:8299996037]: 🤣
💜 Auto React [user:8299996037]: 🤣
⏰ Last Name: ⌥ 𝟬𝟲:𝟮𝟭
⏰ Last Name: ⌥ 𝟬𝟲:𝟮𝟮
⏰ Last Name: ⌥ 𝟬𝟲:𝟮𝟯
⏰ Last Name: ⌥ 𝟬𝟲:𝟮𝟰
⏰ Last Name: ⌥ 𝟬𝟲:𝟮𝟱
⏰ Last Name: ⌥ 𝟬𝟲:𝟮𝟲
⏰ Last Name: ⌥ 𝟬𝟲:𝟮𝟳
⏰ Last Name: ⌥ 𝟬𝟲:𝟮𝟴
⏰ Last Name: ⌥ 𝟬𝟲:𝟮𝟵
💜 Auto React [user:6990187779]: ❤️
⏰ Last Name: ⌥ 𝟬𝟲:𝟯𝟬
⏰ Last Name: ⌥ 𝟬𝟲:𝟯𝟭
⏰ Last Name: ⌥ 𝟬𝟲:𝟯𝟮
⏰ Last Name: ⌥ 𝟬𝟲:𝟯𝟯
⏰ Last Name: ⌥ 𝟬𝟲:𝟯𝟰
💜 Auto React [user:8299996037]: 🤣
💜 Auto React [user:8299996037]: 🤣
⏰ Last Name: ⌥ 𝟬𝟲:𝟯𝟱
💜 Auto React [user:8299996037]: 🤣
💜 Auto React [user:8299996037]: 🤣
💜 Auto React [user:8299996037]: 🤣
💜 Auto React [user:8299996037]: 🤣
💜 Auto React [user:8299996037]: 🤣
💜 Auto React [user:8299996037]: 🤣
💜 Auto React [user:8299996037]: 🤣
💜 Auto React [user:8299996037]: 🤣
💜 Auto React [user:8299996037]: 🤣
💜 Auto React [user:8299996037]: 🤣
💜 Auto React [user:8299996037]: 🤣
💜 Auto React [user:8299996037]: 🤣
💜 Auto React [user:8299996037]: 🤣
💜 Auto React [user:8299996037]: 🤣
💜 Auto React [user:8299996037]: 🤣
💜 Auto React [user:8299996037]: 🤣
💜 Auto React [user:8299996037]: 🤣
💜 Auto React [user:8299996037]: 🤣
💜 Auto React [user:8299996037]: 🤣
⚠️ خطای ریکت [user:8299996037]: Request was unsuccessful 6 time(s)
💜 Auto React [user:8299996037]: 🤣
⏰ Last Name: ⌥ 𝟬𝟲:𝟯𝟲
⏰ Last Name: ⌥ 𝟬𝟲:𝟯𝟳
⏰ Last Name: ⌥ 𝟬𝟲:𝟯𝟴
⏰ Last Name: ⌥ 𝟬𝟲:𝟯𝟵
⏰ Last Name: ⌥ 𝟬𝟲:𝟰𝟬
⏰ Last Name: ⌥ 𝟬𝟲:𝟰𝟭
⏰ Last Name: ⌥ 𝟬𝟲:𝟰𝟮
⏰ Last Name: ⌥ 𝟬𝟲:𝟰𝟯
⏰ Last Name: ⌥ 𝟬𝟲:𝟰𝟰
⏰ Last Name: ⌥ 𝟬𝟲:𝟰𝟱
⏰ Last Name: ⌥ 𝟬𝟲:𝟰𝟲
⏰ Last Name: ⌥ 𝟬𝟲:𝟰𝟳
⏰ Last Name: ⌥ 𝟬𝟲:𝟰𝟴
⏰ Last Name: ⌥ 𝟬𝟲:𝟰𝟵
💜 Auto React [user:8299996037]: 🤣
💜 Auto React [user:8299996037]: 🤣
⏰ Last Name: ⌥ 𝟬𝟲:𝟱𝟬
💜 Auto React [user:8299996037]: 🤣
💜 Auto React [user:8299996037]: 🤣
💜 Auto React [user:8299996037]: 🤣
💜 Auto React [user:8299996037]: 🤣
💜 Auto React [user:8299996037]: 🤣
💜 Auto React [user:8299996037]: 🤣
💜 Auto React [user:8299996037]: 🤣
💜 Auto React [user:8299996037]: 🤣
💜 Auto React [user:8299996037]: 🤣
💜 Auto React [user:8299996037]: 🤣
💜 Auto React [user:8299996037]: 🤣
💜 Auto React [user:8299996037]: 🤣
💜 Auto React [user:8299996037]: 🤣
💜 Auto React [user:8299996037]: 🤣
💜 Auto React [user:8299996037]: 🤣
💜 Auto React [user:8299996037]: 🤣
⚠️ خطای ریکت [user:8299996037]: Request was unsuccessful 6 time(s)
💜 Auto React [user:8299996037]: 🤣
💜 Auto React [user:8299996037]: 🤣
💜 Auto React [user:8299996037]: 🤣
⏰ Last Name: ⌥ 𝟬𝟲:𝟱𝟭
⏰ Last Name: ⌥ 𝟬𝟲:𝟱𝟮
⏰ Last Name: ⌥ 𝟬𝟲:𝟱𝟯
⏰ Last Name: ⌥ 𝟬𝟲:𝟱𝟰
⏰ Last Name: ⌥ 𝟬𝟲:𝟱𝟱
⏰ Last Name: ⌥ 𝟬𝟲:𝟱𝟲
⏰ Last Name: ⌥ 𝟬𝟲:𝟱𝟳
⏰ Last Name: ⌥ 𝟬𝟲:𝟱𝟴
⏰ Last Name: ⌥ 𝟬𝟲:𝟱𝟵
⏰ Last Name: ⌥ 𝟬𝟳:𝟬𝟬
⏰ Last Name: ⌥ 𝟬𝟳:𝟬𝟭
⏰ Last Name: ⌥ 𝟬𝟳:𝟬𝟮
⏰ Last Name: ⌥ 𝟬𝟳:𝟬𝟯
⏰ Last Name: ⌥ 𝟬𝟳:𝟬𝟰
💜 Auto React [user:8299996037]: 🤣
💜 Auto React [user:8299996037]: 🤣
⏰ Last Name: ⌥ 𝟬𝟳:𝟬𝟱
💜 Auto React [user:8299996037]: 🤣
💜 Auto React [user:8299996037]: 🤣
💜 Auto React [user:8299996037]: 🤣
💜 Auto React [user:8299996037]: 🤣
💜 Auto React [user:8299996037]: 🤣
💜 Auto React [user:8299996037]: 🤣
💜 Auto React [user:8299996037]: 🤣
💜 Auto React [user:8299996037]: 🤣
💜 Auto React [user:8299996037]: 🤣
💜 Auto React [user:8299996037]: 🤣
💜 Auto React [user:8299996037]: 🤣
💜 Auto React [user:8299996037]: 🤣
💜 Auto React [user:8299996037]: 🤣
💜 Auto React [user:8299996037]: 🤣
💜 Auto React [user:8299996037]: 🤣
💜 Auto React [user:8299996037]: 🤣
💜 Auto React [user:8299996037]: 🤣
⚠️ خطای ریکت [user:8299996037]: Request was unsuccessful 6 time(s)
💜 Auto React [user:8299996037]: 🤣
💜 Auto React [user:8299996037]: 🤣
⚠️ خطای ریکت [user:8299996037]: Request was unsuccessful 6 time(s)
⚠️ خطای ریکت [user:8299996037]: Request was unsuccessful 6 time(s)
💜 Auto React [user:8299996037]: 🤣
💜 Auto React [user:8299996037]: 🤣
⏰ Last Name: ⌥ 𝟬𝟳:𝟬𝟲
💜 Auto React [user:8299996037]: 🤣
⏰ Last Name: ⌥ 𝟬𝟳:𝟬𝟳
⏰ Last Name: ⌥ 𝟬𝟳:𝟬𝟴
⏰ Last Name: ⌥ 𝟬𝟳:𝟬𝟵
⏰ Last Name: ⌥ 𝟬𝟳:𝟭𝟬
⏰ Last Name: ⌥ 𝟬𝟳:𝟭𝟭
⏰ Last Name: ⌥ 𝟬𝟳:𝟭𝟮
⏰ Last Name: ⌥ 𝟬𝟳:𝟭𝟯
⏰ Last Name: ⌥ 𝟬𝟳:𝟭𝟰
⏰ Last Name: ⌥ 𝟬𝟳:𝟭𝟱
⏰ Last Name: ⌥ 𝟬𝟳:𝟭𝟲
⏰ Last Name: ⌥ 𝟬𝟳:𝟭𝟳
⏰ Last Name: ⌥ 𝟬𝟳:𝟭𝟴
⏰ Last Name: ⌥ 𝟬𝟳:𝟭𝟵
⏰ Last Name: ⌥ 𝟬𝟳:𝟮𝟬
⏰ Last Name: ⌥ 𝟬𝟳:𝟮𝟭
⏰ Last Name: ⌥ 𝟬𝟳:𝟮𝟮
⏰ Last Name: ⌥ 𝟬𝟳:𝟮𝟯
⏰ Last Name: ⌥ 𝟬𝟳:𝟮𝟰
⏰ Last Name: ⌥ 𝟬𝟳:𝟮𝟱
⏰ Last Name: ⌥ 𝟬𝟳:𝟮𝟲
⏰ Last Name: ⌥ 𝟬𝟳:𝟮𝟳
⏰ Last Name: ⌥ 𝟬𝟳:𝟮𝟴
⏰ Last Name: ⌥ 𝟬𝟳:𝟮𝟵
⏰ Last Name: ⌥ 𝟬𝟳:𝟯𝟬
⏰ Last Name: ⌥ 𝟬𝟳:𝟯𝟭
⏰ Last Name: ⌥ 𝟬𝟳:𝟯𝟮
⏰ Last Name: ⌥ 𝟬𝟳:𝟯𝟯
⏰ Last Name: ⌥ 𝟬𝟳:𝟯𝟰
⏰ Last Name: ⌥ 𝟬𝟳:𝟯𝟱
⏰ Last Name: ⌥ 𝟬𝟳:𝟯𝟲
⏰ Last Name: ⌥ 𝟬𝟳:𝟯𝟳
⏰ Last Name: ⌥ 𝟬𝟳:𝟯𝟴
⏰ Last Name: ⌥ 𝟬𝟳:𝟯𝟵
⏰ Last Name: ⌥ 𝟬𝟳:𝟰𝟬
⏰ Last Name: ⌥ 𝟬𝟳:𝟰𝟭
⏰ Last Name: ⌥ 𝟬𝟳:𝟰𝟮
⏰ Last Name: ⌥ 𝟬𝟳:𝟰𝟯
⏰ Last Name: ⌥ 𝟬𝟳:𝟰𝟰
⏰ Last Name: ⌥ 𝟬𝟳:𝟰𝟱
⏰ Last Name: ⌥ 𝟬𝟳:𝟰𝟲
⏰ Last Name: ⌥ 𝟬𝟳:𝟰𝟳
⏰ Last Name: ⌥ 𝟬𝟳:𝟰𝟴
⏰ Last Name: ⌥ 𝟬𝟳:𝟰𝟵
⏰ Last Name: ⌥ 𝟬𝟳:𝟱𝟬
💜 Auto React [user:8299996037]: 🤣
⏰ Last Name: ⌥ 𝟬𝟳:𝟱𝟭
⏰ Last Name: ⌥ 𝟬𝟳:𝟱𝟮
⏰ Last Name: ⌥ 𝟬𝟳:𝟱𝟯
⏰ Last Name: ⌥ 𝟬𝟳:𝟱𝟰
⏰ Last Name: ⌥ 𝟬𝟳:𝟱𝟱
⏰ Last Name: ⌥ 𝟬𝟳:𝟱𝟲
⏰ Last Name: ⌥ 𝟬𝟳:𝟱𝟳
⏰ Last Name: ⌥ 𝟬𝟳:𝟱𝟴
⏰ Last Name: ⌥ 𝟬𝟳:𝟱𝟵
⏰ Last Name: ⌥ 𝟬𝟴:𝟬𝟬
⏰ Last Name: ⌥ 𝟬𝟴:𝟬𝟭
⏰ Last Name: ⌥ 𝟬𝟴:𝟬𝟮
⏰ Last Name: ⌥ 𝟬𝟴:𝟬𝟯
⏰ Last Name: ⌥ 𝟬𝟴:𝟬𝟰
⏰ Last Name: ⌥ 𝟬𝟴:𝟬𝟱
💜 Auto React [user:8299996037]: 🤣
💜 Auto React [user:8299996037]: 🤣
💜 Auto React [user:8299996037]: 🤣
💜 Auto React [user:8299996037]: 🤣
💜 Auto React [user:8299996037]: 🤣
⏰ Last Name: ⌥ 𝟬𝟴:𝟬𝟲
⏰ Last Name: ⌥ 𝟬𝟴:𝟬𝟳
⏰ Last Name: ⌥ 𝟬𝟴:𝟬𝟴
⏰ Last Name: ⌥ 𝟬𝟴:𝟬𝟵
⏰ Last Name: ⌥ 𝟬𝟴:𝟭𝟬
⏰ Last Name: ⌥ 𝟬𝟴:𝟭𝟭
⏰ Last Name: ⌥ 𝟬𝟴:𝟭𝟮
⏰ Last Name: ⌥ 𝟬𝟴:𝟭𝟯
⏰ Last Name: ⌥ 𝟬𝟴:𝟭𝟰
⏰ Last Name: ⌥ 𝟬𝟴:𝟭𝟱
⏰ Last Name: ⌥ 𝟬𝟴:𝟭𝟲
⏰ Last Name: ⌥ 𝟬𝟴:𝟭𝟳
⏰ Last Name: ⌥ 𝟬𝟴:𝟭𝟴
⏰ Last Name: ⌥ 𝟬𝟴:𝟭𝟵
⏰ Last Name: ⌥ 𝟬𝟴:𝟮𝟬
⏰ Last Name: ⌥ 𝟬𝟴:𝟮𝟭
⏰ Last Name: ⌥ 𝟬𝟴:𝟮𝟮
⏰ Last Name: ⌥ 𝟬𝟴:𝟮𝟯
💜 Auto React [user:6990187779]: ❤️
⏰ Last Name: ⌥ 𝟬𝟴:𝟮𝟰
⏰ Last Name: ⌥ 𝟬𝟴:𝟮𝟱
💜 Auto React [user:6990187779]: ❤️
💜 Auto React [user:6990187779]: ❤️
⏰ Last Name: ⌥ 𝟬𝟴:𝟮𝟲
💜 Auto React [user:6990187779]: ❤️
💜 Auto React [user:6990187779]: ❤️
⏰ Last Name: ⌥ 𝟬𝟴:𝟮𝟳
⏰ Last Name: ⌥ 𝟬𝟴:𝟮𝟴
⏰ Last Name: ⌥ 𝟬𝟴:𝟮𝟵
⏰ Last Name: ⌥ 𝟬𝟴:𝟯𝟬
⏰ Last Name: ⌥ 𝟬𝟴:𝟯𝟭
⏰ Last Name: ⌥ 𝟬𝟴:𝟯𝟮
⏰ Last Name: ⌥ 𝟬𝟴:𝟯𝟯
⏰ Last Name: ⌥ 𝟬𝟴:𝟯𝟰
⏰ Last Name: ⌥ 𝟬𝟴:𝟯𝟱
💜 Auto React [user:8299996037]: 🤣
💜 Auto React [user:8299996037]: 🤣
⏰ Last Name: ⌥ 𝟬𝟴:𝟯𝟲
⏰ Last Name: ⌥ 𝟬𝟴:𝟯𝟳
⏰ Last Name: ⌥ 𝟬𝟴:𝟯𝟴
⏰ Last Name: ⌥ 𝟬𝟴:𝟯𝟵
⏰ Last Name: ⌥ 𝟬𝟴:𝟰𝟬
⏰ Last Name: ⌥ 𝟬𝟴:𝟰𝟭
⏰ Last Name: ⌥ 𝟬𝟴:𝟰𝟮
⏰ Last Name: ⌥ 𝟬𝟴:𝟰𝟯
⏰ Last Name: ⌥ 𝟬𝟴:𝟰𝟰
⏰ Last Name: ⌥ 𝟬𝟴:𝟰𝟱
⏰ Last Name: ⌥ 𝟬𝟴:𝟰𝟲
⏰ Last Name: ⌥ 𝟬𝟴:𝟰𝟳
⏰ Last Name: ⌥ 𝟬𝟴:𝟰𝟴
⏰ Last Name: ⌥ 𝟬𝟴:𝟰𝟵
⏰ Last Name: ⌥ 𝟬𝟴:𝟱𝟬
💜 Auto React [user:8299996037]: 🤣
💜 Auto React [user:8299996037]: 🤣
💜 Auto React [user:8299996037]: 🤣
💜 Auto React [user:8299996037]: 🤣
⏰ Last Name: ⌥ 𝟬𝟴:𝟱𝟭
💜 Auto React [user:8299996037]: 🤣
💜 Auto React [user:8299996037]: 🤣
💜 Auto React [user:8299996037]: 🤣
💜 Auto React [user:8299996037]: 🤣
⏰ Last Name: ⌥ 𝟬𝟴:𝟱𝟮
💜 Auto React [user:6990187779]: ❤️
💜 Auto React [user:6990187779]: ❤️
💜 Auto React [user:6990187779]: ❤️
⏰ Last Name: ⌥ 𝟬𝟴:𝟱𝟯
💜 Auto React [user:6990187779]: ❤️
💜 Auto React [user:6990187779]: ❤️
💜 Auto React [user:6990187779]: ❤️
⏰ Last Name: ⌥ 𝟬𝟴:𝟱𝟰
⏰ Last Name: ⌥ 𝟬𝟴:𝟱𝟱
💜 Auto React [user:6990187779]: ❤️
⏰ Last Name: ⌥ 𝟬𝟴:𝟱𝟲
💜 Auto React [user:6990187779]: ❤️
💜 Auto React [user:6990187779]: ❤️
💜 Auto React [user:6990187779]: ❤️
⏰ Last Name: ⌥ 𝟬𝟴:𝟱𝟳
💜 Auto React [user:6990187779]: ❤️
⏰ Last Name: ⌥ 𝟬𝟴:𝟱𝟴
⏰ Last Name: ⌥ 𝟬𝟴:𝟱𝟵
⏰ Last Name: ⌥ 𝟬𝟵:𝟬𝟬
⏰ Last Name: ⌥ 𝟬𝟵:𝟬𝟭
⏰ Last Name: ⌥ 𝟬𝟵:𝟬𝟮
💜 Auto React [user:6990187779]: ❤️
⏰ Last Name: ⌥ 𝟬𝟵:𝟬𝟯
💜 Auto React [user:6990187779]: ❤️
⏰ Last Name: ⌥ 𝟬𝟵:𝟬𝟰
⏰ Last Name: ⌥ 𝟬𝟵:𝟬𝟱
⏰ Last Name: ⌥ 𝟬𝟵:𝟬𝟲
💜 Auto React [user:8299996037]: 🤣
💜 Auto React [user:8299996037]: 🤣
💜 Auto React [user:8299996037]: 🤣
💜 Auto React [user:8299996037]: 🤣
💜 Auto React [user:8299996037]: 🤣
💜 Auto React [user:8299996037]: 🤣
💜 Auto React [user:8299996037]: 🤣
⏰ Last Name: ⌥ 𝟬𝟵:𝟬𝟳
⏰ Last Name: ⌥ 𝟬𝟵:𝟬𝟴
⏰ Last Name: ⌥ 𝟬𝟵:𝟬𝟵
⏰ Last Name: ⌥ 𝟬𝟵:𝟭𝟬
⏰ Last Name: ⌥ 𝟬𝟵:𝟭𝟭
⏰ Last Name: ⌥ 𝟬𝟵:𝟭𝟮
⏰ Last Name: ⌥ 𝟬𝟵:𝟭𝟯
⏰ Last Name: ⌥ 𝟬𝟵:𝟭𝟰
⏰ Last Name: ⌥ 𝟬𝟵:𝟭𝟱
⏰ Last Name: ⌥ 𝟬𝟵:𝟭𝟲
⏰ Last Name: ⌥ 𝟬𝟵:𝟭𝟳
⏰ Last Name: ⌥ 𝟬𝟵:𝟭𝟴
💜 Auto React [user:6990187779]: ❤️
💜 Auto React [user:6990187779]: ❤️
⏰ Last Name: ⌥ 𝟬𝟵:𝟭𝟵
💜 Auto React [user:6990187779]: ❤️
💜 Auto React [user:6990187779]: ❤️
⏰ Last Name: ⌥ 𝟬𝟵:𝟮𝟬
💜 Auto React [user:6990187779]: ❤️
⏰ Last Name: ⌥ 𝟬𝟵:𝟮𝟭
💜 Auto React [user:8299996037]: 🤣
⏰ Last Name: ⌥ 𝟬𝟵:𝟮𝟮
⏰ Last Name: ⌥ 𝟬𝟵:𝟮𝟯
⏰ Last Name: ⌥ 𝟬𝟵:𝟮𝟰
⏰ Last Name: ⌥ 𝟬𝟵:𝟮𝟱
⏰ Last Name: ⌥ 𝟬𝟵:𝟮𝟲
⏰ Last Name: ⌥ 𝟬𝟵:𝟮𝟳
⏰ Last Name: ⌥ 𝟬𝟵:𝟮𝟴
⏰ Last Name: ⌥ 𝟬𝟵:𝟮𝟵
⏰ Last Name: ⌥ 𝟬𝟵:𝟯𝟬
⏰ Last Name: ⌥ 𝟬𝟵:𝟯𝟭
💜 Auto React [user:6990187779]: ❤️
⏰ Last Name: ⌥ 𝟬𝟵:𝟯𝟮
⏰ Last Name: ⌥ 𝟬𝟵:𝟯𝟯
⏰ Last Name: ⌥ 𝟬𝟵:𝟯𝟰
⏰ Last Name: ⌥ 𝟬𝟵:𝟯𝟱
⏰ Last Name: ⌥ 𝟬𝟵:𝟯𝟲
💜 Auto React [user:8299996037]: 🤣
💜 Auto React [user:8299996037]: 🤣
💜 Auto React [user:8299996037]: 🤣
💜 Auto React [user:8299996037]: 🤣
⏰ Last Name: ⌥ 𝟬𝟵:𝟯𝟳
💜 Auto React [user:8299996037]: 🤣
💜 Auto React [user:8299996037]: 🤣
💜 Auto React [user:8299996037]: 🤣
💜 Auto React [user:8299996037]: 🤣
💜 Auto React [user:8299996037]: 🤣
💜 Auto React [user:8299996037]: 🤣
💜 Auto React [user:8299996037]: 🤣
💜 Auto React [user:8299996037]: 🤣
⏰ Last Name: ⌥ 𝟬𝟵:𝟯𝟴
💜 Auto React [user:8299996037]: 🤣
💜 Auto React [user:8299996037]: 🤣
💜 Auto React [user:8299996037]: 🤣
💜 Auto React [user:8299996037]: 🤣
💜 Auto React [user:8299996037]: 🤣
💜 Auto React [user:8299996037]: 🤣
💜 Auto React [user:8299996037]: 🤣
⏰ Last Name: ⌥ 𝟬𝟵:𝟯𝟵
⏰ Last Name: ⌥ 𝟬𝟵:𝟰𝟬
⏰ Last Name: ⌥ 𝟬𝟵:𝟰𝟭
⏰ Last Name: ⌥ 𝟬𝟵:𝟰𝟮
⏰ Last Name: ⌥ 𝟬𝟵:𝟰𝟯
⏰ Last Name: ⌥ 𝟬𝟵:𝟰𝟰
⏰ Last Name: ⌥ 𝟬𝟵:𝟰𝟱
⏰ Last Name: ⌥ 𝟬𝟵:𝟰𝟲
⏰ Last Name: ⌥ 𝟬𝟵:𝟰𝟳
💜 Auto React [user:6990187779]: ❤️
💜 Auto React [user:6990187779]: ❤️
💜 Auto React [user:6990187779]: ❤️
⏰ Last Name: ⌥ 𝟬𝟵:𝟰𝟴
⏰ Last Name: ⌥ 𝟬𝟵:𝟰𝟵
⏰ Last Name: ⌥ 𝟬𝟵:𝟱𝟬
⏰ Last Name: ⌥ 𝟬𝟵:𝟱𝟭
⏰ Last Name: ⌥ 𝟬𝟵:𝟱𝟮
⏰ Last Name: ⌥ 𝟬𝟵:𝟱𝟯
💜 Auto React [user:8299996037]: 🤣
⏰ Last Name: ⌥ 𝟬𝟵:𝟱𝟰
💜 Auto React [user:8299996037]: 🤣
⏰ Last Name: ⌥ 𝟬𝟵:𝟱𝟱
⏰ Last Name: ⌥ 𝟬𝟵:𝟱𝟲
⏰ Last Name: ⌥ 𝟬𝟵:𝟱𝟳
⏰ Last Name: ⌥ 𝟬𝟵:𝟱𝟴
⏰ Last Name: ⌥ 𝟬𝟵:𝟱𝟵
⏰ Last Name: ⌥ 𝟭𝟬:𝟬𝟬
⏰ Last Name: ⌥ 𝟭𝟬:𝟬𝟭
⏰ Last Name: ⌥ 𝟭𝟬:𝟬𝟮
⏰ Last Name: ⌥ 𝟭𝟬:𝟬𝟯
⏰ Last Name: ⌥ 𝟭𝟬:𝟬𝟰
⏰ Last Name: ⌥ 𝟭𝟬:𝟬𝟱
⏰ Last Name: ⌥ 𝟭𝟬:𝟬𝟲
⏰ Last Name: ⌥ 𝟭𝟬:𝟬𝟳
⏰ Last Name: ⌥ 𝟭𝟬:𝟬𝟴
⏰ Last Name: ⌥ 𝟭𝟬:𝟬𝟵
💜 Auto React [user:8299996037]: 🤣
💜 Auto React [user:8299996037]: 🤣
💜 Auto React [user:8299996037]: 🤣
💜 Auto React [user:8299996037]: 🤣
💜 Auto React [user:8299996037]: 🤣
💜 Auto React [user:8299996037]: 🤣
💜 Auto React [user:8299996037]: 🤣
⏰ Last Name: ⌥ 𝟭𝟬:𝟭𝟬
💜 Auto React [user:8299996037]: 🤣
💜 Auto React [user:8299996037]: 🤣
💜 Auto React [user:8299996037]: 🤣
💜 Auto React [user:8299996037]: 🤣
💜 Auto React [user:8299996037]: 🤣
💜 Auto React [user:8299996037]: 🤣
💜 Auto React [user:8299996037]: 🤣
💜 Auto React [user:8299996037]: 🤣
💜 Auto React [user:8299996037]: 🤣
⏰ Last Name: ⌥ 𝟭𝟬:𝟭𝟭
💜 Auto React [user:8299996037]: 🤣
💜 Auto React [user:8299996037]: 🤣
💜 Auto React [user:8299996037]: 🤣
💜 Auto React [user:8299996037]: 🤣
💜 Auto React [user:8299996037]: 🤣
⏰ Last Name: ⌥ 𝟭𝟬:𝟭𝟮
⏰ Last Name: ⌥ 𝟭𝟬:𝟭𝟯
⏰ Last Name: ⌥ 𝟭𝟬:𝟭𝟰
⏰ Last Name: ⌥ 𝟭𝟬:𝟭𝟱
⏰ Last Name: ⌥ 𝟭𝟬:𝟭𝟲
⏰ Last Name: ⌥ 𝟭𝟬:𝟭𝟳
⏰ Last Name: ⌥ 𝟭𝟬:𝟭𝟴
⏰ Last Name: ⌥ 𝟭𝟬:𝟭𝟵
⏰ Last Name: ⌥ 𝟭𝟬:𝟮𝟬
⏰ Last Name: ⌥ 𝟭𝟬:𝟮𝟭
⏰ Last Name: ⌥ 𝟭𝟬:𝟮𝟮
⏰ Last Name: ⌥ 𝟭𝟬:𝟮𝟯
⏰ Last Name: ⌥ 𝟭𝟬:𝟮𝟰
⏰ Last Name: ⌥ 𝟭𝟬:𝟮𝟱
💜 Auto React [user:8299996037]: 🤣
💜 Auto React [user:8299996037]: 🤣
💜 Auto React [user:8299996037]: 🤣
💜 Auto React [user:8299996037]: 🤣
💜 Auto React [user:8299996037]: 🤣
⏰ Last Name: ⌥ 𝟭𝟬:𝟮𝟲
💜 Auto React [user:8299996037]: 🤣
💜 Auto React [user:8299996037]: 🤣
💜 Auto React [user:8299996037]: 🤣
⏰ Last Name: ⌥ 𝟭𝟬:𝟮𝟳
⏰ Last Name: ⌥ 𝟭𝟬:𝟮𝟴
⏰ Last Name: ⌥ 𝟭𝟬:𝟮𝟵
⏰ Last Name: ⌥ 𝟭𝟬:𝟯𝟬
⏰ Last Name: ⌥ 𝟭𝟬:𝟯𝟭
⏰ Last Name: ⌥ 𝟭𝟬:𝟯𝟮
⏰ Last Name: ⌥ 𝟭𝟬:𝟯𝟯
⏰ Last Name: ⌥ 𝟭𝟬:𝟯𝟰
⏰ Last Name: ⌥ 𝟭𝟬:𝟯𝟱
⏰ Last Name: ⌥ 𝟭𝟬:𝟯𝟲
⏰ Last Name: ⌥ 𝟭𝟬:𝟯𝟳
⏰ Last Name: ⌥ 𝟭𝟬:𝟯𝟴
⏰ Last Name: ⌥ 𝟭𝟬:𝟯𝟵
⏰ Last Name: ⌥ 𝟭𝟬:𝟰𝟬
⏰ Last Name: ⌥ 𝟭𝟬:𝟰𝟭
💜 Auto React [user:8299996037]: 🤣
💜 Auto React [user:8299996037]: 🤣
💜 Auto React [user:8299996037]: 🤣
💜 Auto React [user:8299996037]: 🤣
💜 Auto React [user:8299996037]: 🤣
💜 Auto React [user:8299996037]: 🤣
💜 Auto React [user:8299996037]: 🤣
💜 Auto React [user:8299996037]: 🤣
⏰ Last Name: ⌥ 𝟭𝟬:𝟰𝟮
💜 Auto React [user:8299996037]: 🤣
💜 Auto React [user:8299996037]: 🤣
⏰ Last Name: ⌥ 𝟭𝟬:𝟰𝟯
⏰ Last Name: ⌥ 𝟭𝟬:𝟰𝟰
⏰ Last Name: ⌥ 𝟭𝟬:𝟰𝟱
⏰ Last Name: ⌥ 𝟭𝟬:𝟰𝟲
⏰ Last Name: ⌥ 𝟭𝟬:𝟰𝟳
⏰ Last Name: ⌥ 𝟭𝟬:𝟰𝟴
⏰ Last Name: ⌥ 𝟭𝟬:𝟰𝟵
⏰ Last Name: ⌥ 𝟭𝟬:𝟱𝟬
⏰ Last Name: ⌥ 𝟭𝟬:𝟱𝟭
⏰ Last Name: ⌥ 𝟭𝟬:𝟱𝟮
⏰ Last Name: ⌥ 𝟭𝟬:𝟱𝟯
⏰ Last Name: ⌥ 𝟭𝟬:𝟱𝟰
⏰ Last Name: ⌥ 𝟭𝟬:𝟱𝟱
⏰ Last Name: ⌥ 𝟭𝟬:𝟱𝟲
⏰ Last Name: ⌥ 𝟭𝟬:𝟱𝟳
💜 Auto React [user:8299996037]: 🤣
💜 Auto React [user:8299996037]: 🤣
💜 Auto React [user:8299996037]: 🤣
💜 Auto React [user:8299996037]: 🤣
💜 Auto React [user:8299996037]: 🤣
💜 Auto React [user:8299996037]: 🤣
💜 Auto React [user:8299996037]: 🤣
💜 Auto React [user:8299996037]: 🤣
⏰ Last Name: ⌥ 𝟭𝟬:𝟱𝟴
💜 Auto React [user:8299996037]: 🤣
⏰ Last Name: ⌥ 𝟭𝟬:𝟱𝟵
⏰ Last Name: ⌥ 𝟭𝟭:𝟬𝟬
⏰ Last Name: ⌥ 𝟭𝟭:𝟬𝟭
⏰ Last Name: ⌥ 𝟭𝟭:𝟬𝟮
⏰ Last Name: ⌥ 𝟭𝟭:𝟬𝟯
⏰ Last Name: ⌥ 𝟭𝟭:𝟬𝟰
⏰ Last Name: ⌥ 𝟭𝟭:𝟬𝟱
⏰ Last Name: ⌥ 𝟭𝟭:𝟬𝟲
⏰ Last Name: ⌥ 𝟭𝟭:𝟬𝟳
⏰ Last Name: ⌥ 𝟭𝟭:𝟬𝟴
⏰ Last Name: ⌥ 𝟭𝟭:𝟬𝟵
⏰ Last Name: ⌥ 𝟭𝟭:𝟭𝟬
⏰ Last Name: ⌥ 𝟭𝟭:𝟭𝟭
⏰ Last Name: ⌥ 𝟭𝟭:𝟭𝟮
💜 Auto React [user:8299996037]: 🤣
💜 Auto React [user:8299996037]: 🤣
💜 Auto React [user:8299996037]: 🤣
⏰ Last Name: ⌥ 𝟭𝟭:𝟭𝟯
💜 Auto React [user:8299996037]: 🤣
⏰ Last Name: ⌥ 𝟭𝟭:𝟭𝟰
⏰ Last Name: ⌥ 𝟭𝟭:𝟭𝟱
⏰ Last Name: ⌥ 𝟭𝟭:𝟭𝟲
⏰ Last Name: ⌥ 𝟭𝟭:𝟭𝟳
⏰ Last Name: ⌥ 𝟭𝟭:𝟭𝟴
⏰ Last Name: ⌥ 𝟭𝟭:𝟭𝟵
⏰ Last Name: ⌥ 𝟭𝟭:𝟮𝟬
⏰ Last Name: ⌥ 𝟭𝟭:𝟮𝟭
⏰ Last Name: ⌥ 𝟭𝟭:𝟮𝟮
⏰ Last Name: ⌥ 𝟭𝟭:𝟮𝟯
⏰ Last Name: ⌥ 𝟭𝟭:𝟮𝟰
⏰ Last Name: ⌥ 𝟭𝟭:𝟮𝟱
⏰ Last Name: ⌥ 𝟭𝟭:𝟮𝟲
⏰ Last Name: ⌥ 𝟭𝟭:𝟮𝟳
💜 Auto React [user:8299996037]: 🤣
⏰ Last Name: ⌥ 𝟭𝟭:𝟮𝟴
⏰ Last Name: ⌥ 𝟭𝟭:𝟮𝟵
⏰ Last Name: ⌥ 𝟭𝟭:𝟯𝟬
⏰ Last Name: ⌥ 𝟭𝟭:𝟯𝟭
⏰ Last Name: ⌥ 𝟭𝟭:𝟯𝟮
⏰ Last Name: ⌥ 𝟭𝟭:𝟯𝟯
⏰ Last Name: ⌥ 𝟭𝟭:𝟯𝟰
⏰ Last Name: ⌥ 𝟭𝟭:𝟯𝟱
⏰ Last Name: ⌥ 𝟭𝟭:𝟯𝟲
⏰ Last Name: ⌥ 𝟭𝟭:𝟯𝟳
⏰ Last Name: ⌥ 𝟭𝟭:𝟯𝟴
⏰ Last Name: ⌥ 𝟭𝟭:𝟯𝟵
⏰ Last Name: ⌥ 𝟭𝟭:𝟰𝟬
⏰ Last Name: ⌥ 𝟭𝟭:𝟰𝟭
⏰ Last Name: ⌥ 𝟭𝟭:𝟰𝟮
💜 Auto React [user:8299996037]: 🤣
💜 Auto React [user:8299996037]: 🤣
💜 Auto React [user:8299996037]: 🤣
💜 Auto React [user:8299996037]: 🤣
💜 Auto React [user:8299996037]: 🤣
⏰ Last Name: ⌥ 𝟭𝟭:𝟰𝟯
⏰ Last Name: ⌥ 𝟭𝟭:𝟰𝟰
⏰ Last Name: ⌥ 𝟭𝟭:𝟰𝟱
⏰ Last Name: ⌥ 𝟭𝟭:𝟰𝟲
⏰ Last Name: ⌥ 𝟭𝟭:𝟰𝟳
⏰ Last Name: ⌥ 𝟭𝟭:𝟰𝟴
⏰ Last Name: ⌥ 𝟭𝟭:𝟰𝟵
⏰ Last Name: ⌥ 𝟭𝟭:𝟱𝟬
⏰ Last Name: ⌥ 𝟭𝟭:𝟱𝟭
⏰ Last Name: ⌥ 𝟭𝟭:𝟱𝟮
⏰ Last Name: ⌥ 𝟭𝟭:𝟱𝟯
⏰ Last Name: ⌥ 𝟭𝟭:𝟱𝟰
⏰ Last Name: ⌥ 𝟭𝟭:𝟱𝟱
⏰ Last Name: ⌥ 𝟭𝟭:𝟱𝟲
⏰ Last Name: ⌥ 𝟭𝟭:𝟱𝟳
💜 Auto React [user:8299996037]: 🤣
💜 Auto React [user:8299996037]: 🤣
💜 Auto React [user:8299996037]: 🤣
💜 Auto React [user:8299996037]: 🤣
💜 Auto React [user:8299996037]: 🤣
💜 Auto React [user:8299996037]: 🤣
⏰ Last Name: ⌥ 𝟭𝟭:𝟱𝟴
💜 Auto React [user:8299996037]: 🤣
💜 Auto React [user:8299996037]: 🤣
💜 Auto React [user:8299996037]: 🤣
💜 Auto React [user:8299996037]: 🤣
💜 Auto React [user:8299996037]: 🤣
💜 Auto React [user:8299996037]: 🤣
💜 Auto React [user:8299996037]: 🤣
💜 Auto React [user:8299996037]: 🤣
💜 Auto React [user:8299996037]: 🤣
⏰ Last Name: ⌥ 𝟭𝟭:𝟱𝟵
💜 Auto React [user:8299996037]: 🤣
💜 Auto React [user:8299996037]: 🤣
💜 Auto React [user:8299996037]: 🤣
💜 Auto React [user:8299996037]: 🤣
⏰ Last Name: ⌥ 𝟭𝟮:𝟬𝟬
⏰ Last Name: ⌥ 𝟭𝟮:𝟬𝟭
⏰ Last Name: ⌥ 𝟭𝟮:𝟬𝟮
⏰ Last Name: ⌥ 𝟭𝟮:𝟬𝟯
⏰ Last Name: ⌥ 𝟭𝟮:𝟬𝟰
⏰ Last Name: ⌥ 𝟭𝟮:𝟬𝟱
⏰ Last Name: ⌥ 𝟭𝟮:𝟬𝟲
⏰ Last Name: ⌥ 𝟭𝟮:𝟬𝟳
⏰ Last Name: ⌥ 𝟭𝟮:𝟬𝟴
⏰ Last Name: ⌥ 𝟭𝟮:𝟬𝟵
⏰ Last Name: ⌥ 𝟭𝟮:𝟭𝟬
⏰ Last Name: ⌥ 𝟭𝟮:𝟭𝟭
⏰ Last Name: ⌥ 𝟭𝟮:𝟭𝟮
⏰ Last Name: ⌥ 𝟭𝟮:𝟭𝟯
💜 Auto React [user:8299996037]: 🤣
💜 Auto React [user:8299996037]: 🤣
💜 Auto React [user:8299996037]: 🤣
💜 Auto React [user:8299996037]: 🤣
💜 Auto React [user:8299996037]: 🤣
💜 Auto React [user:8299996037]: 🤣
💜 Auto React [user:8299996037]: 🤣
💜 Auto React [user:8299996037]: 🤣
💜 Auto React [user:8299996037]: 🤣
💜 Auto React [user:8299996037]: 🤣
💜 Auto React [user:8299996037]: 🤣
⏰ Last Name: ⌥ 𝟭𝟮:𝟭𝟰
💜 Auto React [user:8299996037]: 🤣
💜 Auto React [user:8299996037]: 🤣
💜 Auto React [user:8299996037]: 🤣
💜 Auto React [user:8299996037]: 🤣
💜 Auto React [user:8299996037]: 🤣
💜 Auto React [user:8299996037]: 🤣
💜 Auto React [user:8299996037]: 🤣
⏰ Last Name: ⌥ 𝟭𝟮:𝟭𝟱
💜 Auto React [user:8299996037]: 🤣
💜 Auto React [user:8299996037]: 🤣
💜 Auto React [user:8299996037]: 🤣
💜 Auto React [user:8299996037]: 🤣
💜 Auto React [user:8299996037]: 🤣
💜 Auto React [user:8299996037]: 🤣
⏰ Last Name: ⌥ 𝟭𝟮:𝟭𝟲
💜 Auto React [user:8299996037]: 🤣
💜 Auto React [user:8299996037]: 🤣
💜 Auto React [user:8299996037]: 🤣
💜 Auto React [user:8299996037]: 🤣
💜 Auto React [user:8299996037]: 🤣
💜 Auto React [user:8299996037]: 🤣
💜 Auto React [user:8299996037]: 🤣
💜 Auto React [user:8299996037]: 🤣
💜 Auto React [user:8299996037]: 🤣
⏰ Last Name: ⌥ 𝟭𝟮:𝟭𝟳
💜 Auto React [user:8299996037]: 🤣
⏰ Last Name: ⌥ 𝟭𝟮:𝟭𝟴
⏰ Last Name: ⌥ 𝟭𝟮:𝟭𝟵
⏰ Last Name: ⌥ 𝟭𝟮:𝟮𝟬
⏰ Last Name: ⌥ 𝟭𝟮:𝟮𝟭
⏰ Last Name: ⌥ 𝟭𝟮:𝟮𝟮
⏰ Last Name: ⌥ 𝟭𝟮:𝟮𝟯
⏰ Last Name: ⌥ 𝟭𝟮:𝟮𝟰
⏰ Last Name: ⌥ 𝟭𝟮:𝟮𝟱
⏰ Last Name: ⌥ 𝟭𝟮:𝟮𝟲
⏰ Last Name: ⌥ 𝟭𝟮:𝟮𝟳
⏰ Last Name: ⌥ 𝟭𝟮:𝟮𝟴
⏰ Last Name: ⌥ 𝟭𝟮:𝟮𝟵
⏰ Last Name: ⌥ 𝟭𝟮:𝟯𝟬
⏰ Last Name: ⌥ 𝟭𝟮:𝟯𝟭
💜 Auto React [user:8299996037]: 🤣
💜 Auto React [user:8299996037]: 🤣
💜 Auto React [user:8299996037]: 🤣
💜 Auto React [user:8299996037]: 🤣
💜 Auto React [user:8299996037]: 🤣
💜 Auto React [user:8299996037]: 🤣
💜 Auto React [user:8299996037]: 🤣
💜 Auto React [user:8299996037]: 🤣
💜 Auto React [user:8299996037]: 🤣
⏰ Last Name: ⌥ 𝟭𝟮:𝟯𝟮
💜 Auto React [user:8299996037]: 🤣
💜 Auto React [user:8299996037]: 🤣
💜 Auto React [user:8299996037]: 🤣
💜 Auto React [user:8299996037]: 🤣
💜 Auto React [user:8299996037]: 🤣
💜 Auto React [user:8299996037]: 🤣
💜 Auto React [user:8299996037]: 🤣
💜 Auto React [user:8299996037]: 🤣
💜 Auto React [user:8299996037]: 🤣
💜 Auto React [user:8299996037]: 🤣
⏰ Last Name: ⌥ 𝟭𝟮:𝟯𝟯
💜 Auto React [user:8299996037]: 🤣
💜 Auto React [user:8299996037]: 🤣
💜 Auto React [user:8299996037]: 🤣
💜 Auto React [user:8299996037]: 🤣
💜 Auto React [user:8299996037]: 🤣
💜 Auto React [user:8299996037]: 🤣
💜 Auto React [user:8299996037]: 🤣
💜 Auto React [user:8299996037]: 🤣
💜 Auto React [user:8299996037]: 🤣
💜 Auto React [user:8299996037]: 🤣
💜 Auto React [user:8299996037]: 🤣
💜 Auto React [user:8299996037]: 🤣
⏰ Last Name: ⌥ 𝟭𝟮:𝟯𝟰
💜 Auto React [user:8299996037]: 🤣
💜 Auto React [user:8299996037]: 🤣
💜 Auto React [user:8299996037]: 🤣
💜 Auto React [user:8299996037]: 🤣
💜 Auto React [user:8299996037]: 🤣
💜 Auto React [user:8299996037]: 🤣
💜 Auto React [user:8299996037]: 🤣
💜 Auto React [user:8299996037]: 🤣
⏰ Last Name: ⌥ 𝟭𝟮:𝟯𝟱
💜 Auto React [user:8299996037]: 🤣
💜 Auto React [user:8299996037]: 🤣
💜 Auto React [user:8299996037]: 🤣
💜 Auto React [user:8299996037]: 🤣
⏰ Last Name: ⌥ 𝟭𝟮:𝟯𝟲
⏰ Last Name: ⌥ 𝟭𝟮:𝟯𝟳
⏰ Last Name: ⌥ 𝟭𝟮:𝟯𝟴
⏰ Last Name: ⌥ 𝟭𝟮:𝟯𝟵
⏰ Last Name: ⌥ 𝟭𝟮:𝟰𝟬
💜 Auto React [user:8299996037]: 🤣
💜 Auto React [user:8299996037]: 🤣
💜 Auto React [user:8299996037]: 🤣
💜 Auto React [user:8299996037]: 🤣
💜 Auto React [user:8299996037]: 🤣
💜 Auto React [user:8299996037]: 🤣
💜 Auto React [user:8299996037]: 🤣
⏰ Last Name: ⌥ 𝟭𝟮:𝟰𝟭
💜 Auto React [user:8299996037]: 🤣
💜 Auto React [user:8299996037]: 🤣
💜 Auto React [user:8299996037]: 🤣
💜 Auto React [user:8299996037]: 🤣
💜 Auto React [user:8299996037]: 🤣
💜 Auto React [user:8299996037]: 🤣
💜 Auto React [user:8299996037]: 🤣
💜 Auto React [user:8299996037]: 🤣
💜 Auto React [user:8299996037]: 🤣
⏰ Last Name: ⌥ 𝟭𝟮:𝟰𝟮
💜 Auto React [user:8299996037]: 🤣
💜 Auto React [user:8299996037]: 🤣
💜 Auto React [user:8299996037]: 🤣
💜 Auto React [user:8299996037]: 🤣
💜 Auto React [user:8299996037]: 🤣
💜 Auto React [user:8299996037]: 🤣
💜 Auto React [user:8299996037]: 🤣
💜 Auto React [user:8299996037]: 🤣
💜 Auto React [user:8299996037]: 🤣
💜 Auto React [user:8299996037]: 🤣
💜 Auto React [user:8299996037]: 🤣
💜 Auto React [user:8299996037]: 🤣
💜 Auto React [user:8299996037]: 🤣
⏰ Last Name: ⌥ 𝟭𝟮:𝟰𝟯
💜 Auto React [user:8299996037]: 🤣
💜 Auto React [user:8299996037]: 🤣
💜 Auto React [user:8299996037]: 🤣
💜 Auto React [user:8299996037]: 🤣
💜 Auto React [user:8299996037]: 🤣
💜 Auto React [user:8299996037]: 🤣
💜 Auto React [user:8299996037]: 🤣
⏰ Last Name: ⌥ 𝟭𝟮:𝟰𝟰
💜 Auto React [user:8299996037]: 🤣
💜 Auto React [user:8299996037]: 🤣
💜 Auto React [user:8299996037]: 🤣
💜 Auto React [user:8299996037]: 🤣
💜 Auto React [user:8299996037]: 🤣
💜 Auto React [user:8299996037]: 🤣
💜 Auto React [user:8299996037]: 🤣
💜 Auto React [user:8299996037]: 🤣
💜 Auto React [user:8299996037]: 🤣
💜 Auto React [user:8299996037]: 🤣
💜 Auto React [user:8299996037]: 🤣
💜 Auto React [user:8299996037]: 🤣
💜 Auto React [user:8299996037]: 🤣
⏰ Last Name: ⌥ 𝟭𝟮:𝟰𝟱
💜 Auto React [user:8299996037]: 🤣
💜 Auto React [user:8299996037]: 🤣
💜 Auto React [user:8299996037]: 🤣
💜 Auto React [user:8299996037]: 🤣
💜 Auto React [user:8299996037]: 🤣
💜 Auto React [user:8299996037]: 🤣
⏰ Last Name: ⌥ 𝟭𝟮:𝟰𝟲
💜 Auto React [user:8299996037]: 🤣
💜 Auto React [user:8299996037]: 🤣
💜 Auto React [user:8299996037]: 🤣
💜 Auto React [user:8299996037]: 🤣
💜 Auto React [user:8299996037]: 🤣
💜 Auto React [user:8299996037]: 🤣
⏰ Last Name: ⌥ 𝟭𝟮:𝟰𝟳
💜 Auto React [user:8299996037]: 🤣
💜 Auto React [user:8299996037]: 🤣
💜 Auto React [user:8299996037]: 🤣
💜 Auto React [user:8299996037]: 🤣
💜 Auto React [user:8299996037]: 🤣
💜 Auto React [user:8299996037]: 🤣
💜 Auto React [user:8299996037]: 🤣
⏰ Last Name: ⌥ 𝟭𝟮:𝟰𝟴
💜 Auto React [user:8299996037]: 🤣
💜 Auto React [user:8299996037]: 🤣
💜 Auto React [user:8299996037]: 🤣
💜 Auto React [user:8299996037]: 🤣
💜 Auto React [user:8299996037]: 🤣
💜 Auto React [user:8299996037]: 🤣
💜 Auto React [user:8299996037]: 🤣
💜 Auto React [user:8299996037]: 🤣
⏰ Last Name: ⌥ 𝟭𝟮:𝟰𝟵
💜 Auto React [user:8299996037]: 🤣
💜 Auto React [user:8299996037]: 🤣
💜 Auto React [user:8299996037]: 🤣
💜 Auto React [user:8299996037]: 🤣
💜 Auto React [user:8299996037]: 🤣
💜 Auto React [user:8299996037]: 🤣
💜 Auto React [user:8299996037]: 🤣
⏰ Last Name: ⌥ 𝟭𝟮:𝟱𝟬
💜 Auto React [user:8299996037]: 🤣
💜 Auto React [user:8299996037]: 🤣
💜 Auto React [user:8299996037]: 🤣
💜 Auto React [user:8299996037]: 🤣
⏰ Last Name: ⌥ 𝟭𝟮:𝟱𝟭
💜 Auto React [user:8299996037]: 🤣
💜 Auto React [user:8299996037]: 🤣
💜 Auto React [user:8299996037]: 🤣
💜 Auto React [user:8299996037]: 🤣
💜 Auto React [user:8299996037]: 🤣
💜 Auto React [user:8299996037]: 🤣
💜 Auto React [user:8299996037]: 🤣
💜 Auto React [user:8299996037]: 🤣
⏰ Last Name: ⌥ 𝟭𝟮:𝟱𝟮
💜 Auto React [user:8299996037]: 🤣
💜 Auto React [user:8299996037]: 🤣
💜 Auto React [user:8299996037]: 🤣
💜 Auto React [user:8299996037]: 🤣
💜 Auto React [user:8299996037]: 🤣
💜 Auto React [user:8299996037]: 🤣
💜 Auto React [user:8299996037]: 🤣
💜 Auto React [user:8299996037]: 🤣
💜 Auto React [user:8299996037]: 🤣
⏳ Flood wait: 285s → تاخیر جدید: 2.0s
⏳ ریکت: صبر 284.4s (Flood)
⏰ Last Name: ⌥ 𝟭𝟮:𝟱𝟯
⏰ Last Name: ⌥ 𝟭𝟮:𝟱𝟰
⏰ Last Name: ⌥ 𝟭𝟮:𝟱𝟱
⏰ Last Name: ⌥ 𝟭𝟮:𝟱𝟲
⏰ Last Name: ⌥ 𝟭𝟮:𝟱𝟳
💜 Auto React [user:8299996037]: 🤣
💜 Auto React [user:8299996037]: 🤣
💜 Auto React [user:8299996037]: 🤣
💜 Auto React [user:8299996037]: 🤣
💜 Auto React [user:8299996037]: 🤣
💜 Auto React [user:8299996037]: 🤣
💜 Auto React [user:8299996037]: 🤣
💜 Auto React [user:8299996037]: 🤣
💜 Auto React [user:8299996037]: 🤣
💜 Auto React [user:8299996037]: 🤣
💜 Auto React [user:8299996037]: 🤣
💜 Auto React [user:8299996037]: 🤣
💜 Auto React [user:8299996037]: 🤣
💜 Auto React [user:8299996037]: 🤣
💜 Auto React [user:8299996037]: 🤣
💜 Auto React [user:8299996037]: 🤣
⏰ Last Name: ⌥ 𝟭𝟮:𝟱𝟴
💜 Auto React [user:8299996037]: 🤣
💜 Auto React [user:8299996037]: 🤣
💜 Auto React [user:8299996037]: 🤣
💜 Auto React [user:8299996037]: 🤣
💜 Auto React [user:8299996037]: 🤣
💜 Auto React [user:8299996037]: 🤣
⚠️ خطای ریکت [user:8299996037]: Request was unsuccessful 6 time(s)
⚠️ خطای ریکت [user:8299996037]: Request was unsuccessful 6 time(s)
💜 Auto React [user:8299996037]: 🤣
💜 Auto React [user:8299996037]: 🤣
⚠️ خطای ریکت [user:8299996037]: Request was unsuccessful 6 time(s)
⚠️ خطای ریکت [user:8299996037]: Request was unsuccessful 6 time(s)
💜 Auto React [user:8299996037]: 🤣
💜 Auto React [user:8299996037]: 🤣
💜 Auto React [user:8299996037]: 🤣
💜 Auto React [user:8299996037]: 🤣
💜 Auto React [user:8299996037]: 🤣
💜 Auto React [user:8299996037]: 🤣
💜 Auto React [user:8299996037]: 🤣
💜 Auto React [user:8299996037]: 🤣
⏰ Last Name: ⌥ 𝟭𝟮:𝟱𝟵
💜 Auto React [user:8299996037]: 🤣
💜 Auto React [user:8299996037]: 🤣
💜 Auto React [user:8299996037]: 🤣
💜 Auto React [user:8299996037]: 🤣
💜 Auto React [user:8299996037]: 🤣
💜 Auto React [user:8299996037]: 🤣
💜 Auto React [user:8299996037]: 🤣
💜 Auto React [user:8299996037]: 🤣
⏰ Last Name: ⌥ 𝟭𝟯:𝟬𝟬
💜 Auto React [user:8299996037]: 🤣
💜 Auto React [user:8299996037]: 🤣
💜 Auto React [user:8299996037]: 🤣
💜 Auto React [user:8299996037]: 🤣
💜 Auto React [user:8299996037]: 🤣
💜 Auto React [user:8299996037]: 🤣
💜 Auto React [user:8299996037]: 🤣
💜 Auto React [user:8299996037]: 🤣
💜 Auto React [user:8299996037]: 🤣
💜 Auto React [user:8299996037]: 🤣
⏳ Flood wait: 105s → تاخیر جدید: 2.0s
⏳ ریکت: صبر 104.4s (Flood)
⏰ Last Name: ⌥ 𝟭𝟯:𝟬𝟭
⏰ Last Name: ⌥ 𝟭𝟯:𝟬𝟮
💜 Auto React [user:8299996037]: 🤣
💜 Auto React [user:8299996037]: 🤣
💜 Auto React [user:8299996037]: 🤣
💜 Auto React [user:8299996037]: 🤣
💜 Auto React [user:8299996037]: 🤣
💜 Auto React [user:8299996037]: 🤣
💜 Auto React [user:8299996037]: 🤣
💜 Auto React [user:8299996037]: 🤣
💜 Auto React [user:8299996037]: 🤣
💜 Auto React [user:8299996037]: 🤣
💜 Auto React [user:8299996037]: 🤣
💜 Auto React [user:8299996037]: 🤣
💜 Auto React [user:8299996037]: 🤣
💜 Auto React [user:8299996037]: 🤣
💜 Auto React [user:8299996037]: 🤣
⏰ Last Name: ⌥ 𝟭𝟯:𝟬𝟯
💜 Auto React [user:8299996037]: 🤣
💜 Auto React [user:8299996037]: 🤣
💜 Auto React [user:8299996037]: 🤣
💜 Auto React [user:8299996037]: 🤣
💜 Auto React [user:8299996037]: 🤣
💜 Auto React [user:8299996037]: 🤣
⚠️ خطای ریکت [user:8299996037]: Request was unsuccessful 6 time(s)
💜 Auto React [user:8299996037]: 🤣
💜 Auto React [user:8299996037]: 🤣
💜 Auto React [user:8299996037]: 🤣
💜 Auto React [user:8299996037]: 🤣
💜 Auto React [user:8299996037]: 🤣
💜 Auto React [user:8299996037]: 🤣
💜 Auto React [user:8299996037]: 🤣
💜 Auto React [user:8299996037]: 🤣
💜 Auto React [user:8299996037]: 🤣
💜 Auto React [user:8299996037]: 🤣
⏰ Last Name: ⌥ 𝟭𝟯:𝟬𝟰
💜 Auto React [user:8299996037]: 🤣
💜 Auto React [user:8299996037]: 🤣
💜 Auto React [user:8299996037]: 🤣
💜 Auto React [user:8299996037]: 🤣
💜 Auto React [user:8299996037]: 🤣
💜 Auto React [user:8299996037]: 🤣
💜 Auto React [user:8299996037]: 🤣
💜 Auto React [user:8299996037]: 🤣
💜 Auto React [user:8299996037]: 🤣
💜 Auto React [user:8299996037]: 🤣
⏰ Last Name: ⌥ 𝟭𝟯:𝟬𝟱
💜 Auto React [user:8299996037]: 🤣
💜 Auto React [user:8299996037]: 🤣
💜 Auto React [user:8299996037]: 🤣
💜 Auto React [user:8299996037]: 🤣
💜 Auto React [user:8299996037]: 🤣
💜 Auto React [user:8299996037]: 🤣
⏰ Last Name: ⌥ 𝟭𝟯:𝟬𝟲
💜 Auto React [user:8299996037]: 🤣
💜 Auto React [user:8299996037]: 🤣
💜 Auto React [user:8299996037]: 🤣
⏳ Flood wait: 86s → تاخیر جدید: 2.0s
⏳ Flood wait: 85s → تاخیر جدید: 4.0s
⏳ ریکت: صبر 82.2s (Flood)
⏰ Last Name: ⌥ 𝟭𝟯:𝟬𝟳
💜 Auto React [user:8299996037]: 🤣
💜 Auto React [user:8299996037]: 🤣
💜 Auto React [user:8299996037]: 🤣
💜 Auto React [user:8299996037]: 🤣
💜 Auto React [user:8299996037]: 🤣
💜 Auto React [user:8299996037]: 🤣
💜 Auto React [user:8299996037]: 🤣
💜 Auto React [user:8299996037]: 🤣
💜 Auto React [user:8299996037]: 🤣
💜 Auto React [user:8299996037]: 🤣
💜 Auto React [user:8299996037]: 🤣
⏰ Last Name: ⌥ 𝟭𝟯:𝟬𝟴
💜 Auto React [user:8299996037]: 🤣
💜 Auto React [user:8299996037]: 🤣
💜 Auto React [user:8299996037]: 🤣
💜 Auto React [user:8299996037]: 🤣
💜 Auto React [user:8299996037]: 🤣
💜 Auto React [user:8299996037]: 🤣
💜 Auto React [user:8299996037]: 🤣
💜 Auto React [user:8299996037]: 🤣
💜 Auto React [user:8299996037]: 🤣
💜 Auto React [user:8299996037]: 🤣
💜 Auto React [user:8299996037]: 🤣
💜 Auto React [user:8299996037]: 🤣
💜 Auto React [user:8299996037]: 🤣
💜 Auto React [user:8299996037]: 🤣
⏰ Last Name: ⌥ 𝟭𝟯:𝟬𝟵
💜 Auto React [user:8299996037]: 🤣
💜 Auto React [user:8299996037]: 🤣
💜 Auto React [user:8299996037]: 🤣
💜 Auto React [user:8299996037]: 🤣
💜 Auto React [user:8299996037]: 🤣
💜 Auto React [user:8299996037]: 🤣
⏰ Last Name: ⌥ 𝟭𝟯:𝟭𝟬
⏰ Last Name: ⌥ 𝟭𝟯:𝟭𝟭
💜 Auto React [user:8299996037]: 🤣
💜 Auto React [user:8299996037]: 🤣
💜 Auto React [user:8299996037]: 🤣
💜 Auto React [user:8299996037]: 🤣
💜 Auto React [user:8299996037]: 🤣
💜 Auto React [user:8299996037]: 🤣
💜 Auto React [user:8299996037]: 🤣
💜 Auto React [user:8299996037]: 🤣
💜 Auto React [user:8299996037]: 🤣
⏰ Last Name: ⌥ 𝟭𝟯:𝟭𝟮
💜 Auto React [user:8299996037]: 🤣
💜 Auto React [user:8299996037]: 🤣
💜 Auto React [user:8299996037]: 🤣
💜 Auto React [user:8299996037]: 🤣
💜 Auto React [user:8299996037]: 🤣
💜 Auto React [user:8299996037]: 🤣
💜 Auto React [user:8299996037]: 🤣
💜 Auto React [user:8299996037]: 🤣
💜 Auto React [user:8299996037]: 🤣
💜 Auto React [user:8299996037]: 🤣
💜 Auto React [user:8299996037]: 🤣
💜 Auto React [user:8299996037]: 🤣
💜 Auto React [user:8299996037]: 🤣
💜 Auto React [user:8299996037]: 🤣
💜 Auto React [user:8299996037]: 🤣
💜 Auto React [user:8299996037]: 🤣
💜 Auto React [user:8299996037]: 🤣
💜 Auto React [user:8299996037]: 🤣
⏰ Last Name: ⌥ 𝟭𝟯:𝟭𝟯
💜 Auto React [user:8299996037]: 🤣
💜 Auto React [user:8299996037]: 🤣
⏰ Last Name: ⌥ 𝟭𝟯:𝟭𝟰
💜 Auto React [user:8299996037]: 🤣
💜 Auto React [user:8299996037]: 🤣
💜 Auto React [user:8299996037]: 🤣
💜 Auto React [user:8299996037]: 🤣
💜 Auto React [user:8299996037]: 🤣
💜 Auto React [user:8299996037]: 🤣
💜 Auto React [user:8299996037]: 🤣
💜 Auto React [user:8299996037]: 🤣
💜 Auto React [user:8299996037]: 🤣
⏰ Last Name: ⌥ 𝟭𝟯:𝟭𝟱
💜 Auto React [user:8299996037]: 🤣
💜 Auto React [user:8299996037]: 🤣
💜 Auto React [user:8299996037]: 🤣
⏰ Last Name: ⌥ 𝟭𝟯:𝟭𝟲
💜 Auto React [user:8299996037]: 🤣
💜 Auto React [user:8299996037]: 🤣
💜 Auto React [user:8299996037]: 🤣
💜 Auto React [user:8299996037]: 🤣
💜 Auto React [user:8299996037]: 🤣
💜 Auto React [user:8299996037]: 🤣
💜 Auto React [user:8299996037]: 🤣
💜 Auto React [user:8299996037]: 🤣
⏰ Last Name: ⌥ 𝟭𝟯:𝟭𝟳
💜 Auto React [user:8299996037]: 🤣
💜 Auto React [user:8299996037]: 🤣
💜 Auto React [user:8299996037]: 🤣
💜 Auto React [user:8299996037]: 🤣
💜 Auto React [user:8299996037]: 🤣
💜 Auto React [user:8299996037]: 🤣
💜 Auto React [user:8299996037]: 🤣
💜 Auto React [user:8299996037]: 🤣
💜 Auto React [user:8299996037]: 🤣
💜 Auto React [user:8299996037]: 🤣
⏰ Last Name: ⌥ 𝟭𝟯:𝟭𝟴
💜 Auto React [user:8299996037]: 🤣
💜 Auto React [user:8299996037]: 🤣
💜 Auto React [user:8299996037]: 🤣
💜 Auto React [user:8299996037]: 🤣
💜 Auto React [user:8299996037]: 🤣
💜 Auto React [user:8299996037]: 🤣
💜 Auto React [user:8299996037]: 🤣
💜 Auto React [user:8299996037]: 🤣
💜 Auto React [user:8299996037]: 🤣
💜 Auto React [user:8299996037]: 🤣
⏰ Last Name: ⌥ 𝟭𝟯:𝟭𝟵
⏳ Flood wait: 2313s → تاخیر جدید: 2.0s
⏳ Flood wait: 2312s → تاخیر جدید: 4.0s
⏳ ریکت: صبر 2313.0s (Flood)
⏰ Last Name: ⌥ 𝟭𝟯:𝟮𝟬
⏰ Last Name: ⌥ 𝟭𝟯:𝟮𝟭
⏰ Last Name: ⌥ 𝟭𝟯:𝟮𝟮
⏰ Last Name: ⌥ 𝟭𝟯:𝟮𝟯
⏰ Last Name: ⌥ 𝟭𝟯:𝟮𝟰
⏰ Last Name: ⌥ 𝟭𝟯:𝟮𝟱
⏰ Last Name: ⌥ 𝟭𝟯:𝟮𝟲
⏰ Last Name: ⌥ 𝟭𝟯:𝟮𝟳
⏰ Last Name: ⌥ 𝟭𝟯:𝟮𝟴
⏰ Last Name: ⌥ 𝟭𝟯:𝟮𝟵
⏰ Last Name: ⌥ 𝟭𝟯:𝟯𝟬
⏰ Last Name: ⌥ 𝟭𝟯:𝟯𝟭
⏰ Last Name: ⌥ 𝟭𝟯:𝟯𝟮
⏰ Last Name: ⌥ 𝟭𝟯:𝟯𝟯
⏰ Last Name: ⌥ 𝟭𝟯:𝟯𝟰
⏰ Last Name: ⌥ 𝟭𝟯:𝟯𝟱
⏰ Last Name: ⌥ 𝟭𝟯:𝟯𝟲
⏰ Last Name: ⌥ 𝟭𝟯:𝟯𝟳
⏰ Last Name: ⌥ 𝟭𝟯:𝟯𝟴
⏰ Last Name: ⌥ 𝟭𝟯:𝟯𝟵
⏰ Last Name: ⌥ 𝟭𝟯:𝟰𝟬
⏰ Last Name: ⌥ 𝟭𝟯:𝟰𝟭
⏰ Last Name: ⌥ 𝟭𝟯:𝟰𝟮
⏰ Last Name: ⌥ 𝟭𝟯:𝟰𝟯
⏰ Last Name: ⌥ 𝟭𝟯:𝟰𝟰
⏰ Last Name: ⌥ 𝟭𝟯:𝟰𝟱
⏰ Last Name: ⌥ 𝟭𝟯:𝟰𝟲
⏰ Last Name: ⌥ 𝟭𝟯:𝟰𝟳
⏰ Last Name: ⌥ 𝟭𝟯:𝟰𝟴
⏰ Last Name: ⌥ 𝟭𝟯:𝟰𝟵
⏰ Last Name: ⌥ 𝟭𝟯:𝟱𝟬
⏰ Last Name: ⌥ 𝟭𝟯:𝟱𝟭
⏰ Last Name: ⌥ 𝟭𝟯:𝟱𝟮
⏰ Last Name: ⌥ 𝟭𝟯:𝟱𝟯
⏰ Last Name: ⌥ 𝟭𝟯:𝟱𝟰
⏰ Last Name: ⌥ 𝟭𝟯:𝟱𝟱
⏰ Last Name: ⌥ 𝟭𝟯:𝟱𝟲
⏰ Last Name: ⌥ 𝟭𝟯:𝟱𝟳
💜 Auto React [user:8299996037]: 🤣
💜 Auto React [user:8299996037]: 🤣
💜 Auto React [user:8299996037]: 🤣
💜 Auto React [user:8299996037]: 🤣
💜 Auto React [user:8299996037]: 🤣
💜 Auto React [user:8299996037]: 🤣
💜 Auto React [user:8299996037]: 🤣
💜 Auto React [user:8299996037]: 🤣
💜 Auto React [user:8299996037]: 🤣
💜 Auto React [user:8299996037]: 🤣
💜 Auto React [user:8299996037]: 🤣
⏰ Last Name: ⌥ 𝟭𝟯:𝟱𝟴
💜 Auto React [user:8299996037]: 🤣
💜 Auto React [user:8299996037]: 🤣
💜 Auto React [user:8299996037]: 🤣
💜 Auto React [user:8299996037]: 🤣
💜 Auto React [user:8299996037]: 🤣
💜 Auto React [user:8299996037]: 🤣
💜 Auto React [user:8299996037]: 🤣
💜 Auto React [user:8299996037]: 🤣
💜 Auto React [user:8299996037]: 🤣
💜 Auto React [user:8299996037]: 🤣
💜 Auto React [user:8299996037]: 🤣
💜 Auto React [user:8299996037]: 🤣
💜 Auto React [user:8299996037]: 🤣
💜 Auto React [user:8299996037]: 🤣
⚠️ خطای ریکت [user:8299996037]: Request was unsuccessful 6 time(s)
💜 Auto React [user:8299996037]: 🤣
💜 Auto React [user:8299996037]: 🤣
💜 Auto React [user:8299996037]: 🤣
💜 Auto React [user:8299996037]: 🤣
⚠️ خطای ریکت [user:8299996037]: Request was unsuccessful 6 time(s)
⚠️ خطای ریکت [user:8299996037]: Request was unsuccessful 6 time(s)
💜 Auto React [user:8299996037]: 🤣
💜 Auto React [user:8299996037]: 🤣
💜 Auto React [user:8299996037]: 🤣
⚠️ خطای ریکت [user:8299996037]: Request was unsuccessful 6 time(s)
⚠️ خطای ریکت [user:8299996037]: Request was unsuccessful 6 time(s)
💜 Auto React [user:8299996037]: 🤣
💜 Auto React [user:8299996037]: 🤣
⚠️ خطای ریکت [user:8299996037]: Request was unsuccessful 6 time(s)
💜 Auto React [user:8299996037]: 🤣
⚠️ خطای ریکت [user:8299996037]: Request was unsuccessful 6 time(s)
⚠️ خطای ریکت [user:8299996037]: Request was unsuccessful 6 time(s)
💜 Auto React [user:8299996037]: 🤣
⚠️ خطای ریکت [user:8299996037]: Request was unsuccessful 6 time(s)
⚠️ خطای ریکت [user:8299996037]: Request was unsuccessful 6 time(s)
💜 Auto React [user:8299996037]: 🤣
⚠️ خطای ریکت [user:8299996037]: Request was unsuccessful 6 time(s)
💜 Auto React [user:8299996037]: 🤣
💜 Auto React [user:8299996037]: 🤣
💜 Auto React [user:8299996037]: 🤣
💜 Auto React [user:8299996037]: 🤣
⚠️ خطای ریکت [user:8299996037]: Request was unsuccessful 6 time(s)
⚠️ خطای ریکت [user:8299996037]: Request was unsuccessful 6 time(s)
💜 Auto React [user:8299996037]: 🤣
💜 Auto React [user:8299996037]: 🤣
💜 Auto React [user:8299996037]: 🤣
⚠️ خطای ریکت [user:8299996037]: Request was unsuccessful 6 time(s)
⚠️ خطای ریکت [user:8299996037]: Request was unsuccessful 6 time(s)
⚠️ خطای ریکت [user:8299996037]: Request was unsuccessful 6 time(s)
⏰ Last Name: ⌥ 𝟭𝟯:𝟱𝟵
💜 Auto React [user:8299996037]: 🤣
⚠️ خطای ریکت [user:8299996037]: Request was unsuccessful 6 time(s)
💜 Auto React [user:8299996037]: 🤣
⚠️ خطای ریکت [user:8299996037]: Request was unsuccessful 6 time(s)
💜 Auto React [user:8299996037]: 🤣
⏳ Flood wait: 211s → تاخیر جدید: 2.0s
⚠️ خطای ریکت [user:8299996037]: Request was unsuccessful 6 time(s)
⚠️ خطای ریکت [user:8299996037]: Request was unsuccessful 6 time(s)
⏳ Flood wait: 211s → تاخیر جدید: 4.0s
⏳ Flood wait: 211s → تاخیر جدید: 8.0s
⚠️ خطاهای متوالی → تاخیر جدید: 12.0s
⚠️ خطای ریکت [user:8299996037]: Request was unsuccessful 6 time(s)
💜 Auto React [user:8299996037]: 🤣
⏳ Flood wait: 211s → تاخیر جدید: 15.0s
💜 Auto React [user:8299996037]: 🤣
⏳ Flood wait: 211s → تاخیر جدید: 15.0s
💜 Auto React [user:8299996037]: 🤣
⏳ Flood wait: 211s → تاخیر جدید: 15.0s
⏳ Flood wait: 211s → تاخیر جدید: 15.0s
⏳ Flood wait: 211s → تاخیر جدید: 15.0s
⏳ Flood wait: 210s → تاخیر جدید: 15.0s
⏳ Flood wait: 209s → تاخیر جدید: 15.0s
⏳ ریکت: صبر 182.0s (Flood)
⏰ Last Name: ⌥ 𝟭𝟰:𝟬𝟬
⏰ Last Name: ⌥ 𝟭𝟰:𝟬𝟭
⏰ Last Name: ⌥ 𝟭𝟰:𝟬𝟮
💜 Auto React [user:8299996037]: 🤣
💜 Auto React [user:8299996037]: 🤣
⏰ Last Name: ⌥ 𝟭𝟰:𝟬𝟯
💜 Auto React [user:8299996037]: 🤣
💜 Auto React [user:8299996037]: 🤣
💜 Auto React [user:8299996037]: 🤣
💜 Auto React [user:8299996037]: 🤣
💜 Auto React [user:8299996037]: 🤣
💜 Auto React [user:8299996037]: 🤣
💜 Auto React [user:8299996037]: 🤣
💜 Auto React [user:8299996037]: 🤣
💜 Auto React [user:8299996037]: 🤣
💜 Auto React [user:8299996037]: 🤣
💜 Auto React [user:8299996037]: 🤣
💜 Auto React [user:8299996037]: 🤣
💜 Auto React [user:8299996037]: 🤣
💜 Auto React [user:8299996037]: 🤣
💜 Auto React [user:8299996037]: 🤣
💜 Auto React [user:8299996037]: 🤣
💜 Auto React [user:8299996037]: 🤣
💜 Auto React [user:8299996037]: 🤣
💜 Auto React [user:8299996037]: 🤣
⏰ Last Name: ⌥ 𝟭𝟰:𝟬𝟰
💜 Auto React [user:8299996037]: 🤣
💜 Auto React [user:8299996037]: 🤣
💜 Auto React [user:8299996037]: 🤣
💜 Auto React [user:8299996037]: 🤣
💜 Auto React [user:8299996037]: 🤣
💜 Auto React [user:8299996037]: 🤣
💜 Auto React [user:8299996037]: 🤣
💜 Auto React [user:8299996037]: 🤣
💜 Auto React [user:8299996037]: 🤣
💜 Auto React [user:8299996037]: 🤣
💜 Auto React [user:8299996037]: 🤣
💜 Auto React [user:8299996037]: 🤣
💜 Auto React [user:8299996037]: 🤣
💜 Auto React [user:8299996037]: 🤣
⏰ Last Name: ⌥ 𝟭𝟰:𝟬𝟱
💜 Auto React [user:8299996037]: 🤣
💜 Auto React [user:8299996037]: 🤣
💜 Auto React [user:8299996037]: 🤣
💜 Auto React [user:8299996037]: 🤣
💜 Auto React [user:8299996037]: 🤣
💜 Auto React [user:8299996037]: 🤣
💜 Auto React [user:8299996037]: 🤣
💜 Auto React [user:8299996037]: 🤣
⏰ Last Name: ⌥ 𝟭𝟰:𝟬𝟲
💜 Auto React [user:8299996037]: 🤣
💜 Auto React [user:8299996037]: 🤣
💜 Auto React [user:8299996037]: 🤣
💜 Auto React [user:8299996037]: 🤣
💜 Auto React [user:8299996037]: 🤣
💜 Auto React [user:8299996037]: 🤣
💜 Auto React [user:8299996037]: 🤣
⏰ Last Name: ⌥ 𝟭𝟰:𝟬𝟳
💜 Auto React [user:8299996037]: 🤣
💜 Auto React [user:8299996037]: 🤣
💜 Auto React [user:8299996037]: 🤣
💜 Auto React [user:8299996037]: 🤣
💜 Auto React [user:8299996037]: 🤣
💜 Auto React [user:8299996037]: 🤣
💜 Auto React [user:8299996037]: 🤣
💜 Auto React [user:8299996037]: 🤣
💜 Auto React [user:8299996037]: 🤣
💜 Auto React [user:8299996037]: 🤣
💜 Auto React [user:8299996037]: 🤣
💜 Auto React [user:8299996037]: 🤣
⏰ Last Name: ⌥ 𝟭𝟰:𝟬𝟴
💜 Auto React [user:8299996037]: 🤣
💜 Auto React [user:8299996037]: 🤣
💜 Auto React [user:8299996037]: 🤣
💜 Auto React [user:8299996037]: 🤣
💜 Auto React [user:8299996037]: 🤣
💜 Auto React [user:8299996037]: 🤣
💜 Auto React [user:8299996037]: 🤣
💜 Auto React [user:8299996037]: 🤣
⚠️ خطای ریکت [user:8299996037]: Request was unsuccessful 6 time(s)
💜 Auto React [user:8299996037]: 🤣
💜 Auto React [user:8299996037]: 🤣
💜 Auto React [user:8299996037]: 🤣
💜 Auto React [user:8299996037]: 🤣
💜 Auto React [user:8299996037]: 🤣
💜 Auto React [user:8299996037]: 🤣
💜 Auto React [user:8299996037]: 🤣
💜 Auto React [user:8299996037]: 🤣
💜 Auto React [user:8299996037]: 🤣
💜 Auto React [user:8299996037]: 🤣
💜 Auto React [user:8299996037]: 🤣
💜 Auto React [user:8299996037]: 🤣
💜 Auto React [user:8299996037]: 🤣
💜 Auto React [user:8299996037]: 🤣
💜 Auto React [user:8299996037]: 🤣
💜 Auto React [user:8299996037]: 🤣
💜 Auto React [user:8299996037]: 🤣
💜 Auto React [user:8299996037]: 🤣
💜 Auto React [user:8299996037]: 🤣
⏰ Last Name: ⌥ 𝟭𝟰:𝟬𝟵
💜 Auto React [user:8299996037]: 🤣
💜 Auto React [user:8299996037]: 🤣
💜 Auto React [user:8299996037]: 🤣
💜 Auto React [user:8299996037]: 🤣
💜 Auto React [user:8299996037]: 🤣
💜 Auto React [user:8299996037]: 🤣
💜 Auto React [user:8299996037]: 🤣
💜 Auto React [user:8299996037]: 🤣
💜 Auto React [user:8299996037]: 🤣
💜 Auto React [user:8299996037]: 🤣
💜 Auto React [user:8299996037]: 🤣
⏳ Flood wait: 162s → تاخیر جدید: 2.0s
⏳ ریکت: صبر 160.2s (Flood)
⏰ Last Name: ⌥ 𝟭𝟰:𝟭𝟬
⏰ Last Name: ⌥ 𝟭𝟰:𝟭𝟭
⏰ Last Name: ⌥ 𝟭𝟰:𝟭𝟮
💜 Auto React [user:8299996037]: 🤣
💜 Auto React [user:8299996037]: 🤣
💜 Auto React [user:8299996037]: 🤣
💜 Auto React [user:8299996037]: 🤣
💜 Auto React [user:8299996037]: 🤣
💜 Auto React [user:8299996037]: 🤣
💜 Auto React [user:8299996037]: 🤣
💜 Auto React [user:8299996037]: 🤣
💜 Auto React [user:8299996037]: 🤣
💜 Auto React [user:8299996037]: 🤣
💜 Auto React [user:8299996037]: 🤣
💜 Auto React [user:8299996037]: 🤣
⏰ Last Name: ⌥ 𝟭𝟰:𝟭𝟯
💜 Auto React [user:8299996037]: 🤣
💜 Auto React [user:8299996037]: 🤣
💜 Auto React [user:8299996037]: 🤣
💜 Auto React [user:8299996037]: 🤣
💜 Auto React [user:8299996037]: 🤣
💜 Auto React [user:8299996037]: 🤣
💜 Auto React [user:8299996037]: 🤣
💜 Auto React [user:8299996037]: 🤣
⏰ Last Name: ⌥ 𝟭𝟰:𝟭𝟰
💜 Auto React [user:8299996037]: 🤣
💜 Auto React [user:8299996037]: 🤣
💜 Auto React [user:8299996037]: 🤣
💜 Auto React [user:8299996037]: 🤣
⏰ Last Name: ⌥ 𝟭𝟰:𝟭𝟱
💜 Auto React [user:8299996037]: 🤣
💜 Auto React [user:8299996037]: 🤣
💜 Auto React [user:8299996037]: 🤣
💜 Auto React [user:8299996037]: 🤣
💜 Auto React [user:8299996037]: 🤣
💜 Auto React [user:8299996037]: 🤣
💜 Auto React [user:8299996037]: 🤣
💜 Auto React [user:8299996037]: 🤣
💜 Auto React [user:8299996037]: 🤣
⏰ Last Name: ⌥ 𝟭𝟰:𝟭𝟲
💜 Auto React [user:8299996037]: 🤣
💜 Auto React [user:8299996037]: 🤣
💜 Auto React [user:8299996037]: 🤣
⏰ Last Name: ⌥ 𝟭𝟰:𝟭𝟳
💜 Auto React [user:8299996037]: 🤣
💜 Auto React [user:8299996037]: 🤣