🔌 بدون پروکسی
✅ یوزر کلاینت متصل شد
✅ ربات متصل شد
👤 Owner: 𝙼𝚘𝚛𝚝𝚎𝚣𝚊 (8007222105)
🤖 Bot: @musictak_bot
⚡ اکشن شروع شد: -1002629648248 → بازی
⚡ 1 اکشن از تنظیمات قبلی شروع شد
⏰ ساعت از تنظیمات قبلی روشن شد

==================================================
🚀 سلف‌بات آماده به کار است!
📝 برای پنل: 'پنل' بنویسید
📖 برای راهنما: 'راهنما' بنویسید
🤖 Bot: @musictak_bot
==================================================

🕐 ساعت روشن شد
⏰ Last Name: ⌥ 𝟮𝟯:𝟯𝟰
⏰ Last Name: ⌥ 𝟮𝟯:𝟯𝟱
⏰ Last Name: ⌥ 𝟮𝟯:𝟯𝟲
⏰ Last Name: ⌥ 𝟮𝟯:𝟯𝟳
⏰ Last Name: ⌥ 𝟮𝟯:𝟯𝟴
⏰ Last Name: ⌥ 𝟮𝟯:𝟯𝟵
⏰ Last Name: ⌥ 𝟮𝟯:𝟰𝟬
⏰ Last Name: ⌥ 𝟮𝟯:𝟰𝟭
⏰ Last Name: ⌥ 𝟮𝟯:𝟰𝟮
⏰ Last Name: ⌥ 𝟮𝟯:𝟰𝟯
⏰ Last Name: ⌥ 𝟮𝟯:𝟰𝟰
⏰ Last Name: ⌥ 𝟮𝟯:𝟰𝟱
⏰ Last Name: ⌥ 𝟮𝟯:𝟰𝟲
⏰ Last Name: ⌥ 𝟮𝟯:𝟰𝟳
💜 Auto React [user:8944291576]: 🍌
⏰ Last Name: ⌥ 𝟮𝟯:𝟰𝟴
⏰ Last Name: ⌥ 𝟮𝟯:𝟰𝟵
⏰ Last Name: ⌥ 𝟮𝟯:𝟱𝟬
⏰ Last Name: ⌥ 𝟮𝟯:𝟱𝟭
⏰ Last Name: ⌥ 𝟮𝟯:𝟱𝟮
⏰ Last Name: ⌥ 𝟮𝟯:𝟱𝟯
⏰ Last Name: ⌥ 𝟮𝟯:𝟱𝟰
⏰ Last Name: ⌥ 𝟮𝟯:𝟱𝟱
⏰ Last Name: ⌥ 𝟮𝟯:𝟱𝟲
⏰ Last Name: ⌥ 𝟮𝟯:𝟱𝟳
⏰ Last Name: ⌥ 𝟮𝟯:𝟱𝟴
⏰ Last Name: ⌥ 𝟮𝟯:𝟱𝟵
⏰ Last Name: ⌥ 𝟬𝟬:𝟬𝟬
⏰ Last Name: ⌥ 𝟬𝟬:𝟬𝟭
⏰ Last Name: ⌥ 𝟬𝟬:𝟬𝟮
⏰ Last Name: ⌥ 𝟬𝟬:𝟬𝟯
⏰ Last Name: ⌥ 𝟬𝟬:𝟬𝟰
⏰ Last Name: ⌥ 𝟬𝟬:𝟬𝟱
💜 Auto React [user:8944291576]: 🍌
💜 Auto React [user:8944291576]: 🍌
⏰ Last Name: ⌥ 𝟬𝟬:𝟬𝟲
⏰ Last Name: ⌥ 𝟬𝟬:𝟬𝟳
⏰ Last Name: ⌥ 𝟬𝟬:𝟬𝟴
⏰ Last Name: ⌥ 𝟬𝟬:𝟬𝟵
⏰ Last Name: ⌥ 𝟬𝟬:𝟭𝟬
⏰ Last Name: ⌥ 𝟬𝟬:𝟭𝟭
⏰ Last Name: ⌥ 𝟬𝟬:𝟭𝟮
⏰ Last Name: ⌥ 𝟬𝟬:𝟭𝟯
⏰ Last Name: ⌥ 𝟬𝟬:𝟭𝟰
⏰ Last Name: ⌥ 𝟬𝟬:𝟭𝟱
⏰ Last Name: ⌥ 𝟬𝟬:𝟭𝟲
⏰ Last Name: ⌥ 𝟬𝟬:𝟭𝟳
⏰ Last Name: ⌥ 𝟬𝟬:𝟭𝟴
⏰ Last Name: ⌥ 𝟬𝟬:𝟭𝟵
⏰ Last Name: ⌥ 𝟬𝟬:𝟮𝟬
⏰ Last Name: ⌥ 𝟬𝟬:𝟮𝟭
⏰ Last Name: ⌥ 𝟬𝟬:𝟮𝟮
⏰ Last Name: ⌥ 𝟬𝟬:𝟮𝟯
⏰ Last Name: ⌥ 𝟬𝟬:𝟮𝟰
⏰ Last Name: ⌥ 𝟬𝟬:𝟮𝟱
⏰ Last Name: ⌥ 𝟬𝟬:𝟮𝟲
⏰ Last Name: ⌥ 𝟬𝟬:𝟮𝟳
⏰ Last Name: ⌥ 𝟬𝟬:𝟮𝟴
⏰ Last Name: ⌥ 𝟬𝟬:𝟮𝟵
⏰ Last Name: ⌥ 𝟬𝟬:𝟯𝟬
⏰ Last Name: ⌥ 𝟬𝟬:𝟯𝟭
⏰ Last Name: ⌥ 𝟬𝟬:𝟯𝟮
⏰ Last Name: ⌥ 𝟬𝟬:𝟯𝟯
⏰ Last Name: ⌥ 𝟬𝟬:𝟯𝟰
⏰ Last Name: ⌥ 𝟬𝟬:𝟯𝟱
⏰ Last Name: ⌥ 𝟬𝟬:𝟯𝟲
⏰ Last Name: ⌥ 𝟬𝟬:𝟯𝟳
⏰ Last Name: ⌥ 𝟬𝟬:𝟯𝟴
⏰ Last Name: ⌥ 𝟬𝟬:𝟯𝟵
⏰ Last Name: ⌥ 𝟬𝟬:𝟰𝟬
⏰ Last Name: ⌥ 𝟬𝟬:𝟰𝟭
⏰ Last Name: ⌥ 𝟬𝟬:𝟰𝟮
⏰ Last Name: ⌥ 𝟬𝟬:𝟰𝟯
⏰ Last Name: ⌥ 𝟬𝟬:𝟰𝟰
⏰ Last Name: ⌥ 𝟬𝟬:𝟰𝟱
⏰ Last Name: ⌥ 𝟬𝟬:𝟰𝟲
⏰ Last Name: ⌥ 𝟬𝟬:𝟰𝟳
⏰ Last Name: ⌥ 𝟬𝟬:𝟰𝟴
⏰ Last Name: ⌥ 𝟬𝟬:𝟰𝟵
⏰ Last Name: ⌥ 𝟬𝟬:𝟱𝟬
⏰ Last Name: ⌥ 𝟬𝟬:𝟱𝟭
⏰ Last Name: ⌥ 𝟬𝟬:𝟱𝟮
⏰ Last Name: ⌥ 𝟬𝟬:𝟱𝟯
⏰ Last Name: ⌥ 𝟬𝟬:𝟱𝟰
⏰ Last Name: ⌥ 𝟬𝟬:𝟱𝟱
⏰ Last Name: ⌥ 𝟬𝟬:𝟱𝟲
⏰ Last Name: ⌥ 𝟬𝟬:𝟱𝟳
⏰ Last Name: ⌥ 𝟬𝟬:𝟱𝟴
⏰ Last Name: ⌥ 𝟬𝟬:𝟱𝟵
⏰ Last Name: ⌥ 𝟬𝟭:𝟬𝟬
⏰ Last Name: ⌥ 𝟬𝟭:𝟬𝟭
⏰ Last Name: ⌥ 𝟬𝟭:𝟬𝟮
⏰ Last Name: ⌥ 𝟬𝟭:𝟬𝟯
⏰ Last Name: ⌥ 𝟬𝟭:𝟬𝟰
⏰ Last Name: ⌥ 𝟬𝟭:𝟬𝟱
⏰ Last Name: ⌥ 𝟬𝟭:𝟬𝟲
⏰ Last Name: ⌥ 𝟬𝟭:𝟬𝟳
⏰ Last Name: ⌥ 𝟬𝟭:𝟬𝟴
⏰ Last Name: ⌥ 𝟬𝟭:𝟬𝟵
⏰ Last Name: ⌥ 𝟬𝟭:𝟭𝟬
⏰ Last Name: ⌥ 𝟬𝟭:𝟭𝟭
⏰ Last Name: ⌥ 𝟬𝟭:𝟭𝟮
⏰ Last Name: ⌥ 𝟬𝟭:𝟭𝟯
⏰ Last Name: ⌥ 𝟬𝟭:𝟭𝟰
⏰ Last Name: ⌥ 𝟬𝟭:𝟭𝟱
⏰ Last Name: ⌥ 𝟬𝟭:𝟭𝟲
⏰ Last Name: ⌥ 𝟬𝟭:𝟭𝟳
⏰ Last Name: ⌥ 𝟬𝟭:𝟭𝟴
⏰ Last Name: ⌥ 𝟬𝟭:𝟭𝟵
⏰ Last Name: ⌥ 𝟬𝟭:𝟮𝟬
⏰ Last Name: ⌥ 𝟬𝟭:𝟮𝟭
⏰ Last Name: ⌥ 𝟬𝟭:𝟮𝟮
⏰ Last Name: ⌥ 𝟬𝟭:𝟮𝟯
⏰ Last Name: ⌥ 𝟬𝟭:𝟮𝟰
⏰ Last Name: ⌥ 𝟬𝟭:𝟮𝟱
⏰ Last Name: ⌥ 𝟬𝟭:𝟮𝟲
💜 Auto React [user:6990187779]: ❤️
⏰ Last Name: ⌥ 𝟬𝟭:𝟮𝟳
💜 Auto React [user:6990187779]: ❤️
💜 Auto React [user:8944291576]: 🍌
💜 Auto React [user:8944291576]: 🍌
⏰ Last Name: ⌥ 𝟬𝟭:𝟮𝟴
⏰ Last Name: ⌥ 𝟬𝟭:𝟮𝟵
⏰ Last Name: ⌥ 𝟬𝟭:𝟯𝟬
💜 Auto React [user:8944291576]: 🍌
⏰ Last Name: ⌥ 𝟬𝟭:𝟯𝟭
💜 Auto React [user:8944291576]: 🍌
💜 Auto React [user:8944291576]: 🍌
⏰ Last Name: ⌥ 𝟬𝟭:𝟯𝟮
💜 Auto React [user:8944291576]: 🍌
💜 Auto React [user:8944291576]: 🍌
⏰ Last Name: ⌥ 𝟬𝟭:𝟯𝟯
⏰ Last Name: ⌥ 𝟬𝟭:𝟯𝟰
💜 Auto React [user:8944291576]: 🍌
⏰ Last Name: ⌥ 𝟬𝟭:𝟯𝟱
💜 Auto React [user:6990187779]: ❤️
💜 Auto React [user:6990187779]: ❤️
⏰ Last Name: ⌥ 𝟬𝟭:𝟯𝟲
⏰ Last Name: ⌥ 𝟬𝟭:𝟯𝟳
💜 Auto React [user:8944291576]: 🍌
💜 Auto React [user:8944291576]: 🍌
💜 Auto React [user:8944291576]: 🍌
💜 Auto React [user:6990187779]: ❤️
💜 Auto React [user:8944291576]: 🍌
⏰ Last Name: ⌥ 𝟬𝟭:𝟯𝟴
💜 Auto React [user:8944291576]: 🍌
💜 Auto React [user:8944291576]: 🍌
💜 Auto React [user:6990187779]: ❤️
💜 Auto React [user:6990187779]: ❤️
💜 Auto React [user:8944291576]: 🍌
💜 Auto React [user:8944291576]: 🍌
⏰ Last Name: ⌥ 𝟬𝟭:𝟯𝟵
⏰ Last Name: ⌥ 𝟬𝟭:𝟰𝟬
💜 Auto React [user:8944291576]: 🍌
💜 Auto React [user:6990187779]: ❤️
⏰ Last Name: ⌥ 𝟬𝟭:𝟰𝟭
💜 Auto React [user:6990187779]: ❤️
⏰ Last Name: ⌥ 𝟬𝟭:𝟰𝟮
⏰ Last Name: ⌥ 𝟬𝟭:𝟰𝟯
⏰ Last Name: ⌥ 𝟬𝟭:𝟰𝟰
⏰ Last Name: ⌥ 𝟬𝟭:𝟰𝟱
⏰ Last Name: ⌥ 𝟬𝟭:𝟰𝟲
⏰ Last Name: ⌥ 𝟬𝟭:𝟰𝟳
💜 Auto React [user:8944291576]: 🍌
⏰ Last Name: ⌥ 𝟬𝟭:𝟰𝟴
💜 Auto React [user:8944291576]: 🍌
⏰ Last Name: ⌥ 𝟬𝟭:𝟰𝟵
⏰ Last Name: ⌥ 𝟬𝟭:𝟱𝟬
⏰ Last Name: ⌥ 𝟬𝟭:𝟱𝟭
💜 Auto React [user:8944291576]: 🍌
⏰ Last Name: ⌥ 𝟬𝟭:𝟱𝟮
⏰ Last Name: ⌥ 𝟬𝟭:𝟱𝟯
💜 Auto React [user:8944291576]: 🍌
⏰ Last Name: ⌥ 𝟬𝟭:𝟱𝟰
⏰ Last Name: ⌥ 𝟬𝟭:𝟱𝟱
⏰ Last Name: ⌥ 𝟬𝟭:𝟱𝟲
⏰ Last Name: ⌥ 𝟬𝟭:𝟱𝟳
⏰ Last Name: ⌥ 𝟬𝟭:𝟱𝟴
⏰ Last Name: ⌥ 𝟬𝟭:𝟱𝟵
⏰ Last Name: ⌥ 𝟬𝟮:𝟬𝟬
⏰ Last Name: ⌥ 𝟬𝟮:𝟬𝟭
⏰ Last Name: ⌥ 𝟬𝟮:𝟬𝟮
⏰ Last Name: ⌥ 𝟬𝟮:𝟬𝟯
⏰ Last Name: ⌥ 𝟬𝟮:𝟬𝟰
⏰ Last Name: ⌥ 𝟬𝟮:𝟬𝟱
⏰ Last Name: ⌥ 𝟬𝟮:𝟬𝟲
⏰ Last Name: ⌥ 𝟬𝟮:𝟬𝟳
⏰ Last Name: ⌥ 𝟬𝟮:𝟬𝟴
⏰ Last Name: ⌥ 𝟬𝟮:𝟬𝟵
⏰ Last Name: ⌥ 𝟬𝟮:𝟭𝟬
⏰ Last Name: ⌥ 𝟬𝟮:𝟭𝟭
⏰ Last Name: ⌥ 𝟬𝟮:𝟭𝟮
💜 Auto React [user:6990187779]: ❤️
💜 Auto React [user:6990187779]: ❤️
💜 Auto React [user:6990187779]: ❤️
⏰ Last Name: ⌥ 𝟬𝟮:𝟭𝟯
⏰ Last Name: ⌥ 𝟬𝟮:𝟭𝟰
⏰ Last Name: ⌥ 𝟬𝟮:𝟭𝟱
⏰ Last Name: ⌥ 𝟬𝟮:𝟭𝟲
⏰ Last Name: ⌥ 𝟬𝟮:𝟭𝟳
⏰ Last Name: ⌥ 𝟬𝟮:𝟭𝟴
⏰ Last Name: ⌥ 𝟬𝟮:𝟭𝟵
⏰ Last Name: ⌥ 𝟬𝟮:𝟮𝟬
⏰ Last Name: ⌥ 𝟬𝟮:𝟮𝟭
⏰ Last Name: ⌥ 𝟬𝟮:𝟮𝟮
⏰ Last Name: ⌥ 𝟬𝟮:𝟮𝟯
⏰ Last Name: ⌥ 𝟬𝟮:𝟮𝟰
⏰ Last Name: ⌥ 𝟬𝟮:𝟮𝟱
⏰ Last Name: ⌥ 𝟬𝟮:𝟮𝟲
⏰ Last Name: ⌥ 𝟬𝟮:𝟮𝟳
⏰ Last Name: ⌥ 𝟬𝟮:𝟮𝟴
💜 Auto React [user:6958501715]: ❤️
⏰ Last Name: ⌥ 𝟬𝟮:𝟮𝟵
💜 Auto React [user:6958501715]: ❤️
⏰ Last Name: ⌥ 𝟬𝟮:𝟯𝟬
💜 Auto React [user:6958501715]: ❤️
💜 Auto React [user:6958501715]: ❤️
⏰ Last Name: ⌥ 𝟬𝟮:𝟯𝟭
💜 Auto React [user:6958501715]: ❤️
⏰ Last Name: ⌥ 𝟬𝟮:𝟯𝟮
💜 Auto React [user:6958501715]: ❤️
⏰ Last Name: ⌥ 𝟬𝟮:𝟯𝟯
⏰ Last Name: ⌥ 𝟬𝟮:𝟯𝟰
💜 Auto React [user:6958501715]: ❤️
⏰ Last Name: ⌥ 𝟬𝟮:𝟯𝟱
⏰ Last Name: ⌥ 𝟬𝟮:𝟯𝟲
⏰ Last Name: ⌥ 𝟬𝟮:𝟯𝟳
⏰ Last Name: ⌥ 𝟬𝟮:𝟯𝟴
💜 Auto React [user:6958501715]: ❤️
⏰ Last Name: ⌥ 𝟬𝟮:𝟯𝟵
⏰ Last Name: ⌥ 𝟬𝟮:𝟰𝟬
💜 Auto React [user:6958501715]: ❤️
⏰ Last Name: ⌥ 𝟬𝟮:𝟰𝟭
⏰ Last Name: ⌥ 𝟬𝟮:𝟰𝟮
⏰ Last Name: ⌥ 𝟬𝟮:𝟰𝟯
⏰ Last Name: ⌥ 𝟬𝟮:𝟰𝟰
⏰ Last Name: ⌥ 𝟬𝟮:𝟰𝟱
⏰ Last Name: ⌥ 𝟬𝟮:𝟰𝟲
⏰ Last Name: ⌥ 𝟬𝟮:𝟰𝟳
💜 Auto React [user:6958501715]: ❤️
⏰ Last Name: ⌥ 𝟬𝟮:𝟰𝟴
⏰ Last Name: ⌥ 𝟬𝟮:𝟰𝟵
⏰ Last Name: ⌥ 𝟬𝟮:𝟱𝟬
⏰ Last Name: ⌥ 𝟬𝟮:𝟱𝟭
⏰ Last Name: ⌥ 𝟬𝟮:𝟱𝟮
⏰ Last Name: ⌥ 𝟬𝟮:𝟱𝟯
⏰ Last Name: ⌥ 𝟬𝟮:𝟱𝟰
⏰ Last Name: ⌥ 𝟬𝟮:𝟱𝟱
⏰ Last Name: ⌥ 𝟬𝟮:𝟱𝟲
⏰ Last Name: ⌥ 𝟬𝟮:𝟱𝟳
⏰ Last Name: ⌥ 𝟬𝟮:𝟱𝟴
⏰ Last Name: ⌥ 𝟬𝟮:𝟱𝟵
💜 Auto React [user:8944291576]: 🍌
⏰ Last Name: ⌥ 𝟬𝟯:𝟬𝟬
⏰ Last Name: ⌥ 𝟬𝟯:𝟬𝟭
⏰ Last Name: ⌥ 𝟬𝟯:𝟬𝟮
⏰ Last Name: ⌥ 𝟬𝟯:𝟬𝟯
⏰ Last Name: ⌥ 𝟬𝟯:𝟬𝟰
⏰ Last Name: ⌥ 𝟬𝟯:𝟬𝟱
⏰ Last Name: ⌥ 𝟬𝟯:𝟬𝟲
⏰ Last Name: ⌥ 𝟬𝟯:𝟬𝟳
⏰ Last Name: ⌥ 𝟬𝟯:𝟬𝟴
⏰ Last Name: ⌥ 𝟬𝟯:𝟬𝟵
⏰ Last Name: ⌥ 𝟬𝟯:𝟭𝟬
⏰ Last Name: ⌥ 𝟬𝟯:𝟭𝟭
⏰ Last Name: ⌥ 𝟬𝟯:𝟭𝟮
⏰ Last Name: ⌥ 𝟬𝟯:𝟭𝟯
⏰ Last Name: ⌥ 𝟬𝟯:𝟭𝟰
⏰ Last Name: ⌥ 𝟬𝟯:𝟭𝟱
⏰ Last Name: ⌥ 𝟬𝟯:𝟭𝟲
⏰ Last Name: ⌥ 𝟬𝟯:𝟭𝟳
⏰ Last Name: ⌥ 𝟬𝟯:𝟭𝟴
⏰ Last Name: ⌥ 𝟬𝟯:𝟭𝟵
⏰ Last Name: ⌥ 𝟬𝟯:𝟮𝟬
⏰ Last Name: ⌥ 𝟬𝟯:𝟮𝟭
⏰ Last Name: ⌥ 𝟬𝟯:𝟮𝟮
💜 Auto React [user:6990187779]: ❤️
⏰ Last Name: ⌥ 𝟬𝟯:𝟮𝟯
⏰ Last Name: ⌥ 𝟬𝟯:𝟮𝟰
⏰ Last Name: ⌥ 𝟬𝟯:𝟮𝟱
⏰ Last Name: ⌥ 𝟬𝟯:𝟮𝟲
⏰ Last Name: ⌥ 𝟬𝟯:𝟮𝟳
⏰ Last Name: ⌥ 𝟬𝟯:𝟮𝟴
⏰ Last Name: ⌥ 𝟬𝟯:𝟮𝟵
⏰ Last Name: ⌥ 𝟬𝟯:𝟯𝟬
⏰ Last Name: ⌥ 𝟬𝟯:𝟯𝟭
⏰ Last Name: ⌥ 𝟬𝟯:𝟯𝟮
⏰ Last Name: ⌥ 𝟬𝟯:𝟯𝟯
⏰ Last Name: ⌥ 𝟬𝟯:𝟯𝟰
⏰ Last Name: ⌥ 𝟬𝟯:𝟯𝟱
⏰ Last Name: ⌥ 𝟬𝟯:𝟯𝟲
⏰ Last Name: ⌥ 𝟬𝟯:𝟯𝟳
💜 Auto React [user:8944291576]: 🍌
💜 Auto React [user:8944291576]: 🍌
⏰ Last Name: ⌥ 𝟬𝟯:𝟯𝟴
💜 Auto React [user:8944291576]: 🍌
⏰ Last Name: ⌥ 𝟬𝟯:𝟯𝟵
⏰ Last Name: ⌥ 𝟬𝟯:𝟰𝟬
⏰ Last Name: ⌥ 𝟬𝟯:𝟰𝟭
⏰ Last Name: ⌥ 𝟬𝟯:𝟰𝟮
💜 Auto React [user:6990187779]: ❤️
⏰ Last Name: ⌥ 𝟬𝟯:𝟰𝟯
💜 Auto React [user:6990187779]: ❤️
⏰ Last Name: ⌥ 𝟬𝟯:𝟰𝟰
⏰ Last Name: ⌥ 𝟬𝟯:𝟰𝟱
⏰ Last Name: ⌥ 𝟬𝟯:𝟰𝟲
⏰ Last Name: ⌥ 𝟬𝟯:𝟰𝟳
⏰ Last Name: ⌥ 𝟬𝟯:𝟰𝟴
⏰ Last Name: ⌥ 𝟬𝟯:𝟰𝟵
⏰ Last Name: ⌥ 𝟬𝟯:𝟱𝟬
⏰ Last Name: ⌥ 𝟬𝟯:𝟱𝟭
⏰ Last Name: ⌥ 𝟬𝟯:𝟱𝟮
⏰ Last Name: ⌥ 𝟬𝟯:𝟱𝟯
⏰ Last Name: ⌥ 𝟬𝟯:𝟱𝟰
⏰ Last Name: ⌥ 𝟬𝟯:𝟱𝟱
⏰ Last Name: ⌥ 𝟬𝟯:𝟱𝟲
💜 Auto React [user:8944291576]: 🍌
⏰ Last Name: ⌥ 𝟬𝟯:𝟱𝟳
⏰ Last Name: ⌥ 𝟬𝟯:𝟱𝟴
⏰ Last Name: ⌥ 𝟬𝟯:𝟱𝟵
⏰ Last Name: ⌥ 𝟬𝟰:𝟬𝟬
⏰ Last Name: ⌥ 𝟬𝟰:𝟬𝟭
⏰ Last Name: ⌥ 𝟬𝟰:𝟬𝟮
⏰ Last Name: ⌥ 𝟬𝟰:𝟬𝟯
⏰ Last Name: ⌥ 𝟬𝟰:𝟬𝟰
⏰ Last Name: ⌥ 𝟬𝟰:𝟬𝟱
💜 Auto React [user:6990187779]: ❤️
⏰ Last Name: ⌥ 𝟬𝟰:𝟬𝟲
💜 Auto React [user:6990187779]: ❤️
⏰ Last Name: ⌥ 𝟬𝟰:𝟬𝟳
⏰ Last Name: ⌥ 𝟬𝟰:𝟬𝟴
⏰ Last Name: ⌥ 𝟬𝟰:𝟬𝟵
⏰ Last Name: ⌥ 𝟬𝟰:𝟭𝟬
⏰ Last Name: ⌥ 𝟬𝟰:𝟭𝟭
⏰ Last Name: ⌥ 𝟬𝟰:𝟭𝟮
⏰ Last Name: ⌥ 𝟬𝟰:𝟭𝟯
⏰ Last Name: ⌥ 𝟬𝟰:𝟭𝟰
⏰ Last Name: ⌥ 𝟬𝟰:𝟭𝟱
⏰ Last Name: ⌥ 𝟬𝟰:𝟭𝟲
⏰ Last Name: ⌥ 𝟬𝟰:𝟭𝟳
⏰ Last Name: ⌥ 𝟬𝟰:𝟭𝟴
⏰ Last Name: ⌥ 𝟬𝟰:𝟭𝟵
⏰ Last Name: ⌥ 𝟬𝟰:𝟮𝟬
⏰ Last Name: ⌥ 𝟬𝟰:𝟮𝟭
⏰ Last Name: ⌥ 𝟬𝟰:𝟮𝟮
⏰ Last Name: ⌥ 𝟬𝟰:𝟮𝟯
⏰ Last Name: ⌥ 𝟬𝟰:𝟮𝟰
⏰ Last Name: ⌥ 𝟬𝟰:𝟮𝟱
⏰ Last Name: ⌥ 𝟬𝟰:𝟮𝟲
⏰ Last Name: ⌥ 𝟬𝟰:𝟮𝟳
⏰ Last Name: ⌥ 𝟬𝟰:𝟮𝟴
⏰ Last Name: ⌥ 𝟬𝟰:𝟮𝟵
⏰ Last Name: ⌥ 𝟬𝟰:𝟯𝟬
⏰ Last Name: ⌥ 𝟬𝟰:𝟯𝟭
⏰ Last Name: ⌥ 𝟬𝟰:𝟯𝟮
⏰ Last Name: ⌥ 𝟬𝟰:𝟯𝟯
⏰ Last Name: ⌥ 𝟬𝟰:𝟯𝟰
⏰ Last Name: ⌥ 𝟬𝟰:𝟯𝟱
⏰ Last Name: ⌥ 𝟬𝟰:𝟯𝟲
⏰ Last Name: ⌥ 𝟬𝟰:𝟯𝟳
⏰ Last Name: ⌥ 𝟬𝟰:𝟯𝟴
⏰ Last Name: ⌥ 𝟬𝟰:𝟯𝟵
⏰ Last Name: ⌥ 𝟬𝟰:𝟰𝟬
⏰ Last Name: ⌥ 𝟬𝟰:𝟰𝟭
⏰ Last Name: ⌥ 𝟬𝟰:𝟰𝟮
⏰ Last Name: ⌥ 𝟬𝟰:𝟰𝟯
⏰ Last Name: ⌥ 𝟬𝟰:𝟰𝟰
⏰ Last Name: ⌥ 𝟬𝟰:𝟰𝟱
⏰ Last Name: ⌥ 𝟬𝟰:𝟰𝟲
⏰ Last Name: ⌥ 𝟬𝟰:𝟰𝟳
⏰ Last Name: ⌥ 𝟬𝟰:𝟰𝟴
⏰ Last Name: ⌥ 𝟬𝟰:𝟰𝟵
⏰ Last Name: ⌥ 𝟬𝟰:𝟱𝟬
⏰ Last Name: ⌥ 𝟬𝟰:𝟱𝟭
⏰ Last Name: ⌥ 𝟬𝟰:𝟱𝟮
⏰ Last Name: ⌥ 𝟬𝟰:𝟱𝟯
⏰ Last Name: ⌥ 𝟬𝟰:𝟱𝟰
⏰ Last Name: ⌥ 𝟬𝟰:𝟱𝟱
⏰ Last Name: ⌥ 𝟬𝟰:𝟱𝟲
⏰ Last Name: ⌥ 𝟬𝟰:𝟱𝟳
💜 Auto React [user:6990187779]: ❤️
💜 Auto React [user:8944291576]: 🍌
⏰ Last Name: ⌥ 𝟬𝟰:𝟱𝟴
💜 Auto React [user:6990187779]: ❤️
💜 Auto React [user:8944291576]: 🍌
⏰ Last Name: ⌥ 𝟬𝟰:𝟱𝟵
⏰ Last Name: ⌥ 𝟬𝟱:𝟬𝟬
⏰ Last Name: ⌥ 𝟬𝟱:𝟬𝟭
⏰ Last Name: ⌥ 𝟬𝟱:𝟬𝟮
⏰ Last Name: ⌥ 𝟬𝟱:𝟬𝟯
⏰ Last Name: ⌥ 𝟬𝟱:𝟬𝟰
⏰ Last Name: ⌥ 𝟬𝟱:𝟬𝟱
💜 Auto React [user:6990187779]: ❤️
⏰ Last Name: ⌥ 𝟬𝟱:𝟬𝟲
⏰ Last Name: ⌥ 𝟬𝟱:𝟬𝟳
💜 Auto React [user:8944291576]: 🍌
⏰ Last Name: ⌥ 𝟬𝟱:𝟬𝟴
💜 Auto React [user:8944291576]: 🍌
⏰ Last Name: ⌥ 𝟬𝟱:𝟬𝟵
💜 Auto React [user:8944291576]: 🍌
⏰ Last Name: ⌥ 𝟬𝟱:𝟭𝟬
💜 Auto React [user:8944291576]: 🍌
💜 Auto React [user:8944291576]: 🍌
💜 Auto React [user:8944291576]: 🍌
💜 Auto React [user:8944291576]: 🍌
💜 Auto React [user:8944291576]: 🍌
⏰ Last Name: ⌥ 𝟬𝟱:𝟭𝟭
💜 Auto React [user:8944291576]: 🍌
⏰ Last Name: ⌥ 𝟬𝟱:𝟭𝟮
⏰ Last Name: ⌥ 𝟬𝟱:𝟭𝟯
💜 Auto React [user:8944291576]: 🍌
⏰ Last Name: ⌥ 𝟬𝟱:𝟭𝟰
⏰ Last Name: ⌥ 𝟬𝟱:𝟭𝟱
⏰ Last Name: ⌥ 𝟬𝟱:𝟭𝟲
💜 Auto React [user:8944291576]: 🍌
⏰ Last Name: ⌥ 𝟬𝟱:𝟭𝟳
💜 Auto React [user:8944291576]: 🍌
⏰ Last Name: ⌥ 𝟬𝟱:𝟭𝟴
💜 Auto React [user:8944291576]: 🍌
⏰ Last Name: ⌥ 𝟬𝟱:𝟭𝟵
⏰ Last Name: ⌥ 𝟬𝟱:𝟮𝟬
⏰ Last Name: ⌥ 𝟬𝟱:𝟮𝟭
⏰ Last Name: ⌥ 𝟬𝟱:𝟮𝟮
⏰ Last Name: ⌥ 𝟬𝟱:𝟮𝟯
⏰ Last Name: ⌥ 𝟬𝟱:𝟮𝟰
⏰ Last Name: ⌥ 𝟬𝟱:𝟮𝟱
⏰ Last Name: ⌥ 𝟬𝟱:𝟮𝟲
⏰ Last Name: ⌥ 𝟬𝟱:𝟮𝟳
⏰ Last Name: ⌥ 𝟬𝟱:𝟮𝟴
⏰ Last Name: ⌥ 𝟬𝟱:𝟮𝟵
⏰ Last Name: ⌥ 𝟬𝟱:𝟯𝟬
⏰ Last Name: ⌥ 𝟬𝟱:𝟯𝟭
⏰ Last Name: ⌥ 𝟬𝟱:𝟯𝟮
⏰ Last Name: ⌥ 𝟬𝟱:𝟯𝟯
⏰ Last Name: ⌥ 𝟬𝟱:𝟯𝟰
⏰ Last Name: ⌥ 𝟬𝟱:𝟯𝟱
⏰ Last Name: ⌥ 𝟬𝟱:𝟯𝟲
⏰ Last Name: ⌥ 𝟬𝟱:𝟯𝟳
⏰ Last Name: ⌥ 𝟬𝟱:𝟯𝟴
⏰ Last Name: ⌥ 𝟬𝟱:𝟯𝟵
⏰ Last Name: ⌥ 𝟬𝟱:𝟰𝟬
⏰ Last Name: ⌥ 𝟬𝟱:𝟰𝟭
⏰ Last Name: ⌥ 𝟬𝟱:𝟰𝟮
⏰ Last Name: ⌥ 𝟬𝟱:𝟰𝟯
⏰ Last Name: ⌥ 𝟬𝟱:𝟰𝟰
⏰ Last Name: ⌥ 𝟬𝟱:𝟰𝟱
⏰ Last Name: ⌥ 𝟬𝟱:𝟰𝟲
⏰ Last Name: ⌥ 𝟬𝟱:𝟰𝟳
⏰ Last Name: ⌥ 𝟬𝟱:𝟰𝟴
⏰ Last Name: ⌥ 𝟬𝟱:𝟰𝟵
⏰ Last Name: ⌥ 𝟬𝟱:𝟱𝟬
💜 Auto React [user:8944291576]: 🍌
💜 Auto React [user:8944291576]: 🍌
⏰ Last Name: ⌥ 𝟬𝟱:𝟱𝟭
⏰ Last Name: ⌥ 𝟬𝟱:𝟱𝟮
⏰ Last Name: ⌥ 𝟬𝟱:𝟱𝟯
⏰ Last Name: ⌥ 𝟬𝟱:𝟱𝟰
⏰ Last Name: ⌥ 𝟬𝟱:𝟱𝟱
⏰ Last Name: ⌥ 𝟬𝟱:𝟱𝟲
⏰ Last Name: ⌥ 𝟬𝟱:𝟱𝟳
⏰ Last Name: ⌥ 𝟬𝟱:𝟱𝟴
⏰ Last Name: ⌥ 𝟬𝟱:𝟱𝟵
⏰ Last Name: ⌥ 𝟬𝟲:𝟬𝟬
⏰ Last Name: ⌥ 𝟬𝟲:𝟬𝟭
⏰ Last Name: ⌥ 𝟬𝟲:𝟬𝟮
⏰ Last Name: ⌥ 𝟬𝟲:𝟬𝟯
⏰ Last Name: ⌥ 𝟬𝟲:𝟬𝟰
⏰ Last Name: ⌥ 𝟬𝟲:𝟬𝟱
⏰ Last Name: ⌥ 𝟬𝟲:𝟬𝟲
⏰ Last Name: ⌥ 𝟬𝟲:𝟬𝟳
⏰ Last Name: ⌥ 𝟬𝟲:𝟬𝟴
⏰ Last Name: ⌥ 𝟬𝟲:𝟬𝟵
⏰ Last Name: ⌥ 𝟬𝟲:𝟭𝟬
⏰ Last Name: ⌥ 𝟬𝟲:𝟭𝟭
⏰ Last Name: ⌥ 𝟬𝟲:𝟭𝟮
⏰ Last Name: ⌥ 𝟬𝟲:𝟭𝟯
⏰ Last Name: ⌥ 𝟬𝟲:𝟭𝟰
⏰ Last Name: ⌥ 𝟬𝟲:𝟭𝟱
⏰ Last Name: ⌥ 𝟬𝟲:𝟭𝟲
⏰ Last Name: ⌥ 𝟬𝟲:𝟭𝟳
⏰ Last Name: ⌥ 𝟬𝟲:𝟭𝟴
⏰ Last Name: ⌥ 𝟬𝟲:𝟭𝟵
⏰ Last Name: ⌥ 𝟬𝟲:𝟮𝟬
⏰ Last Name: ⌥ 𝟬𝟲:𝟮𝟭
⏰ Last Name: ⌥ 𝟬𝟲:𝟮𝟮
⏰ Last Name: ⌥ 𝟬𝟲:𝟮𝟯
⏰ Last Name: ⌥ 𝟬𝟲:𝟮𝟰
⏰ Last Name: ⌥ 𝟬𝟲:𝟮𝟱
⏰ Last Name: ⌥ 𝟬𝟲:𝟮𝟲
⏰ Last Name: ⌥ 𝟬𝟲:𝟮𝟳
⏰ Last Name: ⌥ 𝟬𝟲:𝟮𝟴
⏰ Last Name: ⌥ 𝟬𝟲:𝟮𝟵
⏰ Last Name: ⌥ 𝟬𝟲:𝟯𝟬
⏰ Last Name: ⌥ 𝟬𝟲:𝟯𝟭
⏰ Last Name: ⌥ 𝟬𝟲:𝟯𝟮
⏰ Last Name: ⌥ 𝟬𝟲:𝟯𝟯
⏰ Last Name: ⌥ 𝟬𝟲:𝟯𝟰
⏰ Last Name: ⌥ 𝟬𝟲:𝟯𝟱
⏰ Last Name: ⌥ 𝟬𝟲:𝟯𝟲
⏰ Last Name: ⌥ 𝟬𝟲:𝟯𝟳
⏰ Last Name: ⌥ 𝟬𝟲:𝟯𝟴
⏰ Last Name: ⌥ 𝟬𝟲:𝟯𝟵
⏰ Last Name: ⌥ 𝟬𝟲:𝟰𝟬
⏰ Last Name: ⌥ 𝟬𝟲:𝟰𝟭
⏰ Last Name: ⌥ 𝟬𝟲:𝟰𝟮
⏰ Last Name: ⌥ 𝟬𝟲:𝟰𝟯
⏰ Last Name: ⌥ 𝟬𝟲:𝟰𝟰
⏰ Last Name: ⌥ 𝟬𝟲:𝟰𝟱
⏰ Last Name: ⌥ 𝟬𝟲:𝟰𝟲
⏰ Last Name: ⌥ 𝟬𝟲:𝟰𝟳
⏰ Last Name: ⌥ 𝟬𝟲:𝟰𝟴
⏰ Last Name: ⌥ 𝟬𝟲:𝟰𝟵
⏰ Last Name: ⌥ 𝟬𝟲:𝟱𝟬
⏰ Last Name: ⌥ 𝟬𝟲:𝟱𝟭
⏰ Last Name: ⌥ 𝟬𝟲:𝟱𝟮
⏰ Last Name: ⌥ 𝟬𝟲:𝟱𝟯
⏰ Last Name: ⌥ 𝟬𝟲:𝟱𝟰
⏰ Last Name: ⌥ 𝟬𝟲:𝟱𝟱
⏰ Last Name: ⌥ 𝟬𝟲:𝟱𝟲
⏰ Last Name: ⌥ 𝟬𝟲:𝟱𝟳
⏰ Last Name: ⌥ 𝟬𝟲:𝟱𝟴
⏰ Last Name: ⌥ 𝟬𝟲:𝟱𝟵
⏰ Last Name: ⌥ 𝟬𝟳:𝟬𝟬
⏰ Last Name: ⌥ 𝟬𝟳:𝟬𝟭
⏰ Last Name: ⌥ 𝟬𝟳:𝟬𝟮
⏰ Last Name: ⌥ 𝟬𝟳:𝟬𝟯
⏰ Last Name: ⌥ 𝟬𝟳:𝟬𝟰
⏰ Last Name: ⌥ 𝟬𝟳:𝟬𝟱
⏰ Last Name: ⌥ 𝟬𝟳:𝟬𝟲
⏰ Last Name: ⌥ 𝟬𝟳:𝟬𝟳
⏰ Last Name: ⌥ 𝟬𝟳:𝟬𝟴
⏰ Last Name: ⌥ 𝟬𝟳:𝟬𝟵
⏰ Last Name: ⌥ 𝟬𝟳:𝟭𝟬
⏰ Last Name: ⌥ 𝟬𝟳:𝟭𝟭
⏰ Last Name: ⌥ 𝟬𝟳:𝟭𝟮
⏰ Last Name: ⌥ 𝟬𝟳:𝟭𝟯
⏰ Last Name: ⌥ 𝟬𝟳:𝟭𝟰
⏰ Last Name: ⌥ 𝟬𝟳:𝟭𝟱
⏰ Last Name: ⌥ 𝟬𝟳:𝟭𝟲
⏰ Last Name: ⌥ 𝟬𝟳:𝟭𝟳
💜 Auto React [user:6990187779]: ❤️
⏰ Last Name: ⌥ 𝟬𝟳:𝟭𝟴
⏰ Last Name: ⌥ 𝟬𝟳:𝟭𝟵
⏰ Last Name: ⌥ 𝟬𝟳:𝟮𝟬
⏰ Last Name: ⌥ 𝟬𝟳:𝟮𝟭
⏰ Last Name: ⌥ 𝟬𝟳:𝟮𝟮
⏰ Last Name: ⌥ 𝟬𝟳:𝟮𝟯
⏰ Last Name: ⌥ 𝟬𝟳:𝟮𝟰
⏰ Last Name: ⌥ 𝟬𝟳:𝟮𝟱
⏰ Last Name: ⌥ 𝟬𝟳:𝟮𝟲
⏰ Last Name: ⌥ 𝟬𝟳:𝟮𝟳
⏰ Last Name: ⌥ 𝟬𝟳:𝟮𝟴
⏰ Last Name: ⌥ 𝟬𝟳:𝟮𝟵
⏰ Last Name: ⌥ 𝟬𝟳:𝟯𝟬
⏰ Last Name: ⌥ 𝟬𝟳:𝟯𝟭
⏰ Last Name: ⌥ 𝟬𝟳:𝟯𝟮
⏰ Last Name: ⌥ 𝟬𝟳:𝟯𝟯
⏰ Last Name: ⌥ 𝟬𝟳:𝟯𝟰
⏰ Last Name: ⌥ 𝟬𝟳:𝟯𝟱
⏰ Last Name: ⌥ 𝟬𝟳:𝟯𝟲
⏰ Last Name: ⌥ 𝟬𝟳:𝟯𝟳
⏰ Last Name: ⌥ 𝟬𝟳:𝟯𝟴
⏰ Last Name: ⌥ 𝟬𝟳:𝟯𝟵
⏰ Last Name: ⌥ 𝟬𝟳:𝟰𝟬
⏰ Last Name: ⌥ 𝟬𝟳:𝟰𝟭
⏰ Last Name: ⌥ 𝟬𝟳:𝟰𝟮
⏰ Last Name: ⌥ 𝟬𝟳:𝟰𝟯
⏰ Last Name: ⌥ 𝟬𝟳:𝟰𝟰
⏰ Last Name: ⌥ 𝟬𝟳:𝟰𝟱
⏰ Last Name: ⌥ 𝟬𝟳:𝟰𝟲
⏰ Last Name: ⌥ 𝟬𝟳:𝟰𝟳
⏰ Last Name: ⌥ 𝟬𝟳:𝟰𝟴
⏰ Last Name: ⌥ 𝟬𝟳:𝟰𝟵
⏰ Last Name: ⌥ 𝟬𝟳:𝟱𝟬
⏰ Last Name: ⌥ 𝟬𝟳:𝟱𝟭
⏰ Last Name: ⌥ 𝟬𝟳:𝟱𝟮
⏰ Last Name: ⌥ 𝟬𝟳:𝟱𝟯
⏰ Last Name: ⌥ 𝟬𝟳:𝟱𝟰
⏰ Last Name: ⌥ 𝟬𝟳:𝟱𝟱
⏰ Last Name: ⌥ 𝟬𝟳:𝟱𝟲
⏰ Last Name: ⌥ 𝟬𝟳:𝟱𝟳
⏰ Last Name: ⌥ 𝟬𝟳:𝟱𝟴
⏰ Last Name: ⌥ 𝟬𝟳:𝟱𝟵
⏰ Last Name: ⌥ 𝟬𝟴:𝟬𝟬
⏰ Last Name: ⌥ 𝟬𝟴:𝟬𝟭
⏰ Last Name: ⌥ 𝟬𝟴:𝟬𝟮
⏰ Last Name: ⌥ 𝟬𝟴:𝟬𝟯
⏰ Last Name: ⌥ 𝟬𝟴:𝟬𝟰
⏰ Last Name: ⌥ 𝟬𝟴:𝟬𝟱
⏰ Last Name: ⌥ 𝟬𝟴:𝟬𝟲
⏰ Last Name: ⌥ 𝟬𝟴:𝟬𝟳
⏰ Last Name: ⌥ 𝟬𝟴:𝟬𝟴
⏰ Last Name: ⌥ 𝟬𝟴:𝟬𝟵
⏰ Last Name: ⌥ 𝟬𝟴:𝟭𝟬
⏰ Last Name: ⌥ 𝟬𝟴:𝟭𝟭
⏰ Last Name: ⌥ 𝟬𝟴:𝟭𝟮
⏰ Last Name: ⌥ 𝟬𝟴:𝟭𝟯
⏰ Last Name: ⌥ 𝟬𝟴:𝟭𝟰
⏰ Last Name: ⌥ 𝟬𝟴:𝟭𝟱
⏰ Last Name: ⌥ 𝟬𝟴:𝟭𝟲
⏰ Last Name: ⌥ 𝟬𝟴:𝟭𝟳
💜 Auto React [user:6990187779]: ❤️
💜 Auto React [user:8944291576]: 🍌
⏰ Last Name: ⌥ 𝟬𝟴:𝟭𝟴
⏰ Last Name: ⌥ 𝟬𝟴:𝟭𝟵
⏰ Last Name: ⌥ 𝟬𝟴:𝟮𝟬
⏰ Last Name: ⌥ 𝟬𝟴:𝟮𝟭
⏰ Last Name: ⌥ 𝟬𝟴:𝟮𝟮
⏰ Last Name: ⌥ 𝟬𝟴:𝟮𝟯
⏰ Last Name: ⌥ 𝟬𝟴:𝟮𝟰
⏰ Last Name: ⌥ 𝟬𝟴:𝟮𝟱
⏰ Last Name: ⌥ 𝟬𝟴:𝟮𝟲
💜 Auto React [user:8944291576]: 🍌
⏰ Last Name: ⌥ 𝟬𝟴:𝟮𝟳
⏰ Last Name: ⌥ 𝟬𝟴:𝟮𝟴
⏰ Last Name: ⌥ 𝟬𝟴:𝟮𝟵
💜 Auto React [user:6990187779]: ❤️
💜 Auto React [user:8944291576]: 🍌
💜 Auto React [user:6990187779]: ❤️
💜 Auto React [user:8944291576]: 🍌
⏰ Last Name: ⌥ 𝟬𝟴:𝟯𝟬
💜 Auto React [user:8944291576]: 🍌
💜 Auto React [user:8944291576]: 🍌
💜 Auto React [user:6990187779]: ❤️
💜 Auto React [user:8944291576]: 🍌
⏰ Last Name: ⌥ 𝟬𝟴:𝟯𝟭
⏰ Last Name: ⌥ 𝟬𝟴:𝟯𝟮
⏰ Last Name: ⌥ 𝟬𝟴:𝟯𝟯
💜 Auto React [user:8944291576]: 🍌
💜 Auto React [user:8944291576]: 🍌
⏰ Last Name: ⌥ 𝟬𝟴:𝟯𝟰
⏰ Last Name: ⌥ 𝟬𝟴:𝟯𝟱
⏰ Last Name: ⌥ 𝟬𝟴:𝟯𝟲
⏰ Last Name: ⌥ 𝟬𝟴:𝟯𝟳
💜 Auto React [user:8944291576]: 🍌
⏰ Last Name: ⌥ 𝟬𝟴:𝟯𝟴
⏰ Last Name: ⌥ 𝟬𝟴:𝟯𝟵
⏰ Last Name: ⌥ 𝟬𝟴:𝟰𝟬
⏰ Last Name: ⌥ 𝟬𝟴:𝟰𝟭
⏰ Last Name: ⌥ 𝟬𝟴:𝟰𝟮
💜 Auto React [user:8944291576]: 🍌
⏰ Last Name: ⌥ 𝟬𝟴:𝟰𝟯
⏰ Last Name: ⌥ 𝟬𝟴:𝟰𝟰
⏰ Last Name: ⌥ 𝟬𝟴:𝟰𝟱
💜 Auto React [user:8944291576]: 🍌
⏰ Last Name: ⌥ 𝟬𝟴:𝟰𝟲
💜 Auto React [user:8944291576]: 🍌
⏰ Last Name: ⌥ 𝟬𝟴:𝟰𝟳
⏰ Last Name: ⌥ 𝟬𝟴:𝟰𝟴
⏰ Last Name: ⌥ 𝟬𝟴:𝟰𝟵
⏰ Last Name: ⌥ 𝟬𝟴:𝟱𝟬
⏰ Last Name: ⌥ 𝟬𝟴:𝟱𝟭
⏰ Last Name: ⌥ 𝟬𝟴:𝟱𝟮
⏰ Last Name: ⌥ 𝟬𝟴:𝟱𝟯
⏰ Last Name: ⌥ 𝟬𝟴:𝟱𝟰
⏰ Last Name: ⌥ 𝟬𝟴:𝟱𝟱
⏰ Last Name: ⌥ 𝟬𝟴:𝟱𝟲
⏰ Last Name: ⌥ 𝟬𝟴:𝟱𝟳
⏰ Last Name: ⌥ 𝟬𝟴:𝟱𝟴
⏰ Last Name: ⌥ 𝟬𝟴:𝟱𝟵
⏰ Last Name: ⌥ 𝟬𝟵:𝟬𝟬
⏰ Last Name: ⌥ 𝟬𝟵:𝟬𝟭
⏰ Last Name: ⌥ 𝟬𝟵:𝟬𝟮
⏰ Last Name: ⌥ 𝟬𝟵:𝟬𝟯
⏰ Last Name: ⌥ 𝟬𝟵:𝟬𝟰
⏰ Last Name: ⌥ 𝟬𝟵:𝟬𝟱
⏰ Last Name: ⌥ 𝟬𝟵:𝟬𝟲
⏰ Last Name: ⌥ 𝟬𝟵:𝟬𝟳
⏰ Last Name: ⌥ 𝟬𝟵:𝟬𝟴
⏰ Last Name: ⌥ 𝟬𝟵:𝟬𝟵
⏰ Last Name: ⌥ 𝟬𝟵:𝟭𝟬
⏰ Last Name: ⌥ 𝟬𝟵:𝟭𝟭
⏰ Last Name: ⌥ 𝟬𝟵:𝟭𝟮
⏰ Last Name: ⌥ 𝟬𝟵:𝟭𝟯
⏰ Last Name: ⌥ 𝟬𝟵:𝟭𝟰
⏰ Last Name: ⌥ 𝟬𝟵:𝟭𝟱
⏰ Last Name: ⌥ 𝟬𝟵:𝟭𝟲
⏰ Last Name: ⌥ 𝟬𝟵:𝟭𝟳
⏰ Last Name: ⌥ 𝟬𝟵:𝟭𝟴
⏰ Last Name: ⌥ 𝟬𝟵:𝟭𝟵
⏰ Last Name: ⌥ 𝟬𝟵:𝟮𝟬
⏰ Last Name: ⌥ 𝟬𝟵:𝟮𝟭
⏰ Last Name: ⌥ 𝟬𝟵:𝟮𝟮
⏰ Last Name: ⌥ 𝟬𝟵:𝟮𝟯
⏰ Last Name: ⌥ 𝟬𝟵:𝟮𝟰
⏰ Last Name: ⌥ 𝟬𝟵:𝟮𝟱
⏰ Last Name: ⌥ 𝟬𝟵:𝟮𝟲
⏰ Last Name: ⌥ 𝟬𝟵:𝟮𝟳
⏰ Last Name: ⌥ 𝟬𝟵:𝟮𝟴
⏰ Last Name: ⌥ 𝟬𝟵:𝟮𝟵
⏰ Last Name: ⌥ 𝟬𝟵:𝟯𝟬
⏰ Last Name: ⌥ 𝟬𝟵:𝟯𝟭
⏰ Last Name: ⌥ 𝟬𝟵:𝟯𝟮
⏰ Last Name: ⌥ 𝟬𝟵:𝟯𝟯
⏰ Last Name: ⌥ 𝟬𝟵:𝟯𝟰
⏰ Last Name: ⌥ 𝟬𝟵:𝟯𝟱
⏰ Last Name: ⌥ 𝟬𝟵:𝟯𝟲
⏰ Last Name: ⌥ 𝟬𝟵:𝟯𝟳
⏰ Last Name: ⌥ 𝟬𝟵:𝟯𝟴
⏰ Last Name: ⌥ 𝟬𝟵:𝟯𝟵
⏰ Last Name: ⌥ 𝟬𝟵:𝟰𝟬
⏰ Last Name: ⌥ 𝟬𝟵:𝟰𝟭
💜 Auto React [user:8944291576]: 🍌
⏰ Last Name: ⌥ 𝟬𝟵:𝟰𝟮
⏰ Last Name: ⌥ 𝟬𝟵:𝟰𝟯
💜 Auto React [user:8944291576]: 🍌
⏰ Last Name: ⌥ 𝟬𝟵:𝟰𝟰
⏰ Last Name: ⌥ 𝟬𝟵:𝟰𝟱
⏰ Last Name: ⌥ 𝟬𝟵:𝟰𝟲
💜 Auto React [user:6990187779]: ❤️
💜 Auto React [user:6990187779]: ❤️
⏰ Last Name: ⌥ 𝟬𝟵:𝟰𝟳
💜 Auto React [user:8944291576]: 🍌
💜 Auto React [user:6990187779]: ❤️
💜 Auto React [user:8944291576]: 🍌
💜 Auto React [user:6990187779]: ❤️
💜 Auto React [user:6990187779]: ❤️
💜 Auto React [user:8944291576]: 🍌
💜 Auto React [user:6990187779]: ❤️
💜 Auto React [user:6990187779]: ❤️
⏰ Last Name: ⌥ 𝟬𝟵:𝟰𝟴
💜 Auto React [user:6990187779]: ❤️
💜 Auto React [user:8944291576]: 🍌
💜 Auto React [user:8944291576]: 🍌
💜 Auto React [user:6990187779]: ❤️
⏰ Last Name: ⌥ 𝟬𝟵:𝟰𝟵
⏰ Last Name: ⌥ 𝟬𝟵:𝟱𝟬
⏰ Last Name: ⌥ 𝟬𝟵:𝟱𝟭
⏰ Last Name: ⌥ 𝟬𝟵:𝟱𝟮
⏰ Last Name: ⌥ 𝟬𝟵:𝟱𝟯
💜 Auto React [user:8944291576]: 🍌
💜 Auto React [user:8944291576]: 🍌
⏰ Last Name: ⌥ 𝟬𝟵:𝟱𝟰
💜 Auto React [user:8944291576]: 🍌
⏰ Last Name: ⌥ 𝟬𝟵:𝟱𝟱
⏰ Last Name: ⌥ 𝟬𝟵:𝟱𝟲
⏰ Last Name: ⌥ 𝟬𝟵:𝟱𝟳
⏰ Last Name: ⌥ 𝟬𝟵:𝟱𝟴
💜 Auto React [user:6990187779]: ❤️
⏰ Last Name: ⌥ 𝟬𝟵:𝟱𝟵
⏰ Last Name: ⌥ 𝟭𝟬:𝟬𝟬
💜 Auto React [user:8944291576]: 🍌
⏰ Last Name: ⌥ 𝟭𝟬:𝟬𝟭
⏰ Last Name: ⌥ 𝟭𝟬:𝟬𝟮
⏰ Last Name: ⌥ 𝟭𝟬:𝟬𝟯
⏰ Last Name: ⌥ 𝟭𝟬:𝟬𝟰
💜 Auto React [user:8944291576]: 🍌
⏰ Last Name: ⌥ 𝟭𝟬:𝟬𝟱
⏰ Last Name: ⌥ 𝟭𝟬:𝟬𝟲
⏰ Last Name: ⌥ 𝟭𝟬:𝟬𝟳
⏰ Last Name: ⌥ 𝟭𝟬:𝟬𝟴
⏰ Last Name: ⌥ 𝟭𝟬:𝟬𝟵
⏰ Last Name: ⌥ 𝟭𝟬:𝟭𝟬
💜 Auto React [user:8944291576]: 🍌
⏰ Last Name: ⌥ 𝟭𝟬:𝟭𝟭
⏰ Last Name: ⌥ 𝟭𝟬:𝟭𝟮
⏰ Last Name: ⌥ 𝟭𝟬:𝟭𝟯
⏰ Last Name: ⌥ 𝟭𝟬:𝟭𝟰
⏰ Last Name: ⌥ 𝟭𝟬:𝟭𝟱
⏰ Last Name: ⌥ 𝟭𝟬:𝟭𝟲
⏰ Last Name: ⌥ 𝟭𝟬:𝟭𝟳
⏰ Last Name: ⌥ 𝟭𝟬:𝟭𝟴
⏰ Last Name: ⌥ 𝟭𝟬:𝟭𝟵
⏰ Last Name: ⌥ 𝟭𝟬:𝟮𝟬
⏰ Last Name: ⌥ 𝟭𝟬:𝟮𝟭
⏰ Last Name: ⌥ 𝟭𝟬:𝟮𝟮
⏰ Last Name: ⌥ 𝟭𝟬:𝟮𝟯
⏰ Last Name: ⌥ 𝟭𝟬:𝟮𝟰
⏰ Last Name: ⌥ 𝟭𝟬:𝟮𝟱
⏰ Last Name: ⌥ 𝟭𝟬:𝟮𝟲
⏰ Last Name: ⌥ 𝟭𝟬:𝟮𝟳
💜 Auto React [user:8944291576]: 🍌
⏰ Last Name: ⌥ 𝟭𝟬:𝟮𝟴
⏰ Last Name: ⌥ 𝟭𝟬:𝟮𝟵
⏰ Last Name: ⌥ 𝟭𝟬:𝟯𝟬
⏰ Last Name: ⌥ 𝟭𝟬:𝟯𝟭
⏰ Last Name: ⌥ 𝟭𝟬:𝟯𝟮
⏰ Last Name: ⌥ 𝟭𝟬:𝟯𝟯
⏰ Last Name: ⌥ 𝟭𝟬:𝟯𝟰
💜 Auto React [user:8944291576]: 🍌
⏰ Last Name: ⌥ 𝟭𝟬:𝟯𝟱
💜 Auto React [user:8944291576]: 🍌
💜 Auto React [user:8944291576]: 🍌
💜 Auto React [user:8944291576]: 🍌
⏰ Last Name: ⌥ 𝟭𝟬:𝟯𝟲
💜 Auto React [user:8944291576]: 🍌
💜 Auto React [user:8944291576]: 🍌
⏰ Last Name: ⌥ 𝟭𝟬:𝟯𝟳
⏰ Last Name: ⌥ 𝟭𝟬:𝟯𝟴
⏰ Last Name: ⌥ 𝟭𝟬:𝟯𝟵
💜 Auto React [user:8944291576]: 🍌
⏰ Last Name: ⌥ 𝟭𝟬:𝟰𝟬
⏰ Last Name: ⌥ 𝟭𝟬:𝟰𝟭
⏰ Last Name: ⌥ 𝟭𝟬:𝟰𝟮
⏰ Last Name: ⌥ 𝟭𝟬:𝟰𝟯
⏰ Last Name: ⌥ 𝟭𝟬:𝟰𝟰
⏰ Last Name: ⌥ 𝟭𝟬:𝟰𝟱
⏰ Last Name: ⌥ 𝟭𝟬:𝟰𝟲
⏰ Last Name: ⌥ 𝟭𝟬:𝟰𝟳
⏰ Last Name: ⌥ 𝟭𝟬:𝟰𝟴
⏰ Last Name: ⌥ 𝟭𝟬:𝟰𝟵
⏰ Last Name: ⌥ 𝟭𝟬:𝟱𝟬
⏰ Last Name: ⌥ 𝟭𝟬:𝟱𝟭
⏰ Last Name: ⌥ 𝟭𝟬:𝟱𝟮
⏰ Last Name: ⌥ 𝟭𝟬:𝟱𝟯
⏰ Last Name: ⌥ 𝟭𝟬:𝟱𝟰
⏰ Last Name: ⌥ 𝟭𝟬:𝟱𝟱
⏰ Last Name: ⌥ 𝟭𝟬:𝟱𝟲
⏰ Last Name: ⌥ 𝟭𝟬:𝟱𝟳
⏰ Last Name: ⌥ 𝟭𝟬:𝟱𝟴
⏰ Last Name: ⌥ 𝟭𝟬:𝟱𝟵
⏰ Last Name: ⌥ 𝟭𝟭:𝟬𝟬
⏰ Last Name: ⌥ 𝟭𝟭:𝟬𝟭
⏰ Last Name: ⌥ 𝟭𝟭:𝟬𝟮
⏰ Last Name: ⌥ 𝟭𝟭:𝟬𝟯
⏰ Last Name: ⌥ 𝟭𝟭:𝟬𝟰
⏰ Last Name: ⌥ 𝟭𝟭:𝟬𝟱
⏰ Last Name: ⌥ 𝟭𝟭:𝟬𝟲
⏰ Last Name: ⌥ 𝟭𝟭:𝟬𝟳
⏰ Last Name: ⌥ 𝟭𝟭:𝟬𝟴
⏰ Last Name: ⌥ 𝟭𝟭:𝟬𝟵
⏰ Last Name: ⌥ 𝟭𝟭:𝟭𝟬
⏰ Last Name: ⌥ 𝟭𝟭:𝟭𝟭
⏰ Last Name: ⌥ 𝟭𝟭:𝟭𝟮
⏰ Last Name: ⌥ 𝟭𝟭:𝟭𝟯
⏰ Last Name: ⌥ 𝟭𝟭:𝟭𝟰
⏰ Last Name: ⌥ 𝟭𝟭:𝟭𝟱
⏰ Last Name: ⌥ 𝟭𝟭:𝟭𝟲
💜 Auto React [user:6990187779]: ❤️
💜 Auto React [user:8944291576]: 🍌
⏰ Last Name: ⌥ 𝟭𝟭:𝟭𝟳
⏰ Last Name: ⌥ 𝟭𝟭:𝟭𝟴
⏰ Last Name: ⌥ 𝟭𝟭:𝟭𝟵
💜 Auto React [user:8944291576]: 🍌
💜 Auto React [user:8944291576]: 🍌
⏰ Last Name: ⌥ 𝟭𝟭:𝟮𝟬
⏰ Last Name: ⌥ 𝟭𝟭:𝟮𝟭
⏰ Last Name: ⌥ 𝟭𝟭:𝟮𝟮
⏰ Last Name: ⌥ 𝟭𝟭:𝟮𝟯
⏰ Last Name: ⌥ 𝟭𝟭:𝟮𝟰
⏰ Last Name: ⌥ 𝟭𝟭:𝟮𝟱
⏰ Last Name: ⌥ 𝟭𝟭:𝟮𝟲
⏰ Last Name: ⌥ 𝟭𝟭:𝟮𝟳
⏰ Last Name: ⌥ 𝟭𝟭:𝟮𝟴
⏰ Last Name: ⌥ 𝟭𝟭:𝟮𝟵
💜 Auto React [user:6990187779]: ❤️
⏰ Last Name: ⌥ 𝟭𝟭:𝟯𝟬
⏰ Last Name: ⌥ 𝟭𝟭:𝟯𝟭
⏰ Last Name: ⌥ 𝟭𝟭:𝟯𝟮
⏰ Last Name: ⌥ 𝟭𝟭:𝟯𝟯
⏰ Last Name: ⌥ 𝟭𝟭:𝟯𝟰
⏰ Last Name: ⌥ 𝟭𝟭:𝟯𝟱
⏰ Last Name: ⌥ 𝟭𝟭:𝟯𝟲
⏰ Last Name: ⌥ 𝟭𝟭:𝟯𝟳
⏰ Last Name: ⌥ 𝟭𝟭:𝟯𝟴
⏰ Last Name: ⌥ 𝟭𝟭:𝟯𝟵
💜 Auto React [user:8944291576]: 🍌
💜 Auto React [user:8944291576]: 🍌
💜 Auto React [user:8944291576]: 🍌
⏰ Last Name: ⌥ 𝟭𝟭:𝟰𝟬
💜 Auto React [user:8944291576]: 🍌
⏰ Last Name: ⌥ 𝟭𝟭:𝟰𝟭
💜 Auto React [user:6990187779]: ❤️
⏰ Last Name: ⌥ 𝟭𝟭:𝟰𝟮
⏰ Last Name: ⌥ 𝟭𝟭:𝟰𝟯
⏰ Last Name: ⌥ 𝟭𝟭:𝟰𝟰
⏰ Last Name: ⌥ 𝟭𝟭:𝟰𝟱
⏰ Last Name: ⌥ 𝟭𝟭:𝟰𝟲
⏰ Last Name: ⌥ 𝟭𝟭:𝟰𝟳
⏰ Last Name: ⌥ 𝟭𝟭:𝟰𝟴
⏰ Last Name: ⌥ 𝟭𝟭:𝟰𝟵
⏰ Last Name: ⌥ 𝟭𝟭:𝟱𝟬
⏰ Last Name: ⌥ 𝟭𝟭:𝟱𝟭
⏰ Last Name: ⌥ 𝟭𝟭:𝟱𝟮
⏰ Last Name: ⌥ 𝟭𝟭:𝟱𝟯
⏰ Last Name: ⌥ 𝟭𝟭:𝟱𝟰
⏰ Last Name: ⌥ 𝟭𝟭:𝟱𝟱
⏰ Last Name: ⌥ 𝟭𝟭:𝟱𝟲
⏰ Last Name: ⌥ 𝟭𝟭:𝟱𝟳
⏰ Last Name: ⌥ 𝟭𝟭:𝟱𝟴
💜 Auto React [user:8944291576]: 🍌
💜 Auto React [user:8944291576]: 🍌
⏰ Last Name: ⌥ 𝟭𝟭:𝟱𝟵
⏰ Last Name: ⌥ 𝟭𝟮:𝟬𝟬
⏰ Last Name: ⌥ 𝟭𝟮:𝟬𝟭
⏰ Last Name: ⌥ 𝟭𝟮:𝟬𝟮
⏰ Last Name: ⌥ 𝟭𝟮:𝟬𝟯
⏰ Last Name: ⌥ 𝟭𝟮:𝟬𝟰
⏰ Last Name: ⌥ 𝟭𝟮:𝟬𝟱
⏰ Last Name: ⌥ 𝟭𝟮:𝟬𝟲
⏰ Last Name: ⌥ 𝟭𝟮:𝟬𝟳
⏰ Last Name: ⌥ 𝟭𝟮:𝟬𝟴
⏰ Last Name: ⌥ 𝟭𝟮:𝟬𝟵
⏰ Last Name: ⌥ 𝟭𝟮:𝟭𝟬
⏰ Last Name: ⌥ 𝟭𝟮:𝟭𝟭
⏰ Last Name: ⌥ 𝟭𝟮:𝟭𝟮
💜 Auto React [user:8944291576]: 🍌
💜 Auto React [user:8944291576]: 🍌
💜 Auto React [user:8944291576]: 🍌
⏰ Last Name: ⌥ 𝟭𝟮:𝟭𝟯
⏰ Last Name: ⌥ 𝟭𝟮:𝟭𝟰
💜 Auto React [user:8944291576]: 🍌
⏰ Last Name: ⌥ 𝟭𝟮:𝟭𝟱
⏰ Last Name: ⌥ 𝟭𝟮:𝟭𝟲
⏰ Last Name: ⌥ 𝟭𝟮:𝟭𝟳
⏰ Last Name: ⌥ 𝟭𝟮:𝟭𝟴
💜 Auto React [user:8944291576]: 🍌
⏰ Last Name: ⌥ 𝟭𝟮:𝟭𝟵
💜 Auto React [user:8944291576]: 🍌
⏰ Last Name: ⌥ 𝟭𝟮:𝟮𝟬
💜 Auto React [user:8944291576]: 🍌
💜 Auto React [user:8944291576]: 🍌
⏰ Last Name: ⌥ 𝟭𝟮:𝟮𝟭
⏰ Last Name: ⌥ 𝟭𝟮:𝟮𝟮
💜 Auto React [user:8944291576]: 🍌
⏰ Last Name: ⌥ 𝟭𝟮:𝟮𝟯
⏰ Last Name: ⌥ 𝟭𝟮:𝟮𝟰
⏰ Last Name: ⌥ 𝟭𝟮:𝟮𝟱
⏰ Last Name: ⌥ 𝟭𝟮:𝟮𝟲
💜 Auto React [user:8944291576]: 🍌
⏰ Last Name: ⌥ 𝟭𝟮:𝟮𝟳
⏰ Last Name: ⌥ 𝟭𝟮:𝟮𝟴
⏰ Last Name: ⌥ 𝟭𝟮:𝟮𝟵
⏰ Last Name: ⌥ 𝟭𝟮:𝟯𝟬
⏰ Last Name: ⌥ 𝟭𝟮:𝟯𝟭
⏰ Last Name: ⌥ 𝟭𝟮:𝟯𝟮
⏰ Last Name: ⌥ 𝟭𝟮:𝟯𝟯
⏰ Last Name: ⌥ 𝟭𝟮:𝟯𝟰
⏰ Last Name: ⌥ 𝟭𝟮:𝟯𝟱
⏰ Last Name: ⌥ 𝟭𝟮:𝟯𝟲
⏰ Last Name: ⌥ 𝟭𝟮:𝟯𝟳
⏰ Last Name: ⌥ 𝟭𝟮:𝟯𝟴
⏰ Last Name: ⌥ 𝟭𝟮:𝟯𝟵
⏰ Last Name: ⌥ 𝟭𝟮:𝟰𝟬
⏰ Last Name: ⌥ 𝟭𝟮:𝟰𝟭
💜 Auto React [user:8944291576]: 🍌
💜 Auto React [user:8944291576]: 🍌
💜 Auto React [user:8944291576]: 🍌
⏰ Last Name: ⌥ 𝟭𝟮:𝟰𝟮
💜 Auto React [user:8944291576]: 🍌
⏰ Last Name: ⌥ 𝟭𝟮:𝟰𝟯
⏰ Last Name: ⌥ 𝟭𝟮:𝟰𝟰
⏰ Last Name: ⌥ 𝟭𝟮:𝟰𝟱
⏰ Last Name: ⌥ 𝟭𝟮:𝟰𝟲
⏰ Last Name: ⌥ 𝟭𝟮:𝟰𝟳
💜 Auto React [user:8944291576]: 🍌
⏰ Last Name: ⌥ 𝟭𝟮:𝟰𝟴
⏰ Last Name: ⌥ 𝟭𝟮:𝟰𝟵
⏰ Last Name: ⌥ 𝟭𝟮:𝟱𝟬
💜 Auto React [user:8944291576]: 🍌
💜 Auto React [user:8944291576]: 🍌
⏰ Last Name: ⌥ 𝟭𝟮:𝟱𝟭
⏰ Last Name: ⌥ 𝟭𝟮:𝟱𝟮
⏰ Last Name: ⌥ 𝟭𝟮:𝟱𝟯
⏰ Last Name: ⌥ 𝟭𝟮:𝟱𝟰
⏰ Last Name: ⌥ 𝟭𝟮:𝟱𝟱
⏰ Last Name: ⌥ 𝟭𝟮:𝟱𝟲
⏰ Last Name: ⌥ 𝟭𝟮:𝟱𝟳
⏰ Last Name: ⌥ 𝟭𝟮:𝟱𝟴
⏰ Last Name: ⌥ 𝟭𝟮:𝟱𝟵
⏰ Last Name: ⌥ 𝟭𝟯:𝟬𝟬
⏰ Last Name: ⌥ 𝟭𝟯:𝟬𝟭
💜 Auto React [user:6990187779]: ❤️
⏰ Last Name: ⌥ 𝟭𝟯:𝟬𝟮
💜 Auto React [user:6990187779]: ❤️
⏰ Last Name: ⌥ 𝟭𝟯:𝟬𝟯
⏰ Last Name: ⌥ 𝟭𝟯:𝟬𝟰
💜 Auto React [user:6990187779]: ❤️
💜 Auto React [user:8944291576]: 🍌
💜 Auto React [user:6990187779]: ❤️
💜 Auto React [user:8944291576]: 🍌
💜 Auto React [user:6990187779]: ❤️
⏰ Last Name: ⌥ 𝟭𝟯:𝟬𝟱
💜 Auto React [user:6990187779]: ❤️
⏰ Last Name: ⌥ 𝟭𝟯:𝟬𝟲
⏰ Last Name: ⌥ 𝟭𝟯:𝟬𝟳
💜 Auto React [user:6990187779]: ❤️
⏰ Last Name: ⌥ 𝟭𝟯:𝟬𝟴
⏰ Last Name: ⌥ 𝟭𝟯:𝟬𝟵
⏰ Last Name: ⌥ 𝟭𝟯:𝟭𝟬
⏰ Last Name: ⌥ 𝟭𝟯:𝟭𝟭
⏰ Last Name: ⌥ 𝟭𝟯:𝟭𝟮
⏰ Last Name: ⌥ 𝟭𝟯:𝟭𝟯
⏰ Last Name: ⌥ 𝟭𝟯:𝟭𝟰
⏰ Last Name: ⌥ 𝟭𝟯:𝟭𝟱
⏰ Last Name: ⌥ 𝟭𝟯:𝟭𝟲
💜 Auto React [user:8944291576]: 🍌
⏰ Last Name: ⌥ 𝟭𝟯:𝟭𝟳
⏰ Last Name: ⌥ 𝟭𝟯:𝟭𝟴
⏰ Last Name: ⌥ 𝟭𝟯:𝟭𝟵
⏰ Last Name: ⌥ 𝟭𝟯:𝟮𝟬
⏰ Last Name: ⌥ 𝟭𝟯:𝟮𝟭
⏰ Last Name: ⌥ 𝟭𝟯:𝟮𝟮
⏰ Last Name: ⌥ 𝟭𝟯:𝟮𝟯
⏰ Last Name: ⌥ 𝟭𝟯:𝟮𝟰
⏰ Last Name: ⌥ 𝟭𝟯:𝟮𝟱
⏰ Last Name: ⌥ 𝟭𝟯:𝟮𝟲
⏰ Last Name: ⌥ 𝟭𝟯:𝟮𝟳
⏰ Last Name: ⌥ 𝟭𝟯:𝟮𝟴
⏰ Last Name: ⌥ 𝟭𝟯:𝟮𝟵
⏰ Last Name: ⌥ 𝟭𝟯:𝟯𝟬
⏰ Last Name: ⌥ 𝟭𝟯:𝟯𝟭
⏰ Last Name: ⌥ 𝟭𝟯:𝟯𝟮
⏰ Last Name: ⌥ 𝟭𝟯:𝟯𝟯
⏰ Last Name: ⌥ 𝟭𝟯:𝟯𝟰
⏰ Last Name: ⌥ 𝟭𝟯:𝟯𝟱
⏰ Last Name: ⌥ 𝟭𝟯:𝟯𝟲
⏰ Last Name: ⌥ 𝟭𝟯:𝟯𝟳
⏰ Last Name: ⌥ 𝟭𝟯:𝟯𝟴
⏰ Last Name: ⌥ 𝟭𝟯:𝟯𝟵
⏰ Last Name: ⌥ 𝟭𝟯:𝟰𝟬
⏰ Last Name: ⌥ 𝟭𝟯:𝟰𝟭
⏰ Last Name: ⌥ 𝟭𝟯:𝟰𝟮
⏰ Last Name: ⌥ 𝟭𝟯:𝟰𝟯
⏰ Last Name: ⌥ 𝟭𝟯:𝟰𝟰
💜 Auto React [user:8944291576]: 🍌
⏰ Last Name: ⌥ 𝟭𝟯:𝟰𝟱
⏰ Last Name: ⌥ 𝟭𝟯:𝟰𝟲
⏰ Last Name: ⌥ 𝟭𝟯:𝟰𝟳
⏰ Last Name: ⌥ 𝟭𝟯:𝟰𝟴
⏰ Last Name: ⌥ 𝟭𝟯:𝟰𝟵
⏰ Last Name: ⌥ 𝟭𝟯:𝟱𝟬
⏰ Last Name: ⌥ 𝟭𝟯:𝟱𝟭
⏰ Last Name: ⌥ 𝟭𝟯:𝟱𝟮
⏰ Last Name: ⌥ 𝟭𝟯:𝟱𝟯
💜 Auto React [user:6990187779]: ❤️
⏰ Last Name: ⌥ 𝟭𝟯:𝟱𝟰
⏰ Last Name: ⌥ 𝟭𝟯:𝟱𝟱
💜 Auto React [user:6990187779]: ❤️
⏰ Last Name: ⌥ 𝟭𝟯:𝟱𝟲
⏰ Last Name: ⌥ 𝟭𝟯:𝟱𝟳
💜 Auto React [user:6990187779]: ❤️
⏰ Last Name: ⌥ 𝟭𝟯:𝟱𝟴
⏰ Last Name: ⌥ 𝟭𝟯:𝟱𝟵
💜 Auto React [user:6990187779]: ❤️
💜 Auto React [user:6990187779]: ❤️
⏰ Last Name: ⌥ 𝟭𝟰:𝟬𝟬
⏰ Last Name: ⌥ 𝟭𝟰:𝟬𝟭
⏰ Last Name: ⌥ 𝟭𝟰:𝟬𝟮
⏰ Last Name: ⌥ 𝟭𝟰:𝟬𝟯
💜 Auto React [user:8944291576]: 🍌
⏰ Last Name: ⌥ 𝟭𝟰:𝟬𝟰
💜 Auto React [user:8944291576]: 🍌
💜 Auto React [user:8944291576]: 🍌
⏰ Last Name: ⌥ 𝟭𝟰:𝟬𝟱
⏰ Last Name: ⌥ 𝟭𝟰:𝟬𝟲
⏰ Last Name: ⌥ 𝟭𝟰:𝟬𝟳
💜 Auto React [user:6990187779]: ❤️
⏰ Last Name: ⌥ 𝟭𝟰:𝟬𝟴
💜 Auto React [user:6990187779]: ❤️
⏰ Last Name: ⌥ 𝟭𝟰:𝟬𝟵
⏰ Last Name: ⌥ 𝟭𝟰:𝟭𝟬
💜 Auto React [user:6990187779]: ❤️
💜 Auto React [user:6990187779]: ❤️
⏰ Last Name: ⌥ 𝟭𝟰:𝟭𝟭
💜 Auto React [user:6990187779]: ❤️
⏰ Last Name: ⌥ 𝟭𝟰:𝟭𝟮
💜 Auto React [user:6990187779]: ❤️
⏰ Last Name: ⌥ 𝟭𝟰:𝟭𝟯
⏰ Last Name: ⌥ 𝟭𝟰:𝟭𝟰
💜 Auto React [user:6990187779]: ❤️
⏰ Last Name: ⌥ 𝟭𝟰:𝟭𝟱
⏰ Last Name: ⌥ 𝟭𝟰:𝟭𝟲
⏰ Last Name: ⌥ 𝟭𝟰:𝟭𝟳
⏰ Last Name: ⌥ 𝟭𝟰:𝟭𝟴
💜 Auto React [user:6990187779]: ❤️
⏰ Last Name: ⌥ 𝟭𝟰:𝟭𝟵
⏰ Last Name: ⌥ 𝟭𝟰:𝟮𝟬
⏰ Last Name: ⌥ 𝟭𝟰:𝟮𝟭
⏰ Last Name: ⌥ 𝟭𝟰:𝟮𝟮
⏰ Last Name: ⌥ 𝟭𝟰:𝟮𝟯
⏰ Last Name: ⌥ 𝟭𝟰:𝟮𝟰
⏰ Last Name: ⌥ 𝟭𝟰:𝟮𝟱
⏰ Last Name: ⌥ 𝟭𝟰:𝟮𝟲Telegram is having internal issues RpcCallFailError: Telegram is having internal issues, please try again later. (caused by UpdateProfileRequest)
Telegram is having internal issues RpcCallFailError: Telegram is having internal issues, please try again later. (caused by UpdateProfileRequest)
Telegram is having internal issues RpcCallFailError: Telegram is having internal issues, please try again later. (caused by UpdateProfileRequest)
Telegram is having internal issues RpcCallFailError: Telegram is having internal issues, please try again later. (caused by UpdateProfileRequest)

⏰ Last Name: ⌥ 𝟭𝟰:𝟮𝟳
⏰ Last Name: ⌥ 𝟭𝟰:𝟮𝟴
⏰ Last Name: ⌥ 𝟭𝟰:𝟮𝟵
⏰ Last Name: ⌥ 𝟭𝟰:𝟯𝟬
⏰ Last Name: ⌥ 𝟭𝟰:𝟯𝟭
⏰ Last Name: ⌥ 𝟭𝟰:𝟯𝟮
⏰ Last Name: ⌥ 𝟭𝟰:𝟯𝟯
⏰ Last Name: ⌥ 𝟭𝟰:𝟯𝟰
⏰ Last Name: ⌥ 𝟭𝟰:𝟯𝟱
⏰ Last Name: ⌥ 𝟭𝟰:𝟯𝟲
⏰ Last Name: ⌥ 𝟭𝟰:𝟯𝟳
⏰ Last Name: ⌥ 𝟭𝟰:𝟯𝟴
⏰ Last Name: ⌥ 𝟭𝟰:𝟯𝟵
⏰ Last Name: ⌥ 𝟭𝟰:𝟰𝟬
⏰ Last Name: ⌥ 𝟭𝟰:𝟰𝟭
⏰ Last Name: ⌥ 𝟭𝟰:𝟰𝟮
⏰ Last Name: ⌥ 𝟭𝟰:𝟰𝟯
⏰ Last Name: ⌥ 𝟭𝟰:𝟰𝟰
⏰ Last Name: ⌥ 𝟭𝟰:𝟰𝟱
⏰ Last Name: ⌥ 𝟭𝟰:𝟰𝟲
⏰ Last Name: ⌥ 𝟭𝟰:𝟰𝟳
⏰ Last Name: ⌥ 𝟭𝟰:𝟰𝟴
⏰ Last Name: ⌥ 𝟭𝟰:𝟰𝟵
⏰ Last Name: ⌥ 𝟭𝟰:𝟱𝟬
⏰ Last Name: ⌥ 𝟭𝟰:𝟱𝟭
⏰ Last Name: ⌥ 𝟭𝟰:𝟱𝟮
⏰ Last Name: ⌥ 𝟭𝟰:𝟱𝟯
⏰ Last Name: ⌥ 𝟭𝟰:𝟱𝟰
⏰ Last Name: ⌥ 𝟭𝟰:𝟱𝟱
⏰ Last Name: ⌥ 𝟭𝟰:𝟱𝟲
⏰ Last Name: ⌥ 𝟭𝟰:𝟱𝟳
⏰ Last Name: ⌥ 𝟭𝟰:𝟱𝟴
⏰ Last Name: ⌥ 𝟭𝟰:𝟱𝟵
⏰ Last Name: ⌥ 𝟭𝟱:𝟬𝟬
⏰ Last Name: ⌥ 𝟭𝟱:𝟬𝟭
⏰ Last Name: ⌥ 𝟭𝟱:𝟬𝟮
⏰ Last Name: ⌥ 𝟭𝟱:𝟬𝟯
⏰ Last Name: ⌥ 𝟭𝟱:𝟬𝟰
⏰ Last Name: ⌥ 𝟭𝟱:𝟬𝟱
⏰ Last Name: ⌥ 𝟭𝟱:𝟬𝟲
⏰ Last Name: ⌥ 𝟭𝟱:𝟬𝟳
⏰ Last Name: ⌥ 𝟭𝟱:𝟬𝟴
⏰ Last Name: ⌥ 𝟭𝟱:𝟬𝟵
⏰ Last Name: ⌥ 𝟭𝟱:𝟭𝟬
⏰ Last Name: ⌥ 𝟭𝟱:𝟭𝟭
⏰ Last Name: ⌥ 𝟭𝟱:𝟭𝟮
⏰ Last Name: ⌥ 𝟭𝟱:𝟭𝟯
⏰ Last Name: ⌥ 𝟭𝟱:𝟭𝟰
⏰ Last Name: ⌥ 𝟭𝟱:𝟭𝟱
⏰ Last Name: ⌥ 𝟭𝟱:𝟭𝟲
💜 Auto React [user:8944291576]: 🍌
💜 Auto React [user:8944291576]: 🍌
💜 Auto React [user:8944291576]: 🍌
💜 Auto React [user:8944291576]: 🍌
💜 Auto React [user:8944291576]: 🍌
⏰ Last Name: ⌥ 𝟭𝟱:𝟭𝟳
⏰ Last Name: ⌥ 𝟭𝟱:𝟭𝟴
⏰ Last Name: ⌥ 𝟭𝟱:𝟭𝟵
⏰ Last Name: ⌥ 𝟭𝟱:𝟮𝟬
⏰ Last Name: ⌥ 𝟭𝟱:𝟮𝟭
⏰ Last Name: ⌥ 𝟭𝟱:𝟮𝟮
⏰ Last Name: ⌥ 𝟭𝟱:𝟮𝟯
⏰ Last Name: ⌥ 𝟭𝟱:𝟮𝟰
⏰ Last Name: ⌥ 𝟭𝟱:𝟮𝟱
⏰ Last Name: ⌥ 𝟭𝟱:𝟮𝟲
💜 Auto React [user:8944291576]: 🍌
⏰ Last Name: ⌥ 𝟭𝟱:𝟮𝟳
⏰ Last Name: ⌥ 𝟭𝟱:𝟮𝟴
⏰ Last Name: ⌥ 𝟭𝟱:𝟮𝟵
⏰ Last Name: ⌥ 𝟭𝟱:𝟯𝟬
⏰ Last Name: ⌥ 𝟭𝟱:𝟯𝟭
⏰ Last Name: ⌥ 𝟭𝟱:𝟯𝟮
⏰ Last Name: ⌥ 𝟭𝟱:𝟯𝟯
⏰ Last Name: ⌥ 𝟭𝟱:𝟯𝟰
⏰ Last Name: ⌥ 𝟭𝟱:𝟯𝟱
⏰ Last Name: ⌥ 𝟭𝟱:𝟯𝟲
⏰ Last Name: ⌥ 𝟭𝟱:𝟯𝟳
⏰ Last Name: ⌥ 𝟭𝟱:𝟯𝟴
⏰ Last Name: ⌥ 𝟭𝟱:𝟯𝟵
⏰ Last Name: ⌥ 𝟭𝟱:𝟰𝟬
⏰ Last Name: ⌥ 𝟭𝟱:𝟰𝟭
⏰ Last Name: ⌥ 𝟭𝟱:𝟰𝟮
⏰ Last Name: ⌥ 𝟭𝟱:𝟰𝟯
⏰ Last Name: ⌥ 𝟭𝟱:𝟰𝟰
⏰ Last Name: ⌥ 𝟭𝟱:𝟰𝟱
⏰ Last Name: ⌥ 𝟭𝟱:𝟰𝟲
⏰ Last Name: ⌥ 𝟭𝟱:𝟰𝟳
⏰ Last Name: ⌥ 𝟭𝟱:𝟰𝟴
⏰ Last Name: ⌥ 𝟭𝟱:𝟰𝟵
⏰ Last Name: ⌥ 𝟭𝟱:𝟱𝟬
💜 Auto React [user:8944291576]: 🍌
💜 Auto React [user:8944291576]: 🍌
⏰ Last Name: ⌥ 𝟭𝟱:𝟱𝟭
💜 Auto React [user:8944291576]: 🍌
⏰ Last Name: ⌥ 𝟭𝟱:𝟱𝟮
⏰ Last Name: ⌥ 𝟭𝟱:𝟱𝟯
⏰ Last Name: ⌥ 𝟭𝟱:𝟱𝟰
⏰ Last Name: ⌥ 𝟭𝟱:𝟱𝟱
⏰ Last Name: ⌥ 𝟭𝟱:𝟱𝟲
⏰ Last Name: ⌥ 𝟭𝟱:𝟱𝟳
⏰ Last Name: ⌥ 𝟭𝟱:𝟱𝟴
⏰ Last Name: ⌥ 𝟭𝟱:𝟱𝟵
⏰ Last Name: ⌥ 𝟭𝟲:𝟬𝟬
⏰ Last Name: ⌥ 𝟭𝟲:𝟬𝟭
⏰ Last Name: ⌥ 𝟭𝟲:𝟬𝟮
⏰ Last Name: ⌥ 𝟭𝟲:𝟬𝟯
⏰ Last Name: ⌥ 𝟭𝟲:𝟬𝟰
⏰ Last Name: ⌥ 𝟭𝟲:𝟬𝟱
⏰ Last Name: ⌥ 𝟭𝟲:𝟬𝟲
⏰ Last Name: ⌥ 𝟭𝟲:𝟬𝟳
⏰ Last Name: ⌥ 𝟭𝟲:𝟬𝟴
⏰ Last Name: ⌥ 𝟭𝟲:𝟬𝟵
⏰ Last Name: ⌥ 𝟭𝟲:𝟭𝟬
⏰ Last Name: ⌥ 𝟭𝟲:𝟭𝟭
⏰ Last Name: ⌥ 𝟭𝟲:𝟭𝟮
⏰ Last Name: ⌥ 𝟭𝟲:𝟭𝟯
⏰ Last Name: ⌥ 𝟭𝟲:𝟭𝟰
⏰ Last Name: ⌥ 𝟭𝟲:𝟭𝟱
⏰ Last Name: ⌥ 𝟭𝟲:𝟭𝟲
⏰ Last Name: ⌥ 𝟭𝟲:𝟭𝟳
⏰ Last Name: ⌥ 𝟭𝟲:𝟭𝟴
⏰ Last Name: ⌥ 𝟭𝟲:𝟭𝟵
⏰ Last Name: ⌥ 𝟭𝟲:𝟮𝟬
⏰ Last Name: ⌥ 𝟭𝟲:𝟮𝟭
⏰ Last Name: ⌥ 𝟭𝟲:𝟮𝟮
⏰ Last Name: ⌥ 𝟭𝟲:𝟮𝟯
⏰ Last Name: ⌥ 𝟭𝟲:𝟮𝟰
⏰ Last Name: ⌥ 𝟭𝟲:𝟮𝟱
⏰ Last Name: ⌥ 𝟭𝟲:𝟮𝟲
⏰ Last Name: ⌥ 𝟭𝟲:𝟮𝟳
💜 Auto React [user:6958501715]: ❤️
⏰ Last Name: ⌥ 𝟭𝟲:𝟮𝟴
💜 Auto React [user:6958501715]: ❤️
💜 Auto React [user:6958501715]: ❤️
⏰ Last Name: ⌥ 𝟭𝟲:𝟮𝟵
💜 Auto React [user:6958501715]: ❤️
💜 Auto React [user:6958501715]: ❤️
⏰ Last Name: ⌥ 𝟭𝟲:𝟯𝟬
⏰ Last Name: ⌥ 𝟭𝟲:𝟯𝟭
⏰ Last Name: ⌥ 𝟭𝟲:𝟯𝟮
💜 Auto React [user:6958501715]: ❤️
💜 Auto React [user:6958501715]: ❤️
💜 Auto React [user:6958501715]: ❤️
⏰ Last Name: ⌥ 𝟭𝟲:𝟯𝟯
💜 Auto React [user:6958501715]: ❤️
⏰ Last Name: ⌥ 𝟭𝟲:𝟯𝟰
⏰ Last Name: ⌥ 𝟭𝟲:𝟯𝟱
💜 Auto React [user:8944291576]: 🍌
💜 Auto React [user:8944291576]: 🍌
⏰ Last Name: ⌥ 𝟭𝟲:𝟯𝟲
⏰ Last Name: ⌥ 𝟭𝟲:𝟯𝟳
⏰ Last Name: ⌥ 𝟭𝟲:𝟯𝟴
⏰ Last Name: ⌥ 𝟭𝟲:𝟯𝟵
⏰ Last Name: ⌥ 𝟭𝟲:𝟰𝟬
⏰ Last Name: ⌥ 𝟭𝟲:𝟰𝟭
⏰ Last Name: ⌥ 𝟭𝟲:𝟰𝟮
⏰ Last Name: ⌥ 𝟭𝟲:𝟰𝟯
⏰ Last Name: ⌥ 𝟭𝟲:𝟰𝟰
💜 Auto React [user:8944291576]: 🍌
⏰ Last Name: ⌥ 𝟭𝟲:𝟰𝟱
💜 Auto React [user:8944291576]: 🍌
💜 Auto React [user:8944291576]: 🍌
⏰ Last Name: ⌥ 𝟭𝟲:𝟰𝟲
⏰ Last Name: ⌥ 𝟭𝟲:𝟰𝟳
⏰ Last Name: ⌥ 𝟭𝟲:𝟰𝟴
⏰ Last Name: ⌥ 𝟭𝟲:𝟰𝟵
⏰ Last Name: ⌥ 𝟭𝟲:𝟱𝟬
⏰ Last Name: ⌥ 𝟭𝟲:𝟱𝟭
⏰ Last Name: ⌥ 𝟭𝟲:𝟱𝟮
⏰ Last Name: ⌥ 𝟭𝟲:𝟱𝟯
⏰ Last Name: ⌥ 𝟭𝟲:𝟱𝟰
⏰ Last Name: ⌥ 𝟭𝟲:𝟱𝟱
⏰ Last Name: ⌥ 𝟭𝟲:𝟱𝟲
⏰ Last Name: ⌥ 𝟭𝟲:𝟱𝟳
⏰ Last Name: ⌥ 𝟭𝟲:𝟱𝟴
⏰ Last Name: ⌥ 𝟭𝟲:𝟱𝟵
⏰ Last Name: ⌥ 𝟭𝟳:𝟬𝟬
⏰ Last Name: ⌥ 𝟭𝟳:𝟬𝟭
⏰ Last Name: ⌥ 𝟭𝟳:𝟬𝟮
⏰ Last Name: ⌥ 𝟭𝟳:𝟬𝟯
⏰ Last Name: ⌥ 𝟭𝟳:𝟬𝟰
⏰ Last Name: ⌥ 𝟭𝟳:𝟬𝟱
⏰ Last Name: ⌥ 𝟭𝟳:𝟬𝟲
⏰ Last Name: ⌥ 𝟭𝟳:𝟬𝟳
⏰ Last Name: ⌥ 𝟭𝟳:𝟬𝟴
⏰ Last Name: ⌥ 𝟭𝟳:𝟬𝟵
⏰ Last Name: ⌥ 𝟭𝟳:𝟭𝟬
⏰ Last Name: ⌥ 𝟭𝟳:𝟭𝟭
⏰ Last Name: ⌥ 𝟭𝟳:𝟭𝟮
⏰ Last Name: ⌥ 𝟭𝟳:𝟭𝟯
⏰ Last Name: ⌥ 𝟭𝟳:𝟭𝟰
⏰ Last Name: ⌥ 𝟭𝟳:𝟭𝟱
⏰ Last Name: ⌥ 𝟭𝟳:𝟭𝟲
⏰ Last Name: ⌥ 𝟭𝟳:𝟭𝟳
⏰ Last Name: ⌥ 𝟭𝟳:𝟭𝟴
⏰ Last Name: ⌥ 𝟭𝟳:𝟭𝟵
⏰ Last Name: ⌥ 𝟭𝟳:𝟮𝟬
⏰ Last Name: ⌥ 𝟭𝟳:𝟮𝟭
⏰ Last Name: ⌥ 𝟭𝟳:𝟮𝟮
⏰ Last Name: ⌥ 𝟭𝟳:𝟮𝟯
⏰ Last Name: ⌥ 𝟭𝟳:𝟮𝟰
⏰ Last Name: ⌥ 𝟭𝟳:𝟮𝟱
⏰ Last Name: ⌥ 𝟭𝟳:𝟮𝟲
⏰ Last Name: ⌥ 𝟭𝟳:𝟮𝟳
⏰ Last Name: ⌥ 𝟭𝟳:𝟮𝟴
⏰ Last Name: ⌥ 𝟭𝟳:𝟮𝟵
⏰ Last Name: ⌥ 𝟭𝟳:𝟯𝟬
⏰ Last Name: ⌥ 𝟭𝟳:𝟯𝟭
⏰ Last Name: ⌥ 𝟭𝟳:𝟯𝟮
⏰ Last Name: ⌥ 𝟭𝟳:𝟯𝟯
⏰ Last Name: ⌥ 𝟭𝟳:𝟯𝟰
⏰ Last Name: ⌥ 𝟭𝟳:𝟯𝟱
⏰ Last Name: ⌥ 𝟭𝟳:𝟯𝟲
⏰ Last Name: ⌥ 𝟭𝟳:𝟯𝟳
⏰ Last Name: ⌥ 𝟭𝟳:𝟯𝟴
⏰ Last Name: ⌥ 𝟭𝟳:𝟯𝟵
⏰ Last Name: ⌥ 𝟭𝟳:𝟰𝟬
⏰ Last Name: ⌥ 𝟭𝟳:𝟰𝟭
⏰ Last Name: ⌥ 𝟭𝟳:𝟰𝟮
⏰ Last Name: ⌥ 𝟭𝟳:𝟰𝟯Telegram is having internal issues RpcCallFailError: Telegram is having internal issues, please try again later. (caused by UpdateProfileRequest)
Telegram is having internal issues RpcCallFailError: Telegram is having internal issues, please try again later. (caused by UpdateProfileRequest)
Telegram is having internal issues RpcCallFailError: Telegram is having internal issues, please try again later. (caused by UpdateProfileRequest)

⏰ Last Name: ⌥ 𝟭𝟳:𝟰𝟰
⏰ Last Name: ⌥ 𝟭𝟳:𝟰𝟱
⏰ Last Name: ⌥ 𝟭𝟳:𝟰𝟲
⏰ Last Name: ⌥ 𝟭𝟳:𝟰𝟳
⏰ Last Name: ⌥ 𝟭𝟳:𝟰𝟴
⏰ Last Name: ⌥ 𝟭𝟳:𝟰𝟵
⏰ Last Name: ⌥ 𝟭𝟳:𝟱𝟬
⏰ Last Name: ⌥ 𝟭𝟳:𝟱𝟭
⏰ Last Name: ⌥ 𝟭𝟳:𝟱𝟮
⏰ Last Name: ⌥ 𝟭𝟳:𝟱𝟯
⏰ Last Name: ⌥ 𝟭𝟳:𝟱𝟰
⏰ Last Name: ⌥ 𝟭𝟳:𝟱𝟱
⏰ Last Name: ⌥ 𝟭𝟳:𝟱𝟲
⏰ Last Name: ⌥ 𝟭𝟳:𝟱𝟳
⏰ Last Name: ⌥ 𝟭𝟳:𝟱𝟴
⏰ Last Name: ⌥ 𝟭𝟳:𝟱𝟵
⏰ Last Name: ⌥ 𝟭𝟴:𝟬𝟬
⏰ Last Name: ⌥ 𝟭𝟴:𝟬𝟭
⏰ Last Name: ⌥ 𝟭𝟴:𝟬𝟮
⏰ Last Name: ⌥ 𝟭𝟴:𝟬𝟯
⏰ Last Name: ⌥ 𝟭𝟴:𝟬𝟰
⏰ Last Name: ⌥ 𝟭𝟴:𝟬𝟱
⏰ Last Name: ⌥ 𝟭𝟴:𝟬𝟲
⏰ Last Name: ⌥ 𝟭𝟴:𝟬𝟳
⏰ Last Name: ⌥ 𝟭𝟴:𝟬𝟴
⏰ Last Name: ⌥ 𝟭𝟴:𝟬𝟵
⏰ Last Name: ⌥ 𝟭𝟴:𝟭𝟬
⏰ Last Name: ⌥ 𝟭𝟴:𝟭𝟭
⏰ Last Name: ⌥ 𝟭𝟴:𝟭𝟮
⏰ Last Name: ⌥ 𝟭𝟴:𝟭𝟯
⏰ Last Name: ⌥ 𝟭𝟴:𝟭𝟰
⏰ Last Name: ⌥ 𝟭𝟴:𝟭𝟱
⏰ Last Name: ⌥ 𝟭𝟴:𝟭𝟲
⏰ Last Name: ⌥ 𝟭𝟴:𝟭𝟳
⏰ Last Name: ⌥ 𝟭𝟴:𝟭𝟴
⏰ Last Name: ⌥ 𝟭𝟴:𝟭𝟵
⏰ Last Name: ⌥ 𝟭𝟴:𝟮𝟬
⏰ Last Name: ⌥ 𝟭𝟴:𝟮𝟭
⏰ Last Name: ⌥ 𝟭𝟴:𝟮𝟮
⏰ Last Name: ⌥ 𝟭𝟴:𝟮𝟯
⏰ Last Name: ⌥ 𝟭𝟴:𝟮𝟰
⏰ Last Name: ⌥ 𝟭𝟴:𝟮𝟱
⏰ Last Name: ⌥ 𝟭𝟴:𝟮𝟲
⏰ Last Name: ⌥ 𝟭𝟴:𝟮𝟳
⏰ Last Name: ⌥ 𝟭𝟴:𝟮𝟴
⏰ Last Name: ⌥ 𝟭𝟴:𝟮𝟵
⏰ Last Name: ⌥ 𝟭𝟴:𝟯𝟬
⏰ Last Name: ⌥ 𝟭𝟴:𝟯𝟭
⏰ Last Name: ⌥ 𝟭𝟴:𝟯𝟮
⏰ Last Name: ⌥ 𝟭𝟴:𝟯𝟯
⏰ Last Name: ⌥ 𝟭𝟴:𝟯𝟰
⏰ Last Name: ⌥ 𝟭𝟴:𝟯𝟱
⏰ Last Name: ⌥ 𝟭𝟴:𝟯𝟲
⏰ Last Name: ⌥ 𝟭𝟴:𝟯𝟳
⏰ Last Name: ⌥ 𝟭𝟴:𝟯𝟴
⏰ Last Name: ⌥ 𝟭𝟴:𝟯𝟵
⏰ Last Name: ⌥ 𝟭𝟴:𝟰𝟬
⏰ Last Name: ⌥ 𝟭𝟴:𝟰𝟭
⏰ Last Name: ⌥ 𝟭𝟴:𝟰𝟮
⏰ Last Name: ⌥ 𝟭𝟴:𝟰𝟯
⏰ Last Name: ⌥ 𝟭𝟴:𝟰𝟰
⏰ Last Name: ⌥ 𝟭𝟴:𝟰𝟱
⏰ Last Name: ⌥ 𝟭𝟴:𝟰𝟲
⏰ Last Name: ⌥ 𝟭𝟴:𝟰𝟳
⏰ Last Name: ⌥ 𝟭𝟴:𝟰𝟴
⏰ Last Name: ⌥ 𝟭𝟴:𝟰𝟵
⏰ Last Name: ⌥ 𝟭𝟴:𝟱𝟬
⏰ Last Name: ⌥ 𝟭𝟴:𝟱𝟭
⏰ Last Name: ⌥ 𝟭𝟴:𝟱𝟮
⏰ Last Name: ⌥ 𝟭𝟴:𝟱𝟯
⏰ Last Name: ⌥ 𝟭𝟴:𝟱𝟰
⏰ Last Name: ⌥ 𝟭𝟴:𝟱𝟱
⏰ Last Name: ⌥ 𝟭𝟴:𝟱𝟲
⏰ Last Name: ⌥ 𝟭𝟴:𝟱𝟳
⏰ Last Name: ⌥ 𝟭𝟴:𝟱𝟴
⏰ Last Name: ⌥ 𝟭𝟴:𝟱𝟵
⏰ Last Name: ⌥ 𝟭𝟵:𝟬𝟬
⏰ Last Name: ⌥ 𝟭𝟵:𝟬𝟭
⏰ Last Name: ⌥ 𝟭𝟵:𝟬𝟮
⏰ Last Name: ⌥ 𝟭𝟵:𝟬𝟯
⏰ Last Name: ⌥ 𝟭𝟵:𝟬𝟰
⏰ Last Name: ⌥ 𝟭𝟵:𝟬𝟱
⏰ Last Name: ⌥ 𝟭𝟵:𝟬𝟲
⏰ Last Name: ⌥ 𝟭𝟵:𝟬𝟳
⏰ Last Name: ⌥ 𝟭𝟵:𝟬𝟴
⏰ Last Name: ⌥ 𝟭𝟵:𝟬𝟵
⏰ Last Name: ⌥ 𝟭𝟵:𝟭𝟬
⏰ Last Name: ⌥ 𝟭𝟵:𝟭𝟭
⏰ Last Name: ⌥ 𝟭𝟵:𝟭𝟮
⏰ Last Name: ⌥ 𝟭𝟵:𝟭𝟯
⏰ Last Name: ⌥ 𝟭𝟵:𝟭𝟰
⏰ Last Name: ⌥ 𝟭𝟵:𝟭𝟱
⏰ Last Name: ⌥ 𝟭𝟵:𝟭𝟲
⏰ Last Name: ⌥ 𝟭𝟵:𝟭𝟳
⏰ Last Name: ⌥ 𝟭𝟵:𝟭𝟴
⏰ Last Name: ⌥ 𝟭𝟵:𝟭𝟵
⏰ Last Name: ⌥ 𝟭𝟵:𝟮𝟬
⏰ Last Name: ⌥ 𝟭𝟵:𝟮𝟭
⏰ Last Name: ⌥ 𝟭𝟵:𝟮𝟮
⏰ Last Name: ⌥ 𝟭𝟵:𝟮𝟯
⏰ Last Name: ⌥ 𝟭𝟵:𝟮𝟰
⏰ Last Name: ⌥ 𝟭𝟵:𝟮𝟱
⏰ Last Name: ⌥ 𝟭𝟵:𝟮𝟲
⏰ Last Name: ⌥ 𝟭𝟵:𝟮𝟳
⏰ Last Name: ⌥ 𝟭𝟵:𝟮𝟴
💜 Auto React [user:6990187779]: ❤️
⏰ Last Name: ⌥ 𝟭𝟵:𝟮𝟵
⏰ Last Name: ⌥ 𝟭𝟵:𝟯𝟬
⏰ Last Name: ⌥ 𝟭𝟵:𝟯𝟭
⏰ Last Name: ⌥ 𝟭𝟵:𝟯𝟮
⏰ Last Name: ⌥ 𝟭𝟵:𝟯𝟯
⏰ Last Name: ⌥ 𝟭𝟵:𝟯𝟰
💜 Auto React [user:8944291576]: 🍌
💜 Auto React [user:6990187779]: ❤️
⏰ Last Name: ⌥ 𝟭𝟵:𝟯𝟱
⏰ Last Name: ⌥ 𝟭𝟵:𝟯𝟲
⏰ Last Name: ⌥ 𝟭𝟵:𝟯𝟳
⏰ Last Name: ⌥ 𝟭𝟵:𝟯𝟴
⏰ Last Name: ⌥ 𝟭𝟵:𝟯𝟵
⏰ Last Name: ⌥ 𝟭𝟵:𝟰𝟬
⏰ Last Name: ⌥ 𝟭𝟵:𝟰𝟭
⏰ Last Name: ⌥ 𝟭𝟵:𝟰𝟮
⏰ Last Name: ⌥ 𝟭𝟵:𝟰𝟯
⏰ Last Name: ⌥ 𝟭𝟵:𝟰𝟰
⏰ Last Name: ⌥ 𝟭𝟵:𝟰𝟱
⏰ Last Name: ⌥ 𝟭𝟵:𝟰𝟲
💜 Auto React [user:6990187779]: ❤️
⏰ Last Name: ⌥ 𝟭𝟵:𝟰𝟳
⏰ Last Name: ⌥ 𝟭𝟵:𝟰𝟴
⏰ Last Name: ⌥ 𝟭𝟵:𝟰𝟵
⏰ Last Name: ⌥ 𝟭𝟵:𝟱𝟬
⏰ Last Name: ⌥ 𝟭𝟵:𝟱𝟭
⏰ Last Name: ⌥ 𝟭𝟵:𝟱𝟮
⏰ Last Name: ⌥ 𝟭𝟵:𝟱𝟯
⏰ Last Name: ⌥ 𝟭𝟵:𝟱𝟰
⏰ Last Name: ⌥ 𝟭𝟵:𝟱𝟱
⏰ Last Name: ⌥ 𝟭𝟵:𝟱𝟲
⏰ Last Name: ⌥ 𝟭𝟵:𝟱𝟳
⏰ Last Name: ⌥ 𝟭𝟵:𝟱𝟴
⏰ Last Name: ⌥ 𝟭𝟵:𝟱𝟵
⏰ Last Name: ⌥ 𝟮𝟬:𝟬𝟬
⏰ Last Name: ⌥ 𝟮𝟬:𝟬𝟭
⏰ Last Name: ⌥ 𝟮𝟬:𝟬𝟮
⏰ Last Name: ⌥ 𝟮𝟬:𝟬𝟯
⏰ Last Name: ⌥ 𝟮𝟬:𝟬𝟰
💜 Auto React [user:8944291576]: 🍌
💜 Auto React [user:8944291576]: 🍌
⏰ Last Name: ⌥ 𝟮𝟬:𝟬𝟱
💜 Auto React [user:6958501715]: ❤️
⏰ Last Name: ⌥ 𝟮𝟬:𝟬𝟲
⏰ Last Name: ⌥ 𝟮𝟬:𝟬𝟳
⏰ Last Name: ⌥ 𝟮𝟬:𝟬𝟴
⏰ Last Name: ⌥ 𝟮𝟬:𝟬𝟵
⏰ Last Name: ⌥ 𝟮𝟬:𝟭𝟬
💜 Auto React [user:8944291576]: 🍌
⏰ Last Name: ⌥ 𝟮𝟬:𝟭𝟭
⏰ Last Name: ⌥ 𝟮𝟬:𝟭𝟮
⏰ Last Name: ⌥ 𝟮𝟬:𝟭𝟯
⏰ Last Name: ⌥ 𝟮𝟬:𝟭𝟰
⏰ Last Name: ⌥ 𝟮𝟬:𝟭𝟱
⏰ Last Name: ⌥ 𝟮𝟬:𝟭𝟲
⏰ Last Name: ⌥ 𝟮𝟬:𝟭𝟳
⏰ Last Name: ⌥ 𝟮𝟬:𝟭𝟴
⏰ Last Name: ⌥ 𝟮𝟬:𝟭𝟵
⏰ Last Name: ⌥ 𝟮𝟬:𝟮𝟬
⏰ Last Name: ⌥ 𝟮𝟬:𝟮𝟭
⏰ Last Name: ⌥ 𝟮𝟬:𝟮𝟮
⏰ Last Name: ⌥ 𝟮𝟬:𝟮𝟯
⏰ Last Name: ⌥ 𝟮𝟬:𝟮𝟰
⏰ Last Name: ⌥ 𝟮𝟬:𝟮𝟱
⏰ Last Name: ⌥ 𝟮𝟬:𝟮𝟲
💜 Auto React [user:8944291576]: 🍌
💜 Auto React [user:8944291576]: 🍌
⏰ Last Name: ⌥ 𝟮𝟬:𝟮𝟳
⏰ Last Name: ⌥ 𝟮𝟬:𝟮𝟴
⏰ Last Name: ⌥ 𝟮𝟬:𝟮𝟵
⏰ Last Name: ⌥ 𝟮𝟬:𝟯𝟬
💜 Auto React [user:8944291576]: 🍌
💜 Auto React [user:8944291576]: 🍌
⏰ Last Name: ⌥ 𝟮𝟬:𝟯𝟭
⏰ Last Name: ⌥ 𝟮𝟬:𝟯𝟮
⏰ Last Name: ⌥ 𝟮𝟬:𝟯𝟯
⏰ Last Name: ⌥ 𝟮𝟬:𝟯𝟰
💜 Auto React [user:8944291576]: 🍌
⏰ Last Name: ⌥ 𝟮𝟬:𝟯𝟱
⏰ Last Name: ⌥ 𝟮𝟬:𝟯𝟲
💜 Auto React [user:8944291576]: 🍌
⏰ Last Name: ⌥ 𝟮𝟬:𝟯𝟳
⏰ Last Name: ⌥ 𝟮𝟬:𝟯𝟴
💜 Auto React [user:8944291576]: 🍌
⏰ Last Name: ⌥ 𝟮𝟬:𝟯𝟵
⏰ Last Name: ⌥ 𝟮𝟬:𝟰𝟬
⏰ Last Name: ⌥ 𝟮𝟬:𝟰𝟭
⏰ Last Name: ⌥ 𝟮𝟬:𝟰𝟮
⏰ Last Name: ⌥ 𝟮𝟬:𝟰𝟯
⏰ Last Name: ⌥ 𝟮𝟬:𝟰𝟰
⏰ Last Name: ⌥ 𝟮𝟬:𝟰𝟱
⏰ Last Name: ⌥ 𝟮𝟬:𝟰𝟲
⏰ Last Name: ⌥ 𝟮𝟬:𝟰𝟳
⏰ Last Name: ⌥ 𝟮𝟬:𝟰𝟴
⏰ Last Name: ⌥ 𝟮𝟬:𝟰𝟵
⏰ Last Name: ⌥ 𝟮𝟬:𝟱𝟬
⏰ Last Name: ⌥ 𝟮𝟬:𝟱𝟭
⏰ Last Name: ⌥ 𝟮𝟬:𝟱𝟮
⏰ Last Name: ⌥ 𝟮𝟬:𝟱𝟯
⏰ Last Name: ⌥ 𝟮𝟬:𝟱𝟰
⏰ Last Name: ⌥ 𝟮𝟬:𝟱𝟱
⏰ Last Name: ⌥ 𝟮𝟬:𝟱𝟲
⏰ Last Name: ⌥ 𝟮𝟬:𝟱𝟳
⏰ Last Name: ⌥ 𝟮𝟬:𝟱𝟴
⏰ Last Name: ⌥ 𝟮𝟬:𝟱𝟵
⏰ Last Name: ⌥ 𝟮𝟭:𝟬𝟬
⏰ Last Name: ⌥ 𝟮𝟭:𝟬𝟭
⏰ Last Name: ⌥ 𝟮𝟭:𝟬𝟮
⏰ Last Name: ⌥ 𝟮𝟭:𝟬𝟯
⏰ Last Name: ⌥ 𝟮𝟭:𝟬𝟰
⏰ Last Name: ⌥ 𝟮𝟭:𝟬𝟱
⏰ Last Name: ⌥ 𝟮𝟭:𝟬𝟲
⏰ Last Name: ⌥ 𝟮𝟭:𝟬𝟳
⏰ Last Name: ⌥ 𝟮𝟭:𝟬𝟴
⏰ Last Name: ⌥ 𝟮𝟭:𝟬𝟵
⏰ Last Name: ⌥ 𝟮𝟭:𝟭𝟬
⏰ Last Name: ⌥ 𝟮𝟭:𝟭𝟭
⏰ Last Name: ⌥ 𝟮𝟭:𝟭𝟮
⏰ Last Name: ⌥ 𝟮𝟭:𝟭𝟯
⏰ Last Name: ⌥ 𝟮𝟭:𝟭𝟰
⏰ Last Name: ⌥ 𝟮𝟭:𝟭𝟱
⏰ Last Name: ⌥ 𝟮𝟭:𝟭𝟲
⏰ Last Name: ⌥ 𝟮𝟭:𝟭𝟳
⏰ Last Name: ⌥ 𝟮𝟭:𝟭𝟴
⏰ Last Name: ⌥ 𝟮𝟭:𝟭𝟵
⏰ Last Name: ⌥ 𝟮𝟭:𝟮𝟬
⏰ Last Name: ⌥ 𝟮𝟭:𝟮𝟭
⏰ Last Name: ⌥ 𝟮𝟭:𝟮𝟮
⏰ Last Name: ⌥ 𝟮𝟭:𝟮𝟯
⏰ Last Name: ⌥ 𝟮𝟭:𝟮𝟰
⏰ Last Name: ⌥ 𝟮𝟭:𝟮𝟱
⏰ Last Name: ⌥ 𝟮𝟭:𝟮𝟲
⏰ Last Name: ⌥ 𝟮𝟭:𝟮𝟳
⏰ Last Name: ⌥ 𝟮𝟭:𝟮𝟴
⏰ Last Name: ⌥ 𝟮𝟭:𝟮𝟵
⏰ Last Name: ⌥ 𝟮𝟭:𝟯𝟬
⏰ Last Name: ⌥ 𝟮𝟭:𝟯𝟭
⏰ Last Name: ⌥ 𝟮𝟭:𝟯𝟮
⏰ Last Name: ⌥ 𝟮𝟭:𝟯𝟯
⏰ Last Name: ⌥ 𝟮𝟭:𝟯𝟰
⏰ Last Name: ⌥ 𝟮𝟭:𝟯𝟱
⏰ Last Name: ⌥ 𝟮𝟭:𝟯𝟲
⏰ Last Name: ⌥ 𝟮𝟭:𝟯𝟳
⏰ Last Name: ⌥ 𝟮𝟭:𝟯𝟴
⏰ Last Name: ⌥ 𝟮𝟭:𝟯𝟵
⏰ Last Name: ⌥ 𝟮𝟭:𝟰𝟬
⏰ Last Name: ⌥ 𝟮𝟭:𝟰𝟭
⏰ Last Name: ⌥ 𝟮𝟭:𝟰𝟮
⏰ Last Name: ⌥ 𝟮𝟭:𝟰𝟯
⏰ Last Name: ⌥ 𝟮𝟭:𝟰𝟰
⏰ Last Name: ⌥ 𝟮𝟭:𝟰𝟱
⏰ Last Name: ⌥ 𝟮𝟭:𝟰𝟲
⏰ Last Name: ⌥ 𝟮𝟭:𝟰𝟳
⏰ Last Name: ⌥ 𝟮𝟭:𝟰𝟴
⏰ Last Name: ⌥ 𝟮𝟭:𝟰𝟵
⏰ Last Name: ⌥ 𝟮𝟭:𝟱𝟬
⏰ Last Name: ⌥ 𝟮𝟭:𝟱𝟭
⏰ Last Name: ⌥ 𝟮𝟭:𝟱𝟮
⏰ Last Name: ⌥ 𝟮𝟭:𝟱𝟯
⏰ Last Name: ⌥ 𝟮𝟭:𝟱𝟰
⏰ Last Name: ⌥ 𝟮𝟭:𝟱𝟱
💜 Auto React [user:6958501715]: ❤️
⏰ Last Name: ⌥ 𝟮𝟭:𝟱𝟲
⏰ Last Name: ⌥ 𝟮𝟭:𝟱𝟳
💜 Auto React [user:6958501715]: ❤️
💜 Auto React [user:6958501715]: ❤️
⏰ Last Name: ⌥ 𝟮𝟭:𝟱𝟴
💜 Auto React [user:6958501715]: ❤️
💜 Auto React [user:6958501715]: ❤️
⏰ Last Name: ⌥ 𝟮𝟭:𝟱𝟵
⏰ Last Name: ⌥ 𝟮𝟮:𝟬𝟬
⏰ Last Name: ⌥ 𝟮𝟮:𝟬𝟭
⏰ Last Name: ⌥ 𝟮𝟮:𝟬𝟮
⏰ Last Name: ⌥ 𝟮𝟮:𝟬𝟯
⏰ Last Name: ⌥ 𝟮𝟮:𝟬𝟰
⏰ Last Name: ⌥ 𝟮𝟮:𝟬𝟱
⏰ Last Name: ⌥ 𝟮𝟮:𝟬𝟲
⏰ Last Name: ⌥ 𝟮𝟮:𝟬𝟳
💜 Auto React [user:8944291576]: 🍌
⏰ Last Name: ⌥ 𝟮𝟮:𝟬𝟴
⏰ Last Name: ⌥ 𝟮𝟮:𝟬𝟵
⏰ Last Name: ⌥ 𝟮𝟮:𝟭𝟬
💜 Auto React [user:8944291576]: 🍌
⏰ Last Name: ⌥ 𝟮𝟮:𝟭𝟭
⏰ Last Name: ⌥ 𝟮𝟮:𝟭𝟮
⏰ Last Name: ⌥ 𝟮𝟮:𝟭𝟯
⏰ Last Name: ⌥ 𝟮𝟮:𝟭𝟰
⏰ Last Name: ⌥ 𝟮𝟮:𝟭𝟱
💜 Auto React [user:8944291576]: 🍌
⏰ Last Name: ⌥ 𝟮𝟮:𝟭𝟲
⏰ Last Name: ⌥ 𝟮𝟮:𝟭𝟳
⏰ Last Name: ⌥ 𝟮𝟮:𝟭𝟴
💜 Auto React [user:8944291576]: 🍌
⏰ Last Name: ⌥ 𝟮𝟮:𝟭𝟵
💜 Auto React [user:8944291576]: 🍌
⏰ Last Name: ⌥ 𝟮𝟮:𝟮𝟬
💜 Auto React [user:8944291576]: 🍌
⏰ Last Name: ⌥ 𝟮𝟮:𝟮𝟭
⏰ Last Name: ⌥ 𝟮𝟮:𝟮𝟮
⏰ Last Name: ⌥ 𝟮𝟮:𝟮𝟯
⏰ Last Name: ⌥ 𝟮𝟮:𝟮𝟰
⏰ Last Name: ⌥ 𝟮𝟮:𝟮𝟱
⏰ Last Name: ⌥ 𝟮𝟮:𝟮𝟲
⏰ Last Name: ⌥ 𝟮𝟮:𝟮𝟳
⏰ Last Name: ⌥ 𝟮𝟮:𝟮𝟴
⏰ Last Name: ⌥ 𝟮𝟮:𝟮𝟵
💜 Auto React [user:8944291576]: 🍌
⏰ Last Name: ⌥ 𝟮𝟮:𝟯𝟬
💜 Auto React [user:8944291576]: 🍌
💜 Auto React [user:8944291576]: 🍌
⏰ Last Name: ⌥ 𝟮𝟮:𝟯𝟭
⏰ Last Name: ⌥ 𝟮𝟮:𝟯𝟮
💜 Auto React [user:8944291576]: 🍌
⏰ Last Name: ⌥ 𝟮𝟮:𝟯𝟯
⏰ Last Name: ⌥ 𝟮𝟮:𝟯𝟰
⏰ Last Name: ⌥ 𝟮𝟮:𝟯𝟱
💜 Auto React [user:8944291576]: 🍌
💜 Auto React [user:8944291576]: 🍌
💜 Auto React [user:8944291576]: 🍌
⏰ Last Name: ⌥ 𝟮𝟮:𝟯𝟲
⏰ Last Name: ⌥ 𝟮𝟮:𝟯𝟳
⏰ Last Name: ⌥ 𝟮𝟮:𝟯𝟴
⏰ Last Name: ⌥ 𝟮𝟮:𝟯𝟵
⏰ Last Name: ⌥ 𝟮𝟮:𝟰𝟬
⏰ Last Name: ⌥ 𝟮𝟮:𝟰𝟭
💜 Auto React [user:8944291576]: 🍌
⏰ Last Name: ⌥ 𝟮𝟮:𝟰𝟮
💜 Auto React [user:6990187779]: ❤️
💜 Auto React [user:8944291576]: 🍌
💜 Auto React [user:6990187779]: ❤️
💜 Auto React [user:8944291576]: 🍌
💜 Auto React [user:6990187779]: ❤️
💜 Auto React [user:8944291576]: 🍌
⏰ Last Name: ⌥ 𝟮𝟮:𝟰𝟯
⏰ Last Name: ⌥ 𝟮𝟮:𝟰𝟰
⏰ Last Name: ⌥ 𝟮𝟮:𝟰𝟱
💜 Auto React [user:8944291576]: 🍌
⏰ Last Name: ⌥ 𝟮𝟮:𝟰𝟲
⏰ Last Name: ⌥ 𝟮𝟮:𝟰𝟳
⏰ Last Name: ⌥ 𝟮𝟮:𝟰𝟴
💜 Auto React [user:8944291576]: 🍌
⏰ Last Name: ⌥ 𝟮𝟮:𝟰𝟵
⏰ Last Name: ⌥ 𝟮𝟮:𝟱𝟬
💜 Auto React [user:8944291576]: 🍌
💜 Auto React [user:8944291576]: 🍌
⏰ Last Name: ⌥ 𝟮𝟮:𝟱𝟭
⏰ Last Name: ⌥ 𝟮𝟮:𝟱𝟮
⏰ Last Name: ⌥ 𝟮𝟮:𝟱𝟯
⏰ Last Name: ⌥ 𝟮𝟮:𝟱𝟰
⏰ Last Name: ⌥ 𝟮𝟮:𝟱𝟱
⏰ Last Name: ⌥ 𝟮𝟮:𝟱𝟲
💜 Auto React [user:6990187779]: ❤️
💜 Auto React [user:6990187779]: ❤️
⏰ Last Name: ⌥ 𝟮𝟮:𝟱𝟳
💜 Auto React [user:6990187779]: ❤️
⏰ Last Name: ⌥ 𝟮𝟮:𝟱𝟴
💜 Auto React [user:6990187779]: ❤️
⏰ Last Name: ⌥ 𝟮𝟮:𝟱𝟵
💜 Auto React [user:6990187779]: ❤️
💜 Auto React [user:6990187779]: ❤️
💜 Auto React [user:8944291576]: 🍌
💜 Auto React [user:6990187779]: ❤️
💜 Auto React [user:6990187779]: ❤️
⏰ Last Name: ⌥ 𝟮𝟯:𝟬𝟬
⏰ Last Name: ⌥ 𝟮𝟯:𝟬𝟭
💜 Auto React [user:6990187779]: ❤️
💜 Auto React [user:6990187779]: ❤️
⏰ Last Name: ⌥ 𝟮𝟯:𝟬𝟮
⏰ Last Name: ⌥ 𝟮𝟯:𝟬𝟯
⏰ Last Name: ⌥ 𝟮𝟯:𝟬𝟰
💜 Auto React [user:8944291576]: 🍌
⏰ Last Name: ⌥ 𝟮𝟯:𝟬𝟱
💜 Auto React [user:8944291576]: 🍌
⏰ Last Name: ⌥ 𝟮𝟯:𝟬𝟲
⏰ Last Name: ⌥ 𝟮𝟯:𝟬𝟳
⏰ Last Name: ⌥ 𝟮𝟯:𝟬𝟴
⏰ Last Name: ⌥ 𝟮𝟯:𝟬𝟵
⏰ Last Name: ⌥ 𝟮𝟯:𝟭𝟬
💜 Auto React [user:8944291576]: 🍌
⏰ Last Name: ⌥ 𝟮𝟯:𝟭𝟭
💜 Auto React [user:6958501715]: ❤️
💜 Auto React [user:6958501715]: ❤️
💜 Auto React [user:6958501715]: ❤️
💜 Auto React [user:6958501715]: ❤️
💜 Auto React [user:6958501715]: ❤️
⏰ Last Name: ⌥ 𝟮𝟯:𝟭𝟮
⏰ Last Name: ⌥ 𝟮𝟯:𝟭𝟯
💜 Auto React [user:6990187779]: ❤️
💜 Auto React [user:6990187779]: ❤️
💜 Auto React [user:8944291576]: 🍌
💜 Auto React [user:8944291576]: 🍌
⏰ Last Name: ⌥ 𝟮𝟯:𝟭𝟰
💜 Auto React [user:6958501715]: ❤️
💜 Auto React [user:8944291576]: 🍌
⏰ Last Name: ⌥ 𝟮𝟯:𝟭𝟱
💜 Auto React [user:6958501715]: ❤️
💜 Auto React [user:8944291576]: 🍌
💜 Auto React [user:8944291576]: 🍌
💜 Auto React [user:6990187779]: ❤️
💜 Auto React [user:6990187779]: ❤️
⏰ Last Name: ⌥ 𝟮𝟯:𝟭𝟲
💜 Auto React [user:6958501715]: ❤️
💜 Auto React [user:6958501715]: ❤️
⏰ Last Name: ⌥ 𝟮𝟯:𝟭𝟳
⏰ Last Name: ⌥ 𝟮𝟯:𝟭𝟴
⏰ Last Name: ⌥ 𝟮𝟯:𝟭𝟵
💜 Auto React [user:8944291576]: 🍌
⏰ Last Name: ⌥ 𝟮𝟯:𝟮𝟬
⏰ Last Name: ⌥ 𝟮𝟯:𝟮𝟭
💜 Auto React [user:8944291576]: 🍌
⏰ Last Name: ⌥ 𝟮𝟯:𝟮𝟮
⏰ Last Name: ⌥ 𝟮𝟯:𝟮𝟯
⏰ Last Name: ⌥ 𝟮𝟯:𝟮𝟰
💜 Auto React [user:6990187779]: ❤️
⏰ Last Name: ⌥ 𝟮𝟯:𝟮𝟱
💜 Auto React [user:8944291576]: 🍌
⏰ Last Name: ⌥ 𝟮𝟯:𝟮𝟲
⏰ Last Name: ⌥ 𝟮𝟯:𝟮𝟳
⏰ Last Name: ⌥ 𝟮𝟯:𝟮𝟴
⏰ Last Name: ⌥ 𝟮𝟯:𝟮𝟵
💜 Auto React [user:8944291576]: 🍌
💜 Auto React [user:8944291576]: 🍌
💜 Auto React [user:8944291576]: 🍌
⏰ Last Name: ⌥ 𝟮𝟯:𝟯𝟬
💜 Auto React [user:8944291576]: 🍌
⏰ Last Name: ⌥ 𝟮𝟯:𝟯𝟭
⏰ Last Name: ⌥ 𝟮𝟯:𝟯𝟮
💜 Auto React [user:8944291576]: 🍌
⏰ Last Name: ⌥ 𝟮𝟯:𝟯𝟯
⏰ Last Name: ⌥ 𝟮𝟯:𝟯𝟰
⏰ Last Name: ⌥ 𝟮𝟯:𝟯𝟱
💜 Auto React [user:8944291576]: 🍌
⏰ Last Name: ⌥ 𝟮𝟯:𝟯𝟲
⏰ Last Name: ⌥ 𝟮𝟯:𝟯𝟳
⏰ Last Name: ⌥ 𝟮𝟯:𝟯𝟴
⏰ Last Name: ⌥ 𝟮𝟯:𝟯𝟵
⏰ Last Name: ⌥ 𝟮𝟯:𝟰𝟬
💜 Auto React [user:8944291576]: 🍌
⏰ Last Name: ⌥ 𝟮𝟯:𝟰𝟭
⏰ Last Name: ⌥ 𝟮𝟯:𝟰𝟮
⏰ Last Name: ⌥ 𝟮𝟯:𝟰𝟯
⏰ Last Name: ⌥ 𝟮𝟯:𝟰𝟰
⏰ Last Name: ⌥ 𝟮𝟯:𝟰𝟱
💜 Auto React [user:8944291576]: 🍌
⏰ Last Name: ⌥ 𝟮𝟯:𝟰𝟲
⏰ Last Name: ⌥ 𝟮𝟯:𝟰𝟳
⏰ Last Name: ⌥ 𝟮𝟯:𝟰𝟴
⏰ Last Name: ⌥ 𝟮𝟯:𝟰𝟵
⏰ Last Name: ⌥ 𝟮𝟯:𝟱𝟬
💜 Auto React [user:8944291576]: 🍌
💜 Auto React [user:8944291576]: 🍌
⏰ Last Name: ⌥ 𝟮𝟯:𝟱𝟭
💜 Auto React [user:8944291576]: 🍌
💜 Auto React [user:8944291576]: 🍌
⏰ Last Name: ⌥ 𝟮𝟯:𝟱𝟮
⏰ Last Name: ⌥ 𝟮𝟯:𝟱𝟯
⏰ Last Name: ⌥ 𝟮𝟯:𝟱𝟰
⏰ Last Name: ⌥ 𝟮𝟯:𝟱𝟱
💜 Auto React [user:8944291576]: 🍌
💜 Auto React [user:8944291576]: 🍌
⏰ Last Name: ⌥ 𝟮𝟯:𝟱𝟲
⏰ Last Name: ⌥ 𝟮𝟯:𝟱𝟳
⏰ Last Name: ⌥ 𝟮𝟯:𝟱𝟴
⏰ Last Name: ⌥ 𝟮𝟯:𝟱𝟵
⏰ Last Name: ⌥ 𝟬𝟬:𝟬𝟬
💜 Auto React [user:8944291576]: 🍌
⏰ Last Name: ⌥ 𝟬𝟬:𝟬𝟭
⏰ Last Name: ⌥ 𝟬𝟬:𝟬𝟮
⏰ Last Name: ⌥ 𝟬𝟬:𝟬𝟯
⏰ Last Name: ⌥ 𝟬𝟬:𝟬𝟰
💜 Auto React [user:8944291576]: 🍌
💜 Auto React [user:8944291576]: 🍌
⏰ Last Name: ⌥ 𝟬𝟬:𝟬𝟱
💜 Auto React [user:8944291576]: 🍌
⏰ Last Name: ⌥ 𝟬𝟬:𝟬𝟲
⏰ Last Name: ⌥ 𝟬𝟬:𝟬𝟳
💜 Auto React [user:8944291576]: 🍌
💜 Auto React [user:8944291576]: 🍌
⏰ Last Name: ⌥ 𝟬𝟬:𝟬𝟴
⏰ Last Name: ⌥ 𝟬𝟬:𝟬𝟵
⏰ Last Name: ⌥ 𝟬𝟬:𝟭𝟬
💜 Auto React [user:8944291576]: 🍌
⏰ Last Name: ⌥ 𝟬𝟬:𝟭𝟭
⏰ Last Name: ⌥ 𝟬𝟬:𝟭𝟮
⏰ Last Name: ⌥ 𝟬𝟬:𝟭𝟯
⏰ Last Name: ⌥ 𝟬𝟬:𝟭𝟰
⏰ Last Name: ⌥ 𝟬𝟬:𝟭𝟱
💜 Auto React [user:8944291576]: 🍌
⏰ Last Name: ⌥ 𝟬𝟬:𝟭𝟲
⏰ Last Name: ⌥ 𝟬𝟬:𝟭𝟳
⏰ Last Name: ⌥ 𝟬𝟬:𝟭𝟴
⏰ Last Name: ⌥ 𝟬𝟬:𝟭𝟵
⏰ Last Name: ⌥ 𝟬𝟬:𝟮𝟬
⏰ Last Name: ⌥ 𝟬𝟬:𝟮𝟭
⏰ Last Name: ⌥ 𝟬𝟬:𝟮𝟮
⏰ Last Name: ⌥ 𝟬𝟬:𝟮𝟯
⏰ Last Name: ⌥ 𝟬𝟬:𝟮𝟰
⏰ Last Name: ⌥ 𝟬𝟬:𝟮𝟱
💜 Auto React [user:8944291576]: 🍌
💜 Auto React [user:8944291576]: 🍌
⏰ Last Name: ⌥ 𝟬𝟬:𝟮𝟲
💜 Auto React [user:8944291576]: 🍌
⏰ Last Name: ⌥ 𝟬𝟬:𝟮𝟳
⏰ Last Name: ⌥ 𝟬𝟬:𝟮𝟴
⏰ Last Name: ⌥ 𝟬𝟬:𝟮𝟵
⏰ Last Name: ⌥ 𝟬𝟬:𝟯𝟬
⏰ Last Name: ⌥ 𝟬𝟬:𝟯𝟭
⏰ Last Name: ⌥ 𝟬𝟬:𝟯𝟮
⏰ Last Name: ⌥ 𝟬𝟬:𝟯𝟯
⏰ Last Name: ⌥ 𝟬𝟬:𝟯𝟰
⏰ Last Name: ⌥ 𝟬𝟬:𝟯𝟱
⏰ Last Name: ⌥ 𝟬𝟬:𝟯𝟲
⏰ Last Name: ⌥ 𝟬𝟬:𝟯𝟳
⏰ Last Name: ⌥ 𝟬𝟬:𝟯𝟴
⏰ Last Name: ⌥ 𝟬𝟬:𝟯𝟵
⏰ Last Name: ⌥ 𝟬𝟬:𝟰𝟬
⏰ Last Name: ⌥ 𝟬𝟬:𝟰𝟭
⏰ Last Name: ⌥ 𝟬𝟬:𝟰𝟮
⏰ Last Name: ⌥ 𝟬𝟬:𝟰𝟯
⏰ Last Name: ⌥ 𝟬𝟬:𝟰𝟰
💜 Auto React [user:6990187779]: ❤️
💜 Auto React [user:8944291576]: 🍌
⏰ Last Name: ⌥ 𝟬𝟬:𝟰𝟱
⏰ Last Name: ⌥ 𝟬𝟬:𝟰𝟲
⏰ Last Name: ⌥ 𝟬𝟬:𝟰𝟳
⏰ Last Name: ⌥ 𝟬𝟬:𝟰𝟴
⏰ Last Name: ⌥ 𝟬𝟬:𝟰𝟵
⏰ Last Name: ⌥ 𝟬𝟬:𝟱𝟬
⏰ Last Name: ⌥ 𝟬𝟬:𝟱𝟭
⏰ Last Name: ⌥ 𝟬𝟬:𝟱𝟮
⏰ Last Name: ⌥ 𝟬𝟬:𝟱𝟯
⏰ Last Name: ⌥ 𝟬𝟬:𝟱𝟰
⏰ Last Name: ⌥ 𝟬𝟬:𝟱𝟱
⏰ Last Name: ⌥ 𝟬𝟬:𝟱𝟲
⏰ Last Name: ⌥ 𝟬𝟬:𝟱𝟳
⏰ Last Name: ⌥ 𝟬𝟬:𝟱𝟴
⏰ Last Name: ⌥ 𝟬𝟬:𝟱𝟵
⏰ Last Name: ⌥ 𝟬𝟭:𝟬𝟬
⏰ Last Name: ⌥ 𝟬𝟭:𝟬𝟭
⏰ Last Name: ⌥ 𝟬𝟭:𝟬𝟮
⏰ Last Name: ⌥ 𝟬𝟭:𝟬𝟯
⏰ Last Name: ⌥ 𝟬𝟭:𝟬𝟰
⏰ Last Name: ⌥ 𝟬𝟭:𝟬𝟱
⏰ Last Name: ⌥ 𝟬𝟭:𝟬𝟲
⏰ Last Name: ⌥ 𝟬𝟭:𝟬𝟳
⏰ Last Name: ⌥ 𝟬𝟭:𝟬𝟴
⏰ Last Name: ⌥ 𝟬𝟭:𝟬𝟵
⏰ Last Name: ⌥ 𝟬𝟭:𝟭𝟬
⏰ Last Name: ⌥ 𝟬𝟭:𝟭𝟭
⏰ Last Name: ⌥ 𝟬𝟭:𝟭𝟮
⏰ Last Name: ⌥ 𝟬𝟭:𝟭𝟯
⏰ Last Name: ⌥ 𝟬𝟭:𝟭𝟰
⏰ Last Name: ⌥ 𝟬𝟭:𝟭𝟱
⏰ Last Name: ⌥ 𝟬𝟭:𝟭𝟲
⏰ Last Name: ⌥ 𝟬𝟭:𝟭𝟳
⏰ Last Name: ⌥ 𝟬𝟭:𝟭𝟴
⏰ Last Name: ⌥ 𝟬𝟭:𝟭𝟵
💜 Auto React [user:8944291576]: 🍌
⏰ Last Name: ⌥ 𝟬𝟭:𝟮𝟬
💜 Auto React [user:8944291576]: 🍌
⏰ Last Name: ⌥ 𝟬𝟭:𝟮𝟭
⏰ Last Name: ⌥ 𝟬𝟭:𝟮𝟮
⏰ Last Name: ⌥ 𝟬𝟭:𝟮𝟯
💜 Auto React [user:6990187779]: ❤️
⏰ Last Name: ⌥ 𝟬𝟭:𝟮𝟰
⏰ Last Name: ⌥ 𝟬𝟭:𝟮𝟱
⏰ Last Name: ⌥ 𝟬𝟭:𝟮𝟲
⏰ Last Name: ⌥ 𝟬𝟭:𝟮𝟳
💜 Auto React [user:6990187779]: ❤️
⏰ Last Name: ⌥ 𝟬𝟭:𝟮𝟴
⏰ Last Name: ⌥ 𝟬𝟭:𝟮𝟵
⏰ Last Name: ⌥ 𝟬𝟭:𝟯𝟬
⏰ Last Name: ⌥ 𝟬𝟭:𝟯𝟭
⏰ Last Name: ⌥ 𝟬𝟭:𝟯𝟮
⏰ Last Name: ⌥ 𝟬𝟭:𝟯𝟯
⏰ Last Name: ⌥ 𝟬𝟭:𝟯𝟰
⏰ Last Name: ⌥ 𝟬𝟭:𝟯𝟱
⏰ Last Name: ⌥ 𝟬𝟭:𝟯𝟲
💜 Auto React [user:6990187779]: ❤️
⏰ Last Name: ⌥ 𝟬𝟭:𝟯𝟳
⏰ Last Name: ⌥ 𝟬𝟭:𝟯𝟴
⏰ Last Name: ⌥ 𝟬𝟭:𝟯𝟵
⏰ Last Name: ⌥ 𝟬𝟭:𝟰𝟬
⏰ Last Name: ⌥ 𝟬𝟭:𝟰𝟭
⏰ Last Name: ⌥ 𝟬𝟭:𝟰𝟮
⏰ Last Name: ⌥ 𝟬𝟭:𝟰𝟯
⏰ Last Name: ⌥ 𝟬𝟭:𝟰𝟰
⏰ Last Name: ⌥ 𝟬𝟭:𝟰𝟱
⏰ Last Name: ⌥ 𝟬𝟭:𝟰𝟲
⏰ Last Name: ⌥ 𝟬𝟭:𝟰𝟳
⏰ Last Name: ⌥ 𝟬𝟭:𝟰𝟴
⏰ Last Name: ⌥ 𝟬𝟭:𝟰𝟵
⏰ Last Name: ⌥ 𝟬𝟭:𝟱𝟬
⏰ Last Name: ⌥ 𝟬𝟭:𝟱𝟭
⏰ Last Name: ⌥ 𝟬𝟭:𝟱𝟮
⏰ Last Name: ⌥ 𝟬𝟭:𝟱𝟯
⏰ Last Name: ⌥ 𝟬𝟭:𝟱𝟰
⏰ Last Name: ⌥ 𝟬𝟭:𝟱𝟱
⏰ Last Name: ⌥ 𝟬𝟭:𝟱𝟲
⏰ Last Name: ⌥ 𝟬𝟭:𝟱𝟳
⏰ Last Name: ⌥ 𝟬𝟭:𝟱𝟴
⏰ Last Name: ⌥ 𝟬𝟭:𝟱𝟵
⏰ Last Name: ⌥ 𝟬𝟮:𝟬𝟬
⏰ Last Name: ⌥ 𝟬𝟮:𝟬𝟭
⏰ Last Name: ⌥ 𝟬𝟮:𝟬𝟮
⏰ Last Name: ⌥ 𝟬𝟮:𝟬𝟯
⏰ Last Name: ⌥ 𝟬𝟮:𝟬𝟰
⏰ Last Name: ⌥ 𝟬𝟮:𝟬𝟱
⏰ Last Name: ⌥ 𝟬𝟮:𝟬𝟲
⏰ Last Name: ⌥ 𝟬𝟮:𝟬𝟳
⏰ Last Name: ⌥ 𝟬𝟮:𝟬𝟴
⏰ Last Name: ⌥ 𝟬𝟮:𝟬𝟵
⏰ Last Name: ⌥ 𝟬𝟮:𝟭𝟬
⏰ Last Name: ⌥ 𝟬𝟮:𝟭𝟭
⏰ Last Name: ⌥ 𝟬𝟮:𝟭𝟮
⏰ Last Name: ⌥ 𝟬𝟮:𝟭𝟯
⏰ Last Name: ⌥ 𝟬𝟮:𝟭𝟰
⏰ Last Name: ⌥ 𝟬𝟮:𝟭𝟱
⏰ Last Name: ⌥ 𝟬𝟮:𝟭𝟲
⏰ Last Name: ⌥ 𝟬𝟮:𝟭𝟳
⏰ Last Name: ⌥ 𝟬𝟮:𝟭𝟴
⏰ Last Name: ⌥ 𝟬𝟮:𝟭𝟵
⏰ Last Name: ⌥ 𝟬𝟮:𝟮𝟬
⏰ Last Name: ⌥ 𝟬𝟮:𝟮𝟭
⏰ Last Name: ⌥ 𝟬𝟮:𝟮𝟮
⏰ Last Name: ⌥ 𝟬𝟮:𝟮𝟯
⏰ Last Name: ⌥ 𝟬𝟮:𝟮𝟰
⏰ Last Name: ⌥ 𝟬𝟮:𝟮𝟱
⏰ Last Name: ⌥ 𝟬𝟮:𝟮𝟲
⏰ Last Name: ⌥ 𝟬𝟮:𝟮𝟳
💜 Auto React [user:8944291576]: 🍌
⏰ Last Name: ⌥ 𝟬𝟮:𝟮𝟴
⏰ Last Name: ⌥ 𝟬𝟮:𝟮𝟵
💜 Auto React [user:8944291576]: 🍌
💜 Auto React [user:8944291576]: 🍌
⏰ Last Name: ⌥ 𝟬𝟮:𝟯𝟬
💜 Auto React [user:8944291576]: 🍌
⏰ Last Name: ⌥ 𝟬𝟮:𝟯𝟭
⏰ Last Name: ⌥ 𝟬𝟮:𝟯𝟮
⏰ Last Name: ⌥ 𝟬𝟮:𝟯𝟯
⏰ Last Name: ⌥ 𝟬𝟮:𝟯𝟰
💜 Auto React [user:8944291576]: 🍌
⏰ Last Name: ⌥ 𝟬𝟮:𝟯𝟱
⏰ Last Name: ⌥ 𝟬𝟮:𝟯𝟲
⏰ Last Name: ⌥ 𝟬𝟮:𝟯𝟳
⏰ Last Name: ⌥ 𝟬𝟮:𝟯𝟴
💜 Auto React [user:8944291576]: 🍌
⏰ Last Name: ⌥ 𝟬𝟮:𝟯𝟵
💜 Auto React [user:8944291576]: 🍌
💜 Auto React [user:8944291576]: 🍌
⏰ Last Name: ⌥ 𝟬𝟮:𝟰𝟬
⏰ Last Name: ⌥ 𝟬𝟮:𝟰𝟭
💜 Auto React [user:8944291576]: 🍌
⏰ Last Name: ⌥ 𝟬𝟮:𝟰𝟮
⏰ Last Name: ⌥ 𝟬𝟮:𝟰𝟯
⏰ Last Name: ⌥ 𝟬𝟮:𝟰𝟰
💜 Auto React [user:8944291576]: 🍌
💜 Auto React [user:8944291576]: 🍌
⏰ Last Name: ⌥ 𝟬𝟮:𝟰𝟱
⏰ Last Name: ⌥ 𝟬𝟮:𝟰𝟲
⏰ Last Name: ⌥ 𝟬𝟮:𝟰𝟳
⏰ Last Name: ⌥ 𝟬𝟮:𝟰𝟴
⏰ Last Name: ⌥ 𝟬𝟮:𝟰𝟵
⏰ Last Name: ⌥ 𝟬𝟮:𝟱𝟬
⏰ Last Name: ⌥ 𝟬𝟮:𝟱𝟭
💜 Auto React [user:6990187779]: ❤️
💜 Auto React [user:6990187779]: ❤️
💜 Auto React [user:8944291576]: 🍌
💜 Auto React [user:6990187779]: ❤️
💜 Auto React [user:8944291576]: 🍌
⏰ Last Name: ⌥ 𝟬𝟮:𝟱𝟮
⏰ Last Name: ⌥ 𝟬𝟮:𝟱𝟯
⏰ Last Name: ⌥ 𝟬𝟮:𝟱𝟰
⏰ Last Name: ⌥ 𝟬𝟮:𝟱𝟱
💜 Auto React [user:8944291576]: 🍌
⏰ Last Name: ⌥ 𝟬𝟮:𝟱𝟲
💜 Auto React [user:8944291576]: 🍌
⏰ Last Name: ⌥ 𝟬𝟮:𝟱𝟳
⏰ Last Name: ⌥ 𝟬𝟮:𝟱𝟴
⏰ Last Name: ⌥ 𝟬𝟮:𝟱𝟵
⏰ Last Name: ⌥ 𝟬𝟯:𝟬𝟬
⏰ Last Name: ⌥ 𝟬𝟯:𝟬𝟭
⏰ Last Name: ⌥ 𝟬𝟯:𝟬𝟮
⏰ Last Name: ⌥ 𝟬𝟯:𝟬𝟯
⏰ Last Name: ⌥ 𝟬𝟯:𝟬𝟰
⏰ Last Name: ⌥ 𝟬𝟯:𝟬𝟱
⏰ Last Name: ⌥ 𝟬𝟯:𝟬𝟲
⏰ Last Name: ⌥ 𝟬𝟯:𝟬𝟳
⏰ Last Name: ⌥ 𝟬𝟯:𝟬𝟴
⏰ Last Name: ⌥ 𝟬𝟯:𝟬𝟵
⏰ Last Name: ⌥ 𝟬𝟯:𝟭𝟬
⏰ Last Name: ⌥ 𝟬𝟯:𝟭𝟭
⏰ Last Name: ⌥ 𝟬𝟯:𝟭𝟮
⏰ Last Name: ⌥ 𝟬𝟯:𝟭𝟯
⏰ Last Name: ⌥ 𝟬𝟯:𝟭𝟰
⏰ Last Name: ⌥ 𝟬𝟯:𝟭𝟱
⏰ Last Name: ⌥ 𝟬𝟯:𝟭𝟲
⏰ Last Name: ⌥ 𝟬𝟯:𝟭𝟳
⏰ Last Name: ⌥ 𝟬𝟯:𝟭𝟴
⏰ Last Name: ⌥ 𝟬𝟯:𝟭𝟵
⏰ Last Name: ⌥ 𝟬𝟯:𝟮𝟬
⏰ Last Name: ⌥ 𝟬𝟯:𝟮𝟭
⏰ Last Name: ⌥ 𝟬𝟯:𝟮𝟮
⏰ Last Name: ⌥ 𝟬𝟯:𝟮𝟯
⏰ Last Name: ⌥ 𝟬𝟯:𝟮𝟰
⏰ Last Name: ⌥ 𝟬𝟯:𝟮𝟱
⏰ Last Name: ⌥ 𝟬𝟯:𝟮𝟲
⏰ Last Name: ⌥ 𝟬𝟯:𝟮𝟳
⏰ Last Name: ⌥ 𝟬𝟯:𝟮𝟴
⏰ Last Name: ⌥ 𝟬𝟯:𝟮𝟵
⏰ Last Name: ⌥ 𝟬𝟯:𝟯𝟬
⏰ Last Name: ⌥ 𝟬𝟯:𝟯𝟭
⏰ Last Name: ⌥ 𝟬𝟯:𝟯𝟮
⏰ Last Name: ⌥ 𝟬𝟯:𝟯𝟯
⏰ Last Name: ⌥ 𝟬𝟯:𝟯𝟰
⏰ Last Name: ⌥ 𝟬𝟯:𝟯𝟱
⏰ Last Name: ⌥ 𝟬𝟯:𝟯𝟲
⏰ Last Name: ⌥ 𝟬𝟯:𝟯𝟳
⏰ Last Name: ⌥ 𝟬𝟯:𝟯𝟴
⏰ Last Name: ⌥ 𝟬𝟯:𝟯𝟵
⏰ Last Name: ⌥ 𝟬𝟯:𝟰𝟬
⏰ Last Name: ⌥ 𝟬𝟯:𝟰𝟭
⏰ Last Name: ⌥ 𝟬𝟯:𝟰𝟮
⏰ Last Name: ⌥ 𝟬𝟯:𝟰𝟯
⏰ Last Name: ⌥ 𝟬𝟯:𝟰𝟰
⏰ Last Name: ⌥ 𝟬𝟯:𝟰𝟱
⏰ Last Name: ⌥ 𝟬𝟯:𝟰𝟲
⏰ Last Name: ⌥ 𝟬𝟯:𝟰𝟳
⏰ Last Name: ⌥ 𝟬𝟯:𝟰𝟴
⏰ Last Name: ⌥ 𝟬𝟯:𝟰𝟵
⏰ Last Name: ⌥ 𝟬𝟯:𝟱𝟬
⏰ Last Name: ⌥ 𝟬𝟯:𝟱𝟭
⏰ Last Name: ⌥ 𝟬𝟯:𝟱𝟮
⏰ Last Name: ⌥ 𝟬𝟯:𝟱𝟯
⏰ Last Name: ⌥ 𝟬𝟯:𝟱𝟰
⏰ Last Name: ⌥ 𝟬𝟯:𝟱𝟱
⏰ Last Name: ⌥ 𝟬𝟯:𝟱𝟲
⏰ Last Name: ⌥ 𝟬𝟯:𝟱𝟳
⏰ Last Name: ⌥ 𝟬𝟯:𝟱𝟴
⏰ Last Name: ⌥ 𝟬𝟯:𝟱𝟵
⏰ Last Name: ⌥ 𝟬𝟰:𝟬𝟬
⏰ Last Name: ⌥ 𝟬𝟰:𝟬𝟭
⏰ Last Name: ⌥ 𝟬𝟰:𝟬𝟮
⏰ Last Name: ⌥ 𝟬𝟰:𝟬𝟯
⏰ Last Name: ⌥ 𝟬𝟰:𝟬𝟰
⏰ Last Name: ⌥ 𝟬𝟰:𝟬𝟱
⏰ Last Name: ⌥ 𝟬𝟰:𝟬𝟲
⏰ Last Name: ⌥ 𝟬𝟰:𝟬𝟳
⏰ Last Name: ⌥ 𝟬𝟰:𝟬𝟴
⏰ Last Name: ⌥ 𝟬𝟰:𝟬𝟵
⏰ Last Name: ⌥ 𝟬𝟰:𝟭𝟬
⏰ Last Name: ⌥ 𝟬𝟰:𝟭𝟭
⏰ Last Name: ⌥ 𝟬𝟰:𝟭𝟮
⏰ Last Name: ⌥ 𝟬𝟰:𝟭𝟯
⏰ Last Name: ⌥ 𝟬𝟰:𝟭𝟰
⏰ Last Name: ⌥ 𝟬𝟰:𝟭𝟱
⏰ Last Name: ⌥ 𝟬𝟰:𝟭𝟲
⏰ Last Name: ⌥ 𝟬𝟰:𝟭𝟳
⏰ Last Name: ⌥ 𝟬𝟰:𝟭𝟴
⏰ Last Name: ⌥ 𝟬𝟰:𝟭𝟵
⏰ Last Name: ⌥ 𝟬𝟰:𝟮𝟬
⏰ Last Name: ⌥ 𝟬𝟰:𝟮𝟭
⏰ Last Name: ⌥ 𝟬𝟰:𝟮𝟮
⏰ Last Name: ⌥ 𝟬𝟰:𝟮𝟯
⏰ Last Name: ⌥ 𝟬𝟰:𝟮𝟰
⏰ Last Name: ⌥ 𝟬𝟰:𝟮𝟱
⏰ Last Name: ⌥ 𝟬𝟰:𝟮𝟲
⏰ Last Name: ⌥ 𝟬𝟰:𝟮𝟳
⏰ Last Name: ⌥ 𝟬𝟰:𝟮𝟴
⏰ Last Name: ⌥ 𝟬𝟰:𝟮𝟵
⏰ Last Name: ⌥ 𝟬𝟰:𝟯𝟬
⏰ Last Name: ⌥ 𝟬𝟰:𝟯𝟭
⏰ Last Name: ⌥ 𝟬𝟰:𝟯𝟮
⏰ Last Name: ⌥ 𝟬𝟰:𝟯𝟯
⏰ Last Name: ⌥ 𝟬𝟰:𝟯𝟰
⏰ Last Name: ⌥ 𝟬𝟰:𝟯𝟱
⏰ Last Name: ⌥ 𝟬𝟰:𝟯𝟲
⏰ Last Name: ⌥ 𝟬𝟰:𝟯𝟳
⏰ Last Name: ⌥ 𝟬𝟰:𝟯𝟴
⏰ Last Name: ⌥ 𝟬𝟰:𝟯𝟵
⏰ Last Name: ⌥ 𝟬𝟰:𝟰𝟬
⏰ Last Name: ⌥ 𝟬𝟰:𝟰𝟭
⏰ Last Name: ⌥ 𝟬𝟰:𝟰𝟮
⏰ Last Name: ⌥ 𝟬𝟰:𝟰𝟯
⏰ Last Name: ⌥ 𝟬𝟰:𝟰𝟰
⏰ Last Name: ⌥ 𝟬𝟰:𝟰𝟱
⏰ Last Name: ⌥ 𝟬𝟰:𝟰𝟲
⏰ Last Name: ⌥ 𝟬𝟰:𝟰𝟳
⏰ Last Name: ⌥ 𝟬𝟰:𝟰𝟴
⏰ Last Name: ⌥ 𝟬𝟰:𝟰𝟵
⏰ Last Name: ⌥ 𝟬𝟰:𝟱𝟬
⏰ Last Name: ⌥ 𝟬𝟰:𝟱𝟭
⏰ Last Name: ⌥ 𝟬𝟰:𝟱𝟮
⏰ Last Name: ⌥ 𝟬𝟰:𝟱𝟯
⏰ Last Name: ⌥ 𝟬𝟰:𝟱𝟰
⏰ Last Name: ⌥ 𝟬𝟰:𝟱𝟱
⏰ Last Name: ⌥ 𝟬𝟰:𝟱𝟲
⏰ Last Name: ⌥ 𝟬𝟰:𝟱𝟳
⏰ Last Name: ⌥ 𝟬𝟰:𝟱𝟴
⏰ Last Name: ⌥ 𝟬𝟰:𝟱𝟵
⏰ Last Name: ⌥ 𝟬𝟱:𝟬𝟬
⏰ Last Name: ⌥ 𝟬𝟱:𝟬𝟭
⏰ Last Name: ⌥ 𝟬𝟱:𝟬𝟮
⏰ Last Name: ⌥ 𝟬𝟱:𝟬𝟯
⏰ Last Name: ⌥ 𝟬𝟱:𝟬𝟰
⏰ Last Name: ⌥ 𝟬𝟱:𝟬𝟱
⏰ Last Name: ⌥ 𝟬𝟱:𝟬𝟲
⏰ Last Name: ⌥ 𝟬𝟱:𝟬𝟳
⏰ Last Name: ⌥ 𝟬𝟱:𝟬𝟴
⏰ Last Name: ⌥ 𝟬𝟱:𝟬𝟵
⏰ Last Name: ⌥ 𝟬𝟱:𝟭𝟬
⏰ Last Name: ⌥ 𝟬𝟱:𝟭𝟭
⏰ Last Name: ⌥ 𝟬𝟱:𝟭𝟮
⏰ Last Name: ⌥ 𝟬𝟱:𝟭𝟯
⏰ Last Name: ⌥ 𝟬𝟱:𝟭𝟰
⏰ Last Name: ⌥ 𝟬𝟱:𝟭𝟱
⏰ Last Name: ⌥ 𝟬𝟱:𝟭𝟲
⏰ Last Name: ⌥ 𝟬𝟱:𝟭𝟳
⏰ Last Name: ⌥ 𝟬𝟱:𝟭𝟴
⏰ Last Name: ⌥ 𝟬𝟱:𝟭𝟵
⏰ Last Name: ⌥ 𝟬𝟱:𝟮𝟬
⏰ Last Name: ⌥ 𝟬𝟱:𝟮𝟭
⏰ Last Name: ⌥ 𝟬𝟱:𝟮𝟮
⏰ Last Name: ⌥ 𝟬𝟱:𝟮𝟯
⏰ Last Name: ⌥ 𝟬𝟱:𝟮𝟰
⏰ Last Name: ⌥ 𝟬𝟱:𝟮𝟱
⏰ Last Name: ⌥ 𝟬𝟱:𝟮𝟲
⏰ Last Name: ⌥ 𝟬𝟱:𝟮𝟳
⏰ Last Name: ⌥ 𝟬𝟱:𝟮𝟴
💜 Auto React [user:6990187779]: ❤️
💜 Auto React [user:6990187779]: ❤️
⏰ Last Name: ⌥ 𝟬𝟱:𝟮𝟵
⏰ Last Name: ⌥ 𝟬𝟱:𝟯𝟬
⏰ Last Name: ⌥ 𝟬𝟱:𝟯𝟭
⏰ Last Name: ⌥ 𝟬𝟱:𝟯𝟮
⏰ Last Name: ⌥ 𝟬𝟱:𝟯𝟯
⏰ Last Name: ⌥ 𝟬𝟱:𝟯𝟰
⏰ Last Name: ⌥ 𝟬𝟱:𝟯𝟱
⏰ Last Name: ⌥ 𝟬𝟱:𝟯𝟲
⏰ Last Name: ⌥ 𝟬𝟱:𝟯𝟳
⏰ Last Name: ⌥ 𝟬𝟱:𝟯𝟴
⏰ Last Name: ⌥ 𝟬𝟱:𝟯𝟵
⏰ Last Name: ⌥ 𝟬𝟱:𝟰𝟬
⏰ Last Name: ⌥ 𝟬𝟱:𝟰𝟭
⏰ Last Name: ⌥ 𝟬𝟱:𝟰𝟮
⏰ Last Name: ⌥ 𝟬𝟱:𝟰𝟯
⏰ Last Name: ⌥ 𝟬𝟱:𝟰𝟰
⏰ Last Name: ⌥ 𝟬𝟱:𝟰𝟱
⏰ Last Name: ⌥ 𝟬𝟱:𝟰𝟲
⏰ Last Name: ⌥ 𝟬𝟱:𝟰𝟳
⏰ Last Name: ⌥ 𝟬𝟱:𝟰𝟴
⏰ Last Name: ⌥ 𝟬𝟱:𝟰𝟵
⏰ Last Name: ⌥ 𝟬𝟱:𝟱𝟬
⏰ Last Name: ⌥ 𝟬𝟱:𝟱𝟭
⏰ Last Name: ⌥ 𝟬𝟱:𝟱𝟮
⏰ Last Name: ⌥ 𝟬𝟱:𝟱𝟯
⏰ Last Name: ⌥ 𝟬𝟱:𝟱𝟰
⏰ Last Name: ⌥ 𝟬𝟱:𝟱𝟱
⏰ Last Name: ⌥ 𝟬𝟱:𝟱𝟲
⏰ Last Name: ⌥ 𝟬𝟱:𝟱𝟳
⏰ Last Name: ⌥ 𝟬𝟱:𝟱𝟴
⏰ Last Name: ⌥ 𝟬𝟱:𝟱𝟵
⏰ Last Name: ⌥ 𝟬𝟲:𝟬𝟬
⏰ Last Name: ⌥ 𝟬𝟲:𝟬𝟭
⏰ Last Name: ⌥ 𝟬𝟲:𝟬𝟮
⏰ Last Name: ⌥ 𝟬𝟲:𝟬𝟯
⏰ Last Name: ⌥ 𝟬𝟲:𝟬𝟰
⏰ Last Name: ⌥ 𝟬𝟲:𝟬𝟱
⏰ Last Name: ⌥ 𝟬𝟲:𝟬𝟲
⏰ Last Name: ⌥ 𝟬𝟲:𝟬𝟳
⏰ Last Name: ⌥ 𝟬𝟲:𝟬𝟴
⏰ Last Name: ⌥ 𝟬𝟲:𝟬𝟵
⏰ Last Name: ⌥ 𝟬𝟲:𝟭𝟬
⏰ Last Name: ⌥ 𝟬𝟲:𝟭𝟭
⏰ Last Name: ⌥ 𝟬𝟲:𝟭𝟮
⏰ Last Name: ⌥ 𝟬𝟲:𝟭𝟯
⏰ Last Name: ⌥ 𝟬𝟲:𝟭𝟰
⏰ Last Name: ⌥ 𝟬𝟲:𝟭𝟱
⏰ Last Name: ⌥ 𝟬𝟲:𝟭𝟲
⏰ Last Name: ⌥ 𝟬𝟲:𝟭𝟳
⏰ Last Name: ⌥ 𝟬𝟲:𝟭𝟴
⏰ Last Name: ⌥ 𝟬𝟲:𝟭𝟵
⏰ Last Name: ⌥ 𝟬𝟲:𝟮𝟬
⏰ Last Name: ⌥ 𝟬𝟲:𝟮𝟭
⏰ Last Name: ⌥ 𝟬𝟲:𝟮𝟮
⏰ Last Name: ⌥ 𝟬𝟲:𝟮𝟯
⏰ Last Name: ⌥ 𝟬𝟲:𝟮𝟰
⏰ Last Name: ⌥ 𝟬𝟲:𝟮𝟱
⏰ Last Name: ⌥ 𝟬𝟲:𝟮𝟲
⏰ Last Name: ⌥ 𝟬𝟲:𝟮𝟳
⏰ Last Name: ⌥ 𝟬𝟲:𝟮𝟴
⏰ Last Name: ⌥ 𝟬𝟲:𝟮𝟵
⏰ Last Name: ⌥ 𝟬𝟲:𝟯𝟬
⏰ Last Name: ⌥ 𝟬𝟲:𝟯𝟭
⏰ Last Name: ⌥ 𝟬𝟲:𝟯𝟮
⏰ Last Name: ⌥ 𝟬𝟲:𝟯𝟯
⏰ Last Name: ⌥ 𝟬𝟲:𝟯𝟰
⏰ Last Name: ⌥ 𝟬𝟲:𝟯𝟱
⏰ Last Name: ⌥ 𝟬𝟲:𝟯𝟲
⏰ Last Name: ⌥ 𝟬𝟲:𝟯𝟳
⏰ Last Name: ⌥ 𝟬𝟲:𝟯𝟴
⏰ Last Name: ⌥ 𝟬𝟲:𝟯𝟵
⏰ Last Name: ⌥ 𝟬𝟲:𝟰𝟬
⏰ Last Name: ⌥ 𝟬𝟲:𝟰𝟭
⏰ Last Name: ⌥ 𝟬𝟲:𝟰𝟮
⏰ Last Name: ⌥ 𝟬𝟲:𝟰𝟯
⏰ Last Name: ⌥ 𝟬𝟲:𝟰𝟰
⏰ Last Name: ⌥ 𝟬𝟲:𝟰𝟱
⏰ Last Name: ⌥ 𝟬𝟲:𝟰𝟲
⏰ Last Name: ⌥ 𝟬𝟲:𝟰𝟳
⏰ Last Name: ⌥ 𝟬𝟲:𝟰𝟴
⏰ Last Name: ⌥ 𝟬𝟲:𝟰𝟵
⏰ Last Name: ⌥ 𝟬𝟲:𝟱𝟬
⏰ Last Name: ⌥ 𝟬𝟲:𝟱𝟭
⏰ Last Name: ⌥ 𝟬𝟲:𝟱𝟮
⏰ Last Name: ⌥ 𝟬𝟲:𝟱𝟯
⏰ Last Name: ⌥ 𝟬𝟲:𝟱𝟰
⏰ Last Name: ⌥ 𝟬𝟲:𝟱𝟱
⏰ Last Name: ⌥ 𝟬𝟲:𝟱𝟲
⏰ Last Name: ⌥ 𝟬𝟲:𝟱𝟳
⏰ Last Name: ⌥ 𝟬𝟲:𝟱𝟴
⏰ Last Name: ⌥ 𝟬𝟲:𝟱𝟵
⏰ Last Name: ⌥ 𝟬𝟳:𝟬𝟬
⏰ Last Name: ⌥ 𝟬𝟳:𝟬𝟭
⏰ Last Name: ⌥ 𝟬𝟳:𝟬𝟮
⏰ Last Name: ⌥ 𝟬𝟳:𝟬𝟯
⏰ Last Name: ⌥ 𝟬𝟳:𝟬𝟰
⏰ Last Name: ⌥ 𝟬𝟳:𝟬𝟱
⏰ Last Name: ⌥ 𝟬𝟳:𝟬𝟲
⏰ Last Name: ⌥ 𝟬𝟳:𝟬𝟳
⏰ Last Name: ⌥ 𝟬𝟳:𝟬𝟴
⏰ Last Name: ⌥ 𝟬𝟳:𝟬𝟵
⏰ Last Name: ⌥ 𝟬𝟳:𝟭𝟬
⏰ Last Name: ⌥ 𝟬𝟳:𝟭𝟭
⏰ Last Name: ⌥ 𝟬𝟳:𝟭𝟮
⏰ Last Name: ⌥ 𝟬𝟳:𝟭𝟯
⏰ Last Name: ⌥ 𝟬𝟳:𝟭𝟰
⏰ Last Name: ⌥ 𝟬𝟳:𝟭𝟱
⏰ Last Name: ⌥ 𝟬𝟳:𝟭𝟲
⏰ Last Name: ⌥ 𝟬𝟳:𝟭𝟳
⏰ Last Name: ⌥ 𝟬𝟳:𝟭𝟴
⏰ Last Name: ⌥ 𝟬𝟳:𝟭𝟵
⏰ Last Name: ⌥ 𝟬𝟳:𝟮𝟬
⏰ Last Name: ⌥ 𝟬𝟳:𝟮𝟭
⏰ Last Name: ⌥ 𝟬𝟳:𝟮𝟮
⏰ Last Name: ⌥ 𝟬𝟳:𝟮𝟯
⏰ Last Name: ⌥ 𝟬𝟳:𝟮𝟰
⏰ Last Name: ⌥ 𝟬𝟳:𝟮𝟱
⏰ Last Name: ⌥ 𝟬𝟳:𝟮𝟲
⏰ Last Name: ⌥ 𝟬𝟳:𝟮𝟳
⏰ Last Name: ⌥ 𝟬𝟳:𝟮𝟴
⏰ Last Name: ⌥ 𝟬𝟳:𝟮𝟵
⏰ Last Name: ⌥ 𝟬𝟳:𝟯𝟬
⏰ Last Name: ⌥ 𝟬𝟳:𝟯𝟭
⏰ Last Name: ⌥ 𝟬𝟳:𝟯𝟮
⏰ Last Name: ⌥ 𝟬𝟳:𝟯𝟯
⏰ Last Name: ⌥ 𝟬𝟳:𝟯𝟰
⏰ Last Name: ⌥ 𝟬𝟳:𝟯𝟱
⏰ Last Name: ⌥ 𝟬𝟳:𝟯𝟲
⏰ Last Name: ⌥ 𝟬𝟳:𝟯𝟳
⏰ Last Name: ⌥ 𝟬𝟳:𝟯𝟴
⏰ Last Name: ⌥ 𝟬𝟳:𝟯𝟵
⏰ Last Name: ⌥ 𝟬𝟳:𝟰𝟬
⏰ Last Name: ⌥ 𝟬𝟳:𝟰𝟭
⏰ Last Name: ⌥ 𝟬𝟳:𝟰𝟮
⏰ Last Name: ⌥ 𝟬𝟳:𝟰𝟯
⏰ Last Name: ⌥ 𝟬𝟳:𝟰𝟰
⏰ Last Name: ⌥ 𝟬𝟳:𝟰𝟱
⏰ Last Name: ⌥ 𝟬𝟳:𝟰𝟲
⏰ Last Name: ⌥ 𝟬𝟳:𝟰𝟳
⏰ Last Name: ⌥ 𝟬𝟳:𝟰𝟴
⏰ Last Name: ⌥ 𝟬𝟳:𝟰𝟵
⏰ Last Name: ⌥ 𝟬𝟳:𝟱𝟬
⏰ Last Name: ⌥ 𝟬𝟳:𝟱𝟭
⏰ Last Name: ⌥ 𝟬𝟳:𝟱𝟮
⏰ Last Name: ⌥ 𝟬𝟳:𝟱𝟯
⏰ Last Name: ⌥ 𝟬𝟳:𝟱𝟰
⏰ Last Name: ⌥ 𝟬𝟳:𝟱𝟱
⏰ Last Name: ⌥ 𝟬𝟳:𝟱𝟲
⏰ Last Name: ⌥ 𝟬𝟳:𝟱𝟳
⏰ Last Name: ⌥ 𝟬𝟳:𝟱𝟴
⏰ Last Name: ⌥ 𝟬𝟳:𝟱𝟵
⏰ Last Name: ⌥ 𝟬𝟴:𝟬𝟬
⏰ Last Name: ⌥ 𝟬𝟴:𝟬𝟭
⏰ Last Name: ⌥ 𝟬𝟴:𝟬𝟮
⏰ Last Name: ⌥ 𝟬𝟴:𝟬𝟯
⏰ Last Name: ⌥ 𝟬𝟴:𝟬𝟰
⏰ Last Name: ⌥ 𝟬𝟴:𝟬𝟱
⏰ Last Name: ⌥ 𝟬𝟴:𝟬𝟲
⏰ Last Name: ⌥ 𝟬𝟴:𝟬𝟳
⏰ Last Name: ⌥ 𝟬𝟴:𝟬𝟴
⏰ Last Name: ⌥ 𝟬𝟴:𝟬𝟵
⏰ Last Name: ⌥ 𝟬𝟴:𝟭𝟬
⏰ Last Name: ⌥ 𝟬𝟴:𝟭𝟭
⏰ Last Name: ⌥ 𝟬𝟴:𝟭𝟮
⏰ Last Name: ⌥ 𝟬𝟴:𝟭𝟯
⏰ Last Name: ⌥ 𝟬𝟴:𝟭𝟰
⏰ Last Name: ⌥ 𝟬𝟴:𝟭𝟱
⏰ Last Name: ⌥ 𝟬𝟴:𝟭𝟲
⏰ Last Name: ⌥ 𝟬𝟴:𝟭𝟳
⏰ Last Name: ⌥ 𝟬𝟴:𝟭𝟴
💜 Auto React [user:8944291576]: 🍌
💜 Auto React [user:8944291576]: 🍌
💜 Auto React [user:8944291576]: 🍌
⏰ Last Name: ⌥ 𝟬𝟴:𝟭𝟵
⏰ Last Name: ⌥ 𝟬𝟴:𝟮𝟬
⏰ Last Name: ⌥ 𝟬𝟴:𝟮𝟭
⏰ Last Name: ⌥ 𝟬𝟴:𝟮𝟮
⏰ Last Name: ⌥ 𝟬𝟴:𝟮𝟯
⏰ Last Name: ⌥ 𝟬𝟴:𝟮𝟰
⏰ Last Name: ⌥ 𝟬𝟴:𝟮𝟱
⏰ Last Name: ⌥ 𝟬𝟴:𝟮𝟲
⏰ Last Name: ⌥ 𝟬𝟴:𝟮𝟳
⏰ Last Name: ⌥ 𝟬𝟴:𝟮𝟴
⏰ Last Name: ⌥ 𝟬𝟴:𝟮𝟵
⏰ Last Name: ⌥ 𝟬𝟴:𝟯𝟬
⏰ Last Name: ⌥ 𝟬𝟴:𝟯𝟭
⏰ Last Name: ⌥ 𝟬𝟴:𝟯𝟮
⏰ Last Name: ⌥ 𝟬𝟴:𝟯𝟯
💜 Auto React [user:6990187779]: ❤️
⏰ Last Name: ⌥ 𝟬𝟴:𝟯𝟰
⏰ Last Name: ⌥ 𝟬𝟴:𝟯𝟱
⏰ Last Name: ⌥ 𝟬𝟴:𝟯𝟲
⏰ Last Name: ⌥ 𝟬𝟴:𝟯𝟳
⏰ Last Name: ⌥ 𝟬𝟴:𝟯𝟴
⏰ Last Name: ⌥ 𝟬𝟴:𝟯𝟵
⏰ Last Name: ⌥ 𝟬𝟴:𝟰𝟬
⏰ Last Name: ⌥ 𝟬𝟴:𝟰𝟭
⏰ Last Name: ⌥ 𝟬𝟴:𝟰𝟮
⏰ Last Name: ⌥ 𝟬𝟴:𝟰𝟯
⏰ Last Name: ⌥ 𝟬𝟴:𝟰𝟰
⏰ Last Name: ⌥ 𝟬𝟴:𝟰𝟱
⏰ Last Name: ⌥ 𝟬𝟴:𝟰𝟲
⏰ Last Name: ⌥ 𝟬𝟴:𝟰𝟳
⏰ Last Name: ⌥ 𝟬𝟴:𝟰𝟴
⏰ Last Name: ⌥ 𝟬𝟴:𝟰𝟵
⏰ Last Name: ⌥ 𝟬𝟴:𝟱𝟬
⏰ Last Name: ⌥ 𝟬𝟴:𝟱𝟭
⏰ Last Name: ⌥ 𝟬𝟴:𝟱𝟮
⏰ Last Name: ⌥ 𝟬𝟴:𝟱𝟯
💜 Auto React [user:8944291576]: 🍌
⏰ Last Name: ⌥ 𝟬𝟴:𝟱𝟰
⏰ Last Name: ⌥ 𝟬𝟴:𝟱𝟱
⏰ Last Name: ⌥ 𝟬𝟴:𝟱𝟲
⏰ Last Name: ⌥ 𝟬𝟴:𝟱𝟳
⏰ Last Name: ⌥ 𝟬𝟴:𝟱𝟴
⏰ Last Name: ⌥ 𝟬𝟴:𝟱𝟵
⏰ Last Name: ⌥ 𝟬𝟵:𝟬𝟬
⏰ Last Name: ⌥ 𝟬𝟵:𝟬𝟭
⏰ Last Name: ⌥ 𝟬𝟵:𝟬𝟮
⏰ Last Name: ⌥ 𝟬𝟵:𝟬𝟯
⏰ Last Name: ⌥ 𝟬𝟵:𝟬𝟰
⏰ Last Name: ⌥ 𝟬𝟵:𝟬𝟱
⏰ Last Name: ⌥ 𝟬𝟵:𝟬𝟲
⏰ Last Name: ⌥ 𝟬𝟵:𝟬𝟳
⏰ Last Name: ⌥ 𝟬𝟵:𝟬𝟴
💜 Auto React [user:8944291576]: 🍌
⏰ Last Name: ⌥ 𝟬𝟵:𝟬𝟵
⏰ Last Name: ⌥ 𝟬𝟵:𝟭𝟬
⏰ Last Name: ⌥ 𝟬𝟵:𝟭𝟭
⏰ Last Name: ⌥ 𝟬𝟵:𝟭𝟮
⏰ Last Name: ⌥ 𝟬𝟵:𝟭𝟯
💜 Auto React [user:8944291576]: 🍌
💜 Auto React [user:8944291576]: 🍌
💜 Auto React [user:8944291576]: 🍌
⏰ Last Name: ⌥ 𝟬𝟵:𝟭𝟰
💜 Auto React [user:8944291576]: 🍌
⏰ Last Name: ⌥ 𝟬𝟵:𝟭𝟱
⏰ Last Name: ⌥ 𝟬𝟵:𝟭𝟲
⏰ Last Name: ⌥ 𝟬𝟵:𝟭𝟳
⏰ Last Name: ⌥ 𝟬𝟵:𝟭𝟴
⏰ Last Name: ⌥ 𝟬𝟵:𝟭𝟵
⏰ Last Name: ⌥ 𝟬𝟵:𝟮𝟬
⏰ Last Name: ⌥ 𝟬𝟵:𝟮𝟭
⏰ Last Name: ⌥ 𝟬𝟵:𝟮𝟮
⏰ Last Name: ⌥ 𝟬𝟵:𝟮𝟯
⏰ Last Name: ⌥ 𝟬𝟵:𝟮𝟰
💜 Auto React [user:8944291576]: 🍌
⏰ Last Name: ⌥ 𝟬𝟵:𝟮𝟱
⏰ Last Name: ⌥ 𝟬𝟵:𝟮𝟲
⏰ Last Name: ⌥ 𝟬𝟵:𝟮𝟳
⏰ Last Name: ⌥ 𝟬𝟵:𝟮𝟴
⏰ Last Name: ⌥ 𝟬𝟵:𝟮𝟵
⏰ Last Name: ⌥ 𝟬𝟵:𝟯𝟬
⏰ Last Name: ⌥ 𝟬𝟵:𝟯𝟭
⏰ Last Name: ⌥ 𝟬𝟵:𝟯𝟮
⏰ Last Name: ⌥ 𝟬𝟵:𝟯𝟯
⏰ Last Name: ⌥ 𝟬𝟵:𝟯𝟰
⏰ Last Name: ⌥ 𝟬𝟵:𝟯𝟱
⏰ Last Name: ⌥ 𝟬𝟵:𝟯𝟲
⏰ Last Name: ⌥ 𝟬𝟵:𝟯𝟳
⏰ Last Name: ⌥ 𝟬𝟵:𝟯𝟴
⏰ Last Name: ⌥ 𝟬𝟵:𝟯𝟵
⏰ Last Name: ⌥ 𝟬𝟵:𝟰𝟬
⏰ Last Name: ⌥ 𝟬𝟵:𝟰𝟭
⏰ Last Name: ⌥ 𝟬𝟵:𝟰𝟮
⏰ Last Name: ⌥ 𝟬𝟵:𝟰𝟯
⏰ Last Name: ⌥ 𝟬𝟵:𝟰𝟰
⏰ Last Name: ⌥ 𝟬𝟵:𝟰𝟱
💜 Auto React [user:8944291576]: 🍌
⏰ Last Name: ⌥ 𝟬𝟵:𝟰𝟲
⏰ Last Name: ⌥ 𝟬𝟵:𝟰𝟳
⏰ Last Name: ⌥ 𝟬𝟵:𝟰𝟴
⏰ Last Name: ⌥ 𝟬𝟵:𝟰𝟵
⏰ Last Name: ⌥ 𝟬𝟵:𝟱𝟬
⏰ Last Name: ⌥ 𝟬𝟵:𝟱𝟭
⏰ Last Name: ⌥ 𝟬𝟵:𝟱𝟮
⏰ Last Name: ⌥ 𝟬𝟵:𝟱𝟯
⏰ Last Name: ⌥ 𝟬𝟵:𝟱𝟰
⏰ Last Name: ⌥ 𝟬𝟵:𝟱𝟱
⏰ Last Name: ⌥ 𝟬𝟵:𝟱𝟲
⏰ Last Name: ⌥ 𝟬𝟵:𝟱𝟳
⏰ Last Name: ⌥ 𝟬𝟵:𝟱𝟴
⏰ Last Name: ⌥ 𝟬𝟵:𝟱𝟵
⏰ Last Name: ⌥ 𝟭𝟬:𝟬𝟬
⏰ Last Name: ⌥ 𝟭𝟬:𝟬𝟭
⏰ Last Name: ⌥ 𝟭𝟬:𝟬𝟮
⏰ Last Name: ⌥ 𝟭𝟬:𝟬𝟯
⏰ Last Name: ⌥ 𝟭𝟬:𝟬𝟰
⏰ Last Name: ⌥ 𝟭𝟬:𝟬𝟱
⏰ Last Name: ⌥ 𝟭𝟬:𝟬𝟲
⏰ Last Name: ⌥ 𝟭𝟬:𝟬𝟳
⏰ Last Name: ⌥ 𝟭𝟬:𝟬𝟴
⏰ Last Name: ⌥ 𝟭𝟬:𝟬𝟵
⏰ Last Name: ⌥ 𝟭𝟬:𝟭𝟬
⏰ Last Name: ⌥ 𝟭𝟬:𝟭𝟭
⏰ Last Name: ⌥ 𝟭𝟬:𝟭𝟮
⏰ Last Name: ⌥ 𝟭𝟬:𝟭𝟯
⏰ Last Name: ⌥ 𝟭𝟬:𝟭𝟰
⏰ Last Name: ⌥ 𝟭𝟬:𝟭𝟱
⏰ Last Name: ⌥ 𝟭𝟬:𝟭𝟲
⏰ Last Name: ⌥ 𝟭𝟬:𝟭𝟳
⏰ Last Name: ⌥ 𝟭𝟬:𝟭𝟴
⏰ Last Name: ⌥ 𝟭𝟬:𝟭𝟵
⏰ Last Name: ⌥ 𝟭𝟬:𝟮𝟬
⏰ Last Name: ⌥ 𝟭𝟬:𝟮𝟭
⏰ Last Name: ⌥ 𝟭𝟬:𝟮𝟮
⏰ Last Name: ⌥ 𝟭𝟬:𝟮𝟯
⏰ Last Name: ⌥ 𝟭𝟬:𝟮𝟰
⏰ Last Name: ⌥ 𝟭𝟬:𝟮𝟱
⏰ Last Name: ⌥ 𝟭𝟬:𝟮𝟲
⏰ Last Name: ⌥ 𝟭𝟬:𝟮𝟳
⏰ Last Name: ⌥ 𝟭𝟬:𝟮𝟴
⏰ Last Name: ⌥ 𝟭𝟬:𝟮𝟵
⏰ Last Name: ⌥ 𝟭𝟬:𝟯𝟬
⏰ Last Name: ⌥ 𝟭𝟬:𝟯𝟭
⏰ Last Name: ⌥ 𝟭𝟬:𝟯𝟮
⏰ Last Name: ⌥ 𝟭𝟬:𝟯𝟯
⏰ Last Name: ⌥ 𝟭𝟬:𝟯𝟰
⏰ Last Name: ⌥ 𝟭𝟬:𝟯𝟱
⏰ Last Name: ⌥ 𝟭𝟬:𝟯𝟲
⏰ Last Name: ⌥ 𝟭𝟬:𝟯𝟳
⏰ Last Name: ⌥ 𝟭𝟬:𝟯𝟴
⏰ Last Name: ⌥ 𝟭𝟬:𝟯𝟵
⏰ Last Name: ⌥ 𝟭𝟬:𝟰𝟬
⏰ Last Name: ⌥ 𝟭𝟬:𝟰𝟭
💜 Auto React [user:8944291576]: 🍌
⏰ Last Name: ⌥ 𝟭𝟬:𝟰𝟮
⏰ Last Name: ⌥ 𝟭𝟬:𝟰𝟯
⏰ Last Name: ⌥ 𝟭𝟬:𝟰𝟰
💜 Auto React [user:8944291576]: 🍌
⏰ Last Name: ⌥ 𝟭𝟬:𝟰𝟱
⏰ Last Name: ⌥ 𝟭𝟬:𝟰𝟲
⏰ Last Name: ⌥ 𝟭𝟬:𝟰𝟳
⏰ Last Name: ⌥ 𝟭𝟬:𝟰𝟴
💜 Auto React [user:8944291576]: 🍌
💜 Auto React [user:8944291576]: 🍌
💜 Auto React [user:8944291576]: 🍌
💜 Auto React [user:8944291576]: 🍌
⏰ Last Name: ⌥ 𝟭𝟬:𝟰𝟵
💜 Auto React [user:8944291576]: 🍌
⏰ Last Name: ⌥ 𝟭𝟬:𝟱𝟬
⏰ Last Name: ⌥ 𝟭𝟬:𝟱𝟭
⏰ Last Name: ⌥ 𝟭𝟬:𝟱𝟮
⏰ Last Name: ⌥ 𝟭𝟬:𝟱𝟯
⏰ Last Name: ⌥ 𝟭𝟬:𝟱𝟰
⏰ Last Name: ⌥ 𝟭𝟬:𝟱𝟱
⏰ Last Name: ⌥ 𝟭𝟬:𝟱𝟲
⏰ Last Name: ⌥ 𝟭𝟬:𝟱𝟳
⏰ Last Name: ⌥ 𝟭𝟬:𝟱𝟴
⏰ Last Name: ⌥ 𝟭𝟬:𝟱𝟵
⏰ Last Name: ⌥ 𝟭𝟭:𝟬𝟬
⏰ Last Name: ⌥ 𝟭𝟭:𝟬𝟭
⏰ Last Name: ⌥ 𝟭𝟭:𝟬𝟮
⏰ Last Name: ⌥ 𝟭𝟭:𝟬𝟯
💜 Auto React [user:8944291576]: 🍌
💜 Auto React [user:8944291576]: 🍌
⏰ Last Name: ⌥ 𝟭𝟭:𝟬𝟰
⏰ Last Name: ⌥ 𝟭𝟭:𝟬𝟱
⏰ Last Name: ⌥ 𝟭𝟭:𝟬𝟲
⏰ Last Name: ⌥ 𝟭𝟭:𝟬𝟳
⏰ Last Name: ⌥ 𝟭𝟭:𝟬𝟴
⏰ Last Name: ⌥ 𝟭𝟭:𝟬𝟵
⏰ Last Name: ⌥ 𝟭𝟭:𝟭𝟬
⏰ Last Name: ⌥ 𝟭𝟭:𝟭𝟭
⏰ Last Name: ⌥ 𝟭𝟭:𝟭𝟮
⏰ Last Name: ⌥ 𝟭𝟭:𝟭𝟯
⏰ Last Name: ⌥ 𝟭𝟭:𝟭𝟰
⏰ Last Name: ⌥ 𝟭𝟭:𝟭𝟱
⏰ Last Name: ⌥ 𝟭𝟭:𝟭𝟲
⏰ Last Name: ⌥ 𝟭𝟭:𝟭𝟳
⏰ Last Name: ⌥ 𝟭𝟭:𝟭𝟴
⏰ Last Name: ⌥ 𝟭𝟭:𝟭𝟵
⏰ Last Name: ⌥ 𝟭𝟭:𝟮𝟬
⏰ Last Name: ⌥ 𝟭𝟭:𝟮𝟭
⏰ Last Name: ⌥ 𝟭𝟭:𝟮𝟮
⏰ Last Name: ⌥ 𝟭𝟭:𝟮𝟯
⏰ Last Name: ⌥ 𝟭𝟭:𝟮𝟰
⏰ Last Name: ⌥ 𝟭𝟭:𝟮𝟱
⏰ Last Name: ⌥ 𝟭𝟭:𝟮𝟲
⏰ Last Name: ⌥ 𝟭𝟭:𝟮𝟳
⏰ Last Name: ⌥ 𝟭𝟭:𝟮𝟴
⏰ Last Name: ⌥ 𝟭𝟭:𝟮𝟵
⏰ Last Name: ⌥ 𝟭𝟭:𝟯𝟬
💜 Auto React [user:8944291576]: 🍌
💜 Auto React [user:8944291576]: 🍌
⏰ Last Name: ⌥ 𝟭𝟭:𝟯𝟭
⏰ Last Name: ⌥ 𝟭𝟭:𝟯𝟮
⏰ Last Name: ⌥ 𝟭𝟭:𝟯𝟯
⏰ Last Name: ⌥ 𝟭𝟭:𝟯𝟰
⏰ Last Name: ⌥ 𝟭𝟭:𝟯𝟱
⏰ Last Name: ⌥ 𝟭𝟭:𝟯𝟲
💜 Auto React [user:8944291576]: 🍌
⏰ Last Name: ⌥ 𝟭𝟭:𝟯𝟳
⏰ Last Name: ⌥ 𝟭𝟭:𝟯𝟴
⏰ Last Name: ⌥ 𝟭𝟭:𝟯𝟵
⏰ Last Name: ⌥ 𝟭𝟭:𝟰𝟬
⏰ Last Name: ⌥ 𝟭𝟭:𝟰𝟭
⏰ Last Name: ⌥ 𝟭𝟭:𝟰𝟮
⏰ Last Name: ⌥ 𝟭𝟭:𝟰𝟯
⏰ Last Name: ⌥ 𝟭𝟭:𝟰𝟰
⏰ Last Name: ⌥ 𝟭𝟭:𝟰𝟱
⏰ Last Name: ⌥ 𝟭𝟭:𝟰𝟲
⏰ Last Name: ⌥ 𝟭𝟭:𝟰𝟳
⏰ Last Name: ⌥ 𝟭𝟭:𝟰𝟴
⏰ Last Name: ⌥ 𝟭𝟭:𝟰𝟵
⏰ Last Name: ⌥ 𝟭𝟭:𝟱𝟬
⏰ Last Name: ⌥ 𝟭𝟭:𝟱𝟭
⏰ Last Name: ⌥ 𝟭𝟭:𝟱𝟮
⏰ Last Name: ⌥ 𝟭𝟭:𝟱𝟯
⏰ Last Name: ⌥ 𝟭𝟭:𝟱𝟰
⏰ Last Name: ⌥ 𝟭𝟭:𝟱𝟱
⏰ Last Name: ⌥ 𝟭𝟭:𝟱𝟲
⏰ Last Name: ⌥ 𝟭𝟭:𝟱𝟳
⏰ Last Name: ⌥ 𝟭𝟭:𝟱𝟴
⏰ Last Name: ⌥ 𝟭𝟭:𝟱𝟵
⏰ Last Name: ⌥ 𝟭𝟮:𝟬𝟬
⏰ Last Name: ⌥ 𝟭𝟮:𝟬𝟭
💜 Auto React [user:6990187779]: ❤️
⏰ Last Name: ⌥ 𝟭𝟮:𝟬𝟮
⏰ Last Name: ⌥ 𝟭𝟮:𝟬𝟯
⏰ Last Name: ⌥ 𝟭𝟮:𝟬𝟰
⏰ Last Name: ⌥ 𝟭𝟮:𝟬𝟱
⏰ Last Name: ⌥ 𝟭𝟮:𝟬𝟲
⏰ Last Name: ⌥ 𝟭𝟮:𝟬𝟳
⏰ Last Name: ⌥ 𝟭𝟮:𝟬𝟴
⏰ Last Name: ⌥ 𝟭𝟮:𝟬𝟵
⏰ Last Name: ⌥ 𝟭𝟮:𝟭𝟬
⏰ Last Name: ⌥ 𝟭𝟮:𝟭𝟭
⏰ Last Name: ⌥ 𝟭𝟮:𝟭𝟮
⏰ Last Name: ⌥ 𝟭𝟮:𝟭𝟯
⏰ Last Name: ⌥ 𝟭𝟮:𝟭𝟰
⏰ Last Name: ⌥ 𝟭𝟮:𝟭𝟱
⏰ Last Name: ⌥ 𝟭𝟮:𝟭𝟲
⏰ Last Name: ⌥ 𝟭𝟮:𝟭𝟳
⏰ Last Name: ⌥ 𝟭𝟮:𝟭𝟴
⏰ Last Name: ⌥ 𝟭𝟮:𝟭𝟵
⏰ Last Name: ⌥ 𝟭𝟮:𝟮𝟬
⏰ Last Name: ⌥ 𝟭𝟮:𝟮𝟭
⏰ Last Name: ⌥ 𝟭𝟮:𝟮𝟮
⏰ Last Name: ⌥ 𝟭𝟮:𝟮𝟯
⏰ Last Name: ⌥ 𝟭𝟮:𝟮𝟰
⏰ Last Name: ⌥ 𝟭𝟮:𝟮𝟱
⏰ Last Name: ⌥ 𝟭𝟮:𝟮𝟲
⏰ Last Name: ⌥ 𝟭𝟮:𝟮𝟳
⏰ Last Name: ⌥ 𝟭𝟮:𝟮𝟴
⏰ Last Name: ⌥ 𝟭𝟮:𝟮𝟵
⏰ Last Name: ⌥ 𝟭𝟮:𝟯𝟬
⏰ Last Name: ⌥ 𝟭𝟮:𝟯𝟭
⏰ Last Name: ⌥ 𝟭𝟮:𝟯𝟮
⏰ Last Name: ⌥ 𝟭𝟮:𝟯𝟯
⏰ Last Name: ⌥ 𝟭𝟮:𝟯𝟰
⏰ Last Name: ⌥ 𝟭𝟮:𝟯𝟱
⏰ Last Name: ⌥ 𝟭𝟮:𝟯𝟲
⏰ Last Name: ⌥ 𝟭𝟮:𝟯𝟳
⏰ Last Name: ⌥ 𝟭𝟮:𝟯𝟴
⏰ Last Name: ⌥ 𝟭𝟮:𝟯𝟵
⏰ Last Name: ⌥ 𝟭𝟮:𝟰𝟬
⏰ Last Name: ⌥ 𝟭𝟮:𝟰𝟭
⏰ Last Name: ⌥ 𝟭𝟮:𝟰𝟮
⏰ Last Name: ⌥ 𝟭𝟮:𝟰𝟯
⏰ Last Name: ⌥ 𝟭𝟮:𝟰𝟰
⏰ Last Name: ⌥ 𝟭𝟮:𝟰𝟱
⏰ Last Name: ⌥ 𝟭𝟮:𝟰𝟲
⏰ Last Name: ⌥ 𝟭𝟮:𝟰𝟳
⏰ Last Name: ⌥ 𝟭𝟮:𝟰𝟴
⏰ Last Name: ⌥ 𝟭𝟮:𝟰𝟵
⏰ Last Name: ⌥ 𝟭𝟮:𝟱𝟬
⏰ Last Name: ⌥ 𝟭𝟮:𝟱𝟭
⏰ Last Name: ⌥ 𝟭𝟮:𝟱𝟮
⏰ Last Name: ⌥ 𝟭𝟮:𝟱𝟯
⏰ Last Name: ⌥ 𝟭𝟮:𝟱𝟰
⏰ Last Name: ⌥ 𝟭𝟮:𝟱𝟱
⏰ Last Name: ⌥ 𝟭𝟮:𝟱𝟲
⏰ Last Name: ⌥ 𝟭𝟮:𝟱𝟳
⏰ Last Name: ⌥ 𝟭𝟮:𝟱𝟴
⏰ Last Name: ⌥ 𝟭𝟮:𝟱𝟵
⏰ Last Name: ⌥ 𝟭𝟯:𝟬𝟬
⏰ Last Name: ⌥ 𝟭𝟯:𝟬𝟭
⏰ Last Name: ⌥ 𝟭𝟯:𝟬𝟮
⏰ Last Name: ⌥ 𝟭𝟯:𝟬𝟯
⏰ Last Name: ⌥ 𝟭𝟯:𝟬𝟰
⏰ Last Name: ⌥ 𝟭𝟯:𝟬𝟱
⏰ Last Name: ⌥ 𝟭𝟯:𝟬𝟲
⏰ Last Name: ⌥ 𝟭𝟯:𝟬𝟳
⏰ Last Name: ⌥ 𝟭𝟯:𝟬𝟴
⏰ Last Name: ⌥ 𝟭𝟯:𝟬𝟵
⏰ Last Name: ⌥ 𝟭𝟯:𝟭𝟬
⏰ Last Name: ⌥ 𝟭𝟯:𝟭𝟭
⏰ Last Name: ⌥ 𝟭𝟯:𝟭𝟮
⏰ Last Name: ⌥ 𝟭𝟯:𝟭𝟯
⏰ Last Name: ⌥ 𝟭𝟯:𝟭𝟰
⏰ Last Name: ⌥ 𝟭𝟯:𝟭𝟱
⏰ Last Name: ⌥ 𝟭𝟯:𝟭𝟲
⏰ Last Name: ⌥ 𝟭𝟯:𝟭𝟳
⏰ Last Name: ⌥ 𝟭𝟯:𝟭𝟴
⏰ Last Name: ⌥ 𝟭𝟯:𝟭𝟵
⏰ Last Name: ⌥ 𝟭𝟯:𝟮𝟬
⏰ Last Name: ⌥ 𝟭𝟯:𝟮𝟭
⏰ Last Name: ⌥ 𝟭𝟯:𝟮𝟮
💜 Auto React [user:8944291576]: 🍌
⏰ Last Name: ⌥ 𝟭𝟯:𝟮𝟯
⏰ Last Name: ⌥ 𝟭𝟯:𝟮𝟰
⏰ Last Name: ⌥ 𝟭𝟯:𝟮𝟱
⏰ Last Name: ⌥ 𝟭𝟯:𝟮𝟲
⏰ Last Name: ⌥ 𝟭𝟯:𝟮𝟳
⏰ Last Name: ⌥ 𝟭𝟯:𝟮𝟴
⏰ Last Name: ⌥ 𝟭𝟯:𝟮𝟵
⏰ Last Name: ⌥ 𝟭𝟯:𝟯𝟬
⏰ Last Name: ⌥ 𝟭𝟯:𝟯𝟭
💜 Auto React [user:8944291576]: 🍌
💜 Auto React [user:8944291576]: 🍌
⏰ Last Name: ⌥ 𝟭𝟯:𝟯𝟮
💜 Auto React [user:8944291576]: 🍌
💜 Auto React [user:8944291576]: 🍌
⏰ Last Name: ⌥ 𝟭𝟯:𝟯𝟯
💜 Auto React [user:8944291576]: 🍌
💜 Auto React [user:8944291576]: 🍌
💜 Auto React [user:8944291576]: 🍌
⏰ Last Name: ⌥ 𝟭𝟯:𝟯𝟰
⏰ Last Name: ⌥ 𝟭𝟯:𝟯𝟱
⏰ Last Name: ⌥ 𝟭𝟯:𝟯𝟲
💜 Auto React [user:8944291576]: 🍌
⏰ Last Name: ⌥ 𝟭𝟯:𝟯𝟳
💜 Auto React [user:6990187779]: ❤️
⏰ Last Name: ⌥ 𝟭𝟯:𝟯𝟴
💜 Auto React [user:6990187779]: ❤️
💜 Auto React [user:6990187779]: ❤️
💜 Auto React [user:8944291576]: 🍌
💜 Auto React [user:8944291576]: 🍌
⏰ Last Name: ⌥ 𝟭𝟯:𝟯𝟵
💜 Auto React [user:8944291576]: 🍌
💜 Auto React [user:8944291576]: 🍌
💜 Auto React [user:6990187779]: ❤️
💜 Auto React [user:6990187779]: ❤️
💜 Auto React [user:8944291576]: 🍌
💜 Auto React [user:8944291576]: 🍌
⏰ Last Name: ⌥ 𝟭𝟯:𝟰𝟬
💜 Auto React [user:8944291576]: 🍌
💜 Auto React [user:6990187779]: ❤️
💜 Auto React [user:6990187779]: ❤️
⏰ Last Name: ⌥ 𝟭𝟯:𝟰𝟭
💜 Auto React [user:6990187779]: ❤️
⏰ Last Name: ⌥ 𝟭𝟯:𝟰𝟮
💜 Auto React [user:6990187779]: ❤️
💜 Auto React [user:8944291576]: 🍌
⏰ Last Name: ⌥ 𝟭𝟯:𝟰𝟯
💜 Auto React [user:6990187779]: ❤️
💜 Auto React [user:6990187779]: ❤️
⏰ Last Name: ⌥ 𝟭𝟯:𝟰𝟰
💜 Auto React [user:6990187779]: ❤️
💜 Auto React [user:6990187779]: ❤️
⏰ Last Name: ⌥ 𝟭𝟯:𝟰𝟱
⏰ Last Name: ⌥ 𝟭𝟯:𝟰𝟲
💜 Auto React [user:6990187779]: ❤️
💜 Auto React [user:6990187779]: ❤️
💜 Auto React [user:8944291576]: 🍌
💜 Auto React [user:8944291576]: 🍌
💜 Auto React [user:8944291576]: 🍌
💜 Auto React [user:6990187779]: ❤️
💜 Auto React [user:8944291576]: 🍌
⏰ Last Name: ⌥ 𝟭𝟯:𝟰𝟳
💜 Auto React [user:8944291576]: 🍌
💜 Auto React [user:8944291576]: 🍌
💜 Auto React [user:8944291576]: 🍌
💜 Auto React [user:8944291576]: 🍌
⏰ Last Name: ⌥ 𝟭𝟯:𝟰𝟴
💜 Auto React [user:8944291576]: 🍌
💜 Auto React [user:8944291576]: 🍌
💜 Auto React [user:6990187779]: ❤️
⏰ Last Name: ⌥ 𝟭𝟯:𝟰𝟵
💜 Auto React [user:6990187779]: ❤️
💜 Auto React [user:6990187779]: ❤️
💜 Auto React [user:8944291576]: 🍌
💜 Auto React [user:8944291576]: 🍌
⏰ Last Name: ⌥ 𝟭𝟯:𝟱𝟬
💜 Auto React [user:6990187779]: ❤️
💜 Auto React [user:6990187779]: ❤️
💜 Auto React [user:6990187779]: ❤️
⏰ Last Name: ⌥ 𝟭𝟯:𝟱𝟭
💜 Auto React [user:6990187779]: ❤️
💜 Auto React [user:6990187779]: ❤️
💜 Auto React [user:6990187779]: ❤️
⏰ Last Name: ⌥ 𝟭𝟯:𝟱𝟮
💜 Auto React [user:6990187779]: ❤️
💜 Auto React [user:6990187779]: ❤️
💜 Auto React [user:6990187779]: ❤️
⏰ Last Name: ⌥ 𝟭𝟯:𝟱𝟯
💜 Auto React [user:6990187779]: ❤️
💜 Auto React [user:6990187779]: ❤️
⏰ Last Name: ⌥ 𝟭𝟯:𝟱𝟰
💜 Auto React [user:6990187779]: ❤️
⏰ Last Name: ⌥ 𝟭𝟯:𝟱𝟱
💜 Auto React [user:6990187779]: ❤️
💜 Auto React [user:6990187779]: ❤️
💜 Auto React [user:6990187779]: ❤️
⏰ Last Name: ⌥ 𝟭𝟯:𝟱𝟲
💜 Auto React [user:6990187779]: ❤️
💜 Auto React [user:6990187779]: ❤️
💜 Auto React [user:6990187779]: ❤️
💜 Auto React [user:6990187779]: ❤️
⏰ Last Name: ⌥ 𝟭𝟯:𝟱𝟳
💜 Auto React [user:6990187779]: ❤️
⏰ Last Name: ⌥ 𝟭𝟯:𝟱𝟴
💜 Auto React [user:6990187779]: ❤️
💜 Auto React [user:6990187779]: ❤️
💜 Auto React [user:6990187779]: ❤️
⏰ Last Name: ⌥ 𝟭𝟯:𝟱𝟵
💜 Auto React [user:6990187779]: ❤️
💜 Auto React [user:6990187779]: ❤️
💜 Auto React [user:6990187779]: ❤️
⏰ Last Name: ⌥ 𝟭𝟰:𝟬𝟬
💜 Auto React [user:6990187779]: ❤️
💜 Auto React [user:6990187779]: ❤️
💜 Auto React [user:8944291576]: 🍌
💜 Auto React [user:6990187779]: ❤️
💜 Auto React [user:6990187779]: ❤️
⏰ Last Name: ⌥ 𝟭𝟰:𝟬𝟭
💜 Auto React [user:6990187779]: ❤️
⏰ Last Name: ⌥ 𝟭𝟰:𝟬𝟮
💜 Auto React [user:6990187779]: ❤️
💜 Auto React [user:6990187779]: ❤️
💜 Auto React [user:6990187779]: ❤️
💜 Auto React [user:6990187779]: ❤️
⏰ Last Name: ⌥ 𝟭𝟰:𝟬𝟯
💜 Auto React [user:6990187779]: ❤️
⏰ Last Name: ⌥ 𝟭𝟰:𝟬𝟰
💜 Auto React [user:6990187779]: ❤️
💜 Auto React [user:6990187779]: ❤️
💜 Auto React [user:6990187779]: ❤️
⏰ Last Name: ⌥ 𝟭𝟰:𝟬𝟱
💜 Auto React [user:6990187779]: ❤️
⏰ Last Name: ⌥ 𝟭𝟰:𝟬𝟲
⏰ Last Name: ⌥ 𝟭𝟰:𝟬𝟳
💜 Auto React [user:6990187779]: ❤️
⏰ Last Name: ⌥ 𝟭𝟰:𝟬𝟴
💜 Auto React [user:6990187779]: ❤️
⏰ Last Name: ⌥ 𝟭𝟰:𝟬𝟵
💜 Auto React [user:8944291576]: 🍌
💜 Auto React [user:8944291576]: 🍌
💜 Auto React [user:8944291576]: 🍌
💜 Auto React [user:8944291576]: 🍌
⏰ Last Name: ⌥ 𝟭𝟰:𝟭𝟬
💜 Auto React [user:8944291576]: 🍌
💜 Auto React [user:6990187779]: ❤️
⏰ Last Name: ⌥ 𝟭𝟰:𝟭𝟭
💜 Auto React [user:8944291576]: 🍌
💜 Auto React [user:8944291576]: 🍌
💜 Auto React [user:6990187779]: ❤️
⏰ Last Name: ⌥ 𝟭𝟰:𝟭𝟮
⏰ Last Name: ⌥ 𝟭𝟰:𝟭𝟯
💜 Auto React [user:8944291576]: 🍌
💜 Auto React [user:6990187779]: ❤️
💜 Auto React [user:6990187779]: ❤️
⏰ Last Name: ⌥ 𝟭𝟰:𝟭𝟰
💜 Auto React [user:6990187779]: ❤️
⏰ Last Name: ⌥ 𝟭𝟰:𝟭𝟱
💜 Auto React [user:6990187779]: ❤️
💜 Auto React [user:6990187779]: ❤️
💜 Auto React [user:8944291576]: 🍌
💜 Auto React [user:6990187779]: ❤️
⏰ Last Name: ⌥ 𝟭𝟰:𝟭𝟲
💜 Auto React [user:6990187779]: ❤️
⏰ Last Name: ⌥ 𝟭𝟰:𝟭𝟳
💜 Auto React [user:6990187779]: ❤️
💜 Auto React [user:6990187779]: ❤️
💜 Auto React [user:6990187779]: ❤️
⏰ Last Name: ⌥ 𝟭𝟰:𝟭𝟴
💜 Auto React [user:6990187779]: ❤️
💜 Auto React [user:6990187779]: ❤️
💜 Auto React [user:6990187779]: ❤️
💜 Auto React [user:8944291576]: 🍌
⏰ Last Name: ⌥ 𝟭𝟰:𝟭𝟵
💜 Auto React [user:8944291576]: 🍌
💜 Auto React [user:8944291576]: 🍌
💜 Auto React [user:6990187779]: ❤️
💜 Auto React [user:6990187779]: ❤️
⏰ Last Name: ⌥ 𝟭𝟰:𝟮𝟬
💜 Auto React [user:8944291576]: 🍌
💜 Auto React [user:8944291576]: 🍌
💜 Auto React [user:6990187779]: ❤️
💜 Auto React [user:6990187779]: ❤️
⏰ Last Name: ⌥ 𝟭𝟰:𝟮𝟭
💜 Auto React [user:6990187779]: ❤️
⏰ Last Name: ⌥ 𝟭𝟰:𝟮𝟮
⏰ Last Name: ⌥ 𝟭𝟰:𝟮𝟯Telegram is having internal issues RpcMcgetFailError: Telegram is having internal issues, please try again later. (caused by UpdateProfileRequest)

💜 Auto React [user:6990187779]: ❤️
💜 Auto React [user:6990187779]: ❤️
💜 Auto React [user:8944291576]: 🍌
⏰ Last Name: ⌥ 𝟭𝟰:𝟮𝟰
💜 Auto React [user:6990187779]: ❤️
💜 Auto React [user:6990187779]: ❤️
💜 Auto React [user:6990187779]: ❤️
⏰ Last Name: ⌥ 𝟭𝟰:𝟮𝟱
💜 Auto React [user:6990187779]: ❤️
💜 Auto React [user:8944291576]: 🍌
💜 Auto React [user:6990187779]: ❤️
⏰ Last Name: ⌥ 𝟭𝟰:𝟮𝟲
💜 Auto React [user:6990187779]: ❤️
💜 Auto React [user:6990187779]: ❤️
💜 Auto React [user:6990187779]: ❤️
💜 Auto React [user:6990187779]: ❤️
💜 Auto React [user:6990187779]: ❤️
💜 Auto React [user:6990187779]: ❤️
⏰ Last Name: ⌥ 𝟭𝟰:𝟮𝟳
⏰ Last Name: ⌥ 𝟭𝟰:𝟮𝟴
💜 Auto React [user:8944291576]: 🍌
💜 Auto React [user:6990187779]: ❤️
⏰ Last Name: ⌥ 𝟭𝟰:𝟮𝟵
⏰ Last Name: ⌥ 𝟭𝟰:𝟯𝟬
💜 Auto React [user:6990187779]: ❤️
⏰ Last Name: ⌥ 𝟭𝟰:𝟯𝟭
💜 Auto React [user:8944291576]: 🍌
⏰ Last Name: ⌥ 𝟭𝟰:𝟯𝟮
💜 Auto React [user:6990187779]: ❤️
⏰ Last Name: ⌥ 𝟭𝟰:𝟯𝟯
💜 Auto React [user:6990187779]: ❤️
💜 Auto React [user:6990187779]: ❤️
💜 Auto React [user:6990187779]: ❤️
⏰ Last Name: ⌥ 𝟭𝟰:𝟯𝟰
⏰ Last Name: ⌥ 𝟭𝟰:𝟯𝟱
⏰ Last Name: ⌥ 𝟭𝟰:𝟯𝟲
⏰ Last Name: ⌥ 𝟭𝟰:𝟯𝟳
⏰ Last Name: ⌥ 𝟭𝟰:𝟯𝟴
⏰ Last Name: ⌥ 𝟭𝟰:𝟯𝟵
⏰ Last Name: ⌥ 𝟭𝟰:𝟰𝟬
⏰ Last Name: ⌥ 𝟭𝟰:𝟰𝟭
⏰ Last Name: ⌥ 𝟭𝟰:𝟰𝟮
⏰ Last Name: ⌥ 𝟭𝟰:𝟰𝟯
⏰ Last Name: ⌥ 𝟭𝟰:𝟰𝟰
⏰ Last Name: ⌥ 𝟭𝟰:𝟰𝟱
⏰ Last Name: ⌥ 𝟭𝟰:𝟰𝟲
⏰ Last Name: ⌥ 𝟭𝟰:𝟰𝟳
⏰ Last Name: ⌥ 𝟭𝟰:𝟰𝟴
⏰ Last Name: ⌥ 𝟭𝟰:𝟰𝟵
⏰ Last Name: ⌥ 𝟭𝟰:𝟱𝟬
⏰ Last Name: ⌥ 𝟭𝟰:𝟱𝟭
⏰ Last Name: ⌥ 𝟭𝟰:𝟱𝟮
⏰ Last Name: ⌥ 𝟭𝟰:𝟱𝟯
⏰ Last Name: ⌥ 𝟭𝟰:𝟱𝟰
⏰ Last Name: ⌥ 𝟭𝟰:𝟱𝟱
⏰ Last Name: ⌥ 𝟭𝟰:𝟱𝟲
⏰ Last Name: ⌥ 𝟭𝟰:𝟱𝟳
⏰ Last Name: ⌥ 𝟭𝟰:𝟱𝟴
⏰ Last Name: ⌥ 𝟭𝟰:𝟱𝟵
⏰ Last Name: ⌥ 𝟭𝟱:𝟬𝟬
⏰ Last Name: ⌥ 𝟭𝟱:𝟬𝟭
⏰ Last Name: ⌥ 𝟭𝟱:𝟬𝟮
⏰ Last Name: ⌥ 𝟭𝟱:𝟬𝟯
⏰ Last Name: ⌥ 𝟭𝟱:𝟬𝟰
⏰ Last Name: ⌥ 𝟭𝟱:𝟬𝟱
⏰ Last Name: ⌥ 𝟭𝟱:𝟬𝟲
⏰ Last Name: ⌥ 𝟭𝟱:𝟬𝟳
⏰ Last Name: ⌥ 𝟭𝟱:𝟬𝟴
⏰ Last Name: ⌥ 𝟭𝟱:𝟬𝟵
⏰ Last Name: ⌥ 𝟭𝟱:𝟭𝟬
⏰ Last Name: ⌥ 𝟭𝟱:𝟭𝟭
⏰ Last Name: ⌥ 𝟭𝟱:𝟭𝟮
⏰ Last Name: ⌥ 𝟭𝟱:𝟭𝟯
⏰ Last Name: ⌥ 𝟭𝟱:𝟭𝟰
⏰ Last Name: ⌥ 𝟭𝟱:𝟭𝟱
⏰ Last Name: ⌥ 𝟭𝟱:𝟭𝟲
⏰ Last Name: ⌥ 𝟭𝟱:𝟭𝟳
⏰ Last Name: ⌥ 𝟭𝟱:𝟭𝟴
⏰ Last Name: ⌥ 𝟭𝟱:𝟭𝟵
⏰ Last Name: ⌥ 𝟭𝟱:𝟮𝟬
⏰ Last Name: ⌥ 𝟭𝟱:𝟮𝟭
⏰ Last Name: ⌥ 𝟭𝟱:𝟮𝟮
⏰ Last Name: ⌥ 𝟭𝟱:𝟮𝟯
⏰ Last Name: ⌥ 𝟭𝟱:𝟮𝟰
⏰ Last Name: ⌥ 𝟭𝟱:𝟮𝟱
⏰ Last Name: ⌥ 𝟭𝟱:𝟮𝟲
⏰ Last Name: ⌥ 𝟭𝟱:𝟮𝟳
⏰ Last Name: ⌥ 𝟭𝟱:𝟮𝟴
⏰ Last Name: ⌥ 𝟭𝟱:𝟮𝟵
⏰ Last Name: ⌥ 𝟭𝟱:𝟯𝟬
⏰ Last Name: ⌥ 𝟭𝟱:𝟯𝟭
💜 Auto React [user:8944291576]: 🍌
⏰ Last Name: ⌥ 𝟭𝟱:𝟯𝟮
⏰ Last Name: ⌥ 𝟭𝟱:𝟯𝟯
⏰ Last Name: ⌥ 𝟭𝟱:𝟯𝟰
⏰ Last Name: ⌥ 𝟭𝟱:𝟯𝟱
⏰ Last Name: ⌥ 𝟭𝟱:𝟯𝟲
💜 Auto React [user:8944291576]: 🍌
⏰ Last Name: ⌥ 𝟭𝟱:𝟯𝟳
⏰ Last Name: ⌥ 𝟭𝟱:𝟯𝟴
⏰ Last Name: ⌥ 𝟭𝟱:𝟯𝟵
⏰ Last Name: ⌥ 𝟭𝟱:𝟰𝟬
💜 Auto React [user:8944291576]: 🍌
⏰ Last Name: ⌥ 𝟭𝟱:𝟰𝟭
⏰ Last Name: ⌥ 𝟭𝟱:𝟰𝟮
⏰ Last Name: ⌥ 𝟭𝟱:𝟰𝟯
⏰ Last Name: ⌥ 𝟭𝟱:𝟰𝟰
⏰ Last Name: ⌥ 𝟭𝟱:𝟰𝟱
⏰ Last Name: ⌥ 𝟭𝟱:𝟰𝟲
⏰ Last Name: ⌥ 𝟭𝟱:𝟰𝟳
💜 Auto React [user:8944291576]: 🍌
💜 Auto React [user:8944291576]: 🍌
💜 Auto React [user:8944291576]: 🍌
⏰ Last Name: ⌥ 𝟭𝟱:𝟰𝟴
⏰ Last Name: ⌥ 𝟭𝟱:𝟰𝟵
⏰ Last Name: ⌥ 𝟭𝟱:𝟱𝟬
⏰ Last Name: ⌥ 𝟭𝟱:𝟱𝟭
⏰ Last Name: ⌥ 𝟭𝟱:𝟱𝟮
⏰ Last Name: ⌥ 𝟭𝟱:𝟱𝟯
⏰ Last Name: ⌥ 𝟭𝟱:𝟱𝟰
⏰ Last Name: ⌥ 𝟭𝟱:𝟱𝟱
⏰ Last Name: ⌥ 𝟭𝟱:𝟱𝟲
⏰ Last Name: ⌥ 𝟭𝟱:𝟱𝟳
⏰ Last Name: ⌥ 𝟭𝟱:𝟱𝟴
⏰ Last Name: ⌥ 𝟭𝟱:𝟱𝟵
⏰ Last Name: ⌥ 𝟭𝟲:𝟬𝟬
⏰ Last Name: ⌥ 𝟭𝟲:𝟬𝟭
⏰ Last Name: ⌥ 𝟭𝟲:𝟬𝟮
⏰ Last Name: ⌥ 𝟭𝟲:𝟬𝟯
⏰ Last Name: ⌥ 𝟭𝟲:𝟬𝟰
⏰ Last Name: ⌥ 𝟭𝟲:𝟬𝟱
💜 Auto React [user:8944291576]: 🍌
💜 Auto React [user:8944291576]: 🍌
⏰ Last Name: ⌥ 𝟭𝟲:𝟬𝟲
⏰ Last Name: ⌥ 𝟭𝟲:𝟬𝟳
⏰ Last Name: ⌥ 𝟭𝟲:𝟬𝟴
⏰ Last Name: ⌥ 𝟭𝟲:𝟬𝟵
⏰ Last Name: ⌥ 𝟭𝟲:𝟭𝟬
⏰ Last Name: ⌥ 𝟭𝟲:𝟭𝟭
⏰ Last Name: ⌥ 𝟭𝟲:𝟭𝟮
⏰ Last Name: ⌥ 𝟭𝟲:𝟭𝟯
⏰ Last Name: ⌥ 𝟭𝟲:𝟭𝟰
⏰ Last Name: ⌥ 𝟭𝟲:𝟭𝟱
⏰ Last Name: ⌥ 𝟭𝟲:𝟭𝟲
⏰ Last Name: ⌥ 𝟭𝟲:𝟭𝟳
⏰ Last Name: ⌥ 𝟭𝟲:𝟭𝟴
⏰ Last Name: ⌥ 𝟭𝟲:𝟭𝟵
⏰ Last Name: ⌥ 𝟭𝟲:𝟮𝟬
💜 Auto React [user:8944291576]: 🍌
💜 Auto React [user:8944291576]: 🍌
💜 Auto React [user:8944291576]: 🍌
💜 Auto React [user:8944291576]: 🍌
⏰ Last Name: ⌥ 𝟭𝟲:𝟮𝟭
⏰ Last Name: ⌥ 𝟭𝟲:𝟮𝟮
⏰ Last Name: ⌥ 𝟭𝟲:𝟮𝟯
⏰ Last Name: ⌥ 𝟭𝟲:𝟮𝟰
⏰ Last Name: ⌥ 𝟭𝟲:𝟮𝟱
⏰ Last Name: ⌥ 𝟭𝟲:𝟮𝟲
⏰ Last Name: ⌥ 𝟭𝟲:𝟮𝟳
⏰ Last Name: ⌥ 𝟭𝟲:𝟮𝟴
⏰ Last Name: ⌥ 𝟭𝟲:𝟮𝟵
⏰ Last Name: ⌥ 𝟭𝟲:𝟯𝟬
⏰ Last Name: ⌥ 𝟭𝟲:𝟯𝟭
⏰ Last Name: ⌥ 𝟭𝟲:𝟯𝟮
⏰ Last Name: ⌥ 𝟭𝟲:𝟯𝟯
⏰ Last Name: ⌥ 𝟭𝟲:𝟯𝟰
⏰ Last Name: ⌥ 𝟭𝟲:𝟯𝟱
⏰ Last Name: ⌥ 𝟭𝟲:𝟯𝟲
⏰ Last Name: ⌥ 𝟭𝟲:𝟯𝟳
⏰ Last Name: ⌥ 𝟭𝟲:𝟯𝟴
💜 Auto React [user:8944291576]: 🍌
⏰ Last Name: ⌥ 𝟭𝟲:𝟯𝟵
💜 Auto React [user:8944291576]: 🍌
⏰ Last Name: ⌥ 𝟭𝟲:𝟰𝟬
💜 Auto React [user:8944291576]: 🍌
⏰ Last Name: ⌥ 𝟭𝟲:𝟰𝟭
⏰ Last Name: ⌥ 𝟭𝟲:𝟰𝟮
⏰ Last Name: ⌥ 𝟭𝟲:𝟰𝟯
⏰ Last Name: ⌥ 𝟭𝟲:𝟰𝟰
⏰ Last Name: ⌥ 𝟭𝟲:𝟰𝟱
⏰ Last Name: ⌥ 𝟭𝟲:𝟰𝟲
⏰ Last Name: ⌥ 𝟭𝟲:𝟰𝟳
⏰ Last Name: ⌥ 𝟭𝟲:𝟰𝟴
⏰ Last Name: ⌥ 𝟭𝟲:𝟰𝟵
⏰ Last Name: ⌥ 𝟭𝟲:𝟱𝟬
⏰ Last Name: ⌥ 𝟭𝟲:𝟱𝟭
⏰ Last Name: ⌥ 𝟭𝟲:𝟱𝟮
⏰ Last Name: ⌥ 𝟭𝟲:𝟱𝟯
⏰ Last Name: ⌥ 𝟭𝟲:𝟱𝟰
⏰ Last Name: ⌥ 𝟭𝟲:𝟱𝟱
💜 Auto React [user:8944291576]: 🍌
⏰ Last Name: ⌥ 𝟭𝟲:𝟱𝟲
💜 Auto React [user:8944291576]: 🍌
💜 Auto React [user:8944291576]: 🍌
💜 Auto React [user:8944291576]: 🍌
⏰ Last Name: ⌥ 𝟭𝟲:𝟱𝟳
💜 Auto React [user:8944291576]: 🍌
💜 Auto React [user:8944291576]: 🍌
💜 Auto React [user:8944291576]: 🍌
💜 Auto React [user:8944291576]: 🍌
⏰ Last Name: ⌥ 𝟭𝟲:𝟱𝟴
💜 Auto React [user:8944291576]: 🍌
💜 Auto React [user:8944291576]: 🍌
💜 Auto React [user:8944291576]: 🍌
💜 Auto React [user:8944291576]: 🍌
💜 Auto React [user:8944291576]: 🍌
⏰ Last Name: ⌥ 𝟭𝟲:𝟱𝟵
💜 Auto React [user:8944291576]: 🍌
💜 Auto React [user:8944291576]: 🍌
💜 Auto React [user:8944291576]: 🍌
⏰ Last Name: ⌥ 𝟭𝟳:𝟬𝟬
💜 Auto React [user:8944291576]: 🍌
💜 Auto React [user:8944291576]: 🍌
💜 Auto React [user:8944291576]: 🍌
💜 Auto React [user:8944291576]: 🍌
💜 Auto React [user:8944291576]: 🍌
⏰ Last Name: ⌥ 𝟭𝟳:𝟬𝟭
💜 Auto React [user:8944291576]: 🍌
💜 Auto React [user:8944291576]: 🍌
⏰ Last Name: ⌥ 𝟭𝟳:𝟬𝟮
💜 Auto React [user:8944291576]: 🍌
⏰ Last Name: ⌥ 𝟭𝟳:𝟬𝟯
💜 Auto React [user:8944291576]: 🍌
💜 Auto React [user:8944291576]: 🍌
💜 Auto React [user:8944291576]: 🍌
⏰ Last Name: ⌥ 𝟭𝟳:𝟬𝟰
💜 Auto React [user:8944291576]: 🍌
💜 Auto React [user:8944291576]: 🍌
💜 Auto React [user:8944291576]: 🍌
💜 Auto React [user:8944291576]: 🍌
⏰ Last Name: ⌥ 𝟭𝟳:𝟬𝟱
💜 Auto React [user:8944291576]: 🍌
💜 Auto React [user:8944291576]: 🍌
💜 Auto React [user:8944291576]: 🍌
💜 Auto React [user:8944291576]: 🍌
💜 Auto React [user:8944291576]: 🍌
💜 Auto React [user:8944291576]: 🍌
💜 Auto React [user:8944291576]: 🍌
💜 Auto React [user:8944291576]: 🍌
⏰ Last Name: ⌥ 𝟭𝟳:𝟬𝟲
💜 Auto React [user:8944291576]: 🍌
💜 Auto React [user:8944291576]: 🍌
💜 Auto React [user:8944291576]: 🍌
💜 Auto React [user:8944291576]: 🍌
⏰ Last Name: ⌥ 𝟭𝟳:𝟬𝟳
💜 Auto React [user:8944291576]: 🍌
💜 Auto React [user:8944291576]: 🍌
💜 Auto React [user:8944291576]: 🍌
💜 Auto React [user:8944291576]: 🍌
⏰ Last Name: ⌥ 𝟭𝟳:𝟬𝟴
⏰ Last Name: ⌥ 𝟭𝟳:𝟬𝟵
💜 Auto React [user:8944291576]: 🍌
💜 Auto React [user:8944291576]: 🍌
💜 Auto React [user:8944291576]: 🍌
💜 Auto React [user:8944291576]: 🍌
⏰ Last Name: ⌥ 𝟭𝟳:𝟭𝟬
💜 Auto React [user:8944291576]: 🍌
💜 Auto React [user:8944291576]: 🍌
⏰ Last Name: ⌥ 𝟭𝟳:𝟭𝟭
⏰ Last Name: ⌥ 𝟭𝟳:𝟭𝟮
💜 Auto React [user:8944291576]: 🍌
💜 Auto React [user:8944291576]: 🍌
💜 Auto React [user:8944291576]: 🍌
💜 Auto React [user:8944291576]: 🍌
💜 Auto React [user:8944291576]: 🍌
⏰ Last Name: ⌥ 𝟭𝟳:𝟭𝟯
💜 Auto React [user:8944291576]: 🍌
💜 Auto React [user:8944291576]: 🍌
💜 Auto React [user:8944291576]: 🍌
💜 Auto React [user:8944291576]: 🍌
💜 Auto React [user:8944291576]: 🍌
⏰ Last Name: ⌥ 𝟭𝟳:𝟭𝟰
💜 Auto React [user:8944291576]: 🍌
💜 Auto React [user:8944291576]: 🍌
💜 Auto React [user:8944291576]: 🍌
💜 Auto React [user:8944291576]: 🍌
💜 Auto React [user:8944291576]: 🍌
⏰ Last Name: ⌥ 𝟭𝟳:𝟭𝟱
💜 Auto React [user:8944291576]: 🍌
💜 Auto React [user:8944291576]: 🍌
💜 Auto React [user:8944291576]: 🍌
⏰ Last Name: ⌥ 𝟭𝟳:𝟭𝟲
💜 Auto React [user:8944291576]: 🍌
💜 Auto React [user:8944291576]: 🍌
💜 Auto React [user:8944291576]: 🍌
⏰ Last Name: ⌥ 𝟭𝟳:𝟭𝟳
💜 Auto React [user:8944291576]: 🍌
⏰ Last Name: ⌥ 𝟭𝟳:𝟭𝟴
💜 Auto React [user:8944291576]: 🍌
💜 Auto React [user:8944291576]: 🍌
💜 Auto React [user:8944291576]: 🍌
💜 Auto React [user:8944291576]: 🍌
⏰ Last Name: ⌥ 𝟭𝟳:𝟭𝟵
💜 Auto React [user:8944291576]: 🍌
💜 Auto React [user:8944291576]: 🍌
💜 Auto React [user:8944291576]: 🍌
⏰ Last Name: ⌥ 𝟭𝟳:𝟮𝟬
⏰ Last Name: ⌥ 𝟭𝟳:𝟮𝟭
💜 Auto React [user:8944291576]: 🍌
💜 Auto React [user:8944291576]: 🍌
💜 Auto React [user:8944291576]: 🍌
💜 Auto React [user:8944291576]: 🍌
💜 Auto React [user:8944291576]: 🍌
⏰ Last Name: ⌥ 𝟭𝟳:𝟮𝟮
💜 Auto React [user:8944291576]: 🍌
💜 Auto React [user:8944291576]: 🍌
💜 Auto React [user:8944291576]: 🍌
💜 Auto React [user:8944291576]: 🍌
💜 Auto React [user:8944291576]: 🍌
⏰ Last Name: ⌥ 𝟭𝟳:𝟮𝟯
⏰ Last Name: ⌥ 𝟭𝟳:𝟮𝟰
💜 Auto React [user:8944291576]: 🍌
💜 Auto React [user:8944291576]: 🍌
⏰ Last Name: ⌥ 𝟭𝟳:𝟮𝟱
💜 Auto React [user:8944291576]: 🍌
💜 Auto React [user:8944291576]: 🍌
⏰ Last Name: ⌥ 𝟭𝟳:𝟮𝟲
⏰ Last Name: ⌥ 𝟭𝟳:𝟮𝟳
⏰ Last Name: ⌥ 𝟭𝟳:𝟮𝟴
💜 Auto React [user:8944291576]: 🍌
⏰ Last Name: ⌥ 𝟭𝟳:𝟮𝟵
⏰ Last Name: ⌥ 𝟭𝟳:𝟯𝟬
💜 Auto React [user:8944291576]: 🍌
💜 Auto React [user:8944291576]: 🍌
💜 Auto React [user:8944291576]: 🍌
💜 Auto React [user:8944291576]: 🍌
💜 Auto React [user:8944291576]: 🍌
💜 Auto React [user:8944291576]: 🍌
💜 Auto React [user:8944291576]: 🍌
⏰ Last Name: ⌥ 𝟭𝟳:𝟯𝟭
⏰ Last Name: ⌥ 𝟭𝟳:𝟯𝟮
⏰ Last Name: ⌥ 𝟭𝟳:𝟯𝟯
⏰ Last Name: ⌥ 𝟭𝟳:𝟯𝟰
⏰ Last Name: ⌥ 𝟭𝟳:𝟯𝟱
💜 Auto React [user:8944291576]: 🍌
💜 Auto React [user:8944291576]: 🍌
💜 Auto React [user:8944291576]: 🍌
💜 Auto React [user:8944291576]: 🍌
⏰ Last Name: ⌥ 𝟭𝟳:𝟯𝟲
💜 Auto React [user:8944291576]: 🍌
💜 Auto React [user:8944291576]: 🍌
💜 Auto React [user:8944291576]: 🍌
💜 Auto React [user:8944291576]: 🍌
⏰ Last Name: ⌥ 𝟭𝟳:𝟯𝟳
💜 Auto React [user:8944291576]: 🍌
⏰ Last Name: ⌥ 𝟭𝟳:𝟯𝟴
💜 Auto React [user:8944291576]: 🍌
💜 Auto React [user:8944291576]: 🍌
💜 Auto React [user:8944291576]: 🍌
⏰ Last Name: ⌥ 𝟭𝟳:𝟯𝟵
⏰ Last Name: ⌥ 𝟭𝟳:𝟰𝟬
💜 Auto React [user:8944291576]: 🍌
💜 Auto React [user:8944291576]: 🍌
⏰ Last Name: ⌥ 𝟭𝟳:𝟰𝟭
💜 Auto React [user:8944291576]: 🍌
💜 Auto React [user:8944291576]: 🍌
⏰ Last Name: ⌥ 𝟭𝟳:𝟰𝟮
💜 Auto React [user:8944291576]: 🍌
⏰ Last Name: ⌥ 𝟭𝟳:𝟰𝟯
💜 Auto React [user:8944291576]: 🍌
💜 Auto React [user:8944291576]: 🍌
💜 Auto React [user:8944291576]: 🍌
⏰ Last Name: ⌥ 𝟭𝟳:𝟰𝟰
⏰ Last Name: ⌥ 𝟭𝟳:𝟰𝟱
💜 Auto React [user:8944291576]: 🍌
⏰ Last Name: ⌥ 𝟭𝟳:𝟰𝟲
💜 Auto React [user:8944291576]: 🍌
💜 Auto React [user:8944291576]: 🍌
⏰ Last Name: ⌥ 𝟭𝟳:𝟰𝟳
💜 Auto React [user:8944291576]: 🍌
💜 Auto React [user:8944291576]: 🍌
⏰ Last Name: ⌥ 𝟭𝟳:𝟰𝟴
💜 Auto React [user:8944291576]: 🍌
💜 Auto React [user:8944291576]: 🍌
⏰ Last Name: ⌥ 𝟭𝟳:𝟰𝟵
💜 Auto React [user:8944291576]: 🍌
💜 Auto React [user:8944291576]: 🍌
💜 Auto React [user:8944291576]: 🍌
⏰ Last Name: ⌥ 𝟭𝟳:𝟱𝟬
⏰ Last Name: ⌥ 𝟭𝟳:𝟱𝟭
⏰ Last Name: ⌥ 𝟭𝟳:𝟱𝟮
⏰ Last Name: ⌥ 𝟭𝟳:𝟱𝟯
⏰ Last Name: ⌥ 𝟭𝟳:𝟱𝟰
⏰ Last Name: ⌥ 𝟭𝟳:𝟱𝟱
⏰ Last Name: ⌥ 𝟭𝟳:𝟱𝟲
💜 Auto React [user:6990187779]: ❤️
⏰ Last Name: ⌥ 𝟭𝟳:𝟱𝟳
⏰ Last Name: ⌥ 𝟭𝟳:𝟱𝟴
💜 Auto React [user:8944291576]: 🍌
💜 Auto React [user:8944291576]: 🍌
💜 Auto React [user:8944291576]: 🍌
⏰ Last Name: ⌥ 𝟭𝟳:𝟱𝟵
⏰ Last Name: ⌥ 𝟭𝟴:𝟬𝟬
💜 Auto React [user:8944291576]: 🍌
⏰ Last Name: ⌥ 𝟭𝟴:𝟬𝟭
💜 Auto React [user:8944291576]: 🍌
⏰ Last Name: ⌥ 𝟭𝟴:𝟬𝟮
💜 Auto React [user:8944291576]: 🍌
💜 Auto React [user:8944291576]: 🍌
⏰ Last Name: ⌥ 𝟭𝟴:𝟬𝟯
💜 Auto React [user:8944291576]: 🍌
⏰ Last Name: ⌥ 𝟭𝟴:𝟬𝟰
⏰ Last Name: ⌥ 𝟭𝟴:𝟬𝟱
⏰ Last Name: ⌥ 𝟭𝟴:𝟬𝟲
⏰ Last Name: ⌥ 𝟭𝟴:𝟬𝟳
⏰ Last Name: ⌥ 𝟭𝟴:𝟬𝟴
⏰ Last Name: ⌥ 𝟭𝟴:𝟬𝟵
💜 Auto React [user:8944291576]: 🍌
⏰ Last Name: ⌥ 𝟭𝟴:𝟭𝟬
⏰ Last Name: ⌥ 𝟭𝟴:𝟭𝟭
💜 Auto React [user:8944291576]: 🍌
💜 Auto React [user:8944291576]: 🍌
⏰ Last Name: ⌥ 𝟭𝟴:𝟭𝟮
💜 Auto React [user:8944291576]: 🍌
⏰ Last Name: ⌥ 𝟭𝟴:𝟭𝟯
💜 Auto React [user:8944291576]: 🍌
⏰ Last Name: ⌥ 𝟭𝟴:𝟭𝟰
⏰ Last Name: ⌥ 𝟭𝟴:𝟭𝟱
💜 Auto React [user:8944291576]: 🍌
⏰ Last Name: ⌥ 𝟭𝟴:𝟭𝟲
⏰ Last Name: ⌥ 𝟭𝟴:𝟭𝟳
⏰ Last Name: ⌥ 𝟭𝟴:𝟭𝟴
💜 Auto React [user:8944291576]: 🍌
⏰ Last Name: ⌥ 𝟭𝟴:𝟭𝟵
⏰ Last Name: ⌥ 𝟭𝟴:𝟮𝟬
💜 Auto React [user:8944291576]: 🍌
⏰ Last Name: ⌥ 𝟭𝟴:𝟮𝟭
💜 Auto React [user:8944291576]: 🍌
⏰ Last Name: ⌥ 𝟭𝟴:𝟮𝟮
⏰ Last Name: ⌥ 𝟭𝟴:𝟮𝟯
⏰ Last Name: ⌥ 𝟭𝟴:𝟮𝟰
⏰ Last Name: ⌥ 𝟭𝟴:𝟮𝟱
⏰ Last Name: ⌥ 𝟭𝟴:𝟮𝟲
⏰ Last Name: ⌥ 𝟭𝟴:𝟮𝟳
⏰ Last Name: ⌥ 𝟭𝟴:𝟮𝟴
💜 Auto React [user:8944291576]: 🍌
💜 Auto React [user:8944291576]: 🍌
💜 Auto React [user:8944291576]: 🍌
💜 Auto React [user:8944291576]: 🍌
⏰ Last Name: ⌥ 𝟭𝟴:𝟮𝟵
💜 Auto React [user:8944291576]: 🍌
⏰ Last Name: ⌥ 𝟭𝟴:𝟯𝟬
⏰ Last Name: ⌥ 𝟭𝟴:𝟯𝟭
⏰ Last Name: ⌥ 𝟭𝟴:𝟯𝟮
💜 Auto React [user:8944291576]: 🍌
💜 Auto React [user:8944291576]: 🍌
⏰ Last Name: ⌥ 𝟭𝟴:𝟯𝟯
⏰ Last Name: ⌥ 𝟭𝟴:𝟯𝟰
⏰ Last Name: ⌥ 𝟭𝟴:𝟯𝟱
💜 Auto React [user:8944291576]: 🍌
💜 Auto React [user:8944291576]: 🍌
⏰ Last Name: ⌥ 𝟭𝟴:𝟯𝟲
⏰ Last Name: ⌥ 𝟭𝟴:𝟯𝟳
⏰ Last Name: ⌥ 𝟭𝟴:𝟯𝟴
⏰ Last Name: ⌥ 𝟭𝟴:𝟯𝟵
⏰ Last Name: ⌥ 𝟭𝟴:𝟰𝟬
💜 Auto React [user:8944291576]: 🍌
⏰ Last Name: ⌥ 𝟭𝟴:𝟰𝟭
💜 Auto React [user:8944291576]: 🍌
⏰ Last Name: ⌥ 𝟭𝟴:𝟰𝟮
💜 Auto React [user:8944291576]: 🍌
💜 Auto React [user:8944291576]: 🍌
💜 Auto React [user:8944291576]: 🍌
⏰ Last Name: ⌥ 𝟭𝟴:𝟰𝟯
💜 Auto React [user:8944291576]: 🍌
⏰ Last Name: ⌥ 𝟭𝟴:𝟰𝟰
⏰ Last Name: ⌥ 𝟭𝟴:𝟰𝟱
💜 Auto React [user:8944291576]: 🍌
⏰ Last Name: ⌥ 𝟭𝟴:𝟰𝟲
⏰ Last Name: ⌥ 𝟭𝟴:𝟰𝟳
⏰ Last Name: ⌥ 𝟭𝟴:𝟰𝟴
💜 Auto React [user:8944291576]: 🍌
⏰ Last Name: ⌥ 𝟭𝟴:𝟰𝟵
💜 Auto React [user:8944291576]: 🍌
⏰ Last Name: ⌥ 𝟭𝟴:𝟱𝟬
⏰ Last Name: ⌥ 𝟭𝟴:𝟱𝟭
⏰ Last Name: ⌥ 𝟭𝟴:𝟱𝟮
⏰ Last Name: ⌥ 𝟭𝟴:𝟱𝟯
💜 Auto React [user:8944291576]: 🍌
⏰ Last Name: ⌥ 𝟭𝟴:𝟱𝟰
⏰ Last Name: ⌥ 𝟭𝟴:𝟱𝟱
⏰ Last Name: ⌥ 𝟭𝟴:𝟱𝟲
⏰ Last Name: ⌥ 𝟭𝟴:𝟱𝟳
⏰ Last Name: ⌥ 𝟭𝟴:𝟱𝟴
💜 Auto React [user:8944291576]: 🍌
⏰ Last Name: ⌥ 𝟭𝟴:𝟱𝟵
⏰ Last Name: ⌥ 𝟭𝟵:𝟬𝟬
⏰ Last Name: ⌥ 𝟭𝟵:𝟬𝟭
⏰ Last Name: ⌥ 𝟭𝟵:𝟬𝟮
💜 Auto React [user:8944291576]: 🍌
💜 Auto React [user:8944291576]: 🍌
💜 Auto React [user:8944291576]: 🍌
💜 Auto React [user:8944291576]: 🍌
⏰ Last Name: ⌥ 𝟭𝟵:𝟬𝟯
💜 Auto React [user:8944291576]: 🍌
💜 Auto React [user:8944291576]: 🍌
⏰ Last Name: ⌥ 𝟭𝟵:𝟬𝟰
💜 Auto React [user:8944291576]: 🍌
💜 Auto React [user:8944291576]: 🍌
💜 Auto React [user:8944291576]: 🍌
💜 Auto React [user:8944291576]: 🍌
⏰ Last Name: ⌥ 𝟭𝟵:𝟬𝟱
💜 Auto React [user:8944291576]: 🍌
💜 Auto React [user:8944291576]: 🍌
⏰ Last Name: ⌥ 𝟭𝟵:𝟬𝟲
💜 Auto React [user:8944291576]: 🍌
💜 Auto React [user:8944291576]: 🍌
💜 Auto React [user:8944291576]: 🍌
⏰ Last Name: ⌥ 𝟭𝟵:𝟬𝟳
💜 Auto React [user:8944291576]: 🍌
💜 Auto React [user:8944291576]: 🍌
⏰ Last Name: ⌥ 𝟭𝟵:𝟬𝟴
💜 Auto React [user:8944291576]: 🍌
💜 Auto React [user:8944291576]: 🍌
💜 Auto React [user:8944291576]: 🍌
⏰ Last Name: ⌥ 𝟭𝟵:𝟬𝟵
💜 Auto React [user:8944291576]: 🍌
💜 Auto React [user:8944291576]: 🍌
💜 Auto React [user:8944291576]: 🍌
💜 Auto React [user:8944291576]: 🍌
⏰ Last Name: ⌥ 𝟭𝟵:𝟭𝟬
💜 Auto React [user:8944291576]: 🍌
💜 Auto React [user:8944291576]: 🍌
⏰ Last Name: ⌥ 𝟭𝟵:𝟭𝟭
💜 Auto React [user:8944291576]: 🍌
💜 Auto React [user:8944291576]: 🍌
💜 Auto React [user:8944291576]: 🍌
💜 Auto React [user:8944291576]: 🍌
⏰ Last Name: ⌥ 𝟭𝟵:𝟭𝟮
⏰ Last Name: ⌥ 𝟭𝟵:𝟭𝟯
💜 Auto React [user:8944291576]: 🍌
💜 Auto React [user:8944291576]: 🍌
⏰ Last Name: ⌥ 𝟭𝟵:𝟭𝟰
💜 Auto React [user:8944291576]: 🍌
⏰ Last Name: ⌥ 𝟭𝟵:𝟭𝟱
💜 Auto React [user:8944291576]: 🍌
💜 Auto React [user:8944291576]: 🍌
💜 Auto React [user:8944291576]: 🍌
💜 Auto React [user:8944291576]: 🍌
💜 Auto React [user:8944291576]: 🍌
💜 Auto React [user:8944291576]: 🍌
⏰ Last Name: ⌥ 𝟭𝟵:𝟭𝟲
💜 Auto React [user:8944291576]: 🍌
💜 Auto React [user:8944291576]: 🍌
⏰ Last Name: ⌥ 𝟭𝟵:𝟭𝟳
💜 Auto React [user:8944291576]: 🍌
⏰ Last Name: ⌥ 𝟭𝟵:𝟭𝟴
💜 Auto React [user:8944291576]: 🍌
💜 Auto React [user:8944291576]: 🍌
⏰ Last Name: ⌥ 𝟭𝟵:𝟭𝟵
💜 Auto React [user:8944291576]: 🍌
💜 Auto React [user:8944291576]: 🍌
⏰ Last Name: ⌥ 𝟭𝟵:𝟮𝟬
⏰ Last Name: ⌥ 𝟭𝟵:𝟮𝟭
💜 Auto React [user:8944291576]: 🍌
💜 Auto React [user:8944291576]: 🍌
💜 Auto React [user:8944291576]: 🍌
💜 Auto React [user:8944291576]: 🍌
⏰ Last Name: ⌥ 𝟭𝟵:𝟮𝟮
💜 Auto React [user:8944291576]: 🍌
💜 Auto React [user:8944291576]: 🍌
⏰ Last Name: ⌥ 𝟭𝟵:𝟮𝟯
💜 Auto React [user:8944291576]: 🍌
⏰ Last Name: ⌥ 𝟭𝟵:𝟮𝟰
💜 Auto React [user:8944291576]: 🍌
💜 Auto React [user:8944291576]: 🍌
💜 Auto React [user:8944291576]: 🍌
⏰ Last Name: ⌥ 𝟭𝟵:𝟮𝟱
💜 Auto React [user:8944291576]: 🍌
💜 Auto React [user:8944291576]: 🍌
💜 Auto React [user:8944291576]: 🍌
💜 Auto React [user:8944291576]: 🍌
⏰ Last Name: ⌥ 𝟭𝟵:𝟮𝟲
💜 Auto React [user:8944291576]: 🍌
💜 Auto React [user:8944291576]: 🍌
⏰ Last Name: ⌥ 𝟭𝟵:𝟮𝟳
⏰ Last Name: ⌥ 𝟭𝟵:𝟮𝟴
💜 Auto React [user:8944291576]: 🍌
⏰ Last Name: ⌥ 𝟭𝟵:𝟮𝟵
💜 Auto React [user:8944291576]: 🍌
💜 Auto React [user:8944291576]: 🍌
⏰ Last Name: ⌥ 𝟭𝟵:𝟯𝟬
⏰ Last Name: ⌥ 𝟭𝟵:𝟯𝟭
⏰ Last Name: ⌥ 𝟭𝟵:𝟯𝟮
💜 Auto React [user:8944291576]: 🍌
⏰ Last Name: ⌥ 𝟭𝟵:𝟯𝟯
⏰ Last Name: ⌥ 𝟭𝟵:𝟯𝟰
💜 Auto React [user:8944291576]: 🍌
⏰ Last Name: ⌥ 𝟭𝟵:𝟯𝟱
⏰ Last Name: ⌥ 𝟭𝟵:𝟯𝟲
⏰ Last Name: ⌥ 𝟭𝟵:𝟯𝟳
⏰ Last Name: ⌥ 𝟭𝟵:𝟯𝟴
⏰ Last Name: ⌥ 𝟭𝟵:𝟯𝟵
💜 Auto React [user:8944291576]: 🍌
⏰ Last Name: ⌥ 𝟭𝟵:𝟰𝟬
💜 Auto React [user:8944291576]: 🍌
💜 Auto React [user:8944291576]: 🍌
⏰ Last Name: ⌥ 𝟭𝟵:𝟰𝟭
💜 Auto React [user:8944291576]: 🍌
💜 Auto React [user:8944291576]: 🍌
⏰ Last Name: ⌥ 𝟭𝟵:𝟰𝟮
💜 Auto React [user:8944291576]: 🍌
⏰ Last Name: ⌥ 𝟭𝟵:𝟰𝟯
⏰ Last Name: ⌥ 𝟭𝟵:𝟰𝟰
⏰ Last Name: ⌥ 𝟭𝟵:𝟰𝟱
⏰ Last Name: ⌥ 𝟭𝟵:𝟰𝟲
⏰ Last Name: ⌥ 𝟭𝟵:𝟰𝟳
⏰ Last Name: ⌥ 𝟭𝟵:𝟰𝟴
⏰ Last Name: ⌥ 𝟭𝟵:𝟰𝟵
💜 Auto React [user:8944291576]: 🍌
⏰ Last Name: ⌥ 𝟭𝟵:𝟱𝟬
💜 Auto React [user:8944291576]: 🍌
⏰ Last Name: ⌥ 𝟭𝟵:𝟱𝟭
💜 Auto React [user:8944291576]: 🍌
⏰ Last Name: ⌥ 𝟭𝟵:𝟱𝟮
💜 Auto React [user:8944291576]: 🍌
💜 Auto React [user:8944291576]: 🍌
⏰ Last Name: ⌥ 𝟭𝟵:𝟱𝟯
💜 Auto React [user:8944291576]: 🍌
⏰ Last Name: ⌥ 𝟭𝟵:𝟱𝟰
⏰ Last Name: ⌥ 𝟭𝟵:𝟱𝟱
⏰ Last Name: ⌥ 𝟭𝟵:𝟱𝟲
⏰ Last Name: ⌥ 𝟭𝟵:𝟱𝟳
💜 Auto React [user:8944291576]: 🍌
⏰ Last Name: ⌥ 𝟭𝟵:𝟱𝟴
💜 Auto React [user:8944291576]: 🍌
⏰ Last Name: ⌥ 𝟭𝟵:𝟱𝟵
💜 Auto React [user:8944291576]: 🍌
⏰ Last Name: ⌥ 𝟮𝟬:𝟬𝟬
⏰ Last Name: ⌥ 𝟮𝟬:𝟬𝟭
💜 Auto React [user:8944291576]: 🍌
💜 Auto React [user:8944291576]: 🍌
⏰ Last Name: ⌥ 𝟮𝟬:𝟬𝟮
💜 Auto React [user:8944291576]: 🍌
⏰ Last Name: ⌥ 𝟮𝟬:𝟬𝟯
⏰ Last Name: ⌥ 𝟮𝟬:𝟬𝟰
⏰ Last Name: ⌥ 𝟮𝟬:𝟬𝟱
💜 Auto React [user:8944291576]: 🍌
⏰ Last Name: ⌥ 𝟮𝟬:𝟬𝟲
⏰ Last Name: ⌥ 𝟮𝟬:𝟬𝟳
⏰ Last Name: ⌥ 𝟮𝟬:𝟬𝟴
💜 Auto React [user:8944291576]: 🍌
💜 Auto React [user:8944291576]: 🍌
⏰ Last Name: ⌥ 𝟮𝟬:𝟬𝟵
💜 Auto React [user:8944291576]: 🍌
💜 Auto React [user:8944291576]: 🍌
💜 Auto React [user:8944291576]: 🍌
⏰ Last Name: ⌥ 𝟮𝟬:𝟭𝟬
⏰ Last Name: ⌥ 𝟮𝟬:𝟭𝟭
💜 Auto React [user:8944291576]: 🍌
⏰ Last Name: ⌥ 𝟮𝟬:𝟭𝟮
💜 Auto React [user:8944291576]: 🍌
💜 Auto React [user:8944291576]: 🍌
⏰ Last Name: ⌥ 𝟮𝟬:𝟭𝟯
⏰ Last Name: ⌥ 𝟮𝟬:𝟭𝟰
⏰ Last Name: ⌥ 𝟮𝟬:𝟭𝟱
💜 Auto React [user:8944291576]: 🍌
⏰ Last Name: ⌥ 𝟮𝟬:𝟭𝟲
💜 Auto React [user:8944291576]: 🍌
⏰ Last Name: ⌥ 𝟮𝟬:𝟭𝟳
💜 Auto React [user:8944291576]: 🍌
💜 Auto React [user:8944291576]: 🍌
⏰ Last Name: ⌥ 𝟮𝟬:𝟭𝟴
💜 Auto React [user:8944291576]: 🍌
💜 Auto React [user:8944291576]: 🍌
💜 Auto React [user:8944291576]: 🍌
⏰ Last Name: ⌥ 𝟮𝟬:𝟭𝟵
💜 Auto React [user:8944291576]: 🍌
💜 Auto React [user:8944291576]: 🍌
⏰ Last Name: ⌥ 𝟮𝟬:𝟮𝟬
💜 Auto React [user:8944291576]: 🍌
💜 Auto React [user:8944291576]: 🍌
💜 Auto React [user:8944291576]: 🍌
💜 Auto React [user:8944291576]: 🍌
⏰ Last Name: ⌥ 𝟮𝟬:𝟮𝟭
💜 Auto React [user:8944291576]: 🍌
💜 Auto React [user:8944291576]: 🍌
💜 Auto React [user:8944291576]: 🍌
⏰ Last Name: ⌥ 𝟮𝟬:𝟮𝟮
💜 Auto React [user:8944291576]: 🍌
⏰ Last Name: ⌥ 𝟮𝟬:𝟮𝟯
⏰ Last Name: ⌥ 𝟮𝟬:𝟮𝟰
💜 Auto React [user:8944291576]: 🍌
💜 Auto React [user:8944291576]: 🍌
💜 Auto React [user:8944291576]: 🍌
💜 Auto React [user:8944291576]: 🍌
⏰ Last Name: ⌥ 𝟮𝟬:𝟮𝟱
💜 Auto React [user:8944291576]: 🍌
💜 Auto React [user:8944291576]: 🍌
💜 Auto React [user:8944291576]: 🍌
⏰ Last Name: ⌥ 𝟮𝟬:𝟮𝟲
⏰ Last Name: ⌥ 𝟮𝟬:𝟮𝟳
⏰ Last Name: ⌥ 𝟮𝟬:𝟮𝟴
💜 Auto React [user:8944291576]: 🍌
💜 Auto React [user:8944291576]: 🍌
⏰ Last Name: ⌥ 𝟮𝟬:𝟮𝟵
⏰ Last Name: ⌥ 𝟮𝟬:𝟯𝟬
⏰ Last Name: ⌥ 𝟮𝟬:𝟯𝟭
⏰ Last Name: ⌥ 𝟮𝟬:𝟯𝟮
💜 Auto React [user:8944291576]: 🍌
⏰ Last Name: ⌥ 𝟮𝟬:𝟯𝟯
⏰ Last Name: ⌥ 𝟮𝟬:𝟯𝟰
⏰ Last Name: ⌥ 𝟮𝟬:𝟯𝟱
⏰ Last Name: ⌥ 𝟮𝟬:𝟯𝟲
⏰ Last Name: ⌥ 𝟮𝟬:𝟯𝟳
⏰ Last Name: ⌥ 𝟮𝟬:𝟯𝟴
💜 Auto React [user:8944291576]: 🍌
💜 Auto React [user:8944291576]: 🍌
⏰ Last Name: ⌥ 𝟮𝟬:𝟯𝟵
⏰ Last Name: ⌥ 𝟮𝟬:𝟰𝟬
⏰ Last Name: ⌥ 𝟮𝟬:𝟰𝟭
⏰ Last Name: ⌥ 𝟮𝟬:𝟰𝟮
⏰ Last Name: ⌥ 𝟮𝟬:𝟰𝟯
💜 Auto React [user:8944291576]: 🍌
💜 Auto React [user:8944291576]: 🍌
⏰ Last Name: ⌥ 𝟮𝟬:𝟰𝟰
💜 Auto React [user:8944291576]: 🍌
⏰ Last Name: ⌥ 𝟮𝟬:𝟰𝟱
💜 Auto React [user:8944291576]: 🍌
⏰ Last Name: ⌥ 𝟮𝟬:𝟰𝟲
⏰ Last Name: ⌥ 𝟮𝟬:𝟰𝟳
⏰ Last Name: ⌥ 𝟮𝟬:𝟰𝟴
💜 Auto React [user:8944291576]: 🍌
⏰ Last Name: ⌥ 𝟮𝟬:𝟰𝟵
⏰ Last Name: ⌥ 𝟮𝟬:𝟱𝟬
⏰ Last Name: ⌥ 𝟮𝟬:𝟱𝟭
⏰ Last Name: ⌥ 𝟮𝟬:𝟱𝟮
⏰ Last Name: ⌥ 𝟮𝟬:𝟱𝟯
⏰ Last Name: ⌥ 𝟮𝟬:𝟱𝟰
⏰ Last Name: ⌥ 𝟮𝟬:𝟱𝟱
⏰ Last Name: ⌥ 𝟮𝟬:𝟱𝟲
⏰ Last Name: ⌥ 𝟮𝟬:𝟱𝟳
⏰ Last Name: ⌥ 𝟮𝟬:𝟱𝟴
⏰ Last Name: ⌥ 𝟮𝟬:𝟱𝟵
⏰ Last Name: ⌥ 𝟮𝟭:𝟬𝟬
⏰ Last Name: ⌥ 𝟮𝟭:𝟬𝟭
⏰ Last Name: ⌥ 𝟮𝟭:𝟬𝟮
⏰ Last Name: ⌥ 𝟮𝟭:𝟬𝟯
⏰ Last Name: ⌥ 𝟮𝟭:𝟬𝟰
⏰ Last Name: ⌥ 𝟮𝟭:𝟬𝟱
⏰ Last Name: ⌥ 𝟮𝟭:𝟬𝟲
⏰ Last Name: ⌥ 𝟮𝟭:𝟬𝟳
⏰ Last Name: ⌥ 𝟮𝟭:𝟬𝟴
⏰ Last Name: ⌥ 𝟮𝟭:𝟬𝟵
⏰ Last Name: ⌥ 𝟮𝟭:𝟭𝟬
⏰ Last Name: ⌥ 𝟮𝟭:𝟭𝟭
⏰ Last Name: ⌥ 𝟮𝟭:𝟭𝟮
⏰ Last Name: ⌥ 𝟮𝟭:𝟭𝟯
⏰ Last Name: ⌥ 𝟮𝟭:𝟭𝟰
💜 Auto React [user:8944291576]: 🍌
💜 Auto React [user:8944291576]: 🍌
💜 Auto React [user:8944291576]: 🍌
💜 Auto React [user:8944291576]: 🍌
⏰ Last Name: ⌥ 𝟮𝟭:𝟭𝟱
⏰ Last Name: ⌥ 𝟮𝟭:𝟭𝟲
⏰ Last Name: ⌥ 𝟮𝟭:𝟭𝟳
⏰ Last Name: ⌥ 𝟮𝟭:𝟭𝟴
⏰ Last Name: ⌥ 𝟮𝟭:𝟭𝟵
⏰ Last Name: ⌥ 𝟮𝟭:𝟮𝟬
⏰ Last Name: ⌥ 𝟮𝟭:𝟮𝟭
⏰ Last Name: ⌥ 𝟮𝟭:𝟮𝟮
⏰ Last Name: ⌥ 𝟮𝟭:𝟮𝟯
⏰ Last Name: ⌥ 𝟮𝟭:𝟮𝟰
⏰ Last Name: ⌥ 𝟮𝟭:𝟮𝟱
⏰ Last Name: ⌥ 𝟮𝟭:𝟮𝟲
💜 Auto React [user:6958501715]: ❤️
💜 Auto React [user:6958501715]: ❤️
💜 Auto React [user:8944291576]: 🍌
⏰ Last Name: ⌥ 𝟮𝟭:𝟮𝟳
💜 Auto React [user:6990187779]: ❤️
⏰ Last Name: ⌥ 𝟮𝟭:𝟮𝟴
💜 Auto React [user:6990187779]: ❤️
⏰ Last Name: ⌥ 𝟮𝟭:𝟮𝟵
💜 Auto React [user:8944291576]: 🍌
💜 Auto React [user:8944291576]: 🍌
💜 Auto React [user:8944291576]: 🍌
💜 Auto React [user:8944291576]: 🍌
💜 Auto React [user:6990187779]: ❤️
💜 Auto React [user:6990187779]: ❤️
💜 Auto React [user:8944291576]: 🍌
💜 Auto React [user:8944291576]: 🍌
💜 Auto React [user:8944291576]: 🍌
💜 Auto React [user:8944291576]: 🍌
💜 Auto React [user:8944291576]: 🍌
💜 Auto React [user:6990187779]: ❤️
💜 Auto React [user:8944291576]: 🍌
⏰ Last Name: ⌥ 𝟮𝟭:𝟯𝟬
💜 Auto React [user:8944291576]: 🍌
💜 Auto React [user:8944291576]: 🍌
💜 Auto React [user:8944291576]: 🍌
💜 Auto React [user:8944291576]: 🍌
💜 Auto React [user:8944291576]: 🍌
💜 Auto React [user:8944291576]: 🍌
💜 Auto React [user:8944291576]: 🍌
⏰ Last Name: ⌥ 𝟮𝟭:𝟯𝟭
💜 Auto React [user:6990187779]: ❤️
💜 Auto React [user:6990187779]: ❤️
⏰ Last Name: ⌥ 𝟮𝟭:𝟯𝟮
💜 Auto React [user:6990187779]: ❤️
💜 Auto React [user:6990187779]: ❤️
⏰ Last Name: ⌥ 𝟮𝟭:𝟯𝟯
💜 Auto React [user:6990187779]: ❤️
⏰ Last Name: ⌥ 𝟮𝟭:𝟯𝟰
💜 Auto React [user:6990187779]: ❤️
⏰ Last Name: ⌥ 𝟮𝟭:𝟯𝟱
⏰ Last Name: ⌥ 𝟮𝟭:𝟯𝟲
💜 Auto React [user:6990187779]: ❤️
💜 Auto React [user:6990187779]: ❤️
💜 Auto React [user:8944291576]: 🍌
💜 Auto React [user:6990187779]: ❤️
💜 Auto React [user:8944291576]: 🍌
💜 Auto React [user:6990187779]: ❤️
⏰ Last Name: ⌥ 𝟮𝟭:𝟯𝟳
💜 Auto React [user:6990187779]: ❤️
💜 Auto React [user:6990187779]: ❤️
💜 Auto React [user:6990187779]: ❤️
⏰ Last Name: ⌥ 𝟮𝟭:𝟯𝟴
💜 Auto React [user:6990187779]: ❤️
💜 Auto React [user:6990187779]: ❤️
💜 Auto React [user:6990187779]: ❤️
⏰ Last Name: ⌥ 𝟮𝟭:𝟯𝟵
💜 Auto React [user:6990187779]: ❤️
💜 Auto React [user:6990187779]: ❤️
💜 Auto React [user:6990187779]: ❤️
💜 Auto React [user:6990187779]: ❤️
⏰ Last Name: ⌥ 𝟮𝟭:𝟰𝟬
💜 Auto React [user:6990187779]: ❤️
💜 Auto React [user:6990187779]: ❤️
💜 Auto React [user:6990187779]: ❤️
⏰ Last Name: ⌥ 𝟮𝟭:𝟰𝟭
💜 Auto React [user:6990187779]: ❤️
⏰ Last Name: ⌥ 𝟮𝟭:𝟰𝟮
💜 Auto React [user:6990187779]: ❤️
💜 Auto React [user:6990187779]: ❤️
⏰ Last Name: ⌥ 𝟮𝟭:𝟰𝟯
💜 Auto React [user:6990187779]: ❤️
💜 Auto React [user:6990187779]: ❤️
💜 Auto React [user:6990187779]: ❤️
💜 Auto React [user:6990187779]: ❤️
⏰ Last Name: ⌥ 𝟮𝟭:𝟰𝟰
💜 Auto React [user:6990187779]: ❤️
⏰ Last Name: ⌥ 𝟮𝟭:𝟰𝟱
💜 Auto React [user:6990187779]: ❤️
💜 Auto React [user:6990187779]: ❤️
💜 Auto React [user:6990187779]: ❤️
⏰ Last Name: ⌥ 𝟮𝟭:𝟰𝟲
💜 Auto React [user:6990187779]: ❤️
💜 Auto React [user:6990187779]: ❤️
💜 Auto React [user:6990187779]: ❤️
💜 Auto React [user:6990187779]: ❤️
⏰ Last Name: ⌥ 𝟮𝟭:𝟰𝟳
💜 Auto React [user:6990187779]: ❤️
⏰ Last Name: ⌥ 𝟮𝟭:𝟰𝟴
💜 Auto React [user:6990187779]: ❤️
💜 Auto React [user:6990187779]: ❤️
⏰ Last Name: ⌥ 𝟮𝟭:𝟰𝟵
💜 Auto React [user:6990187779]: ❤️
💜 Auto React [user:6990187779]: ❤️
⏰ Last Name: ⌥ 𝟮𝟭:𝟱𝟬
💜 Auto React [user:6990187779]: ❤️
⏰ Last Name: ⌥ 𝟮𝟭:𝟱𝟭
💜 Auto React [user:6990187779]: ❤️
⏰ Last Name: ⌥ 𝟮𝟭:𝟱𝟮
💜 Auto React [user:6990187779]: ❤️
⏰ Last Name: ⌥ 𝟮𝟭:𝟱𝟯
💜 Auto React [user:6990187779]: ❤️
💜 Auto React [user:6990187779]: ❤️
💜 Auto React [user:6990187779]: ❤️
💜 Auto React [user:8944291576]: 🍌
💜 Auto React [user:8944291576]: 🍌
⏰ Last Name: ⌥ 𝟮𝟭:𝟱𝟰
💜 Auto React [user:6990187779]: ❤️
💜 Auto React [user:6990187779]: ❤️
💜 Auto React [user:8944291576]: 🍌
💜 Auto React [user:6990187779]: ❤️
💜 Auto React [user:8944291576]: 🍌
💜 Auto React [user:8944291576]: 🍌
💜 Auto React [user:8944291576]: 🍌
⏰ Last Name: ⌥ 𝟮𝟭:𝟱𝟱
⏰ Last Name: ⌥ 𝟮𝟭:𝟱𝟲
⏰ Last Name: ⌥ 𝟮𝟭:𝟱𝟳
⏰ Last Name: ⌥ 𝟮𝟭:𝟱𝟴
⏰ Last Name: ⌥ 𝟮𝟭:𝟱𝟵
⏰ Last Name: ⌥ 𝟮𝟮:𝟬𝟬
⏰ Last Name: ⌥ 𝟮𝟮:𝟬𝟭
⏰ Last Name: ⌥ 𝟮𝟮:𝟬𝟮
💜 Auto React [user:8944291576]: 🍌
💜 Auto React [user:8944291576]: 🍌
💜 Auto React [user:8944291576]: 🍌
💜 Auto React [user:8944291576]: 🍌
💜 Auto React [user:8944291576]: 🍌
⏰ Last Name: ⌥ 𝟮𝟮:𝟬𝟯
⏰ Last Name: ⌥ 𝟮𝟮:𝟬𝟰
💜 Auto React [user:8944291576]: 🍌
💜 Auto React [user:8944291576]: 🍌
⏰ Last Name: ⌥ 𝟮𝟮:𝟬𝟱
⏰ Last Name: ⌥ 𝟮𝟮:𝟬𝟲
⏰ Last Name: ⌥ 𝟮𝟮:𝟬𝟳
⏰ Last Name: ⌥ 𝟮𝟮:𝟬𝟴
⏰ Last Name: ⌥ 𝟮𝟮:𝟬𝟵
⏰ Last Name: ⌥ 𝟮𝟮:𝟭𝟬
⏰ Last Name: ⌥ 𝟮𝟮:𝟭𝟭
⏰ Last Name: ⌥ 𝟮𝟮:𝟭𝟮
⏰ Last Name: ⌥ 𝟮𝟮:𝟭𝟯
⏰ Last Name: ⌥ 𝟮𝟮:𝟭𝟰
⏰ Last Name: ⌥ 𝟮𝟮:𝟭𝟱
💜 Auto React [user:8944291576]: 🍌
💜 Auto React [user:8944291576]: 🍌
⏰ Last Name: ⌥ 𝟮𝟮:𝟭𝟲
💜 Auto React [user:8944291576]: 🍌
💜 Auto React [user:8944291576]: 🍌
⏰ Last Name: ⌥ 𝟮𝟮:𝟭𝟳
⏰ Last Name: ⌥ 𝟮𝟮:𝟭𝟴
💜 Auto React [user:6990187779]: ❤️
⏰ Last Name: ⌥ 𝟮𝟮:𝟭𝟵
⏰ Last Name: ⌥ 𝟮𝟮:𝟮𝟬
💜 Auto React [user:6990187779]: ❤️
💜 Auto React [user:6990187779]: ❤️
💜 Auto React [user:6990187779]: ❤️
💜 Auto React [user:6990187779]: ❤️
💜 Auto React [user:6990187779]: ❤️
💜 Auto React [user:6990187779]: ❤️
⏰ Last Name: ⌥ 𝟮𝟮:𝟮𝟭
💜 Auto React [user:6990187779]: ❤️
⏰ Last Name: ⌥ 𝟮𝟮:𝟮𝟮
💜 Auto React [user:6990187779]: ❤️
⏰ Last Name: ⌥ 𝟮𝟮:𝟮𝟯
⏰ Last Name: ⌥ 𝟮𝟮:𝟮𝟰
⏰ Last Name: ⌥ 𝟮𝟮:𝟮𝟱
⏰ Last Name: ⌥ 𝟮𝟮:𝟮𝟲
⏰ Last Name: ⌥ 𝟮𝟮:𝟮𝟳
⏰ Last Name: ⌥ 𝟮𝟮:𝟮𝟴
⏰ Last Name: ⌥ 𝟮𝟮:𝟮𝟵
⏰ Last Name: ⌥ 𝟮𝟮:𝟯𝟬
⏰ Last Name: ⌥ 𝟮𝟮:𝟯𝟭
⏰ Last Name: ⌥ 𝟮𝟮:𝟯𝟮
⏰ Last Name: ⌥ 𝟮𝟮:𝟯𝟯
⏰ Last Name: ⌥ 𝟮𝟮:𝟯𝟰
⏰ Last Name: ⌥ 𝟮𝟮:𝟯𝟱
⏰ Last Name: ⌥ 𝟮𝟮:𝟯𝟲
⏰ Last Name: ⌥ 𝟮𝟮:𝟯𝟳
⏰ Last Name: ⌥ 𝟮𝟮:𝟯𝟴
⏰ Last Name: ⌥ 𝟮𝟮:𝟯𝟵
⏰ Last Name: ⌥ 𝟮𝟮:𝟰𝟬
⏰ Last Name: ⌥ 𝟮𝟮:𝟰𝟭
⏰ Last Name: ⌥ 𝟮𝟮:𝟰𝟮
⏰ Last Name: ⌥ 𝟮𝟮:𝟰𝟯
⏰ Last Name: ⌥ 𝟮𝟮:𝟰𝟰
⏰ Last Name: ⌥ 𝟮𝟮:𝟰𝟱
⏰ Last Name: ⌥ 𝟮𝟮:𝟰𝟲
⏰ Last Name: ⌥ 𝟮𝟮:𝟰𝟳
⏰ Last Name: ⌥ 𝟮𝟮:𝟰𝟴
⏰ Last Name: ⌥ 𝟮𝟮:𝟰𝟵
⏰ Last Name: ⌥ 𝟮𝟮:𝟱𝟬
⏰ Last Name: ⌥ 𝟮𝟮:𝟱𝟭
⏰ Last Name: ⌥ 𝟮𝟮:𝟱𝟮
⏰ Last Name: ⌥ 𝟮𝟮:𝟱𝟯
⏰ Last Name: ⌥ 𝟮𝟮:𝟱𝟰
⏰ Last Name: ⌥ 𝟮𝟮:𝟱𝟱
⏰ Last Name: ⌥ 𝟮𝟮:𝟱𝟲
⏰ Last Name: ⌥ 𝟮𝟮:𝟱𝟳
⏰ Last Name: ⌥ 𝟮𝟮:𝟱𝟴
💜 Auto React [user:6990187779]: ❤️
⏰ Last Name: ⌥ 𝟮𝟮:𝟱𝟵
⏰ Last Name: ⌥ 𝟮𝟯:𝟬𝟬
⏰ Last Name: ⌥ 𝟮𝟯:𝟬𝟭
⏰ Last Name: ⌥ 𝟮𝟯:𝟬𝟮
⏰ Last Name: ⌥ 𝟮𝟯:𝟬𝟯
⏰ Last Name: ⌥ 𝟮𝟯:𝟬𝟰
💜 Auto React [user:8944291576]: 🍌
💜 Auto React [user:8944291576]: 🍌
💜 Auto React [user:8944291576]: 🍌
⏰ Last Name: ⌥ 𝟮𝟯:𝟬𝟱
⏰ Last Name: ⌥ 𝟮𝟯:𝟬𝟲
⏰ Last Name: ⌥ 𝟮𝟯:𝟬𝟳
⏰ Last Name: ⌥ 𝟮𝟯:𝟬𝟴
⏰ Last Name: ⌥ 𝟮𝟯:𝟬𝟵
⏰ Last Name: ⌥ 𝟮𝟯:𝟭𝟬
⏰ Last Name: ⌥ 𝟮𝟯:𝟭𝟭
⏰ Last Name: ⌥ 𝟮𝟯:𝟭𝟮
⏰ Last Name: ⌥ 𝟮𝟯:𝟭𝟯
⏰ Last Name: ⌥ 𝟮𝟯:𝟭𝟰
⏰ Last Name: ⌥ 𝟮𝟯:𝟭𝟱
⏰ Last Name: ⌥ 𝟮𝟯:𝟭𝟲
💜 Auto React [user:8944291576]: 🍌
💜 Auto React [user:8944291576]: 🍌
⏰ Last Name: ⌥ 𝟮𝟯:𝟭𝟳
⏰ Last Name: ⌥ 𝟮𝟯:𝟭𝟴
⏰ Last Name: ⌥ 𝟮𝟯:𝟭𝟵
⏰ Last Name: ⌥ 𝟮𝟯:𝟮𝟬
⏰ Last Name: ⌥ 𝟮𝟯:𝟮𝟭
⏰ Last Name: ⌥ 𝟮𝟯:𝟮𝟮
⏰ Last Name: ⌥ 𝟮𝟯:𝟮𝟯
⏰ Last Name: ⌥ 𝟮𝟯:𝟮𝟰
⏰ Last Name: ⌥ 𝟮𝟯:𝟮𝟱
⏰ Last Name: ⌥ 𝟮𝟯:𝟮𝟲
💜 Auto React [user:8299996037]: 🤣
💜 Auto React [user:8299996037]: 🤣
💜 Auto React [user:8299996037]: 🤣
⏰ Last Name: ⌥ 𝟮𝟯:𝟮𝟳
💜 Auto React [user:8299996037]: 🤣
💜 Auto React [user:8299996037]: 🤣
💜 Auto React [user:8299996037]: 🤣
💜 Auto React [user:8299996037]: 🤣
💜 Auto React [user:8299996037]: 🤣
💜 Auto React [user:8299996037]: 🤣
💜 Auto React [user:8299996037]: 🤣
💜 Auto React [user:8299996037]: 🤣
💜 Auto React [user:8299996037]: 🤣
💜 Auto React [user:8299996037]: 🤣
💜 Auto React [user:8299996037]: 🤣
💜 Auto React [user:8299996037]: 🤣
💜 Auto React [user:8299996037]: 🤣
💜 Auto React [user:8299996037]: 🤣
⏰ Last Name: ⌥ 𝟮𝟯:𝟮𝟴
💜 Auto React [user:8299996037]: 🤣
⏰ Last Name: ⌥ 𝟮𝟯:𝟮𝟵
💜 Auto React [user:8299996037]: 🤣
💜 Auto React [user:8299996037]: 🤣
⏰ Last Name: ⌥ 𝟮𝟯:𝟯𝟬
⏰ Last Name: ⌥ 𝟮𝟯:𝟯𝟭
💜 Auto React [user:8944291576]: 🍌
💜 Auto React [user:8944291576]: 🍌
⏰ Last Name: ⌥ 𝟮𝟯:𝟯𝟮
⏰ Last Name: ⌥ 𝟮𝟯:𝟯𝟯
💜 Auto React [user:8299996037]: 🤣
💜 Auto React [user:8299996037]: 🤣
⏰ Last Name: ⌥ 𝟮𝟯:𝟯𝟰
⏰ Last Name: ⌥ 𝟮𝟯:𝟯𝟱
⏰ Last Name: ⌥ 𝟮𝟯:𝟯𝟲
💜 Auto React [user:8299996037]: 🤣
💜 Auto React [user:8299996037]: 🤣
⏰ Last Name: ⌥ 𝟮𝟯:𝟯𝟳
💜 Auto React [user:8299996037]: 🤣
💜 Auto React [user:8944291576]: 🍌
💜 Auto React [user:8299996037]: 🤣
⏰ Last Name: ⌥ 𝟮𝟯:𝟯𝟴
💜 Auto React [user:8299996037]: 🤣
💜 Auto React [user:8299996037]: 🤣
💜 Auto React [user:8299996037]: 🤣
⏰ Last Name: ⌥ 𝟮𝟯:𝟯𝟵
💜 Auto React [user:8299996037]: 🤣
💜 Auto React [user:8944291576]: 🍌
⏰ Last Name: ⌥ 𝟮𝟯:𝟰𝟬
💜 Auto React [user:8299996037]: 🤣
💜 Auto React [user:8299996037]: 🤣
💜 Auto React [user:8299996037]: 🤣
💜 Auto React [user:8299996037]: 🤣
💜 Auto React [user:8299996037]: 🤣
💜 Auto React [user:8299996037]: 🤣
💜 Auto React [user:8299996037]: 🤣
💜 Auto React [user:8299996037]: 🤣
💜 Auto React [user:8299996037]: 🤣
⏰ Last Name: ⌥ 𝟮𝟯:𝟰𝟭
💜 Auto React [user:8944291576]: 🍌
⏰ Last Name: ⌥ 𝟮𝟯:𝟰𝟮
💜 Auto React [user:8944291576]: 🍌
💜 Auto React [user:8299996037]: 🤣
💜 Auto React [user:8299996037]: 🤣
⏰ Last Name: ⌥ 𝟮𝟯:𝟰𝟯
💜 Auto React [user:8944291576]: 🍌
💜 Auto React [user:8299996037]: 🤣
💜 Auto React [user:8299996037]: 🤣
⏰ Last Name: ⌥ 𝟮𝟯:𝟰𝟰
⏰ Last Name: ⌥ 𝟮𝟯:𝟰𝟱
💜 Auto React [user:8944291576]: 🍌
⏰ Last Name: ⌥ 𝟮𝟯:𝟰𝟲
💜 Auto React [user:8299996037]: 🤣
⏰ Last Name: ⌥ 𝟮𝟯:𝟰𝟳
⏰ Last Name: ⌥ 𝟮𝟯:𝟰𝟴
⏰ Last Name: ⌥ 𝟮𝟯:𝟰𝟵
⏰ Last Name: ⌥ 𝟮𝟯:𝟱𝟬
⏰ Last Name: ⌥ 𝟮𝟯:𝟱𝟭
⏰ Last Name: ⌥ 𝟮𝟯:𝟱𝟮
⏰ Last Name: ⌥ 𝟮𝟯:𝟱𝟯
⏰ Last Name: ⌥ 𝟮𝟯:𝟱𝟰
⏰ Last Name: ⌥ 𝟮𝟯:𝟱𝟱
⏰ Last Name: ⌥ 𝟮𝟯:𝟱𝟲
⏰ Last Name: ⌥ 𝟮𝟯:𝟱𝟳
💜 Auto React [user:8944291576]: 🍌
⏰ Last Name: ⌥ 𝟮𝟯:𝟱𝟴
⏰ Last Name: ⌥ 𝟮𝟯:𝟱𝟵
⏰ Last Name: ⌥ 𝟬𝟬:𝟬𝟬
⏰ Last Name: ⌥ 𝟬𝟬:𝟬𝟭
⏰ Last Name: ⌥ 𝟬𝟬:𝟬𝟮
⏰ Last Name: ⌥ 𝟬𝟬:𝟬𝟯
⏰ Last Name: ⌥ 𝟬𝟬:𝟬𝟰
⏰ Last Name: ⌥ 𝟬𝟬:𝟬𝟱
⏰ Last Name: ⌥ 𝟬𝟬:𝟬𝟲
⏰ Last Name: ⌥ 𝟬𝟬:𝟬𝟳
⏰ Last Name: ⌥ 𝟬𝟬:𝟬𝟴
⏰ Last Name: ⌥ 𝟬𝟬:𝟬𝟵
⏰ Last Name: ⌥ 𝟬𝟬:𝟭𝟬
⏰ Last Name: ⌥ 𝟬𝟬:𝟭𝟭
⏰ Last Name: ⌥ 𝟬𝟬:𝟭𝟮
⏰ Last Name: ⌥ 𝟬𝟬:𝟭𝟯
⏰ Last Name: ⌥ 𝟬𝟬:𝟭𝟰
⏰ Last Name: ⌥ 𝟬𝟬:𝟭𝟱
⏰ Last Name: ⌥ 𝟬𝟬:𝟭𝟲
💜 Auto React [user:8944291576]: 🍌
💜 Auto React [user:8944291576]: 🍌
⏰ Last Name: ⌥ 𝟬𝟬:𝟭𝟳
💜 Auto React [user:8944291576]: 🍌
💜 Auto React [user:8944291576]: 🍌
⏰ Last Name: ⌥ 𝟬𝟬:𝟭𝟴
⏰ Last Name: ⌥ 𝟬𝟬:𝟭𝟵
⏰ Last Name: ⌥ 𝟬𝟬:𝟮𝟬
⏰ Last Name: ⌥ 𝟬𝟬:𝟮𝟭
⏰ Last Name: ⌥ 𝟬𝟬:𝟮𝟮
⏰ Last Name: ⌥ 𝟬𝟬:𝟮𝟯
⏰ Last Name: ⌥ 𝟬𝟬:𝟮𝟰
⏰ Last Name: ⌥ 𝟬𝟬:𝟮𝟱
⏰ Last Name: ⌥ 𝟬𝟬:𝟮𝟲
⏰ Last Name: ⌥ 𝟬𝟬:𝟮𝟳
⏰ Last Name: ⌥ 𝟬𝟬:𝟮𝟴
⏰ Last Name: ⌥ 𝟬𝟬:𝟮𝟵
⏰ Last Name: ⌥ 𝟬𝟬:𝟯𝟬
⏰ Last Name: ⌥ 𝟬𝟬:𝟯𝟭
⏰ Last Name: ⌥ 𝟬𝟬:𝟯𝟮
⏰ Last Name: ⌥ 𝟬𝟬:𝟯𝟯
💜 Auto React [user:8944291576]: 🍌
⏰ Last Name: ⌥ 𝟬𝟬:𝟯𝟰
⏰ Last Name: ⌥ 𝟬𝟬:𝟯𝟱
⏰ Last Name: ⌥ 𝟬𝟬:𝟯𝟲
💜 Auto React [user:8944291576]: 🍌
⏰ Last Name: ⌥ 𝟬𝟬:𝟯𝟳
⏰ Last Name: ⌥ 𝟬𝟬:𝟯𝟴
⏰ Last Name: ⌥ 𝟬𝟬:𝟯𝟵
⏰ Last Name: ⌥ 𝟬𝟬:𝟰𝟬
⏰ Last Name: ⌥ 𝟬𝟬:𝟰𝟭
⏰ Last Name: ⌥ 𝟬𝟬:𝟰𝟮
⏰ Last Name: ⌥ 𝟬𝟬:𝟰𝟯
⏰ Last Name: ⌥ 𝟬𝟬:𝟰𝟰
⏰ Last Name: ⌥ 𝟬𝟬:𝟰𝟱
⏰ Last Name: ⌥ 𝟬𝟬:𝟰𝟲
⏰ Last Name: ⌥ 𝟬𝟬:𝟰𝟳
⏰ Last Name: ⌥ 𝟬𝟬:𝟰𝟴
⏰ Last Name: ⌥ 𝟬𝟬:𝟰𝟵
⏰ Last Name: ⌥ 𝟬𝟬:𝟱𝟬
⏰ Last Name: ⌥ 𝟬𝟬:𝟱𝟭
⏰ Last Name: ⌥ 𝟬𝟬:𝟱𝟮
⏰ Last Name: ⌥ 𝟬𝟬:𝟱𝟯
⏰ Last Name: ⌥ 𝟬𝟬:𝟱𝟰
⏰ Last Name: ⌥ 𝟬𝟬:𝟱𝟱
⏰ Last Name: ⌥ 𝟬𝟬:𝟱𝟲
⏰ Last Name: ⌥ 𝟬𝟬:𝟱𝟳
⏰ Last Name: ⌥ 𝟬𝟬:𝟱𝟴
⏰ Last Name: ⌥ 𝟬𝟬:𝟱𝟵
⏰ Last Name: ⌥ 𝟬𝟭:𝟬𝟬
⏰ Last Name: ⌥ 𝟬𝟭:𝟬𝟭
⏰ Last Name: ⌥ 𝟬𝟭:𝟬𝟮
⏰ Last Name: ⌥ 𝟬𝟭:𝟬𝟯
⏰ Last Name: ⌥ 𝟬𝟭:𝟬𝟰
⏰ Last Name: ⌥ 𝟬𝟭:𝟬𝟱
⏰ Last Name: ⌥ 𝟬𝟭:𝟬𝟲
⏰ Last Name: ⌥ 𝟬𝟭:𝟬𝟳
⏰ Last Name: ⌥ 𝟬𝟭:𝟬𝟴
⏰ Last Name: ⌥ 𝟬𝟭:𝟬𝟵
⏰ Last Name: ⌥ 𝟬𝟭:𝟭𝟬
⏰ Last Name: ⌥ 𝟬𝟭:𝟭𝟭
⏰ Last Name: ⌥ 𝟬𝟭:𝟭𝟮
⏰ Last Name: ⌥ 𝟬𝟭:𝟭𝟯
⏰ Last Name: ⌥ 𝟬𝟭:𝟭𝟰
⏰ Last Name: ⌥ 𝟬𝟭:𝟭𝟱
⏰ Last Name: ⌥ 𝟬𝟭:𝟭𝟲
⏰ Last Name: ⌥ 𝟬𝟭:𝟭𝟳
⏰ Last Name: ⌥ 𝟬𝟭:𝟭𝟴
⏰ Last Name: ⌥ 𝟬𝟭:𝟭𝟵
⏰ Last Name: ⌥ 𝟬𝟭:𝟮𝟬
⏰ Last Name: ⌥ 𝟬𝟭:𝟮𝟭
⏰ Last Name: ⌥ 𝟬𝟭:𝟮𝟮
⏰ Last Name: ⌥ 𝟬𝟭:𝟮𝟯
⏰ Last Name: ⌥ 𝟬𝟭:𝟮𝟰
⏰ Last Name: ⌥ 𝟬𝟭:𝟮𝟱
⏰ Last Name: ⌥ 𝟬𝟭:𝟮𝟲
⏰ Last Name: ⌥ 𝟬𝟭:𝟮𝟳
⏰ Last Name: ⌥ 𝟬𝟭:𝟮𝟴
⏰ Last Name: ⌥ 𝟬𝟭:𝟮𝟵
⏰ Last Name: ⌥ 𝟬𝟭:𝟯𝟬
⏰ Last Name: ⌥ 𝟬𝟭:𝟯𝟭
⏰ Last Name: ⌥ 𝟬𝟭:𝟯𝟮
⏰ Last Name: ⌥ 𝟬𝟭:𝟯𝟯
⏰ Last Name: ⌥ 𝟬𝟭:𝟯𝟰
⏰ Last Name: ⌥ 𝟬𝟭:𝟯𝟱
⏰ Last Name: ⌥ 𝟬𝟭:𝟯𝟲
⏰ Last Name: ⌥ 𝟬𝟭:𝟯𝟳
⏰ Last Name: ⌥ 𝟬𝟭:𝟯𝟴
⏰ Last Name: ⌥ 𝟬𝟭:𝟯𝟵
⏰ Last Name: ⌥ 𝟬𝟭:𝟰𝟬
⏰ Last Name: ⌥ 𝟬𝟭:𝟰𝟭
⏰ Last Name: ⌥ 𝟬𝟭:𝟰𝟮
⏰ Last Name: ⌥ 𝟬𝟭:𝟰𝟯
⏰ Last Name: ⌥ 𝟬𝟭:𝟰𝟰
⏰ Last Name: ⌥ 𝟬𝟭:𝟰𝟱
⏰ Last Name: ⌥ 𝟬𝟭:𝟰𝟲
⏰ Last Name: ⌥ 𝟬𝟭:𝟰𝟳
⏰ Last Name: ⌥ 𝟬𝟭:𝟰𝟴
⏰ Last Name: ⌥ 𝟬𝟭:𝟰𝟵
⏰ Last Name: ⌥ 𝟬𝟭:𝟱𝟬
⏰ Last Name: ⌥ 𝟬𝟭:𝟱𝟭
⏰ Last Name: ⌥ 𝟬𝟭:𝟱𝟮
⏰ Last Name: ⌥ 𝟬𝟭:𝟱𝟯
⏰ Last Name: ⌥ 𝟬𝟭:𝟱𝟰
⏰ Last Name: ⌥ 𝟬𝟭:𝟱𝟱
⏰ Last Name: ⌥ 𝟬𝟭:𝟱𝟲
⏰ Last Name: ⌥ 𝟬𝟭:𝟱𝟳
⏰ Last Name: ⌥ 𝟬𝟭:𝟱𝟴
⏰ Last Name: ⌥ 𝟬𝟭:𝟱𝟵
⏰ Last Name: ⌥ 𝟬𝟮:𝟬𝟬
⏰ Last Name: ⌥ 𝟬𝟮:𝟬𝟭
⏰ Last Name: ⌥ 𝟬𝟮:𝟬𝟮
⏰ Last Name: ⌥ 𝟬𝟮:𝟬𝟯
💜 Auto React [user:8944291576]: 🍌
⏰ Last Name: ⌥ 𝟬𝟮:𝟬𝟰
⏰ Last Name: ⌥ 𝟬𝟮:𝟬𝟱
⏰ Last Name: ⌥ 𝟬𝟮:𝟬𝟲
💜 Auto React [user:8944291576]: 🍌
⏰ Last Name: ⌥ 𝟬𝟮:𝟬𝟳
⏰ Last Name: ⌥ 𝟬𝟮:𝟬𝟴
⏰ Last Name: ⌥ 𝟬𝟮:𝟬𝟵
⏰ Last Name: ⌥ 𝟬𝟮:𝟭𝟬
⏰ Last Name: ⌥ 𝟬𝟮:𝟭𝟭
💜 Auto React [user:8944291576]: 🍌
💜 Auto React [user:8944291576]: 🍌
💜 Auto React [user:8944291576]: 🍌
⏰ Last Name: ⌥ 𝟬𝟮:𝟭𝟮
⏰ Last Name: ⌥ 𝟬𝟮:𝟭𝟯
⏰ Last Name: ⌥ 𝟬𝟮:𝟭𝟰
💜 Auto React [user:8944291576]: 🍌
💜 Auto React [user:8944291576]: 🍌
💜 Auto React [user:8944291576]: 🍌
💜 Auto React [user:8944291576]: 🍌
💜 Auto React [user:8944291576]: 🍌
💜 Auto React [user:8944291576]: 🍌
⏰ Last Name: ⌥ 𝟬𝟮:𝟭𝟱
💜 Auto React [user:8944291576]: 🍌
💜 Auto React [user:8944291576]: 🍌
⏰ Last Name: ⌥ 𝟬𝟮:𝟭𝟲
💜 Auto React [user:8944291576]: 🍌
💜 Auto React [user:8944291576]: 🍌
⏰ Last Name: ⌥ 𝟬𝟮:𝟭𝟳
⏰ Last Name: ⌥ 𝟬𝟮:𝟭𝟴
💜 Auto React [user:8944291576]: 🍌
💜 Auto React [user:8944291576]: 🍌
⏰ Last Name: ⌥ 𝟬𝟮:𝟭𝟵
⏰ Last Name: ⌥ 𝟬𝟮:𝟮𝟬
⏰ Last Name: ⌥ 𝟬𝟮:𝟮𝟭
⏰ Last Name: ⌥ 𝟬𝟮:𝟮𝟮
⏰ Last Name: ⌥ 𝟬𝟮:𝟮𝟯
⏰ Last Name: ⌥ 𝟬𝟮:𝟮𝟰
⏰ Last Name: ⌥ 𝟬𝟮:𝟮𝟱
⏰ Last Name: ⌥ 𝟬𝟮:𝟮𝟲
⏰ Last Name: ⌥ 𝟬𝟮:𝟮𝟳
⏰ Last Name: ⌥ 𝟬𝟮:𝟮𝟴
💜 Auto React [user:8944291576]: 🍌
💜 Auto React [user:8944291576]: 🍌
⏰ Last Name: ⌥ 𝟬𝟮:𝟮𝟵
⏰ Last Name: ⌥ 𝟬𝟮:𝟯𝟬
⏰ Last Name: ⌥ 𝟬𝟮:𝟯𝟭
⏰ Last Name: ⌥ 𝟬𝟮:𝟯𝟮
⏰ Last Name: ⌥ 𝟬𝟮:𝟯𝟯
⏰ Last Name: ⌥ 𝟬𝟮:𝟯𝟰
⏰ Last Name: ⌥ 𝟬𝟮:𝟯𝟱
⏰ Last Name: ⌥ 𝟬𝟮:𝟯𝟲
💜 Auto React [user:8944291576]: 🍌
⏰ Last Name: ⌥ 𝟬𝟮:𝟯𝟳
💜 Auto React [user:8944291576]: 🍌
⏰ Last Name: ⌥ 𝟬𝟮:𝟯𝟴
⏰ Last Name: ⌥ 𝟬𝟮:𝟯𝟵
⏰ Last Name: ⌥ 𝟬𝟮:𝟰𝟬
⏰ Last Name: ⌥ 𝟬𝟮:𝟰𝟭
⏰ Last Name: ⌥ 𝟬𝟮:𝟰𝟮
⏰ Last Name: ⌥ 𝟬𝟮:𝟰𝟯
⏰ Last Name: ⌥ 𝟬𝟮:𝟰𝟰
⏰ Last Name: ⌥ 𝟬𝟮:𝟰𝟱
⏰ Last Name: ⌥ 𝟬𝟮:𝟰𝟲
⏰ Last Name: ⌥ 𝟬𝟮:𝟰𝟳
⏰ Last Name: ⌥ 𝟬𝟮:𝟰𝟴
⏰ Last Name: ⌥ 𝟬𝟮:𝟰𝟵
⏰ Last Name: ⌥ 𝟬𝟮:𝟱𝟬
⏰ Last Name: ⌥ 𝟬𝟮:𝟱𝟭
⏰ Last Name: ⌥ 𝟬𝟮:𝟱𝟮